{
    "format": 10,
    "name": "n20k10_23",
    "n": 20,
    "k": 10,
    "optimal_solution": 184.6751651139969,
    "x_values": [
        0.8974263207965759,
        0.8983538920927083,
        0.5914780021366286,
        0.6166295938772841,
        0.9941341036720542,
        0.04523769821042223,
        0.7387484231645145,
        0.35495763234733824,
        0.44889534198250036,
        0.4088747250350713,
        0.44975371465606595,
        0.8348046722687046,
        0.28929114161178515,
        0.4771060474225408,
        0.13460553983929102,
        0.18345077875038573,
        0.765955713313506,
        0.916341847331122,
        0.9366214462323038,
        0.08378949129772473
    ],
    "y_values": [
        0.8955991715772729,
        0.5935532867390534,
        0.3698739087127677,
        0.649404760103875,
        0.3793745809826021,
        0.4385870410257746,
        0.5086671912858872,
        0.5880808776564864,
        0.9447680992857093,
        0.096898602189597,
        0.2973485327757408,
        0.34111721104598003,
        0.5641313382810178,
        0.8973016256480935,
        0.5798282065110496,
        0.8440654272440341,
        0.4266895300541609,
        0.3228000729089062,
        0.3185783010520057,
        0.17841581220562508
    ],
    "costs": [
        11.443845233969753,
        41.6294231081558,
        38.05815867861574,
        49.5142417989248,
        14.480631011532202,
        28.361073676657156,
        30.881202031532435,
        32.6964873756955,
        9.4759940775525,
        17.815593052295327,
        10.334798492140635,
        17.323182500143403,
        24.751253501053906,
        44.840712343301135,
        17.98154694783851,
        46.29618794973422,
        49.49625084011002,
        38.90609621834289,
        46.60321336556491,
        34.989512544410616
    ]
}