{
    "format": 10,
    "name": "n20k10_12",
    "n": 20,
    "k": 10,
    "optimal_solution": 117.58330439048378,
    "x_values": [
        0.4978322314538409,
        0.24436780495631838,
        0.7410124294147348,
        0.9732905881905594,
        0.3594199285381102,
        0.7443651191091089,
        0.19384211242681182,
        0.9548144070638586,
        0.6387337528760109,
        0.9654530605221083,
        0.8771440358973421,
        0.678801525718841,
        0.8992213823824409,
        0.4492693467984472,
        0.9583061253733399,
        0.5269068790596145,
        0.2653093331331561,
        0.6790663625958938,
        0.8879949028134023,
        0.3910262256052184
    ],
    "y_values": [
        0.417294285783667,
        0.9939437082130248,
        0.3093232973707666,
        0.04109997734067461,
        0.5200777329641255,
        0.3432744431061414,
        0.6123674297553394,
        0.4334596231232054,
        0.45502767389016163,
        0.9681530355850276,
        0.792340512178822,
        0.28840853355966933,
        0.9694698900605356,
        0.498927018994339,
        0.6855266999239555,
        0.46631747246476307,
        0.15022775175561132,
        0.966671468986435,
        0.6237951335172418,
        0.6643203211024912
    ],
    "costs": [
        18.664051979088157,
        17.97169791838334,
        40.990327918996684,
        5.701657983836667,
        6.842889225331236,
        17.735778444604403,
        31.68822281475819,
        7.393697701219393,
        18.761967534043347,
        24.3645272839926,
        34.71139917176181,
        5.028877014261422,
        16.31450583187748,
        20.759820599425538,
        17.746949161118625,
        43.655474466008656,
        34.939669952791874,
        39.599842021120416,
        11.9766656899142,
        8.870155938669066
    ]
}