{
    "format": 10,
    "name": "n20k10_32",
    "n": 20,
    "k": 10,
    "optimal_solution": 128.1959414510233,
    "x_values": [
        0.9014791985197805,
        0.19108605941689327,
        0.7558325435080414,
        0.13273481510942475,
        0.053335304404127926,
        0.7059139630725723,
        0.17800403594198366,
        0.1404260737079378,
        0.3155409799067882,
        0.22596038010176467,
        0.18824529106020493,
        0.8835685789527344,
        0.17711208745299434,
        0.2949323449980772,
        0.6975581604212397,
        0.2645451433391277,
        0.48988566067183836,
        0.5786961642176895,
        0.34885919669546583,
        0.6418259108293259
    ],
    "y_values": [
        0.4496731447391217,
        0.6310264072346677,
        0.8317304415291148,
        0.03673109374690886,
        0.8347241922112031,
        0.3856806915678398,
        0.5379487839990206,
        0.2106627970468672,
        0.7021874668736263,
        0.34692153070873,
        0.8109083226473461,
        0.7962714008144215,
        0.20744695769385368,
        0.6996538264191929,
        0.5037652518720269,
        0.8298576827580614,
        0.7942950298558928,
        0.09075750047916509,
        0.7734089956486373,
        0.2582138495017209
    ],
    "costs": [
        26.045968880787985,
        6.415162283825665,
        10.188418353098193,
        34.624948154390715,
        13.389147977415039,
        11.291687682465529,
        31.40693425785447,
        21.752723644447503,
        22.00595706420925,
        31.477585178296046,
        6.523240353962343,
        36.557972764280315,
        33.32624358050366,
        44.119809571996946,
        5.355423593102187,
        23.963349322954688,
        20.062061512099447,
        34.15465910460125,
        9.509345951825516,
        46.09169703804108
    ]
}