{
    "format": 5,
    "name": "n90k7_48",
    "n": 90,
    "k": 7,
    "optimal_solution": 0.325222909450531,
    "x_values": [
        0.2115303874015808,
        0.6858119368553162,
        0.32468104362487793,
        0.7742108106613159,
        0.7187350988388062,
        0.3961973190307617,
        0.8088023066520691,
        0.7941554188728333,
        0.20753079652786255,
        0.154455304145813,
        0.23859131336212158,
        0.7458032369613647,
        0.3725753426551819,
        0.3164094090461731,
        0.5530654191970825,
        0.8148597478866577,
        0.34198445081710815,
        0.3438619375228882,
        0.1401934027671814,
        0.5953555703163147,
        0.9594613313674927,
        0.3062288165092468,
        0.6708890199661255,
        0.9864652752876282,
        0.9659786224365234,
        0.7161388993263245,
        0.8236746788024902,
        0.12927448749542236,
        0.8478541970252991,
        0.11748260259628296,
        0.552550733089447,
        0.4467507004737854,
        0.6141486763954163,
        0.9122690558433533,
        0.31492024660110474,
        0.10546445846557617,
        0.14692819118499756,
        0.02653437852859497,
        0.46465110778808594,
        0.21891963481903076,
        0.09531897306442261,
        0.1305328607559204,
        0.13487941026687622,
        0.7533377408981323,
        0.060761094093322754,
        0.06526798009872437,
        0.28928542137145996,
        0.7691458463668823,
        0.18055510520935059,
        0.7467705607414246,
        0.5804942846298218,
        0.45670539140701294,
        0.8765568137168884,
        0.950462818145752,
        0.9777829051017761,
        0.7085648775100708,
        0.38226258754730225,
        0.6247535943984985,
        0.49892961978912354,
        0.5162485241889954,
        0.728473961353302,
        0.25358080863952637,
        0.48767930269241333,
        0.5781508088111877,
        0.3835463523864746,
        0.4092044234275818,
        0.4994712471961975,
        0.9437649846076965,
        0.2700956463813782,
        0.6244894862174988,
        0.7336024641990662,
        0.8465115427970886,
        0.005942106246948242,
        0.3603978753089905,
        0.7798193693161011,
        0.21327191591262817,
        0.05804562568664551,
        0.9735532999038696,
        0.6501802802085876,
        0.8771581053733826,
        0.9619365334510803,
        0.8599212765693665,
        0.6161543130874634,
        0.45266973972320557,
        0.221996009349823,
        0.2636348605155945,
        0.5861502885818481,
        0.859978199005127,
        0.8383359909057617,
        0.4255707859992981
    ],
    "y_values": [
        0.032077252864837646,
        0.5021603107452393,
        0.6651467084884644,
        0.16733455657958984,
        0.6671515107154846,
        0.6219489574432373,
        0.28082823753356934,
        0.22908800840377808,
        0.983410120010376,
        0.03652000427246094,
        0.9224245548248291,
        0.3048701286315918,
        0.9902213215827942,
        0.9186335802078247,
        0.2263907790184021,
        0.014338672161102295,
        0.15267157554626465,
        0.9812296628952026,
        0.9199328422546387,
        0.5518775582313538,
        0.5195099115371704,
        0.8804555535316467,
        0.3998674154281616,
        0.40524500608444214,
        0.9249204397201538,
        0.43228739500045776,
        0.2134440541267395,
        0.7055688500404358,
        0.7370545268058777,
        0.12188845872879028,
        0.10301423072814941,
        0.13115060329437256,
        0.7948788404464722,
        0.5803186893463135,
        0.41422247886657715,
        0.05703955888748169,
        0.6024368405342102,
        0.46157312393188477,
        0.15236711502075195,
        0.9577524662017822,
        0.841934323310852,
        0.7708820700645447,
        0.7617144584655762,
        0.9047111868858337,
        0.991757869720459,
        0.6342964768409729,
        0.8732768297195435,
        0.6583308577537537,
        0.19677859544754028,
        0.5570093393325806,
        0.13245993852615356,
        0.5957205891609192,
        0.23659127950668335,
        0.8785404562950134,
        0.8844611644744873,
        0.4851253628730774,
        0.7464211583137512,
        0.8443346619606018,
        0.8421167731285095,
        0.5228309631347656,
        0.41823887825012207,
        0.5802156925201416,
        0.03706556558609009,
        0.7469390034675598,
        0.0846678614616394,
        0.6589869260787964,
        0.7100231647491455,
        0.341016948223114,
        0.18304568529129028,
        0.10148555040359497,
        0.04267537593841553,
        0.5003389716148376,
        0.04645258188247681,
        0.05088156461715698,
        0.6424100399017334,
        0.5160088539123535,
        0.31957197189331055,
        0.19009190797805786,
        0.8490195274353027,
        0.02380812168121338,
        0.07619673013687134,
        0.477483868598938,
        0.8588631749153137,
        0.5254479646682739,
        0.39826732873916626,
        0.47337013483047485,
        0.849030077457428,
        0.6493534445762634,
        0.2078724503517151,
        0.5244160890579224
    ]
}