{
    "format": 2,
    "name": "n90k7_52",
    "n": 90,
    "k": 7,
    "optimal_solution": 14.733930587768555,
    "x_values": [
        0.5190194249153137,
        0.7992692589759827,
        0.9046339988708496,
        0.9753720164299011,
        0.17118221521377563,
        0.01215982437133789,
        0.44371265172958374,
        0.41547083854675293,
        0.23552697896957397,
        0.2615628242492676,
        0.6020773649215698,
        0.5991933941841125,
        0.2958047389984131,
        0.41265082359313965,
        0.35760587453842163,
        0.24222475290298462,
        0.619258463382721,
        0.24314922094345093,
        0.25782376527786255,
        0.22089576721191406,
        0.8903536200523376,
        0.687080979347229,
        0.16248351335525513,
        0.9998904466629028,
        0.8430308103561401,
        0.5503719449043274,
        0.6892542243003845,
        0.6085258722305298,
        0.16081809997558594,
        0.9291143417358398,
        0.9492014646530151,
        0.24578094482421875,
        0.4635419249534607,
        0.4319750666618347,
        0.3735318183898926,
        0.5141357183456421,
        0.38401007652282715,
        0.7149520516395569,
        0.687050998210907,
        0.054053306579589844,
        0.7148101925849915,
        0.012330293655395508,
        0.10814738273620605,
        0.8898808360099792,
        0.748883068561554,
        0.6208925247192383,
        0.18142098188400269,
        0.5697550177574158,
        0.7625613808631897,
        0.5907837748527527,
        0.5641668438911438,
        0.3992472290992737,
        0.6992226243019104,
        0.3545052409172058,
        0.46692323684692383,
        0.03404182195663452,
        0.08237046003341675,
        0.5153456330299377,
        0.33462822437286377,
        0.303084135055542,
        0.5017040371894836,
        0.2270869016647339,
        0.5156261920928955,
        0.030382156372070312,
        0.009745478630065918,
        0.3070273995399475,
        0.5520648956298828,
        0.3595544099807739,
        0.9169408082962036,
        0.09066814184188843,
        0.33570051193237305,
        0.6094871163368225,
        0.20852017402648926,
        0.7909972667694092,
        0.49172717332839966,
        0.226689875125885,
        0.3408421277999878,
        0.26231664419174194,
        0.8542760610580444,
        0.3125007748603821,
        0.016545236110687256,
        0.9866222143173218,
        0.880847692489624,
        0.9618844389915466,
        0.9194108247756958,
        0.8075476288795471,
        0.5587400794029236,
        0.977574348449707,
        0.7548460364341736,
        0.2884756326675415
    ],
    "y_values": [
        0.7488235831260681,
        0.7939462661743164,
        0.6553762555122375,
        0.4456007480621338,
        0.6284789443016052,
        0.5783371925354004,
        0.11514616012573242,
        0.4410688877105713,
        0.6461194753646851,
        0.25024574995040894,
        0.23198717832565308,
        0.8315193057060242,
        0.3611244559288025,
        0.8081822395324707,
        0.54006427526474,
        0.7435970902442932,
        0.37846118211746216,
        0.3712925314903259,
        0.10375875234603882,
        0.25542426109313965,
        0.638235330581665,
        0.969345211982727,
        0.7748479843139648,
        0.1713719367980957,
        0.9039540886878967,
        0.48797786235809326,
        0.08811742067337036,
        0.5740874409675598,
        0.09711450338363647,
        0.3065202236175537,
        0.4823688268661499,
        0.4186679720878601,
        0.7046578526496887,
        0.5412617325782776,
        0.9149889945983887,
        0.5273893475532532,
        0.3241192698478699,
        0.8161620497703552,
        0.8415970802307129,
        0.7870357632637024,
        0.8740087151527405,
        0.8002205491065979,
        0.4271308183670044,
        0.5829445719718933,
        0.12122344970703125,
        0.5601670145988464,
        0.2819194197654724,
        0.10358041524887085,
        0.961332380771637,
        0.22306573390960693,
        0.8574522137641907,
        0.8666714429855347,
        0.45755845308303833,
        0.099850594997406,
        0.9225517511367798,
        0.975745677947998,
        0.951238214969635,
        0.9509323835372925,
        0.7107766270637512,
        0.9656558036804199,
        0.664557933807373,
        0.9494624733924866,
        0.7225626111030579,
        0.5779920220375061,
        0.3087131977081299,
        0.42125821113586426,
        0.6779100298881531,
        0.599280834197998,
        0.6110453009605408,
        0.7090703845024109,
        0.7592777013778687,
        0.8333808183670044,
        0.7996042370796204,
        0.5912331938743591,
        0.2718629240989685,
        0.6773480772972107,
        0.014194726943969727,
        0.6671948432922363,
        0.9768659472465515,
        0.855480432510376,
        0.6517384052276611,
        0.1928693652153015,
        0.6214918494224548,
        0.8331515192985535,
        0.6920362114906311,
        0.8894678354263306,
        0.7096241116523743,
        0.44921427965164185,
        0.8395553827285767,
        0.6304991245269775
    ]
}