{
    "format": 5,
    "name": "n90k7_63",
    "n": 90,
    "k": 7,
    "optimal_solution": 0.311633825302124,
    "x_values": [
        0.3988380432128906,
        0.10735154151916504,
        0.8929641246795654,
        0.7638297080993652,
        0.48368000984191895,
        0.34483474493026733,
        0.06406396627426147,
        0.6309748291969299,
        0.3785821795463562,
        0.6928697228431702,
        0.02990126609802246,
        0.09674251079559326,
        0.226668119430542,
        0.24481457471847534,
        0.09419196844100952,
        0.752107560634613,
        0.1573951244354248,
        0.6075095534324646,
        0.8624231219291687,
        0.9109097719192505,
        0.1293196678161621,
        0.24820935726165771,
        0.46025550365448,
        0.9798639416694641,
        0.6945220828056335,
        0.4966450333595276,
        0.03612798452377319,
        0.23615211248397827,
        0.6559797525405884,
        0.6788378357887268,
        0.8624979257583618,
        0.7810145616531372,
        0.598922848701477,
        0.6737216711044312,
        0.8043068647384644,
        0.2015904188156128,
        0.35170453786849976,
        0.5155351161956787,
        0.24775147438049316,
        0.36440151929855347,
        0.7210158109664917,
        0.215986967086792,
        0.8588467836380005,
        0.21730440855026245,
        0.6469645500183105,
        0.06769329309463501,
        0.02964484691619873,
        0.552200973033905,
        0.6221400499343872,
        0.8494105935096741,
        0.5436946153640747,
        0.1710728406906128,
        0.6157554388046265,
        0.8061521649360657,
        0.8468896746635437,
        0.2272663712501526,
        0.3340197205543518,
        0.7607642412185669,
        0.23300814628601074,
        0.9337838292121887,
        0.5231150388717651,
        0.8606287837028503,
        0.5836045742034912,
        0.738161027431488,
        0.2697598934173584,
        0.8444198369979858,
        0.14752554893493652,
        0.10001105070114136,
        0.8729851841926575,
        0.5526650547981262,
        0.5536538362503052,
        0.8109520673751831,
        0.24457228183746338,
        0.22129607200622559,
        0.9108420014381409,
        0.40730565786361694,
        0.4782150387763977,
        0.9325841665267944,
        0.2648000121116638,
        0.8489506244659424,
        0.4660745859146118,
        0.5108529925346375,
        0.12422400712966919,
        0.7262194156646729,
        0.6748674511909485,
        0.7931252121925354,
        0.7289251685142517,
        0.2363871932029724,
        0.17578482627868652,
        0.5335289835929871
    ],
    "y_values": [
        0.3726334571838379,
        0.9342055320739746,
        0.46360766887664795,
        0.6414053440093994,
        0.9430698156356812,
        0.07715994119644165,
        0.8544751405715942,
        0.1348569393157959,
        0.37428003549575806,
        0.29584741592407227,
        0.03226780891418457,
        0.346951961517334,
        0.3515812158584595,
        0.2086072564125061,
        0.588962197303772,
        0.22251123189926147,
        0.35779863595962524,
        0.30846232175827026,
        0.5794103145599365,
        0.6025457382202148,
        0.9659464955329895,
        0.928788423538208,
        0.8586920499801636,
        0.27837270498275757,
        0.5022276043891907,
        0.5762161612510681,
        0.3824383616447449,
        0.46231746673583984,
        0.9596362113952637,
        0.09798717498779297,
        0.7769591808319092,
        0.09789270162582397,
        0.05307185649871826,
        0.3492869734764099,
        0.1545657515525818,
        0.8257670998573303,
        0.05675065517425537,
        0.5780661106109619,
        0.2706845998764038,
        0.6489856243133545,
        0.8060967922210693,
        0.2054910659790039,
        0.16355186700820923,
        0.5927883386611938,
        0.513180136680603,
        0.030516862869262695,
        0.8618122339248657,
        0.40829116106033325,
        0.42907261848449707,
        0.06688344478607178,
        0.20125681161880493,
        0.23325252532958984,
        0.2959797978401184,
        0.44374513626098633,
        0.19954794645309448,
        0.4589369297027588,
        0.7306382656097412,
        0.9602779150009155,
        0.5134168267250061,
        0.7442472577095032,
        0.16368764638900757,
        0.8498003482818604,
        0.763191282749176,
        0.9432767629623413,
        0.05151867866516113,
        0.19429618120193481,
        0.3286823630332947,
        0.2955063581466675,
        0.4215293526649475,
        0.8021957874298096,
        0.4509074091911316,
        0.7882269024848938,
        0.4922381043434143,
        0.052111923694610596,
        0.8744460940361023,
        0.20473283529281616,
        0.7331268191337585,
        0.47676318883895874,
        0.8440445065498352,
        0.4054868817329407,
        0.179429292678833,
        0.09530270099639893,
        0.9304143786430359,
        0.5948896408081055,
        0.42365747690200806,
        0.0546911358833313,
        0.40901505947113037,
        0.31427961587905884,
        0.2457561492919922,
        0.9792395234107971
    ]
}