{
    "format": 5,
    "name": "n90k7_28",
    "n": 90,
    "k": 7,
    "optimal_solution": 0.29559892416000366,
    "x_values": [
        0.7251096367835999,
        0.22946900129318237,
        0.747668445110321,
        0.9578339457511902,
        0.8704590797424316,
        0.586699366569519,
        0.2711772322654724,
        0.12022668123245239,
        0.35849279165267944,
        0.7033067345619202,
        0.13529109954833984,
        0.7601190209388733,
        0.5674076080322266,
        0.4204217195510864,
        0.7344852089881897,
        0.28071850538253784,
        0.463639497756958,
        0.4029519557952881,
        0.1343509554862976,
        0.8340471982955933,
        0.08796495199203491,
        0.43473178148269653,
        0.8391287922859192,
        0.23252731561660767,
        0.1749178171157837,
        0.31925588846206665,
        0.6483517289161682,
        0.006390094757080078,
        0.14534920454025269,
        0.22764557600021362,
        0.8053731918334961,
        0.9440513849258423,
        0.545544445514679,
        0.8544257283210754,
        0.00907522439956665,
        0.5645034909248352,
        0.10483747720718384,
        0.6288936734199524,
        0.624156653881073,
        0.6266725659370422,
        0.4800877571105957,
        0.8976154327392578,
        0.6737910509109497,
        0.41593313217163086,
        0.6884847283363342,
        0.9538599252700806,
        0.4544323682785034,
        0.4534914493560791,
        0.4663366675376892,
        0.9158015847206116,
        0.6862335801124573,
        0.12150061130523682,
        0.8047743439674377,
        0.03592574596405029,
        0.7038983702659607,
        0.6992955803871155,
        0.28981852531433105,
        0.8784242272377014,
        0.203569233417511,
        0.1992332935333252,
        0.5214208364486694,
        0.5609966516494751,
        0.8209531903266907,
        0.3575776219367981,
        0.4010393023490906,
        0.07794708013534546,
        0.5289909839630127,
        0.4727374315261841,
        0.6685738563537598,
        0.10248178243637085,
        0.8976144194602966,
        0.11858183145523071,
        0.21490263938903809,
        0.41726213693618774,
        0.3167521357536316,
        0.8092712163925171,
        0.07839983701705933,
        0.09325289726257324,
        0.41284096240997314,
        0.6031432151794434,
        0.92158043384552,
        0.684333086013794,
        0.7053098082542419,
        0.6894111633300781,
        0.5295853018760681,
        0.6440191864967346,
        0.9347072839736938,
        0.566502571105957,
        0.013920843601226807,
        0.2624698877334595
    ],
    "y_values": [
        0.7403717041015625,
        0.1182241439819336,
        0.7846059203147888,
        0.4482278823852539,
        0.7486752867698669,
        0.3306443691253662,
        0.21691834926605225,
        0.21687328815460205,
        0.17540258169174194,
        0.3055878281593323,
        0.03893953561782837,
        0.09550595283508301,
        0.9004246592521667,
        0.20637434720993042,
        0.518680214881897,
        0.514474630355835,
        0.6371619701385498,
        0.3209620714187622,
        0.1535678505897522,
        0.22546833753585815,
        0.725867509841919,
        0.8454889059066772,
        0.9229638576507568,
        0.7246385812759399,
        0.9345135688781738,
        0.26384037733078003,
        0.7399404644966125,
        0.8889502286911011,
        0.24045228958129883,
        0.42002445459365845,
        0.25675052404403687,
        0.47791194915771484,
        0.31539690494537354,
        0.35371220111846924,
        0.08780616521835327,
        0.2582530975341797,
        0.9722556471824646,
        0.30722999572753906,
        0.3688430190086365,
        0.21062618494033813,
        0.2692558765411377,
        0.5202966332435608,
        0.6964571475982666,
        0.6078421473503113,
        0.759709358215332,
        0.8192891478538513,
        0.21170860528945923,
        0.4405263662338257,
        0.42219460010528564,
        0.9116843342781067,
        0.2844788432121277,
        0.5301652550697327,
        0.6759293079376221,
        0.25971269607543945,
        0.7171316146850586,
        0.21057158708572388,
        0.6341293454170227,
        0.6999051570892334,
        0.8682160377502441,
        0.31087422370910645,
        0.28396838903427124,
        0.1921033263206482,
        0.16427379846572876,
        0.6744480729103088,
        0.5502476692199707,
        0.8791412711143494,
        0.5203805565834045,
        0.42800581455230713,
        0.23616021871566772,
        0.7817659974098206,
        0.3896528482437134,
        0.9903992414474487,
        0.1711447834968567,
        0.672344446182251,
        0.4693071246147156,
        0.5104223489761353,
        0.5528795123100281,
        0.22586339712142944,
        0.36771541833877563,
        0.3811454772949219,
        0.515828013420105,
        0.7222015261650085,
        0.07541859149932861,
        0.17570674419403076,
        0.3827248215675354,
        0.3077067732810974,
        0.3063076138496399,
        0.6979739665985107,
        0.9987035989761353,
        0.5315659046173096
    ]
}