{
    "format": 2,
    "name": "n90k7_60",
    "n": 90,
    "k": 7,
    "optimal_solution": 15.44832992553711,
    "x_values": [
        0.36705082654953003,
        0.12282979488372803,
        0.7583398818969727,
        0.06944078207015991,
        0.419719934463501,
        0.3123062252998352,
        0.9975372552871704,
        0.3998332619667053,
        0.14979702234268188,
        0.39020127058029175,
        0.48909395933151245,
        0.4632648229598999,
        0.19744211435317993,
        0.022848188877105713,
        0.8687534928321838,
        0.25220292806625366,
        0.20668524503707886,
        0.23371177911758423,
        0.046809494495391846,
        0.39478862285614014,
        0.0541917085647583,
        0.07122015953063965,
        0.9274865388870239,
        0.13614338636398315,
        0.7951151132583618,
        0.595328152179718,
        0.8064047694206238,
        0.06086742877960205,
        0.22296839952468872,
        0.688153862953186,
        0.6895123720169067,
        0.3677505850791931,
        0.2671716809272766,
        0.3893105983734131,
        0.1530035138130188,
        0.8550909757614136,
        0.8608942627906799,
        0.0903586745262146,
        0.7729235291481018,
        0.5386658310890198,
        0.33000409603118896,
        0.44793879985809326,
        0.6697883605957031,
        0.5737012028694153,
        0.7269185185432434,
        0.44595229625701904,
        0.8146471977233887,
        0.2119990587234497,
        0.6472336053848267,
        0.845535397529602,
        0.20802634954452515,
        0.8432674407958984,
        0.3461945652961731,
        0.5049825310707092,
        0.3894263505935669,
        0.9275991320610046,
        0.39554500579833984,
        0.2992624044418335,
        0.07685506343841553,
        0.24577921628952026,
        0.16112405061721802,
        0.36415088176727295,
        0.6092091798782349,
        0.2844555974006653,
        0.004409730434417725,
        0.43638521432876587,
        0.9166659116744995,
        0.67623370885849,
        0.6271181702613831,
        0.37649208307266235,
        0.35059505701065063,
        0.5808209180831909,
        0.06841987371444702,
        0.5695436596870422,
        0.3710901141166687,
        0.48661381006240845,
        0.11408203840255737,
        0.8899945616722107,
        0.3391936421394348,
        0.07974308729171753,
        0.16097354888916016,
        0.987920343875885,
        0.48354822397232056,
        0.3327793478965759,
        0.9268628358840942,
        0.19132012128829956,
        0.5808226466178894,
        0.641925036907196,
        0.31148672103881836,
        0.9177897572517395
    ],
    "y_values": [
        0.9006569385528564,
        0.5187103748321533,
        0.2480785846710205,
        0.01295095682144165,
        0.3013591170310974,
        0.7478355169296265,
        0.3879219889640808,
        0.30688273906707764,
        0.11631613969802856,
        0.2045953869819641,
        0.5418788194656372,
        0.6706953644752502,
        0.3874170184135437,
        0.5867798328399658,
        0.913882851600647,
        0.52325439453125,
        0.05407440662384033,
        0.49203360080718994,
        0.020142197608947754,
        0.9023498892784119,
        0.1518191695213318,
        0.12638938426971436,
        0.8565195202827454,
        0.36723101139068604,
        0.058461010456085205,
        0.5141353607177734,
        0.6693412661552429,
        0.8496898412704468,
        0.9447434544563293,
        0.47888439893722534,
        0.9859445095062256,
        0.08629190921783447,
        0.5908896923065186,
        0.687120258808136,
        0.9330919981002808,
        0.054795145988464355,
        0.9903563857078552,
        0.030075430870056152,
        0.19794303178787231,
        0.528451144695282,
        0.13965827226638794,
        0.7788630127906799,
        0.40968257188796997,
        0.37723809480667114,
        0.6075832843780518,
        0.5821012854576111,
        0.14543861150741577,
        0.9511348009109497,
        0.3180707097053528,
        0.9265474081039429,
        0.38989508152008057,
        0.7282875180244446,
        0.1111440658569336,
        0.30408990383148193,
        0.8711345195770264,
        0.07024252414703369,
        0.6337863802909851,
        0.8962124586105347,
        0.29257869720458984,
        0.3972334861755371,
        0.047595083713531494,
        0.6860944628715515,
        0.9513968825340271,
        0.17304277420043945,
        0.859686017036438,
        0.6350224614143372,
        0.6135417819023132,
        0.16257816553115845,
        0.508627712726593,
        0.21992886066436768,
        0.5912414193153381,
        0.9641457200050354,
        0.6880155801773071,
        0.0001227259635925293,
        0.8290704488754272,
        0.07602524757385254,
        0.346219003200531,
        0.532833993434906,
        0.24927008152008057,
        0.5353017449378967,
        0.7517864108085632,
        0.09227389097213745,
        0.0763196349143982,
        0.940991997718811,
        0.11135208606719971,
        0.06334435939788818,
        0.012611448764801025,
        0.21479886770248413,
        0.39418619871139526,
        0.38907390832901
    ]
}