{
    "format": 8,
    "name": "n80k5_31",
    "n": 80,
    "k": 5,
    "capacity": 16,
    "optimal_solution": 16.1931209564209,
    "x_values": [
        0.4182726740837097,
        0.9017382860183716,
        0.9170907139778137,
        0.4838150143623352,
        0.7587759494781494,
        0.9439209699630737,
        0.6270096898078918,
        0.4064725637435913,
        0.21516776084899902,
        0.003545701503753662,
        0.01829320192337036,
        0.35612285137176514,
        0.6260491609573364,
        0.4936774969100952,
        0.919687807559967,
        0.7409988045692444,
        0.6352673172950745,
        0.3117719888687134,
        0.1791684627532959,
        0.014222979545593262,
        0.6317527890205383,
        0.15199363231658936,
        0.6703698039054871,
        0.8338607549667358,
        0.7874519228935242,
        0.07101625204086304,
        0.43978744745254517,
        0.6643524169921875,
        0.46856623888015747,
        0.6988815069198608,
        0.5335134863853455,
        0.9055549502372742,
        0.3670741319656372,
        0.8073102235794067,
        0.8449863791465759,
        0.8838273882865906,
        0.9090997576713562,
        0.4411255717277527,
        0.2810741066932678,
        0.13985633850097656,
        0.38467711210250854,
        0.9157258868217468,
        0.9551976323127747,
        0.7826715111732483,
        0.6499978303909302,
        0.16072964668273926,
        0.16324037313461304,
        0.7906585931777954,
        0.9850500822067261,
        0.5799606442451477,
        0.25223666429519653,
        0.967180073261261,
        0.44996869564056396,
        0.4394693970680237,
        0.2518441081047058,
        0.5875546932220459,
        0.8007718324661255,
        0.8744904398918152,
        0.3365577459335327,
        0.6178967356681824,
        0.30717670917510986,
        0.6257412433624268,
        0.7151535153388977,
        0.4518740177154541,
        0.6374961733818054,
        0.6614158749580383,
        0.6256959438323975,
        0.6491049528121948,
        0.17725175619125366,
        0.8818446397781372,
        0.9317516088485718,
        0.13552945852279663,
        0.6198096871376038,
        0.9948916435241699,
        0.44738495349884033,
        0.11639535427093506,
        0.019842088222503662,
        0.9136630296707153,
        0.6060898900032043,
        0.6377069354057312
    ],
    "y_values": [
        0.542784571647644,
        0.47849053144454956,
        0.7874131202697754,
        0.15864098072052002,
        0.7711087465286255,
        0.46362024545669556,
        0.03367191553115845,
        0.9247225522994995,
        0.43110036849975586,
        0.9063056707382202,
        0.4175306558609009,
        0.5593750476837158,
        0.7303423285484314,
        0.19476085901260376,
        0.6467395424842834,
        0.6727294325828552,
        0.41752398014068604,
        0.5436732769012451,
        0.5125669836997986,
        0.4001462459564209,
        0.5972074866294861,
        0.25820571184158325,
        0.5479656457901001,
        0.9866272807121277,
        0.9454056024551392,
        0.1271246075630188,
        0.8162741661071777,
        0.7812404036521912,
        0.949734091758728,
        0.7647573351860046,
        0.4723833203315735,
        0.9649807810783386,
        0.8150568008422852,
        0.4560696482658386,
        0.9761220812797546,
        0.8201113939285278,
        0.3558543920516968,
        0.15709513425827026,
        0.9100162982940674,
        0.5947152972221375,
        0.677392303943634,
        0.6363571286201477,
        0.9300264716148376,
        0.8473076224327087,
        0.0872725248336792,
        0.03526228666305542,
        0.8920139670372009,
        0.36624276638031006,
        0.07751631736755371,
        0.06833517551422119,
        0.7325551509857178,
        0.9502570629119873,
        0.7027774453163147,
        0.3820508122444153,
        0.2905392646789551,
        0.31937289237976074,
        0.0477062463760376,
        0.24944037199020386,
        0.45358002185821533,
        0.6966570019721985,
        0.23511642217636108,
        0.24075406789779663,
        0.18063300848007202,
        0.885132908821106,
        0.7622222304344177,
        0.7827276587486267,
        0.8060682415962219,
        0.760066032409668,
        0.6182562708854675,
        0.8254790306091309,
        0.7142177224159241,
        0.7620042562484741,
        0.1870957612991333,
        0.8475866317749023,
        0.4174816608428955,
        0.7840299010276794,
        0.05683404207229614,
        0.13637125492095947,
        0.8143783807754517,
        0.9643800258636475
    ]
}