{
    "format": 5,
    "name": "n90k3_31",
    "n": 90,
    "k": 3,
    "optimal_solution": 0.5204854011535645,
    "x_values": [
        0.03336977958679199,
        0.5631288886070251,
        0.01853841543197632,
        0.9108595848083496,
        0.5698440670967102,
        0.16423404216766357,
        0.08515125513076782,
        0.616502046585083,
        0.23183852434158325,
        0.1625869870185852,
        0.4609830379486084,
        0.6816584467887878,
        0.46516287326812744,
        0.38983404636383057,
        0.28559452295303345,
        0.25073426961898804,
        0.221774160861969,
        0.6912227272987366,
        0.8685204386711121,
        0.8923303484916687,
        0.8339146971702576,
        0.9211804270744324,
        0.9928461909294128,
        0.9839589595794678,
        0.7808257937431335,
        0.8682699203491211,
        0.955268383026123,
        0.6832348704338074,
        0.8846346735954285,
        0.28661197423934937,
        0.1871362328529358,
        0.2274336814880371,
        0.3788072466850281,
        0.7819259166717529,
        0.014639079570770264,
        0.7318676114082336,
        0.964453399181366,
        0.6605177521705627,
        0.8228667378425598,
        0.23617923259735107,
        0.690642774105072,
        0.6570726633071899,
        0.1791108250617981,
        0.292593777179718,
        0.8170807361602783,
        0.7339869737625122,
        0.7352083325386047,
        0.16355115175247192,
        0.10020720958709717,
        0.3574991226196289,
        0.8491684198379517,
        0.8525833487510681,
        0.43749934434890747,
        0.32181960344314575,
        0.6410874128341675,
        0.4803628921508789,
        0.14850258827209473,
        0.0005028843879699707,
        0.711025595664978,
        0.626666247844696,
        0.8664818406105042,
        0.007524847984313965,
        0.4942476749420166,
        0.9987528324127197,
        0.32228517532348633,
        0.29321104288101196,
        0.47949331998825073,
        0.4553561806678772,
        0.5601027607917786,
        0.7026668787002563,
        0.23317009210586548,
        0.28471124172210693,
        0.8808420300483704,
        0.3052878975868225,
        0.03724390268325806,
        0.7733303308486938,
        0.8332406282424927,
        0.9956996440887451,
        0.1688942313194275,
        0.3333015441894531,
        0.5727981925010681,
        0.5159844756126404,
        0.12290114164352417,
        0.5126202702522278,
        0.1790054440498352,
        0.07636457681655884,
        0.3982296586036682,
        0.9875952005386353,
        0.05321669578552246,
        0.46332478523254395
    ],
    "y_values": [
        0.5251938104629517,
        0.2536041736602783,
        0.2305908203125,
        0.5903444886207581,
        0.7932063937187195,
        0.20182329416275024,
        0.2994467616081238,
        0.37015771865844727,
        0.1486603021621704,
        0.8972718119621277,
        0.5065469145774841,
        0.14781177043914795,
        0.7381473779678345,
        0.4022044539451599,
        0.16194355487823486,
        0.535956084728241,
        0.6871589422225952,
        0.4808911085128784,
        0.9454996585845947,
        0.7681370377540588,
        0.49068689346313477,
        0.7161514163017273,
        0.7000446319580078,
        0.5369371771812439,
        0.24388223886489868,
        0.06416809558868408,
        0.9077573418617249,
        0.647143542766571,
        0.8964453935623169,
        0.6477181911468506,
        0.7127858400344849,
        0.377812922000885,
        0.6593466401100159,
        0.04517859220504761,
        0.14843398332595825,
        0.8168593645095825,
        0.6667856574058533,
        0.15722894668579102,
        0.9226950407028198,
        0.8627806305885315,
        0.18690550327301025,
        0.8838821649551392,
        0.9264057278633118,
        0.7318238019943237,
        0.1764698624610901,
        0.2638424038887024,
        0.18721520900726318,
        0.1255021095275879,
        0.6168003082275391,
        0.6521688103675842,
        0.2870889902114868,
        0.01786935329437256,
        0.9073875546455383,
        0.9433897137641907,
        0.06369394063949585,
        0.323417067527771,
        0.7546539306640625,
        0.4150611162185669,
        0.5800434350967407,
        0.2904698848724365,
        0.23368549346923828,
        0.29018157720565796,
        0.3339496850967407,
        0.03368860483169556,
        0.7312663793563843,
        0.5301533341407776,
        0.42181396484375,
        0.2585926055908203,
        0.919338583946228,
        0.3502596616744995,
        0.3053765296936035,
        0.17064416408538818,
        0.35579603910446167,
        0.5528473258018494,
        0.6039014458656311,
        0.45819979906082153,
        0.20249086618423462,
        0.39338797330856323,
        0.08959418535232544,
        0.5203979015350342,
        0.5908817648887634,
        0.9392717480659485,
        0.769068717956543,
        0.7751043438911438,
        0.9082322716712952,
        0.705035924911499,
        0.4873241186141968,
        0.933262288570404,
        0.14672833681106567,
        0.7341340780258179
    ]
}