{
    "format": 5,
    "name": "n90k3_86",
    "n": 90,
    "k": 3,
    "optimal_solution": 0.5216062068939209,
    "x_values": [
        0.8424381017684937,
        0.6980612874031067,
        0.9530434012413025,
        0.9840477108955383,
        0.7318478226661682,
        0.7326653003692627,
        0.4810783863067627,
        0.7316680550575256,
        0.6522874236106873,
        0.08829504251480103,
        0.8290183544158936,
        0.39903002977371216,
        0.34791189432144165,
        0.47638899087905884,
        0.26226478815078735,
        0.8744897246360779,
        0.0708075761795044,
        0.7768936157226562,
        0.5007619261741638,
        0.040000855922698975,
        0.9214696288108826,
        0.12376761436462402,
        0.9694370031356812,
        0.39654093980789185,
        0.6901523470878601,
        0.3582087755203247,
        0.7910610437393188,
        0.9337038993835449,
        0.5765921473503113,
        0.0784674882888794,
        0.8635987043380737,
        0.9354491829872131,
        0.9479174613952637,
        0.8347347974777222,
        0.5714938044548035,
        0.5910959243774414,
        0.6526229977607727,
        0.7505054473876953,
        0.47675323486328125,
        0.46009325981140137,
        0.7132691740989685,
        0.770190417766571,
        0.738982081413269,
        0.45982348918914795,
        0.9499916434288025,
        0.7240663170814514,
        0.19409549236297607,
        0.9160813689231873,
        0.14822232723236084,
        0.19554829597473145,
        0.7950100302696228,
        0.999970555305481,
        0.019914627075195312,
        0.18842536211013794,
        0.8120627999305725,
        0.1975628137588501,
        0.28235435485839844,
        0.8729031085968018,
        0.017536938190460205,
        0.31276822090148926,
        0.47581154108047485,
        0.011312127113342285,
        0.6966176629066467,
        0.9000528454780579,
        0.9355883598327637,
        0.5823641419410706,
        0.630178689956665,
        0.8928267359733582,
        0.9763501286506653,
        0.9967312812805176,
        0.055340588092803955,
        0.9094876646995544,
        0.1492024064064026,
        0.2716851234436035,
        0.8310712575912476,
        0.7721130847930908,
        0.6474566459655762,
        0.2993723750114441,
        0.7207066416740417,
        0.9150135517120361,
        0.8305396437644958,
        0.958523154258728,
        0.845093309879303,
        0.9411157965660095,
        0.2947326898574829,
        0.39821797609329224,
        0.34855198860168457,
        0.05534565448760986,
        0.1978629231452942,
        0.7653757333755493
    ],
    "y_values": [
        0.7254457473754883,
        0.6691967248916626,
        0.14381885528564453,
        0.8328850269317627,
        0.728438675403595,
        0.4446861147880554,
        0.24332565069198608,
        0.17472296953201294,
        0.011903047561645508,
        0.7666100859642029,
        0.5102896094322205,
        0.161695659160614,
        0.7368882298469543,
        0.893354058265686,
        0.5728529691696167,
        0.3243923783302307,
        0.6356958150863647,
        0.1950855255126953,
        0.3230903148651123,
        0.42477381229400635,
        0.768480122089386,
        0.26220768690109253,
        0.8306723237037659,
        0.4327160716056824,
        0.6306138038635254,
        0.5140706896781921,
        0.5962444543838501,
        0.11190325021743774,
        0.9603508710861206,
        0.7003378868103027,
        0.5618241429328918,
        0.054075002670288086,
        0.7215596437454224,
        0.03309565782546997,
        0.224950909614563,
        0.4971848726272583,
        0.4892774820327759,
        0.5422751903533936,
        0.625320315361023,
        0.5746567845344543,
        0.22607076168060303,
        0.7851220369338989,
        0.3600664734840393,
        0.11750662326812744,
        0.8620193600654602,
        0.7745900750160217,
        0.02038508653640747,
        0.6523396968841553,
        0.6621353030204773,
        0.40745025873184204,
        0.26355063915252686,
        0.07057178020477295,
        0.618158757686615,
        0.7015017867088318,
        0.5187487602233887,
        0.02706313133239746,
        0.39756882190704346,
        0.5226760506629944,
        0.8032782673835754,
        0.8543031215667725,
        0.9627102613449097,
        0.6706363558769226,
        0.8804193139076233,
        0.2159985899925232,
        0.8039144277572632,
        0.19476783275604248,
        0.6034395098686218,
        0.7098093628883362,
        0.31497979164123535,
        0.6026699542999268,
        0.7291545271873474,
        0.6770504713058472,
        0.2649487257003784,
        0.1130484938621521,
        0.7849857807159424,
        0.8489258885383606,
        0.5515159368515015,
        0.4873895049095154,
        0.8828195333480835,
        0.7646869421005249,
        0.9574359059333801,
        0.638115406036377,
        0.6382707357406616,
        0.5009913444519043,
        0.278675377368927,
        0.5710251927375793,
        0.15073645114898682,
        0.15218490362167358,
        0.4619980454444885,
        0.05314606428146362
    ]
}