{
    "format": 5,
    "name": "n90k3_23",
    "n": 90,
    "k": 3,
    "optimal_solution": 0.5135538578033447,
    "x_values": [
        0.9762384295463562,
        0.744057297706604,
        0.8472990393638611,
        0.18806540966033936,
        0.11705660820007324,
        0.5615062713623047,
        0.45409446954727173,
        0.2222633957862854,
        0.3316052556037903,
        0.2688239812850952,
        0.5187450051307678,
        0.9736502766609192,
        0.6980705857276917,
        0.9113709926605225,
        0.22553443908691406,
        0.12478131055831909,
        0.3254641890525818,
        0.5188259482383728,
        0.3534128665924072,
        0.5158907175064087,
        0.40960562229156494,
        0.6303873658180237,
        0.4557575583457947,
        0.5420985221862793,
        0.633989155292511,
        0.5457722544670105,
        0.36069154739379883,
        0.4615449905395508,
        0.27826350927352905,
        0.08446437120437622,
        0.8291323184967041,
        0.3157397508621216,
        0.2154722809791565,
        0.9162953495979309,
        0.4893963932991028,
        0.9957005977630615,
        0.26540130376815796,
        0.30234867334365845,
        0.8379528522491455,
        0.8168253302574158,
        0.6938661932945251,
        0.3312034606933594,
        0.7373765707015991,
        0.8352969884872437,
        0.44852739572525024,
        0.924159049987793,
        0.5478286147117615,
        0.030782699584960938,
        0.5888615846633911,
        0.3954906463623047,
        0.7207147479057312,
        0.7713461518287659,
        0.8842940330505371,
        0.6477892398834229,
        0.23927044868469238,
        0.5658777952194214,
        0.44202619791030884,
        0.9462395906448364,
        0.23989027738571167,
        0.7866942286491394,
        0.5795702934265137,
        0.30745458602905273,
        0.2755136489868164,
        0.6415585279464722,
        0.6892552971839905,
        0.767056405544281,
        0.4593350887298584,
        0.615024983882904,
        0.9143100380897522,
        0.4124537706375122,
        0.31017547845840454,
        0.2590366005897522,
        0.8202637434005737,
        0.6398919820785522,
        0.6069528460502625,
        0.5775867104530334,
        0.49886661767959595,
        0.1978827714920044,
        0.8162824511528015,
        0.35838133096694946,
        0.150964617729187,
        0.4027666449546814,
        0.1646406054496765,
        0.36372339725494385,
        0.6872789263725281,
        0.1279035210609436,
        0.034668564796447754,
        0.12283438444137573,
        0.7729438543319702,
        0.9139847159385681
    ],
    "y_values": [
        0.20181208848953247,
        0.72845458984375,
        0.13358688354492188,
        0.06536471843719482,
        0.6030319929122925,
        0.06252628564834595,
        0.34090518951416016,
        0.7597715854644775,
        0.5331112146377563,
        0.14049506187438965,
        0.44210487604141235,
        0.5610923171043396,
        0.8596038818359375,
        0.5157148838043213,
        0.6540116667747498,
        0.23513060808181763,
        0.6748961210250854,
        0.6998354196548462,
        0.04451704025268555,
        0.991409957408905,
        0.5878079533576965,
        0.22919464111328125,
        0.7954198718070984,
        0.8388662934303284,
        0.045034170150756836,
        0.4464626908302307,
        0.594284176826477,
        0.5123410820960999,
        0.020285427570343018,
        0.026919960975646973,
        0.026385962963104248,
        0.5608959197998047,
        0.1138232946395874,
        0.2819817066192627,
        0.24259042739868164,
        0.2628970742225647,
        0.8562848567962646,
        0.34297454357147217,
        0.2539328932762146,
        0.44981247186660767,
        0.7663535475730896,
        0.43969839811325073,
        0.8029695749282837,
        0.7477657794952393,
        0.30063295364379883,
        0.27714937925338745,
        0.759358823299408,
        0.434805691242218,
        0.018907666206359863,
        0.3376803994178772,
        0.914905846118927,
        0.36137908697128296,
        0.03540301322937012,
        0.850003719329834,
        0.021283447742462158,
        0.9308557510375977,
        0.3990054726600647,
        0.22124511003494263,
        0.7929871082305908,
        0.6794326305389404,
        0.2385663390159607,
        0.714840829372406,
        0.15666067600250244,
        0.9835250973701477,
        0.9305434823036194,
        0.7409905195236206,
        0.47281181812286377,
        0.5147777199745178,
        0.7402044534683228,
        0.4538149833679199,
        0.5564364194869995,
        0.7305258512496948,
        0.6246974468231201,
        0.662212610244751,
        0.4753345251083374,
        0.18112152814865112,
        0.030820846557617188,
        0.03724020719528198,
        0.6840115189552307,
        0.8708153367042542,
        0.3004681468009949,
        0.9722186326980591,
        0.4279276728630066,
        0.24590444564819336,
        0.0510370135307312,
        0.3648316264152527,
        0.49067801237106323,
        0.4903271198272705,
        0.41090381145477295,
        0.543138325214386
    ]
}