{
    "format": 5,
    "name": "n90k3_21",
    "n": 90,
    "k": 3,
    "optimal_solution": 0.5331950187683105,
    "x_values": [
        0.15680503845214844,
        0.39760756492614746,
        0.3334825038909912,
        0.20538848638534546,
        0.32249605655670166,
        0.17396825551986694,
        0.18638837337493896,
        0.30460691452026367,
        0.304959237575531,
        0.7223414182662964,
        0.6953248381614685,
        0.4955276846885681,
        0.9058835506439209,
        0.17632263898849487,
        0.7036193609237671,
        0.970915675163269,
        0.9788867235183716,
        0.4548843502998352,
        0.5041639804840088,
        0.9014415740966797,
        0.40607619285583496,
        0.39022397994995117,
        0.8309454321861267,
        0.23977911472320557,
        0.5532055497169495,
        0.6432136297225952,
        0.7755180597305298,
        0.8095092177391052,
        0.8735802173614502,
        0.7367600798606873,
        0.8723076581954956,
        0.5254799723625183,
        0.6943617463111877,
        0.9090196490287781,
        0.38240909576416016,
        0.48435211181640625,
        0.13667064905166626,
        0.29604560136795044,
        0.48160094022750854,
        0.6771754026412964,
        0.3863145112991333,
        0.6488734483718872,
        0.8111779093742371,
        0.7511725425720215,
        0.7598055601119995,
        0.6637706160545349,
        0.9733319878578186,
        0.8189222812652588,
        0.4569006562232971,
        0.3342791795730591,
        0.6290736198425293,
        0.7878026366233826,
        0.5316764712333679,
        0.5621662735939026,
        0.2291853427886963,
        0.3824801445007324,
        0.9602751135826111,
        0.7202501893043518,
        0.8790576457977295,
        0.4707290530204773,
        0.04707145690917969,
        0.3478376269340515,
        0.25107258558273315,
        0.08708351850509644,
        0.6062328219413757,
        0.16765111684799194,
        0.5442588925361633,
        0.9766448140144348,
        0.4935259222984314,
        0.7581742405891418,
        0.49009835720062256,
        0.3963313102722168,
        0.9161006212234497,
        0.4773552417755127,
        0.7536135911941528,
        0.3553737998008728,
        0.7373691201210022,
        0.032045722007751465,
        0.624332845211029,
        0.4889301061630249,
        0.7735081911087036,
        0.2972061038017273,
        0.16131818294525146,
        0.7844696640968323,
        0.9882266521453857,
        0.5823005437850952,
        0.6640909910202026,
        0.0029210448265075684,
        0.16373568773269653,
        0.25166869163513184
    ],
    "y_values": [
        0.9171048402786255,
        0.8042041659355164,
        0.6172018647193909,
        0.3468548655509949,
        0.9127836227416992,
        0.41246867179870605,
        0.0876818299293518,
        0.6362177729606628,
        0.7771119475364685,
        0.14105123281478882,
        0.7606790661811829,
        0.5037100315093994,
        0.9573455452919006,
        0.9538352489471436,
        0.1999794840812683,
        0.6427679657936096,
        0.903444230556488,
        0.700127124786377,
        0.25610458850860596,
        0.5032892823219299,
        0.911798894405365,
        0.21750885248184204,
        0.12633180618286133,
        0.03990429639816284,
        0.3155844211578369,
        0.08428961038589478,
        0.7973223924636841,
        0.842022716999054,
        0.4048061966896057,
        0.1954684853553772,
        0.6708375811576843,
        0.6329561471939087,
        0.29659759998321533,
        0.5178754329681396,
        0.3152225613594055,
        0.5550211668014526,
        0.00609821081161499,
        0.7144237160682678,
        0.8768686056137085,
        0.6531873345375061,
        0.33378005027770996,
        0.811689019203186,
        0.030329525470733643,
        0.5364652276039124,
        0.43334776163101196,
        0.782853901386261,
        0.6215806007385254,
        0.5830622911453247,
        0.2760564684867859,
        0.20212966203689575,
        0.4674649238586426,
        0.156255841255188,
        0.6808671355247498,
        0.4481988549232483,
        0.9774914979934692,
        0.7297154664993286,
        0.5516359806060791,
        0.8056139349937439,
        0.42155057191848755,
        0.12986505031585693,
        0.9971461296081543,
        0.4864843487739563,
        0.4296942353248596,
        0.10819363594055176,
        0.6216866970062256,
        0.45845746994018555,
        0.9430957436561584,
        0.5335001349449158,
        0.9104055762290955,
        0.7988107800483704,
        0.5518367886543274,
        0.48091256618499756,
        0.32578128576278687,
        0.369321346282959,
        0.822068452835083,
        0.18559521436691284,
        0.38929837942123413,
        0.3053619861602783,
        0.9886492490768433,
        0.42974668741226196,
        0.28925395011901855,
        0.24626195430755615,
        0.5775884985923767,
        0.12599098682403564,
        0.0038778185844421387,
        0.9418763518333435,
        0.7278795838356018,
        0.6491534113883972,
        0.16230571269989014,
        0.4765956997871399
    ]
}