{
    "format": 5,
    "name": "n40k6_32",
    "n": 40,
    "k": 6,
    "optimal_solution": 0.32892727851867676,
    "x_values": [
        0.8708546161651611,
        0.07926291227340698,
        0.19007736444473267,
        0.9672083258628845,
        0.19863253831863403,
        0.9576793909072876,
        0.024108409881591797,
        0.05947631597518921,
        0.23499524593353271,
        0.06093937158584595,
        0.9872385263442993,
        0.9850124716758728,
        0.5473352670669556,
        0.26611489057540894,
        0.2915163040161133,
        0.9351922273635864,
        0.7789931297302246,
        0.6116743683815002,
        0.18199539184570312,
        0.09379547834396362,
        0.983612060546875,
        0.47330790758132935,
        0.17545926570892334,
        0.744627833366394,
        0.3048055171966553,
        0.7471853494644165,
        0.031115293502807617,
        0.5087916851043701,
        0.3366577625274658,
        0.8210037350654602,
        0.7560940384864807,
        0.8108684420585632,
        0.9272592663764954,
        0.6127865314483643,
        0.3603736162185669,
        0.026388049125671387,
        0.5097329616546631,
        0.6132957339286804,
        0.9149017930030823,
        0.7337555289268494
    ],
    "y_values": [
        0.11456364393234253,
        0.33414047956466675,
        0.08285784721374512,
        0.6955082416534424,
        0.1898135542869568,
        0.0034801363945007324,
        0.36315983533859253,
        0.7045404314994812,
        0.14092391729354858,
        0.48470890522003174,
        0.8978182673454285,
        0.14228808879852295,
        0.748338520526886,
        0.6447717547416687,
        0.6559271216392517,
        0.22822731733322144,
        0.2184726595878601,
        0.5099709630012512,
        0.11217629909515381,
        0.5351420640945435,
        0.6022928357124329,
        0.08635634183883667,
        0.7769132256507874,
        0.05565500259399414,
        0.6496105790138245,
        0.46112191677093506,
        0.5966057777404785,
        0.6580501794815063,
        0.32198041677474976,
        0.11554402112960815,
        0.0207558274269104,
        0.008840739727020264,
        0.9090092182159424,
        0.8800612688064575,
        0.3569997549057007,
        0.3580858111381531,
        0.9906678795814514,
        0.5829230546951294,
        0.24346214532852173,
        0.046893298625946045
    ]
}