{
    "format": 5,
    "name": "n40k6_91",
    "n": 40,
    "k": 6,
    "optimal_solution": 0.3195134997367859,
    "x_values": [
        0.3865599036216736,
        0.7126948237419128,
        0.7022144198417664,
        0.8613547086715698,
        0.8267116546630859,
        0.44055843353271484,
        0.20507246255874634,
        0.31416475772857666,
        0.914520263671875,
        0.019601643085479736,
        0.01199650764465332,
        0.6379027962684631,
        0.5978275537490845,
        0.38257288932800293,
        0.2770063281059265,
        0.1632121205329895,
        0.5775380730628967,
        0.40251249074935913,
        0.2777562737464905,
        0.2629411220550537,
        0.6812429428100586,
        0.648103654384613,
        0.9720091223716736,
        0.5273268818855286,
        0.22131943702697754,
        0.06057846546173096,
        0.921234667301178,
        0.2352007031440735,
        0.755914568901062,
        0.2430453896522522,
        0.506589949131012,
        0.3438190817832947,
        0.37639522552490234,
        0.43270760774612427,
        0.3587983250617981,
        0.9993347525596619,
        0.004612386226654053,
        0.9586207866668701,
        0.09442299604415894,
        0.13947021961212158
    ],
    "y_values": [
        0.9569495320320129,
        0.24617034196853638,
        0.42667895555496216,
        0.8818409442901611,
        0.680832028388977,
        0.44628798961639404,
        0.6984886527061462,
        0.5167065262794495,
        0.27186673879623413,
        0.5401418805122375,
        0.6265414357185364,
        0.1085309386253357,
        0.9745159149169922,
        0.8828643560409546,
        0.22782468795776367,
        0.4385124444961548,
        0.15405917167663574,
        0.22584140300750732,
        0.28917741775512695,
        0.8515198230743408,
        0.020815134048461914,
        0.3916335701942444,
        0.18597114086151123,
        0.002358555793762207,
        0.15200382471084595,
        0.41046881675720215,
        0.6701040267944336,
        0.49730825424194336,
        0.6511586904525757,
        0.8523315191268921,
        0.12630736827850342,
        0.5833390355110168,
        0.5455701947212219,
        0.8766650557518005,
        0.8498088717460632,
        0.6409987211227417,
        0.863422155380249,
        0.8847826719284058,
        0.8993558883666992,
        0.8748161196708679
    ]
}