{
    "format": 2,
    "name": "n30k5_26",
    "n": 30,
    "k": 5,
    "optimal_solution": 5.089197635650635,
    "x_values": [
        0.04935944080352783,
        0.7903314828872681,
        0.9808070659637451,
        0.658750593662262,
        0.6644386649131775,
        0.6649562120437622,
        0.5260480642318726,
        0.6798738837242126,
        0.22120296955108643,
        0.0025212764739990234,
        0.8030089139938354,
        0.8228591680526733,
        0.31639564037323,
        0.7878358364105225,
        0.8388335108757019,
        0.14734286069869995,
        0.44720691442489624,
        0.8688395023345947,
        0.8660557270050049,
        0.8013617396354675,
        0.11915647983551025,
        0.7865456342697144,
        0.47678446769714355,
        0.5619286894798279,
        0.3669854402542114,
        0.751909613609314,
        0.24466001987457275,
        0.017931342124938965,
        0.5250450372695923,
        0.5311790704727173
    ],
    "y_values": [
        0.5530846118927002,
        0.7542362213134766,
        0.5440109372138977,
        0.009813964366912842,
        0.22487872838974,
        0.8258366584777832,
        0.3601475954055786,
        0.887833833694458,
        0.7376556992530823,
        0.4336276054382324,
        0.8260977268218994,
        0.5434389114379883,
        0.3435273766517639,
        0.6292914748191833,
        0.27665412425994873,
        0.2801280617713928,
        0.07293355464935303,
        0.41263890266418457,
        0.7278540730476379,
        0.9729451537132263,
        0.4316061735153198,
        0.5765745639801025,
        0.6581833362579346,
        0.5802639722824097,
        0.7552424669265747,
        0.1766231656074524,
        0.8723097443580627,
        0.6144493222236633,
        0.3315785527229309,
        0.9991745352745056
    ]
}