{
    "format": 2,
    "name": "n30k5_36",
    "n": 30,
    "k": 5,
    "optimal_solution": 5.572161674499512,
    "x_values": [
        0.45164424180984497,
        0.8507602214813232,
        0.497763454914093,
        0.5241690874099731,
        0.3199678659439087,
        0.738712728023529,
        0.9564968943595886,
        0.5435150265693665,
        0.9982988834381104,
        0.6790066957473755,
        0.7245755195617676,
        0.07773959636688232,
        0.9396273493766785,
        0.9206556677818298,
        0.6363992691040039,
        0.7278462648391724,
        0.010213792324066162,
        0.5191695094108582,
        0.9580056667327881,
        0.06591153144836426,
        0.2548569440841675,
        0.4402930736541748,
        0.7652332186698914,
        0.36681175231933594,
        0.1527925729751587,
        0.822522759437561,
        0.21671050786972046,
        0.7373642921447754,
        0.5809344053268433,
        0.44014960527420044
    ],
    "y_values": [
        0.8037358522415161,
        0.8405821323394775,
        0.9344607591629028,
        0.6527740359306335,
        0.16185373067855835,
        0.5306077003479004,
        0.43784892559051514,
        0.8400788903236389,
        0.5959610342979431,
        0.9286150336265564,
        0.812005341053009,
        0.6462787985801697,
        0.8666051030158997,
        0.41583913564682007,
        0.9234732389450073,
        0.4239354729652405,
        0.08081388473510742,
        0.6452262997627258,
        0.07742154598236084,
        0.36403846740722656,
        0.13667750358581543,
        0.6548548936843872,
        0.0810425877571106,
        0.09769093990325928,
        0.4539022445678711,
        0.569371223449707,
        0.9786786437034607,
        0.5717692375183105,
        0.10687768459320068,
        0.2552334666252136
    ]
}