{
    "format": 8,
    "name": "n30k5_61",
    "n": 30,
    "k": 5,
    "capacity": 6,
    "optimal_solution": 5.3192973136901855,
    "x_values": [
        0.7533302903175354,
        0.185879647731781,
        0.36000925302505493,
        0.8434361815452576,
        0.3291563391685486,
        0.002303183078765869,
        0.09469741582870483,
        0.17122358083724976,
        0.2603178024291992,
        0.43017297983169556,
        0.6179661750793457,
        0.15094441175460815,
        0.955795407295227,
        0.06248188018798828,
        0.4417022466659546,
        0.8450310826301575,
        0.32399076223373413,
        0.5275214314460754,
        0.23183810710906982,
        0.10838043689727783,
        0.7555084228515625,
        0.14584702253341675,
        0.8984439969062805,
        0.6186343431472778,
        0.5653027296066284,
        0.8109244108200073,
        0.7915417551994324,
        0.8112632632255554,
        0.8284481763839722,
        0.39143621921539307
    ],
    "y_values": [
        0.47579044103622437,
        0.1471341848373413,
        0.16040217876434326,
        0.12944990396499634,
        0.8277649879455566,
        0.5331581234931946,
        0.6936538219451904,
        0.39872872829437256,
        0.6843377351760864,
        0.5632069110870361,
        0.35133957862854004,
        0.26451176404953003,
        0.16440123319625854,
        0.44756871461868286,
        0.7148020267486572,
        0.9635590314865112,
        0.992823600769043,
        0.7263999581336975,
        0.9158267974853516,
        0.1631494164466858,
        0.20271390676498413,
        0.3971402049064636,
        0.9029455184936523,
        0.15434867143630981,
        0.028014063835144043,
        0.5749700665473938,
        0.1490824818611145,
        0.5746338963508606,
        0.3714519739151001,
        0.1736500859260559
    ]
}