{
    "format": 8,
    "name": "n30k5_91",
    "n": 30,
    "k": 5,
    "capacity": 6,
    "optimal_solution": 5.728038311004639,
    "x_values": [
        0.7034580707550049,
        0.9083401560783386,
        0.31616806983947754,
        0.9836893677711487,
        0.7952632308006287,
        0.3332442045211792,
        0.14643973112106323,
        0.24260836839675903,
        0.5412988066673279,
        0.5492136478424072,
        0.07325232028961182,
        0.4417215585708618,
        0.5087139010429382,
        0.36900240182876587,
        0.5072553157806396,
        0.7136980295181274,
        0.5337039232254028,
        0.5330021977424622,
        0.7243741750717163,
        0.2507205605506897,
        0.007138609886169434,
        0.5306155681610107,
        0.6512442827224731,
        0.950975239276886,
        0.45058584213256836,
        0.5025896430015564,
        0.7543582916259766,
        0.6812511086463928,
        0.9885237216949463,
        0.8936589956283569
    ],
    "y_values": [
        0.8519134521484375,
        0.3391703963279724,
        0.31280022859573364,
        0.9726318717002869,
        0.683423638343811,
        0.44482892751693726,
        0.791735053062439,
        0.4087846875190735,
        0.7105484008789062,
        0.054290831089019775,
        0.7014492750167847,
        0.9640292525291443,
        0.9760198593139648,
        0.12896817922592163,
        0.875191867351532,
        0.603901743888855,
        0.19387400150299072,
        0.8027540445327759,
        0.745269775390625,
        0.06174290180206299,
        0.8562520146369934,
        0.4557421803474426,
        0.7464512586593628,
        0.9187355637550354,
        0.8519562482833862,
        0.2616332173347473,
        0.6659094095230103,
        0.03718709945678711,
        0.43997275829315186,
        0.735059916973114
    ]
}