{
    "format": 8,
    "name": "n20k2_26",
    "n": 20,
    "k": 2,
    "capacity": 10,
    "optimal_solution": 5.3616485595703125,
    "x_values": [
        0.8491148948669434,
        0.07251840829849243,
        0.7202628254890442,
        0.3088110685348511,
        0.054461002349853516,
        0.6810289025306702,
        0.17435520887374878,
        0.16783171892166138,
        0.45112234354019165,
        0.11598753929138184,
        0.8369577527046204,
        0.09566545486450195,
        0.134333074092865,
        0.7582916021347046,
        0.567842423915863,
        0.8792901039123535,
        0.16413456201553345,
        0.9451125860214233,
        0.3669455647468567,
        0.3726876974105835
    ],
    "y_values": [
        0.7840828895568848,
        0.22824734449386597,
        0.3237808346748352,
        0.6327164769172668,
        0.09504741430282593,
        0.7728098630905151,
        0.786839485168457,
        0.2926209568977356,
        0.5273268222808838,
        0.2612091302871704,
        0.3495336174964905,
        0.05274808406829834,
        0.39424967765808105,
        0.7952553629875183,
        0.8924395442008972,
        0.5752551555633545,
        0.1836172342300415,
        0.7423102259635925,
        0.29803353548049927,
        0.8492122888565063
    ]
}