{
    "format": 8,
    "name": "n20k2_23",
    "n": 20,
    "k": 2,
    "capacity": 10,
    "optimal_solution": 7.3400115966796875,
    "x_values": [
        0.02079564332962036,
        0.9469678997993469,
        0.8904989361763,
        0.9681835770606995,
        0.8149941563606262,
        0.6185497641563416,
        0.24616390466690063,
        0.3384091854095459,
        0.5011426210403442,
        0.7654616832733154,
        0.1447809934616089,
        0.34771329164505005,
        0.5052312612533569,
        0.5946077704429626,
        0.8603177666664124,
        0.01227426528930664,
        0.16207706928253174,
        0.17174935340881348,
        0.3632761836051941,
        0.4021098017692566
    ],
    "y_values": [
        0.6964808702468872,
        0.694887101650238,
        0.019179463386535645,
        0.1504238247871399,
        0.9475057721138,
        0.2530735731124878,
        0.7980297207832336,
        0.03849571943283081,
        0.9605463743209839,
        0.32130110263824463,
        0.40537935495376587,
        0.8821253180503845,
        0.6961656212806702,
        0.1775234341621399,
        0.4651324152946472,
        0.655458390712738,
        0.034441351890563965,
        0.4873146414756775,
        0.195753812789917,
        0.1416301131248474
    ]
}