{
    "format": 8,
    "name": "n20k10_19",
    "n": 20,
    "k": 10,
    "capacity": 2,
    "optimal_solution": 1.2049657106399536,
    "x_values": [
        0.6423375606536865,
        0.2148481011390686,
        0.12557142972946167,
        0.39580684900283813,
        0.8703723549842834,
        0.23964226245880127,
        0.30665481090545654,
        0.156674325466156,
        0.33549654483795166,
        0.7882654666900635,
        0.6323426365852356,
        0.4098120927810669,
        0.163774311542511,
        0.5793484449386597,
        0.38169074058532715,
        0.374805748462677,
        0.7533987164497375,
        0.003903627395629883,
        0.7194123268127441,
        0.5477989912033081
    ],
    "y_values": [
        0.10205525159835815,
        0.1803188920021057,
        0.08544135093688965,
        0.5499399900436401,
        0.3963544964790344,
        0.1879366636276245,
        0.9035730957984924,
        0.3785627484321594,
        0.5717336535453796,
        0.7284713387489319,
        0.9205766916275024,
        0.6026159524917603,
        0.42543452978134155,
        0.6283753514289856,
        0.11003255844116211,
        0.1292005181312561,
        0.4259657859802246,
        0.5641607046127319,
        0.23510819673538208,
        0.5944200158119202
    ]
}