{
    "format": 8,
    "name": "n20k10_69",
    "n": 20,
    "k": 10,
    "capacity": 2,
    "optimal_solution": 2.062438488006592,
    "x_values": [
        0.9497998356819153,
        0.03423464298248291,
        0.23580402135849,
        0.17852669954299927,
        0.7056096196174622,
        0.20887809991836548,
        0.7348870038986206,
        0.15852093696594238,
        0.5454375743865967,
        0.46003860235214233,
        0.44058555364608765,
        0.48980969190597534,
        0.6298705339431763,
        0.0918431282043457,
        0.6993189454078674,
        0.2292032241821289,
        0.6808331608772278,
        0.4737100601196289,
        0.9207624793052673,
        0.6154515147209167
    ],
    "y_values": [
        0.11958563327789307,
        0.32079529762268066,
        0.7352622151374817,
        0.9714339375495911,
        0.6640177965164185,
        0.16121339797973633,
        0.3575693964958191,
        0.15696465969085693,
        0.25784820318222046,
        0.662093460559845,
        0.3077548146247864,
        0.7591277360916138,
        0.7807079553604126,
        0.6608442664146423,
        0.0016859173774719238,
        0.5329346656799316,
        0.20416122674942017,
        0.7493354678153992,
        0.7611429691314697,
        0.9335302710533142
    ]
}