{
    "format": 2,
    "name": "n80k3_51",
    "n": 80,
    "k": 3,
    "optimal_solution": 21.31100845336914,
    "x_values": [
        0.362867534160614,
        0.431432843208313,
        0.6985241174697876,
        0.4276413917541504,
        0.44193947315216064,
        0.11450707912445068,
        0.055016398429870605,
        0.7069476246833801,
        0.09033066034317017,
        0.6355893611907959,
        0.6474012136459351,
        0.45678699016571045,
        0.9285410046577454,
        0.27521812915802,
        0.5156678557395935,
        0.10418295860290527,
        0.8789569735527039,
        0.03520303964614868,
        0.2906164526939392,
        0.7578892707824707,
        0.8659163117408752,
        0.836703360080719,
        0.655479371547699,
        0.30367499589920044,
        0.8800235986709595,
        0.9440411329269409,
        0.8534520268440247,
        0.21635586023330688,
        0.07789766788482666,
        0.8754959106445312,
        0.3082568645477295,
        0.5295988321304321,
        0.7404389977455139,
        0.7635584473609924,
        0.577879011631012,
        0.6777419447898865,
        0.2289709448814392,
        0.2737584710121155,
        0.6391174793243408,
        0.5756651163101196,
        0.5114566087722778,
        0.5098872184753418,
        0.40436166524887085,
        0.44928085803985596,
        0.7946249842643738,
        0.4923364520072937,
        0.8855829834938049,
        0.22950541973114014,
        0.3549901247024536,
        0.7650416493415833,
        0.01083683967590332,
        0.78639817237854,
        0.6978187561035156,
        0.5910071730613708,
        0.6188714504241943,
        0.12231701612472534,
        0.6339579820632935,
        0.16774457693099976,
        0.8171685338020325,
        0.2418675422668457,
        0.5653878450393677,
        0.7539231181144714,
        0.19587892293930054,
        0.1896228790283203,
        0.6248476505279541,
        0.6908337473869324,
        0.9504114389419556,
        0.8487509489059448,
        0.32770127058029175,
        0.8111858367919922,
        0.2573471665382385,
        0.31001991033554077,
        0.1315174698829651,
        0.44239991903305054,
        0.3048829436302185,
        0.2144765853881836,
        0.7491737604141235,
        0.11082398891448975,
        0.3175976872444153,
        0.6435763835906982
    ],
    "y_values": [
        0.6332430243492126,
        0.686271071434021,
        0.2756655216217041,
        0.8223294615745544,
        0.8013809323310852,
        0.8839102983474731,
        0.024455487728118896,
        0.9599385857582092,
        0.7036874294281006,
        0.8393651247024536,
        0.7101072669029236,
        0.9427257776260376,
        0.2721741199493408,
        0.5279738306999207,
        0.9235705733299255,
        0.2230849266052246,
        0.32569706439971924,
        0.3357365131378174,
        0.5190327763557434,
        0.18178397417068481,
        0.8720224499702454,
        0.8188036680221558,
        0.20491153001785278,
        0.17878234386444092,
        0.6184311509132385,
        0.03080374002456665,
        0.8417880535125732,
        0.9911186695098877,
        0.3760930895805359,
        0.27469122409820557,
        0.5337772965431213,
        0.09101682901382446,
        0.020976901054382324,
        0.6060097217559814,
        0.17354679107666016,
        0.8788684606552124,
        0.49036020040512085,
        0.4289630651473999,
        0.23946934938430786,
        0.6067652106285095,
        0.5329228639602661,
        0.2926284670829773,
        0.4714163541793823,
        0.5591418743133545,
        0.4863342046737671,
        0.9148082733154297,
        0.9155024290084839,
        0.7209137678146362,
        0.8757943511009216,
        0.5416064262390137,
        0.348147988319397,
        0.024407267570495605,
        0.21904194355010986,
        0.5116803050041199,
        0.9488075971603394,
        0.14424479007720947,
        0.712347686290741,
        0.14377754926681519,
        0.7761162519454956,
        0.4541168212890625,
        0.7876923084259033,
        0.6175109148025513,
        0.1787775158882141,
        0.9581900238990784,
        0.5279207229614258,
        0.017178356647491455,
        0.908909261226654,
        0.36265480518341064,
        0.586140513420105,
        0.4414099454879761,
        0.6418808102607727,
        0.040101706981658936,
        0.8464654088020325,
        0.5555794835090637,
        0.10239517688751221,
        0.5394766330718994,
        0.025832056999206543,
        0.05124866962432861,
        0.3635355234146118,
        0.2353537678718567
    ]
}