{
    "format": 5,
    "name": "n80k2_41",
    "n": 80,
    "k": 2,
    "optimal_solution": 0.6696959137916565,
    "x_values": [
        0.6473261117935181,
        0.9427501559257507,
        0.7299501299858093,
        0.6679877042770386,
        0.8940542936325073,
        0.5654582381248474,
        0.8504557609558105,
        0.2030043601989746,
        0.9761790037155151,
        0.26685184240341187,
        0.43103891611099243,
        0.5249411463737488,
        0.8054227828979492,
        0.42432498931884766,
        0.6287581920623779,
        0.17668241262435913,
        0.9750415086746216,
        0.9669733047485352,
        0.3449154496192932,
        0.7367284893989563,
        0.5832991003990173,
        0.6055325269699097,
        0.432841420173645,
        0.5471676588058472,
        0.6771242022514343,
        0.3813428282737732,
        0.7980501055717468,
        0.9545137882232666,
        0.4323205351829529,
        0.6572298407554626,
        0.21583187580108643,
        0.8545013666152954,
        0.35942786931991577,
        0.9388325810432434,
        0.6157606244087219,
        0.6050649881362915,
        0.4444321393966675,
        0.9977023601531982,
        0.41645532846450806,
        0.4085592031478882,
        0.040450334548950195,
        0.7220748662948608,
        0.3922175168991089,
        0.7162039279937744,
        0.6370016932487488,
        0.42414605617523193,
        0.8407565355300903,
        0.08852881193161011,
        0.08612644672393799,
        0.7617053389549255,
        0.7195988893508911,
        0.1494242548942566,
        0.5503553748130798,
        0.5255836844444275,
        0.8235008120536804,
        0.3338852524757385,
        0.06268852949142456,
        0.4020165801048279,
        0.40984898805618286,
        0.11443740129470825,
        0.2882521152496338,
        0.8454548120498657,
        0.10058528184890747,
        0.4925457239151001,
        0.5514887571334839,
        0.8365705609321594,
        0.374201238155365,
        0.9972454309463501,
        0.8722435235977173,
        0.058564841747283936,
        0.028854846954345703,
        0.02958536148071289,
        0.2791193127632141,
        0.7474414706230164,
        0.3242455720901489,
        0.12013071775436401,
        0.9494707584381104,
        0.09840166568756104,
        0.06311964988708496,
        0.5108732581138611
    ],
    "y_values": [
        0.7089613676071167,
        0.28649193048477173,
        0.5592482686042786,
        0.8575137853622437,
        0.5776599645614624,
        0.5362197160720825,
        0.7604281306266785,
        0.29816436767578125,
        0.3216997981071472,
        0.779610812664032,
        0.5070144534111023,
        0.29006272554397583,
        0.36662548780441284,
        0.599363386631012,
        0.26938557624816895,
        0.3614938259124756,
        0.23119854927062988,
        0.94412761926651,
        0.9267224669456482,
        0.7342736721038818,
        0.18379729986190796,
        0.34096384048461914,
        0.687464714050293,
        0.2822645306587219,
        0.08605492115020752,
        0.029111385345458984,
        0.765926718711853,
        0.24461716413497925,
        0.052866995334625244,
        0.6737605929374695,
        0.4556199312210083,
        0.24077600240707397,
        0.687113881111145,
        0.5626816153526306,
        0.4958816170692444,
        0.5515586733818054,
        0.7809292078018188,
        0.9143032431602478,
        0.10613930225372314,
        0.2856854796409607,
        0.8564292192459106,
        0.3232927918434143,
        0.8624109029769897,
        0.9832193851470947,
        0.9016834497451782,
        0.966857373714447,
        0.6659512519836426,
        0.9764971137046814,
        0.5584335327148438,
        0.519704282283783,
        0.1512187123298645,
        0.5415692925453186,
        0.7207165956497192,
        0.6418255567550659,
        0.36656683683395386,
        0.10224348306655884,
        0.7145677804946899,
        0.7677616477012634,
        0.36186349391937256,
        0.7189913988113403,
        0.23295187950134277,
        0.6655134558677673,
        0.7293139100074768,
        0.6465619206428528,
        0.5316722989082336,
        0.5583769083023071,
        0.25007152557373047,
        0.12827527523040771,
        0.4743003249168396,
        0.26136302947998047,
        0.6773806214332581,
        0.1956503987312317,
        0.569361686706543,
        0.150438129901886,
        0.3693907856941223,
        0.6558741927146912,
        0.9159512519836426,
        0.630921483039856,
        0.4380985498428345,
        0.9945471882820129
    ]
}