{
    "format": 5,
    "name": "n80k2_80",
    "n": 80,
    "k": 2,
    "optimal_solution": 0.6803320646286011,
    "x_values": [
        0.9904845356941223,
        0.6836926937103271,
        0.684257984161377,
        0.8287336826324463,
        0.8670840859413147,
        0.10931342840194702,
        0.8133789896965027,
        0.12193357944488525,
        0.7032678723335266,
        0.009142577648162842,
        0.671232283115387,
        0.3676118850708008,
        0.8689796924591064,
        0.7737091183662415,
        0.5575709939002991,
        0.3867737054824829,
        0.651462197303772,
        0.7750830054283142,
        0.5541161298751831,
        0.9274991750717163,
        0.030584633350372314,
        0.2656208872795105,
        0.8758447766304016,
        0.9018146395683289,
        0.490911602973938,
        0.6678858399391174,
        0.18861353397369385,
        0.3196246027946472,
        0.9351090788841248,
        0.572997510433197,
        0.2350696325302124,
        0.8917582631111145,
        0.23450756072998047,
        0.8737282156944275,
        0.1219329833984375,
        0.3111628293991089,
        0.7216370701789856,
        0.31127315759658813,
        0.992928147315979,
        0.4183580279350281,
        0.7704789042472839,
        0.9106218218803406,
        0.9627712965011597,
        0.9672560691833496,
        0.4796183109283447,
        0.8275052309036255,
        0.6874295473098755,
        0.7932026386260986,
        0.7651607990264893,
        0.9495262503623962,
        0.7636412382125854,
        0.5038933157920837,
        0.7175040245056152,
        0.5357803702354431,
        0.0968470573425293,
        0.9746261835098267,
        0.7149056792259216,
        0.3552597761154175,
        0.46928805112838745,
        0.7618024349212646,
        0.3678038716316223,
        0.5661637783050537,
        0.4243847727775574,
        0.2588822841644287,
        0.4525098204612732,
        0.3829724192619324,
        0.9781938195228577,
        0.8256025910377502,
        0.6042949557304382,
        0.8815878629684448,
        0.1902627944946289,
        0.7989577651023865,
        0.893349826335907,
        0.6353597640991211,
        0.8638426661491394,
        0.6637455224990845,
        0.09614235162734985,
        0.6728232502937317,
        0.4366258978843689,
        0.46602481603622437
    ],
    "y_values": [
        0.794468343257904,
        0.9846198558807373,
        0.3182443380355835,
        0.0571635365486145,
        0.8919702172279358,
        0.39727598428726196,
        0.037303388118743896,
        0.4261654019355774,
        0.3617047667503357,
        0.18006962537765503,
        0.14131200313568115,
        0.8124208450317383,
        0.07531297206878662,
        0.317757248878479,
        0.16480505466461182,
        0.4168407917022705,
        0.3507562279701233,
        0.667391300201416,
        0.2989826202392578,
        0.058618783950805664,
        0.6600250005722046,
        0.44142454862594604,
        0.8845534324645996,
        0.8921141624450684,
        0.011716961860656738,
        0.5028269290924072,
        0.8598796129226685,
        0.21900027990341187,
        0.9210535287857056,
        0.42239147424697876,
        0.009421706199645996,
        0.3470011353492737,
        0.10192948579788208,
        0.8714599013328552,
        0.43930190801620483,
        0.9128000736236572,
        0.5349136590957642,
        0.5306316018104553,
        0.32534778118133545,
        0.9265389442443848,
        0.8510094285011292,
        0.0002799034118652344,
        0.8688837289810181,
        0.663224458694458,
        0.9130884408950806,
        0.32275861501693726,
        0.3602675199508667,
        0.3178439736366272,
        0.06769061088562012,
        0.9563007950782776,
        0.0947866439819336,
        0.2194976806640625,
        0.5698782801628113,
        0.36989253759384155,
        0.942958652973175,
        0.09870117902755737,
        0.9262046217918396,
        0.23430180549621582,
        0.26841413974761963,
        0.567902684211731,
        0.7112031579017639,
        0.7301181554794312,
        0.8497505187988281,
        0.7729301452636719,
        0.7729851603507996,
        0.12283700704574585,
        0.890453040599823,
        0.6909239888191223,
        0.40741145610809326,
        0.6688820719718933,
        0.705883800983429,
        0.09850424528121948,
        0.5012470483779907,
        0.8456969261169434,
        0.043534934520721436,
        0.7838724255561829,
        0.19477355480194092,
        0.553035318851471,
        0.3872823715209961,
        0.5397979021072388
    ]
}