{
    "format": 5,
    "name": "n80k2_78",
    "n": 80,
    "k": 2,
    "optimal_solution": 0.6541273593902588,
    "x_values": [
        0.7570769190788269,
        0.09275472164154053,
        0.08853423595428467,
        0.36049556732177734,
        0.21031492948532104,
        0.8892093896865845,
        0.5091763138771057,
        0.12246406078338623,
        0.7043188810348511,
        0.11393165588378906,
        0.6885450482368469,
        0.6798338294029236,
        0.7064050436019897,
        0.2460690140724182,
        0.01752418279647827,
        0.24980437755584717,
        0.007760226726531982,
        0.5853867530822754,
        0.04264789819717407,
        0.6119140982627869,
        0.010829389095306396,
        0.08068758249282837,
        0.22317743301391602,
        0.11868810653686523,
        0.36305373907089233,
        0.18240666389465332,
        0.34490370750427246,
        0.5672473311424255,
        0.801578938961029,
        0.41928476095199585,
        0.9123168587684631,
        0.30357521772384644,
        0.36548274755477905,
        0.6075831651687622,
        0.5594375133514404,
        0.6166751980781555,
        0.9486276507377625,
        0.65162193775177,
        0.4705161452293396,
        0.6213222146034241,
        0.25716614723205566,
        0.5305396914482117,
        0.19270247220993042,
        0.9902418255805969,
        0.4987361431121826,
        0.2028517723083496,
        0.9581452012062073,
        0.6348915696144104,
        0.15806353092193604,
        0.46252530813217163,
        0.8299291729927063,
        0.9945579171180725,
        0.6917649507522583,
        0.19931024312973022,
        0.020488440990447998,
        0.7862856388092041,
        0.8863391280174255,
        0.1929294466972351,
        0.01349574327468872,
        0.006101131439208984,
        0.594597578048706,
        0.20750176906585693,
        0.8423758745193481,
        0.7853996753692627,
        0.23424088954925537,
        0.4897441864013672,
        0.716192364692688,
        0.6103876829147339,
        0.6425473093986511,
        0.03458714485168457,
        0.5457818508148193,
        0.7664309144020081,
        0.08897536993026733,
        0.9629450440406799,
        0.5261305570602417,
        0.5316076278686523,
        0.6907361745834351,
        0.4111350178718567,
        0.8016225099563599,
        0.6890923976898193
    ],
    "y_values": [
        0.8238428831100464,
        0.2280837893486023,
        0.15924227237701416,
        0.7849555611610413,
        0.1429804563522339,
        0.10960710048675537,
        0.22655361890792847,
        0.643815815448761,
        0.2238091230392456,
        0.5134074091911316,
        0.8734060525894165,
        0.6325879693031311,
        0.6008887887001038,
        0.11281025409698486,
        0.5889424085617065,
        0.3999263048171997,
        0.9749062657356262,
        0.1535547375679016,
        0.5780794024467468,
        0.03328728675842285,
        0.8712344765663147,
        0.13639754056930542,
        0.19181281328201294,
        0.8062576055526733,
        0.13654279708862305,
        0.7420289516448975,
        0.11743450164794922,
        0.7214112281799316,
        0.12824565172195435,
        0.4188229441642761,
        0.7328265309333801,
        0.6069719791412354,
        0.640339195728302,
        0.43370139598846436,
        0.15328365564346313,
        0.9722838401794434,
        0.8316083550453186,
        0.29667580127716064,
        0.9478367567062378,
        0.9177384376525879,
        0.0018509626388549805,
        0.4685022830963135,
        0.9041928052902222,
        0.0943555235862732,
        0.6877875924110413,
        0.6090298295021057,
        0.5980167388916016,
        0.057154178619384766,
        0.7493191361427307,
        0.9337515830993652,
        0.4902160167694092,
        0.22882086038589478,
        0.4449338912963867,
        0.5600210428237915,
        0.847460150718689,
        0.0430181622505188,
        0.8864265084266663,
        0.6650550365447998,
        0.9834189414978027,
        0.9074703454971313,
        0.4284646511077881,
        0.011639297008514404,
        0.1156836748123169,
        0.46624356508255005,
        0.6330530643463135,
        0.13393592834472656,
        0.4734768867492676,
        0.9358071684837341,
        0.21687442064285278,
        0.6977072954177856,
        0.8290045857429504,
        0.7827882170677185,
        0.3410528302192688,
        0.5146655440330505,
        0.4624832272529602,
        0.9614421725273132,
        0.13384658098220825,
        0.492165744304657,
        0.8878000378608704,
        0.26796358823776245
    ]
}