{
    "format": 2,
    "name": "n80k2_52",
    "n": 80,
    "k": 2,
    "optimal_solution": 29.417285919189453,
    "x_values": [
        0.5056841969490051,
        0.5355686545372009,
        0.9005678296089172,
        0.08115023374557495,
        0.9295220375061035,
        0.38351523876190186,
        0.3358061909675598,
        0.4379849433898926,
        0.05225175619125366,
        0.038541316986083984,
        0.5717114806175232,
        0.07016700506210327,
        0.30004626512527466,
        0.06326091289520264,
        0.5869547128677368,
        0.6015350222587585,
        0.06889206171035767,
        0.07913798093795776,
        0.18163758516311646,
        0.3301624059677124,
        0.7217803597450256,
        0.09945142269134521,
        0.8433579802513123,
        0.49458712339401245,
        0.7549901604652405,
        0.7549111247062683,
        0.3396245241165161,
        0.5328697562217712,
        0.3670429587364197,
        0.09722602367401123,
        0.34128302335739136,
        0.9561837911605835,
        0.2820114493370056,
        0.9470208883285522,
        0.027376234531402588,
        0.8659186363220215,
        0.7189364433288574,
        0.12618732452392578,
        0.7126451730728149,
        0.015904545783996582,
        0.5587692260742188,
        0.7835456132888794,
        0.4008985757827759,
        0.9415002465248108,
        0.09647434949874878,
        0.032075345516204834,
        0.051718711853027344,
        0.04576832056045532,
        0.3641608953475952,
        0.3997345566749573,
        0.8233333230018616,
        0.5349180102348328,
        0.07563942670822144,
        0.08471781015396118,
        0.2829068899154663,
        0.8768818974494934,
        0.46243906021118164,
        0.5309346318244934,
        0.2141391634941101,
        0.947524905204773,
        0.04318714141845703,
        0.7832049131393433,
        0.6121898293495178,
        0.3066176176071167,
        0.13417643308639526,
        0.7213233113288879,
        0.03643608093261719,
        0.7875404953956604,
        0.9675206542015076,
        0.5248467922210693,
        0.9811589121818542,
        0.7379967570304871,
        0.5328453183174133,
        0.29151177406311035,
        0.5907741189002991,
        0.3514289855957031,
        0.3425799012184143,
        0.2698161005973816,
        0.21354538202285767,
        0.5190585255622864
    ],
    "y_values": [
        0.4860607385635376,
        0.9318011403083801,
        0.2634638547897339,
        0.299579918384552,
        0.5800333619117737,
        0.9791659712791443,
        0.463995099067688,
        0.18791484832763672,
        0.13159722089767456,
        0.38591980934143066,
        0.8275461792945862,
        0.15425735712051392,
        0.9794974327087402,
        0.15545767545700073,
        0.9320157766342163,
        0.011377871036529541,
        0.13348382711410522,
        0.7190434336662292,
        0.15782392024993896,
        0.44437599182128906,
        0.7705256342887878,
        0.6873874664306641,
        0.9083755016326904,
        0.8866966962814331,
        0.9831361174583435,
        0.9676787853240967,
        0.8893328309059143,
        0.8418959379196167,
        0.15864026546478271,
        0.19448280334472656,
        0.8851689696311951,
        0.4000079035758972,
        0.5462945699691772,
        0.07289630174636841,
        0.40149062871932983,
        0.7158578038215637,
        0.9444994926452637,
        0.8147751092910767,
        0.6867241263389587,
        0.2577233910560608,
        0.1905679702758789,
        0.9857306480407715,
        0.5654515624046326,
        0.6887615919113159,
        0.8225091695785522,
        0.8862065076828003,
        0.9357749819755554,
        0.6478914618492126,
        0.667918860912323,
        0.5171768069267273,
        0.6276909708976746,
        0.644122838973999,
        0.21489250659942627,
        0.8387415409088135,
        0.589053213596344,
        0.2788773775100708,
        0.7487676739692688,
        0.530534029006958,
        0.006807267665863037,
        0.8699582815170288,
        0.5625075697898865,
        0.7240502238273621,
        0.2731339931488037,
        0.9808972477912903,
        0.747541606426239,
        0.8864966034889221,
        0.4828951954841614,
        0.39812958240509033,
        0.042440176010131836,
        0.3580585718154907,
        0.3669976592063904,
        0.31912362575531006,
        0.23678690195083618,
        0.25125938653945923,
        0.7700806856155396,
        0.30766761302948,
        0.8949403166770935,
        0.4901558756828308,
        0.48341625928878784,
        0.2701447010040283
    ]
}