{
    "format": 5,
    "name": "n80k2_58",
    "n": 80,
    "k": 2,
    "optimal_solution": 0.675000786781311,
    "x_values": [
        0.4300146698951721,
        0.42260509729385376,
        0.7659872174263,
        0.4343985319137573,
        0.7274883389472961,
        0.45086705684661865,
        0.9150217771530151,
        0.7815831303596497,
        0.33895546197891235,
        0.6952589154243469,
        0.21807211637496948,
        0.4124191403388977,
        0.26374292373657227,
        0.5788061022758484,
        0.8839655518531799,
        0.9962153434753418,
        0.26064687967300415,
        0.24362558126449585,
        0.04277503490447998,
        0.40307873487472534,
        0.9389436841011047,
        0.11943197250366211,
        0.6535149216651917,
        0.6095475554466248,
        0.012725114822387695,
        0.5900985598564148,
        0.007774949073791504,
        0.6679843068122864,
        0.7750489115715027,
        0.7259602546691895,
        0.20343869924545288,
        0.4719475507736206,
        0.226362943649292,
        0.39743614196777344,
        0.7666700482368469,
        0.07405519485473633,
        0.3628121614456177,
        0.9221356511116028,
        0.608410120010376,
        0.6944629549980164,
        0.7808362245559692,
        0.5927649140357971,
        0.9128304719924927,
        0.5961365699768066,
        0.1740068793296814,
        0.3118137717247009,
        0.5573789477348328,
        0.0796704888343811,
        0.20937025547027588,
        0.4541025161743164,
        0.6770671606063843,
        0.3923764228820801,
        0.49580317735671997,
        0.46471190452575684,
        0.5005565881729126,
        0.6519898772239685,
        0.3133580684661865,
        0.1452162265777588,
        0.7520737051963806,
        0.08060646057128906,
        0.8449419140815735,
        0.0287095308303833,
        0.5354787111282349,
        0.5887966156005859,
        0.046297550201416016,
        0.6538349986076355,
        0.9975090622901917,
        0.4507107734680176,
        0.6147513389587402,
        0.4525766968727112,
        0.999400794506073,
        0.7028608322143555,
        0.629086971282959,
        0.7827780246734619,
        0.6753700971603394,
        0.5176129937171936,
        0.8162043690681458,
        0.854241132736206,
        0.6830956339836121,
        0.8438704013824463
    ],
    "y_values": [
        0.8541578054428101,
        0.4754478335380554,
        0.7647368907928467,
        0.6619829535484314,
        0.8475660681724548,
        0.35905373096466064,
        0.40965044498443604,
        0.7118700742721558,
        0.8217600584030151,
        0.746983528137207,
        0.17359066009521484,
        0.12545275688171387,
        0.12645530700683594,
        0.2962835431098938,
        0.7497482895851135,
        0.8058798909187317,
        0.1846020221710205,
        0.8368246555328369,
        0.9718492031097412,
        0.5849430561065674,
        0.9541250467300415,
        0.1969795823097229,
        0.6229883432388306,
        0.7180165648460388,
        0.7127324938774109,
        0.642720639705658,
        0.9544596076011658,
        0.2413567304611206,
        0.9508304595947266,
        0.7325190305709839,
        0.09153187274932861,
        0.7399015426635742,
        0.43721115589141846,
        0.8419222235679626,
        0.21003586053848267,
        0.6651550531387329,
        0.9009503722190857,
        0.1121552586555481,
        0.017125427722930908,
        0.8085880875587463,
        0.5627254843711853,
        0.11314582824707031,
        0.07065749168395996,
        0.7469984889030457,
        0.834574282169342,
        0.2664278745651245,
        0.07695019245147705,
        0.600864052772522,
        0.9495869278907776,
        0.31689703464508057,
        0.1114850640296936,
        0.8970263004302979,
        0.2844002842903137,
        0.8975690603256226,
        0.7883103489875793,
        0.7088050246238708,
        0.47249680757522583,
        0.06276136636734009,
        0.5899935364723206,
        0.7530627846717834,
        0.18330508470535278,
        0.7542271018028259,
        0.4685460329055786,
        0.5653981566429138,
        0.5098954439163208,
        0.6244367361068726,
        0.25199174880981445,
        0.13480013608932495,
        0.435934841632843,
        0.11341089010238647,
        0.8986709117889404,
        0.9658102989196777,
        0.6983212828636169,
        0.8364922404289246,
        0.8434731960296631,
        0.8457526564598083,
        0.49812430143356323,
        0.5334521532058716,
        0.28813695907592773,
        0.6977162957191467
    ]
}