{
    "format": 5,
    "name": "n80k2_47",
    "n": 80,
    "k": 2,
    "optimal_solution": 0.7246491312980652,
    "x_values": [
        0.3584216833114624,
        0.33811748027801514,
        0.28690105676651,
        0.9166818857192993,
        0.08325237035751343,
        0.37219327688217163,
        0.8011497855186462,
        0.4487127661705017,
        0.30296534299850464,
        0.443295955657959,
        0.6585488319396973,
        0.9165576100349426,
        0.05472797155380249,
        0.9869620203971863,
        0.9204656481742859,
        0.30367541313171387,
        0.883353054523468,
        0.22969073057174683,
        0.03132641315460205,
        0.5108883380889893,
        0.13528841733932495,
        0.9480900168418884,
        0.8044459819793701,
        0.8511694073677063,
        0.22503232955932617,
        0.4604891538619995,
        0.06754660606384277,
        0.7598931789398193,
        0.8005102872848511,
        0.5146178007125854,
        0.2754173278808594,
        0.6683072447776794,
        0.5021390318870544,
        0.07050549983978271,
        0.42071592807769775,
        0.9021091461181641,
        0.8293168544769287,
        0.8595113158226013,
        0.06208688020706177,
        0.38188302516937256,
        0.24993401765823364,
        0.7414323091506958,
        0.6851513981819153,
        0.3542490005493164,
        0.8528483510017395,
        0.6089910864830017,
        0.5405480861663818,
        0.5010066628456116,
        0.0771791934967041,
        0.0906527042388916,
        0.7579227089881897,
        0.21804052591323853,
        0.8841676115989685,
        0.32369494438171387,
        0.34518879652023315,
        0.19636863470077515,
        0.9830172657966614,
        0.4552862048149109,
        0.8792803883552551,
        0.46886688470840454,
        0.02581852674484253,
        0.22435152530670166,
        0.0754271149635315,
        0.05804252624511719,
        0.19506186246871948,
        0.9893388748168945,
        0.2864317297935486,
        0.408557653427124,
        0.3714912533760071,
        0.24010145664215088,
        0.446061909198761,
        0.9994878172874451,
        0.7781647443771362,
        0.4696747660636902,
        0.03841918706893921,
        0.9649299383163452,
        0.5200451016426086,
        0.798124372959137,
        0.04277980327606201,
        0.06528383493423462
    ],
    "y_values": [
        0.49068838357925415,
        0.33437293767929077,
        0.8280260562896729,
        0.2569723129272461,
        0.513641357421875,
        0.9859102368354797,
        0.9307218790054321,
        0.16677004098892212,
        0.06255275011062622,
        0.5705879926681519,
        0.9482964873313904,
        0.4558863639831543,
        0.39728254079818726,
        0.02144789695739746,
        0.7447153925895691,
        0.9001967310905457,
        0.5779902338981628,
        0.40735286474227905,
        0.03183501958847046,
        0.14444619417190552,
        0.0762563943862915,
        0.4580989480018616,
        0.6901187896728516,
        0.600696325302124,
        0.8324020504951477,
        0.3700329661369324,
        0.5763370394706726,
        0.24117451906204224,
        0.04470247030258179,
        0.4839068651199341,
        0.02158534526824951,
        0.031930387020111084,
        0.6309535503387451,
        0.38348478078842163,
        0.9428390264511108,
        0.14107239246368408,
        0.6182373762130737,
        0.1639682650566101,
        0.6324855089187622,
        0.27788060903549194,
        0.06678199768066406,
        0.6221169829368591,
        0.9040088653564453,
        0.7002320885658264,
        0.6306113600730896,
        0.2509254217147827,
        0.15658587217330933,
        0.6400904059410095,
        0.8695030808448792,
        0.08927720785140991,
        0.6356766223907471,
        0.39824336767196655,
        0.58514004945755,
        0.18862563371658325,
        0.27240896224975586,
        0.7593044638633728,
        0.08503222465515137,
        0.1526196002960205,
        0.12051999568939209,
        0.9397334456443787,
        0.8711108565330505,
        0.3441612124443054,
        0.44245481491088867,
        0.17806971073150635,
        0.755679726600647,
        0.030288994312286377,
        0.19232231378555298,
        0.39446812868118286,
        0.1325652003288269,
        0.6419355273246765,
        0.20492875576019287,
        0.811072826385498,
        0.9132925271987915,
        0.5067271590232849,
        0.4648321270942688,
        0.94881272315979,
        0.245982825756073,
        0.0369647741317749,
        0.36376988887786865,
        0.5158706903457642
    ]
}