{
    "format": 2,
    "name": "n40k10_73",
    "n": 40,
    "k": 10,
    "optimal_solution": 4.157036781311035,
    "x_values": [
        0.6251711845397949,
        0.44715458154678345,
        0.7728906273841858,
        0.06331473588943481,
        0.7813747525215149,
        0.31513917446136475,
        0.31322920322418213,
        0.02525562047958374,
        0.09321463108062744,
        0.8856998085975647,
        0.3380144238471985,
        0.5255042314529419,
        0.4632878303527832,
        0.5874125957489014,
        0.31186240911483765,
        0.203443706035614,
        0.10069149732589722,
        0.36165767908096313,
        0.5307103991508484,
        0.034621357917785645,
        0.07414489984512329,
        0.5014045238494873,
        0.17790156602859497,
        0.9005141258239746,
        0.5257835984230042,
        0.09363061189651489,
        0.039946556091308594,
        0.4611639976501465,
        0.3883622884750366,
        0.9848800301551819,
        0.79286789894104,
        0.49948573112487793,
        0.8146753311157227,
        0.18188470602035522,
        0.600616991519928,
        0.939699113368988,
        0.5689882040023804,
        0.17548012733459473,
        0.2350480556488037,
        0.19681954383850098
    ],
    "y_values": [
        0.5421621203422546,
        0.37153851985931396,
        0.3558807373046875,
        0.81496661901474,
        0.8795765042304993,
        0.05875283479690552,
        0.9751961827278137,
        0.9376505017280579,
        0.9674152731895447,
        0.6914191842079163,
        0.4413750171661377,
        0.631128191947937,
        0.4399917721748352,
        0.24705851078033447,
        0.7871922254562378,
        0.6097809672355652,
        0.7633909583091736,
        0.49174606800079346,
        0.47927188873291016,
        0.1692407727241516,
        0.0030767321586608887,
        0.7769498825073242,
        0.7565186619758606,
        0.5196525454521179,
        0.6906429529190063,
        0.8764992356300354,
        0.7362229824066162,
        0.8453182578086853,
        0.5211459398269653,
        0.7467369437217712,
        0.19121265411376953,
        0.4610455632209778,
        0.4157218933105469,
        0.6506356596946716,
        0.5902660489082336,
        0.38611340522766113,
        0.49350279569625854,
        0.07211285829544067,
        0.22766566276550293,
        0.4755846858024597
    ]
}