{
    "format": 2,
    "name": "n40k10_35",
    "n": 40,
    "k": 10,
    "optimal_solution": 4.18918514251709,
    "x_values": [
        0.09961205720901489,
        0.6721678972244263,
        0.12758541107177734,
        0.6703598499298096,
        0.7771916389465332,
        0.08387887477874756,
        0.09273475408554077,
        0.6330478191375732,
        0.07683837413787842,
        0.22746074199676514,
        0.009514153003692627,
        0.10515981912612915,
        0.41896092891693115,
        0.5918333530426025,
        0.9628176689147949,
        0.7203391194343567,
        0.8998100161552429,
        0.7729511260986328,
        0.46920686960220337,
        0.18016809225082397,
        0.18614649772644043,
        0.20555979013442993,
        0.37954652309417725,
        0.24067342281341553,
        0.28708416223526,
        0.1324901580810547,
        0.5320190191268921,
        0.2700590491294861,
        0.6097635626792908,
        0.6310942769050598,
        0.6088970303535461,
        0.2792316675186157,
        0.18016856908798218,
        0.5141622424125671,
        0.07777279615402222,
        0.18845492601394653,
        0.49031931161880493,
        0.7500872611999512,
        0.7369545102119446,
        0.39468085765838623
    ],
    "y_values": [
        0.852312445640564,
        0.2502706050872803,
        0.1902671456336975,
        0.30942219495773315,
        0.7428905963897705,
        0.6179717779159546,
        0.5697834491729736,
        0.12487977743148804,
        0.8231059908866882,
        0.2530330419540405,
        0.2675146460533142,
        0.01375645399093628,
        0.8955015540122986,
        0.42670607566833496,
        0.3995785713195801,
        0.760516881942749,
        0.32617878913879395,
        0.9826680421829224,
        0.7941309809684753,
        0.4323377013206482,
        0.5338265895843506,
        0.41160881519317627,
        0.017644047737121582,
        0.14723533391952515,
        0.9012026786804199,
        0.7501428723335266,
        0.158940851688385,
        0.8178365230560303,
        0.600338339805603,
        0.8280306458473206,
        0.489474892616272,
        0.7119398713111877,
        0.9835159182548523,
        0.5796538591384888,
        0.4033207297325134,
        0.013558685779571533,
        0.8296827673912048,
        0.2875773310661316,
        0.7114567160606384,
        0.2089921236038208
    ]
}