{
    "format": 2,
    "name": "n40k10_30",
    "n": 40,
    "k": 10,
    "optimal_solution": 4.492492198944092,
    "x_values": [
        0.6967995762825012,
        0.8588917851448059,
        0.11257010698318481,
        0.228240966796875,
        0.9855809807777405,
        0.20906966924667358,
        0.9497346878051758,
        0.34281855821609497,
        0.10182815790176392,
        0.543311595916748,
        0.45575404167175293,
        0.8116359710693359,
        0.6515488028526306,
        0.5871047973632812,
        0.7285434603691101,
        0.5191586017608643,
        0.0880894660949707,
        0.808681845664978,
        0.8950863480567932,
        0.1449330449104309,
        0.4534927010536194,
        0.476043164730072,
        0.7775906324386597,
        0.8450198173522949,
        0.2619805335998535,
        0.04288119077682495,
        0.056348323822021484,
        0.262301504611969,
        0.09874004125595093,
        0.14662981033325195,
        0.4143299460411072,
        0.69174724817276,
        0.1653260588645935,
        0.13406294584274292,
        0.6064573526382446,
        0.5948754549026489,
        0.008049726486206055,
        0.14129793643951416,
        0.9129647016525269,
        0.3126884698867798
    ],
    "y_values": [
        0.5849255323410034,
        0.0013494491577148438,
        0.557729959487915,
        0.9734683036804199,
        0.537815511226654,
        0.6246957778930664,
        0.9959959983825684,
        0.5407739281654358,
        0.7611569762229919,
        0.6362823247909546,
        0.6971253156661987,
        0.3254352807998657,
        0.02812016010284424,
        0.3865848183631897,
        0.8493715524673462,
        0.4104488492012024,
        0.16279464960098267,
        0.9771702885627747,
        0.8687185049057007,
        0.20388561487197876,
        0.6246821284294128,
        0.8435178995132446,
        0.4679115414619446,
        0.31637024879455566,
        0.823345959186554,
        0.37549763917922974,
        0.4319722652435303,
        0.05587345361709595,
        0.8626996874809265,
        0.6440863609313965,
        0.4945352077484131,
        0.7349140644073486,
        0.747087836265564,
        0.7517749071121216,
        0.23532354831695557,
        0.02363729476928711,
        0.5903188586235046,
        0.5665795207023621,
        0.8772180676460266,
        0.3160521388053894
    ]
}