{
    "format": 10,
    "name": "n50k2_11",
    "n": 50,
    "k": 2,
    "optimal_solution": 31.22792412366723,
    "x_values": [
        0.18892808863514043,
        0.9341219980628107,
        0.9278057105470866,
        0.454760565867655,
        0.9908537533182217,
        0.5835836069372164,
        0.2770916634136319,
        0.5674536408520727,
        0.1991900150902659,
        0.05099304006679084,
        0.4277072968193346,
        0.9816966614839404,
        0.5952717744415936,
        0.4763681548623161,
        0.3868846916641442,
        0.11944477364217754,
        0.18110472800520505,
        0.3613349330434532,
        0.8012997880145161,
        0.05450214476164139,
        0.8471747120490668,
        0.27735602190689457,
        0.5484906996430653,
        0.26841428970860026,
        0.7838706381312803,
        0.925747809879654,
        0.6867242710535517,
        0.204892739951144,
        0.8913115386686992,
        0.566567339449226,
        0.009856098230421773,
        0.33760589343932457,
        0.6243600228396948,
        0.27717380437395045,
        0.42980264306575255,
        0.23048833176819683,
        0.6183119014178312,
        0.5706171002367627,
        0.266735776721325,
        0.5526157941933828,
        0.8407679962840849,
        0.15170289593155728,
        0.5537102489480377,
        0.31671779425703894,
        0.2198723045873815,
        0.8057103080034234,
        0.8251193715875744,
        0.2031412090488618,
        0.6162966342079681,
        0.9544733178645057
    ],
    "y_values": [
        0.09117775090962843,
        0.7404561088542063,
        0.9786724967813939,
        0.26972915835343547,
        0.48625707719149647,
        0.09568365846718063,
        0.8453822687745258,
        0.2209734860213436,
        0.4595066130877078,
        0.16564255872283262,
        0.17354310987610766,
        0.2203416174610755,
        0.10738690944886475,
        0.23877074324460024,
        0.3084942358374094,
        0.5796375711328927,
        0.5997163344144042,
        0.3867032933694512,
        0.21338781142369456,
        0.10036661362113208,
        0.08199713683526666,
        0.712425011725225,
        0.44252755604971594,
        0.7391643888363123,
        0.3844755206300793,
        0.6150529217026693,
        0.3801626341270401,
        0.5412646216530788,
        0.2717233017469105,
        0.8818063041069445,
        0.49151982692368534,
        0.789587757551273,
        0.5239353801480586,
        0.3220800162905142,
        0.4990321510103295,
        0.6156378342799892,
        0.8382189530297329,
        0.6065539360453902,
        0.3729610528388301,
        0.7034563875001442,
        0.6009535479317586,
        0.6989288455492142,
        0.3776642692713562,
        0.7880699515641205,
        0.2071309105897572,
        0.31421178097475677,
        0.40510228480504273,
        0.2487656601885988,
        0.29067881329694834,
        0.23089547738018668
    ],
    "costs": [
        32.0196036211988,
        26.13708610258608,
        6.09241903492918,
        47.086948866761546,
        15.983280346143815,
        36.391141026551075,
        25.35106131500106,
        41.0045287831468,
        22.499144529734128,
        20.533286751645996,
        22.143691971318688,
        27.09308623994241,
        37.58803200006291,
        45.91346158896537,
        9.02574073285837,
        16.471657869743943,
        15.28505762748773,
        21.49676390753641,
        49.86945865075036,
        26.533883788544077,
        12.584374545970217,
        43.41411256303829,
        34.02540265226841,
        31.95973492333401,
        41.45639690613039,
        43.065614637979856,
        49.062267334498344,
        21.405732796781013,
        39.231960850105494,
        9.048762558547438,
        46.21324630188879,
        9.156955128127692,
        36.289075761117644,
        7.252928251531721,
        8.566491258415757,
        46.940454218399076,
        25.389537414210437,
        18.191876458924497,
        43.632511381918334,
        17.533105717565057,
        46.21832943238991,
        15.308990019752807,
        19.021925609546123,
        28.422858625688036,
        15.431703584130517,
        9.152194208968499,
        7.346594115848889,
        34.45798605858932,
        40.29183294052075,
        47.92274977271495
    ]
}