{
    "format": 2,
    "name": "n50k2_20",
    "n": 50,
    "k": 2,
    "optimal_solution": 16.567583084106445,
    "x_values": [
        0.1759524941444397,
        0.7753366231918335,
        0.24260300397872925,
        0.5151870250701904,
        0.2737327218055725,
        0.6015706062316895,
        0.9081335663795471,
        0.239607572555542,
        0.4855286478996277,
        0.9177136421203613,
        0.8538599014282227,
        0.30034953355789185,
        0.1110641360282898,
        0.8155592083930969,
        0.6128952503204346,
        0.5081886649131775,
        0.13382190465927124,
        0.2100982666015625,
        0.4809807538986206,
        0.6683676242828369,
        0.7058423161506653,
        0.6669578552246094,
        0.6332166194915771,
        0.582804799079895,
        0.516441822052002,
        0.38935935497283936,
        0.41575706005096436,
        0.756809651851654,
        0.6075735688209534,
        0.42863309383392334,
        0.5972352027893066,
        0.19997191429138184,
        0.7718576788902283,
        0.604259729385376,
        0.9548057317733765,
        0.2907976508140564,
        0.9545156359672546,
        0.6522009372711182,
        0.17393594980239868,
        0.6883834600448608,
        0.6866387128829956,
        0.9714957475662231,
        0.9967106580734253,
        0.9175900816917419,
        0.17497414350509644,
        0.7363053560256958,
        0.43258434534072876,
        0.2522270083427429,
        0.7723678350448608,
        0.9686181545257568
    ],
    "y_values": [
        0.4854275584220886,
        0.09742873907089233,
        0.852260410785675,
        0.3491743206977844,
        0.8890360593795776,
        0.9385644197463989,
        0.07262474298477173,
        0.8510435223579407,
        0.19921165704727173,
        0.050080180168151855,
        0.20555341243743896,
        0.7492493987083435,
        0.9003086090087891,
        0.5072200298309326,
        0.9296107888221741,
        0.35582876205444336,
        0.8143272399902344,
        0.27917999029159546,
        0.1487210988998413,
        0.543781578540802,
        0.03458434343338013,
        0.8551200032234192,
        0.6281561255455017,
        0.14319026470184326,
        0.6227626204490662,
        0.18926894664764404,
        0.15095621347427368,
        0.4702209234237671,
        0.9524396657943726,
        0.4765368700027466,
        0.2604220509529114,
        0.7620075345039368,
        0.7715035676956177,
        0.5677562952041626,
        0.17247241735458374,
        0.14487344026565552,
        0.1509118676185608,
        0.5749742984771729,
        0.5275064706802368,
        0.7411093711853027,
        0.2051125168800354,
        0.12649744749069214,
        0.46547752618789673,
        0.18175649642944336,
        0.32497793436050415,
        0.6262962222099304,
        0.006960272789001465,
        0.9284842610359192,
        0.1930910348892212,
        0.8200833201408386
    ]
}