{
    "format": 2,
    "name": "n50k2_32",
    "n": 50,
    "k": 2,
    "optimal_solution": 16.754331588745117,
    "x_values": [
        0.24697613716125488,
        0.7754777073860168,
        0.4330925941467285,
        0.31186729669570923,
        0.4717612862586975,
        0.44143807888031006,
        0.19642382860183716,
        0.1536334753036499,
        0.09774810075759888,
        0.3261567950248718,
        0.3204159140586853,
        0.27424490451812744,
        0.8977818489074707,
        0.39035868644714355,
        0.3374786376953125,
        0.17635196447372437,
        0.017474710941314697,
        0.41003549098968506,
        0.26065540313720703,
        0.7747201919555664,
        0.6096397638320923,
        0.07710570096969604,
        0.46228957176208496,
        0.8997513055801392,
        0.8663712739944458,
        0.4158593416213989,
        0.08938330411911011,
        0.0694994330406189,
        0.7340591549873352,
        0.6582857370376587,
        0.40062814950942993,
        0.8159121870994568,
        0.9181178212165833,
        0.7140654921531677,
        0.8467117547988892,
        0.4421656131744385,
        0.6035318970680237,
        0.3626514673233032,
        0.01803189516067505,
        0.7183246612548828,
        0.03356987237930298,
        0.6092039942741394,
        0.618935763835907,
        0.21170121431350708,
        0.5730283856391907,
        0.4696664810180664,
        0.618960440158844,
        0.28193604946136475,
        0.7863749265670776,
        0.6002872586250305
    ],
    "y_values": [
        0.9584375023841858,
        0.9244102835655212,
        0.7356172204017639,
        0.8806434273719788,
        0.7821013927459717,
        0.2189120054244995,
        0.9616081714630127,
        0.8715307712554932,
        0.13435667753219604,
        0.7818580269813538,
        0.9264198541641235,
        0.5449158549308777,
        0.29487311840057373,
        0.2391219139099121,
        0.02568948268890381,
        0.731650710105896,
        0.35671353340148926,
        0.9099968075752258,
        0.19874262809753418,
        0.8184714317321777,
        0.5815401077270508,
        0.39447253942489624,
        0.924968421459198,
        0.24975097179412842,
        0.6672573685646057,
        0.6581008434295654,
        0.5570165514945984,
        0.629157304763794,
        0.09638994932174683,
        0.06082266569137573,
        0.36179959774017334,
        0.4384534955024719,
        0.40428638458251953,
        0.9541136026382446,
        0.27071237564086914,
        0.3005838990211487,
        0.9414074420928955,
        0.20681995153427124,
        0.7514777779579163,
        0.6240441799163818,
        0.36455202102661133,
        0.8402879238128662,
        0.49123990535736084,
        0.23549968004226685,
        0.5788124203681946,
        0.7936974763870239,
        0.9685900211334229,
        0.6324266791343689,
        0.2697111964225769,
        0.9982112646102905
    ]
}