{
    "format": 2,
    "name": "n50k2_89",
    "n": 50,
    "k": 2,
    "optimal_solution": 16.650714874267578,
    "x_values": [
        0.6157285571098328,
        0.9387586116790771,
        0.7162190675735474,
        0.1968536376953125,
        0.8192640542984009,
        0.6832008957862854,
        0.20265060663223267,
        0.6154489517211914,
        0.8012790679931641,
        0.2857232689857483,
        0.01769542694091797,
        0.41747748851776123,
        0.5979315042495728,
        0.7757333517074585,
        0.27581632137298584,
        0.708824872970581,
        0.7463231682777405,
        0.18328940868377686,
        0.051137328147888184,
        0.5922342538833618,
        0.7584975957870483,
        0.29728472232818604,
        0.7780628204345703,
        0.9754111170768738,
        0.3608160614967346,
        0.6190826892852783,
        0.6015214323997498,
        0.7373186349868774,
        0.2616872191429138,
        0.2697247266769409,
        0.008851766586303711,
        0.0058168768882751465,
        0.22254467010498047,
        0.6035677194595337,
        0.96114182472229,
        0.13122928142547607,
        0.05648839473724365,
        0.5939152836799622,
        0.9437668919563293,
        0.7660530805587769,
        0.5131500959396362,
        0.6604387164115906,
        0.24301820993423462,
        0.7440923452377319,
        0.09999781847000122,
        0.465876042842865,
        0.6281378269195557,
        0.6775943040847778,
        0.16677629947662354,
        0.032354652881622314
    ],
    "y_values": [
        0.0880131721496582,
        0.1694743037223816,
        0.8563196063041687,
        0.33112794160842896,
        0.7395523190498352,
        0.44770997762680054,
        0.5081256031990051,
        0.6513949036598206,
        0.7606684565544128,
        0.6692990660667419,
        0.9918715953826904,
        0.30327296257019043,
        0.442851722240448,
        0.15734952688217163,
        0.21176356077194214,
        0.6545335054397583,
        0.38915586471557617,
        0.370283305644989,
        0.3380724787712097,
        0.8664610385894775,
        0.27979254722595215,
        0.8392385840415955,
        0.7928869724273682,
        0.664783239364624,
        0.4272623658180237,
        0.0712130069732666,
        0.27547550201416016,
        0.606847882270813,
        0.05160355567932129,
        0.1631685495376587,
        0.5995367169380188,
        0.8500397801399231,
        0.04194885492324829,
        0.4647563695907593,
        0.33392608165740967,
        0.12006944417953491,
        0.8687397241592407,
        0.7224514484405518,
        0.440957248210907,
        0.43656253814697266,
        0.8272072076797485,
        0.9665483832359314,
        0.5733180046081543,
        0.553909420967102,
        0.09160643815994263,
        0.595695972442627,
        0.8492332100868225,
        0.6285616159439087,
        0.05844491720199585,
        0.8254503011703491
    ]
}