{
    "format": 2,
    "name": "n50k2_76",
    "n": 50,
    "k": 2,
    "optimal_solution": 15.249134063720703,
    "x_values": [
        0.8364303112030029,
        0.9279420971870422,
        0.7336794137954712,
        0.4430267810821533,
        0.4872749447822571,
        0.5321310758590698,
        0.744878888130188,
        0.8773205280303955,
        0.5739562511444092,
        0.5348276495933533,
        0.710507333278656,
        0.46805739402770996,
        0.5202736258506775,
        0.6852808594703674,
        0.9082741141319275,
        0.9665493369102478,
        0.614048421382904,
        0.15988260507583618,
        0.03273111581802368,
        0.08030349016189575,
        0.2836279273033142,
        0.3088495135307312,
        0.7327631115913391,
        0.6533250212669373,
        0.6740784049034119,
        0.30147749185562134,
        0.9555883407592773,
        0.24797052145004272,
        0.03298419713973999,
        0.8412252068519592,
        0.7793684005737305,
        0.7600907683372498,
        0.21050411462783813,
        0.8162395358085632,
        0.957836925983429,
        0.7374169826507568,
        0.6741772294044495,
        0.44388753175735474,
        0.5954222083091736,
        0.47662097215652466,
        0.5247266888618469,
        0.520526647567749,
        0.7951252460479736,
        0.6683059930801392,
        0.6693452000617981,
        0.5911560654640198,
        0.10579895973205566,
        0.3503420352935791,
        0.3041558265686035,
        0.8445704579353333
    ],
    "y_values": [
        0.05296039581298828,
        0.2747191786766052,
        0.9208711385726929,
        0.024742066860198975,
        0.19186288118362427,
        0.6575412154197693,
        0.42873430252075195,
        0.49451273679733276,
        0.6359019875526428,
        0.38150036334991455,
        0.884648323059082,
        0.48697102069854736,
        0.027064800262451172,
        0.7250043749809265,
        0.5439077615737915,
        0.5198433995246887,
        0.008628547191619873,
        0.2667250633239746,
        0.48935264348983765,
        0.6859805583953857,
        0.4583028554916382,
        0.11242830753326416,
        0.6216530203819275,
        0.12522292137145996,
        0.7108118534088135,
        0.6390119194984436,
        0.8151153922080994,
        0.4068670868873596,
        0.6277487874031067,
        0.9738540053367615,
        0.8851894736289978,
        0.7426109313964844,
        0.7470206022262573,
        0.3522891402244568,
        0.1663457751274109,
        0.4358783960342407,
        0.5986019372940063,
        0.2989898920059204,
        0.21418970823287964,
        0.2209925651550293,
        0.17180752754211426,
        0.26869434118270874,
        0.19079017639160156,
        0.17394304275512695,
        0.07266706228256226,
        0.5701696872711182,
        0.6909350156784058,
        0.34360432624816895,
        0.465118944644928,
        0.6022388339042664
    ]
}