{
    "format": 8,
    "name": "n20k8_64",
    "n": 20,
    "k": 8,
    "capacity": 3,
    "optimal_solution": 1.8009240627288818,
    "x_values": [
        0.9396291375160217,
        0.8181652426719666,
        0.9137059450149536,
        0.12336033582687378,
        0.8082787990570068,
        0.3088831901550293,
        0.7365596294403076,
        0.9374585747718811,
        0.42553484439849854,
        0.6202254891395569,
        0.7011001706123352,
        0.24130171537399292,
        0.44375133514404297,
        0.7394189238548279,
        0.5366606116294861,
        0.5847734212875366,
        0.18726909160614014,
        0.9825658798217773,
        0.40728843212127686,
        0.3267572522163391
    ],
    "y_values": [
        0.2193392515182495,
        0.8333958983421326,
        0.43155568838119507,
        0.9533100724220276,
        0.9749026298522949,
        0.4891934394836426,
        0.7314335703849792,
        0.01295536756515503,
        0.09957349300384521,
        0.5643295645713806,
        0.5109410881996155,
        0.8058162927627563,
        0.3414807915687561,
        0.8498442769050598,
        0.275969922542572,
        0.3013145923614502,
        0.634968638420105,
        0.442634642124176,
        0.6563572883605957,
        0.6644416451454163
    ]
}