{
    "format": 5,
    "name": "n60k8_37",
    "n": 60,
    "k": 8,
    "optimal_solution": 0.2905193567276001,
    "x_values": [
        0.012037992477416992,
        0.21970099210739136,
        0.13485372066497803,
        0.569207489490509,
        0.4204229712486267,
        0.9356163740158081,
        0.25594162940979004,
        0.6773603558540344,
        0.7969547510147095,
        0.49305474758148193,
        0.3670305013656616,
        0.6261289119720459,
        0.8040058016777039,
        0.5068933367729187,
        0.6680129170417786,
        0.9918357729911804,
        0.5081707239151001,
        0.8137388825416565,
        0.5860764384269714,
        0.10720264911651611,
        0.22325873374938965,
        0.3559558391571045,
        0.23375016450881958,
        0.24572962522506714,
        0.8178145885467529,
        0.37632787227630615,
        0.1760309338569641,
        0.33231663703918457,
        0.8678804039955139,
        0.9152225852012634,
        0.676727294921875,
        0.8728683590888977,
        0.6444137692451477,
        0.9808337688446045,
        0.23825275897979736,
        0.0021649599075317383,
        0.6202189326286316,
        0.7962283492088318,
        0.4696781635284424,
        0.49393218755722046,
        0.5493110418319702,
        0.8049904108047485,
        0.08751124143600464,
        0.6439825296401978,
        0.5194124579429626,
        0.3916513919830322,
        0.6776003241539001,
        0.302521288394928,
        0.07681041955947876,
        0.7419286966323853,
        0.5325686931610107,
        0.36959707736968994,
        0.019902050495147705,
        0.41361725330352783,
        0.70732581615448,
        0.308402419090271,
        0.7721891403198242,
        0.6089706420898438,
        0.31340479850769043,
        0.3177416920661926
    ],
    "y_values": [
        0.3782912492752075,
        0.37502431869506836,
        0.21334010362625122,
        0.8180546760559082,
        0.17326867580413818,
        0.9570234417915344,
        0.8558652400970459,
        0.9419212937355042,
        0.342584490776062,
        0.4288575053215027,
        0.4000251889228821,
        0.2363419532775879,
        0.111300528049469,
        0.4836602210998535,
        0.7380565404891968,
        0.8158591389656067,
        0.6893547773361206,
        0.9055597186088562,
        0.7425833344459534,
        0.4419546127319336,
        0.6418594717979431,
        0.9948053359985352,
        0.4777735471725464,
        0.47210317850112915,
        0.020408987998962402,
        0.4459918737411499,
        0.05381369590759277,
        0.3169707655906677,
        0.6216687560081482,
        0.4239234924316406,
        0.8315141797065735,
        0.05806237459182739,
        0.8211089968681335,
        0.8084110617637634,
        0.8700605034828186,
        0.5010973215103149,
        0.3051387071609497,
        0.5027578473091125,
        0.7353955507278442,
        0.809624195098877,
        0.7014564871788025,
        0.774034321308136,
        0.8407012820243835,
        0.49651551246643066,
        0.24341517686843872,
        0.5014784932136536,
        0.6514394879341125,
        0.5380157828330994,
        0.7444770932197571,
        0.9636524319648743,
        0.3447936177253723,
        0.13358360528945923,
        0.17615807056427002,
        0.3209010362625122,
        0.7320467233657837,
        0.7366456985473633,
        0.28842294216156006,
        0.9601852297782898,
        0.16575294733047485,
        0.047726333141326904
    ]
}