{
    "format": 5,
    "name": "n60k8_15",
    "n": 60,
    "k": 8,
    "optimal_solution": 0.31090646982192993,
    "x_values": [
        0.6267120838165283,
        0.9259248375892639,
        0.6342257261276245,
        0.9431704878807068,
        0.024323761463165283,
        0.4700770974159241,
        0.07922405004501343,
        0.2828969359397888,
        0.4881223440170288,
        0.6631107926368713,
        0.255185067653656,
        0.9599433541297913,
        0.2684553861618042,
        0.20615100860595703,
        0.4541162848472595,
        0.06931275129318237,
        0.6477959156036377,
        0.0838313102722168,
        0.9950902462005615,
        0.3678255081176758,
        0.10108238458633423,
        0.7589682936668396,
        0.3431549072265625,
        0.7473294734954834,
        0.2735159993171692,
        0.07091182470321655,
        0.5989833474159241,
        0.9204590916633606,
        0.8700429201126099,
        0.6753284335136414,
        0.7861616611480713,
        0.4630226492881775,
        0.44082045555114746,
        0.014009416103363037,
        0.056017398834228516,
        0.05371499061584473,
        0.9349618554115295,
        0.02033555507659912,
        0.5252286195755005,
        0.3732784390449524,
        0.787386417388916,
        0.5634299516677856,
        0.1637880802154541,
        0.7803218960762024,
        0.6467810273170471,
        0.6302778720855713,
        0.01702791452407837,
        0.7918304800987244,
        0.7363495826721191,
        0.4378198981285095,
        0.37338578701019287,
        0.17010653018951416,
        0.398765504360199,
        0.4368274211883545,
        0.8494874835014343,
        0.04701793193817139,
        0.574718177318573,
        0.022436320781707764,
        0.8681100010871887,
        0.33507752418518066
    ],
    "y_values": [
        0.17482799291610718,
        0.7017257809638977,
        0.8390279412269592,
        0.7532910108566284,
        0.19125759601593018,
        0.2620803117752075,
        0.6270371079444885,
        0.15272068977355957,
        0.326659619808197,
        0.9911183714866638,
        0.5361024141311646,
        0.079292893409729,
        0.23003971576690674,
        0.9868021607398987,
        0.3170306086540222,
        0.9131981730461121,
        0.5343841910362244,
        0.6399239301681519,
        0.8462650179862976,
        0.8448168039321899,
        0.5528944730758667,
        0.8456757068634033,
        0.7558808326721191,
        0.7017239928245544,
        0.44147825241088867,
        0.2910310626029968,
        0.13943934440612793,
        0.37355315685272217,
        0.6550711393356323,
        0.4713713526725769,
        0.025422394275665283,
        0.5489215850830078,
        0.9077003598213196,
        0.03110140562057495,
        0.47754305601119995,
        0.40687382221221924,
        0.0818934440612793,
        0.922813892364502,
        0.7259230613708496,
        0.09960871934890747,
        0.42048507928848267,
        0.18591582775115967,
        0.034945785999298096,
        0.036396801471710205,
        0.059292614459991455,
        0.010443508625030518,
        0.2592228651046753,
        0.021313905715942383,
        0.09012150764465332,
        0.9997926354408264,
        0.3643702268600464,
        0.9830800294876099,
        0.34541869163513184,
        0.7463453412055969,
        0.09970760345458984,
        0.32900911569595337,
        0.08802664279937744,
        0.162297785282135,
        0.9904929399490356,
        0.32973772287368774
    ]
}