{
    "format": 2,
    "name": "n60k8_16",
    "n": 60,
    "k": 8,
    "optimal_solution": 8.757472038269043,
    "x_values": [
        0.41363632678985596,
        0.7340383529663086,
        0.4538677930831909,
        0.5544062852859497,
        0.1483333706855774,
        0.3325466513633728,
        0.812979519367218,
        0.7350248098373413,
        0.5932335257530212,
        0.7063031792640686,
        0.130021870136261,
        0.830475389957428,
        0.06041139364242554,
        0.4052225947380066,
        0.9420639276504517,
        0.24919849634170532,
        0.4695252776145935,
        0.9291790723800659,
        0.48650646209716797,
        0.34755247831344604,
        0.33358633518218994,
        0.49372172355651855,
        0.7158215045928955,
        0.7774379849433899,
        0.7938897013664246,
        0.19099879264831543,
        0.5515334606170654,
        0.5179412364959717,
        0.38244950771331787,
        0.8508297801017761,
        0.5629351735115051,
        0.570728063583374,
        0.2334718108177185,
        0.14009159803390503,
        0.23514747619628906,
        0.7718881964683533,
        0.4051724672317505,
        0.3603588342666626,
        0.35438019037246704,
        0.5791617631912231,
        0.9312390685081482,
        0.0016805529594421387,
        0.07756000757217407,
        0.6713880300521851,
        0.6407666206359863,
        0.4200657606124878,
        0.2000192403793335,
        0.26883816719055176,
        0.7512827515602112,
        0.5624059438705444,
        0.12796133756637573,
        0.9796876907348633,
        0.011570155620574951,
        0.0032907724380493164,
        0.5564271211624146,
        0.49039244651794434,
        0.7428713440895081,
        0.20791292190551758,
        0.19661056995391846,
        0.016648948192596436
    ],
    "y_values": [
        0.7638556957244873,
        0.597072184085846,
        0.35792428255081177,
        0.3256523609161377,
        0.22687560319900513,
        0.7242498993873596,
        0.8107301592826843,
        0.8200268149375916,
        0.3903779983520508,
        0.9487645626068115,
        0.012009739875793457,
        0.17211443185806274,
        0.15692663192749023,
        0.3174944519996643,
        0.06603258848190308,
        0.6260692477226257,
        0.9440842270851135,
        0.6416752338409424,
        0.8455749154090881,
        0.058122873306274414,
        0.23123735189437866,
        0.10865670442581177,
        0.3127461075782776,
        0.6627682447433472,
        0.235584557056427,
        0.5102481842041016,
        0.5567508339881897,
        0.2885056138038635,
        0.9918699860572815,
        0.23139315843582153,
        0.7253463268280029,
        0.06431525945663452,
        0.25856685638427734,
        0.6357595920562744,
        0.5878967046737671,
        0.698643147945404,
        0.18968147039413452,
        0.9309467673301697,
        0.13383954763412476,
        0.005319476127624512,
        0.9348337650299072,
        0.32006144523620605,
        0.12952804565429688,
        0.04695439338684082,
        0.2509256601333618,
        0.7604723572731018,
        0.34765565395355225,
        0.12821978330612183,
        0.9807443022727966,
        0.7395421862602234,
        0.6966713666915894,
        0.42961156368255615,
        0.590518057346344,
        0.4665070176124573,
        0.4601632356643677,
        0.8897219896316528,
        0.11810362339019775,
        0.9119457602500916,
        0.2235734462738037,
        0.7253840565681458
    ]
}