{
    "format": 2,
    "name": "n100k4_70",
    "n": 100,
    "k": 4,
    "optimal_solution": 24.27021026611328,
    "x_values": [
        0.47354745864868164,
        0.9852203130722046,
        0.405494749546051,
        0.1820010542869568,
        0.16540247201919556,
        0.46886301040649414,
        0.5772769451141357,
        0.2500513792037964,
        0.4018273949623108,
        0.41865038871765137,
        0.4352087378501892,
        0.4134750962257385,
        0.821488618850708,
        0.16274046897888184,
        0.7890942692756653,
        0.3110804557800293,
        0.5147705078125,
        0.137040376663208,
        0.5285655856132507,
        0.9994390606880188,
        0.5950174331665039,
        0.5361300110816956,
        0.019673526287078857,
        0.8156105875968933,
        0.5766536593437195,
        0.21586835384368896,
        0.5857133865356445,
        0.9125383496284485,
        0.6214040517807007,
        0.9899356365203857,
        0.29673779010772705,
        0.5433232188224792,
        0.47912538051605225,
        0.3584035038948059,
        0.34844183921813965,
        0.9109659194946289,
        0.797640860080719,
        0.26203399896621704,
        0.016948938369750977,
        0.5201644897460938,
        0.8448511958122253,
        0.10436606407165527,
        0.9309610724449158,
        0.810194730758667,
        0.27955764532089233,
        0.9008862376213074,
        0.03126835823059082,
        0.44348663091659546,
        0.13654839992523193,
        0.7170501351356506,
        0.5273777842521667,
        0.7027941942214966,
        0.14916348457336426,
        0.3411685824394226,
        0.571851909160614,
        0.7578359246253967,
        0.8887277245521545,
        0.9120535850524902,
        0.07033848762512207,
        0.8462622761726379,
        0.6443241834640503,
        0.49056780338287354,
        0.7305800318717957,
        0.3731790781021118,
        0.022668838500976562,
        0.49092674255371094,
        0.9294396638870239,
        0.03161954879760742,
        0.7379382252693176,
        0.9823986887931824,
        0.7676740884780884,
        0.744379997253418,
        0.8487857580184937,
        0.8795912265777588,
        0.9781678915023804,
        0.5345042943954468,
        0.02850198745727539,
        0.2493916153907776,
        0.4415591359138489,
        0.47101229429244995,
        0.26351380348205566,
        0.6892710328102112,
        0.8091250061988831,
        0.13705015182495117,
        0.702743411064148,
        0.4774497151374817,
        0.1975771188735962,
        0.16385328769683838,
        0.7614425420761108,
        0.5366919040679932,
        0.9577906727790833,
        0.06156069040298462,
        0.519995391368866,
        0.42702341079711914,
        0.17505550384521484,
        0.2517940402030945,
        0.923344612121582,
        0.9554327130317688,
        0.9304156303405762,
        0.6573697924613953
    ],
    "y_values": [
        0.03588765859603882,
        0.7397558093070984,
        0.22023308277130127,
        0.832269549369812,
        8.851289749145508e-05,
        0.34664690494537354,
        0.5346965789794922,
        0.8526213765144348,
        0.1337832808494568,
        0.6745314598083496,
        0.31134527921676636,
        0.9048059582710266,
        0.10813486576080322,
        0.6559663414955139,
        0.41593074798583984,
        0.5072323083877563,
        0.5985753536224365,
        0.6463155746459961,
        0.9432353973388672,
        0.017640769481658936,
        0.261077344417572,
        0.4001818299293518,
        0.3914507031440735,
        0.8592358827590942,
        0.4043040871620178,
        0.05182528495788574,
        0.1461389660835266,
        0.8694818615913391,
        0.7266398072242737,
        0.19525426626205444,
        0.1487904191017151,
        0.03623783588409424,
        0.3320436477661133,
        0.5235484838485718,
        0.30500876903533936,
        0.1906837821006775,
        0.0017752647399902344,
        0.6377305388450623,
        0.4986894726753235,
        0.3838329315185547,
        0.0012550950050354004,
        0.7466517686843872,
        0.6060445308685303,
        0.8899768590927124,
        0.4586872458457947,
        0.8227752447128296,
        0.47248661518096924,
        0.09761112928390503,
        0.6901024580001831,
        0.07217025756835938,
        0.8819313049316406,
        0.057580769062042236,
        0.9420979619026184,
        0.06254082918167114,
        0.11805504560470581,
        0.25362300872802734,
        0.5609260201454163,
        0.46274280548095703,
        0.9081632494926453,
        0.6620572209358215,
        0.06762528419494629,
        0.06052219867706299,
        0.4508746266365051,
        0.9895298480987549,
        0.13620781898498535,
        0.24746930599212646,
        0.04686915874481201,
        0.1595664620399475,
        0.2968924045562744,
        0.2204161286354065,
        0.6426440477371216,
        0.45679837465286255,
        0.33223843574523926,
        0.06953614950180054,
        0.1419081687927246,
        0.6253552436828613,
        0.3519302010536194,
        0.2852823734283447,
        0.822380781173706,
        0.27519893646240234,
        0.8737015128135681,
        0.50874924659729,
        0.28280121088027954,
        0.19259226322174072,
        0.20337015390396118,
        0.8081167340278625,
        0.8157162666320801,
        0.24837720394134521,
        0.42895376682281494,
        0.03668522834777832,
        0.1311887502670288,
        0.9847392439842224,
        0.44080960750579834,
        0.38245075941085815,
        0.39240920543670654,
        0.8428854942321777,
        0.6896892786026001,
        0.7961327433586121,
        0.49192410707473755,
        0.19991666078567505
    ]
}