{
    "format": 2,
    "name": "n100k4_17",
    "n": 100,
    "k": 4,
    "optimal_solution": 23.083784103393555,
    "x_values": [
        0.9631125330924988,
        0.2151482105255127,
        0.4034484028816223,
        0.5490278005599976,
        0.23441243171691895,
        0.9138306379318237,
        0.080291748046875,
        0.6158880591392517,
        0.5405213236808777,
        0.3783823847770691,
        0.02752864360809326,
        0.2744917869567871,
        0.2824370861053467,
        0.778624415397644,
        0.6657013297080994,
        0.05810356140136719,
        0.2316412329673767,
        0.664069652557373,
        0.5726993083953857,
        0.9269490242004395,
        0.3752956986427307,
        0.16090834140777588,
        0.22738051414489746,
        0.14878582954406738,
        0.6670817136764526,
        0.773106038570404,
        0.10830068588256836,
        0.19901812076568604,
        0.8018819689750671,
        0.21246612071990967,
        0.8527217507362366,
        0.5186676383018494,
        0.6324092149734497,
        0.17024385929107666,
        0.09553784132003784,
        0.7731634378433228,
        0.9085522890090942,
        0.07394516468048096,
        0.9926155805587769,
        0.5924429297447205,
        0.15563839673995972,
        0.5810449719429016,
        0.7588120698928833,
        0.9605211615562439,
        0.4915584921836853,
        0.6105377674102783,
        0.8520774245262146,
        0.8202647566795349,
        0.37922149896621704,
        0.8140723705291748,
        0.15637588500976562,
        0.5459645390510559,
        0.8529706001281738,
        0.1682923436164856,
        0.6862011551856995,
        0.297268807888031,
        0.7021988034248352,
        0.11154705286026001,
        0.14724832773208618,
        0.8505408763885498,
        0.5857517719268799,
        0.3952966332435608,
        0.42305320501327515,
        0.05094689130783081,
        0.9925230741500854,
        0.17582428455352783,
        0.02714371681213379,
        0.4597110152244568,
        0.35539090633392334,
        0.7394469976425171,
        0.31714439392089844,
        0.9546657204627991,
        0.9223001003265381,
        0.7764185070991516,
        0.20453548431396484,
        0.11953121423721313,
        0.2397884726524353,
        0.103069007396698,
        0.44453662633895874,
        0.3381856679916382,
        0.47361117601394653,
        0.9259255528450012,
        0.46777623891830444,
        0.02906620502471924,
        0.5987262725830078,
        0.9134601950645447,
        0.7178025841712952,
        0.6944214105606079,
        0.9365668296813965,
        0.06055945158004761,
        0.03483462333679199,
        0.565492570400238,
        0.5726391077041626,
        0.10046172142028809,
        0.7595696449279785,
        0.3662259578704834,
        0.9808182716369629,
        0.21660786867141724,
        0.6560371518135071,
        0.9941781759262085
    ],
    "y_values": [
        0.25798696279525757,
        0.8671969175338745,
        0.8316811323165894,
        0.9249283075332642,
        0.17878186702728271,
        0.17381221055984497,
        0.28932660818099976,
        0.8853914737701416,
        0.25705522298812866,
        0.4188581705093384,
        0.38099080324172974,
        0.3221573233604431,
        0.049366533756256104,
        0.18555426597595215,
        0.577639102935791,
        0.8328676819801331,
        0.8028222918510437,
        0.8644980192184448,
        0.06744742393493652,
        0.09087210893630981,
        0.08267474174499512,
        0.8967381119728088,
        0.09702527523040771,
        0.9655011296272278,
        0.5341646671295166,
        0.7183153033256531,
        0.06658834218978882,
        0.8409689664840698,
        0.7050579190254211,
        0.8888057470321655,
        0.32457101345062256,
        0.21854758262634277,
        0.13261574506759644,
        0.9826263189315796,
        0.14070576429367065,
        0.31756240129470825,
        0.3528515696525574,
        0.9280896186828613,
        0.24197542667388916,
        0.4970468282699585,
        0.3148583173751831,
        0.10123300552368164,
        0.9844042658805847,
        0.5021429657936096,
        0.40976840257644653,
        0.5894825458526611,
        0.3009517788887024,
        0.6877160668373108,
        0.7237437963485718,
        0.3625168204307556,
        0.8953054547309875,
        0.03296029567718506,
        0.06647425889968872,
        0.26922500133514404,
        0.9924517273902893,
        0.660117506980896,
        0.9793477654457092,
        0.038552820682525635,
        0.16209769248962402,
        0.7139387726783752,
        0.22901982069015503,
        0.4844382405281067,
        0.5891591906547546,
        0.31273847818374634,
        0.39544856548309326,
        0.7052193880081177,
        0.8014611005783081,
        0.777783215045929,
        0.795646607875824,
        0.3889957070350647,
        0.4489253759384155,
        0.2614750266075134,
        0.8475682735443115,
        0.9256292581558228,
        0.747640073299408,
        0.46532315015792847,
        0.006888329982757568,
        0.4387219548225403,
        0.49810588359832764,
        0.09407752752304077,
        0.19922953844070435,
        0.013633668422698975,
        0.9296875596046448,
        0.9711580276489258,
        0.8334072828292847,
        0.5053197145462036,
        0.8426985144615173,
        0.6472944021224976,
        0.28756409883499146,
        0.623283863067627,
        0.040079593658447266,
        0.8062407970428467,
        0.8010247945785522,
        0.7696192264556885,
        0.07414734363555908,
        0.8182259798049927,
        0.5839509963989258,
        0.08194893598556519,
        0.7309895157814026,
        0.858849287033081
    ]
}