{
    "format": 5,
    "name": "n100k2_35",
    "n": 100,
    "k": 2,
    "optimal_solution": 0.6584255695343018,
    "x_values": [
        0.4923812747001648,
        0.24676066637039185,
        0.26283401250839233,
        0.5199865102767944,
        0.21089273691177368,
        0.40368741750717163,
        0.6221063137054443,
        0.6844727396965027,
        0.29933154582977295,
        0.37627726793289185,
        0.6303575038909912,
        0.47962474822998047,
        0.48786211013793945,
        0.6486267447471619,
        0.24618017673492432,
        0.6166283488273621,
        0.17895036935806274,
        0.02832198143005371,
        0.27784401178359985,
        0.1513574719429016,
        0.8844764232635498,
        0.08321511745452881,
        0.5452299118041992,
        0.9701780676841736,
        0.639214277267456,
        0.27234387397766113,
        0.48115843534469604,
        0.4391508102416992,
        0.8634472489356995,
        0.736705482006073,
        0.12324327230453491,
        0.4199216365814209,
        0.5478227734565735,
        0.7609480619430542,
        0.6084569096565247,
        0.20602154731750488,
        0.8607867956161499,
        0.5028306841850281,
        0.6796811819076538,
        0.18045228719711304,
        0.029553771018981934,
        0.44225555658340454,
        0.6848825812339783,
        0.35033196210861206,
        0.6129716038703918,
        0.9846972227096558,
        0.8752782344818115,
        0.7175712585449219,
        0.22109216451644897,
        0.275590717792511,
        0.9713588356971741,
        0.48947060108184814,
        0.966539204120636,
        0.8257498741149902,
        0.595617413520813,
        0.5436315536499023,
        0.5950314998626709,
        0.1430850625038147,
        0.44563478231430054,
        0.016209423542022705,
        0.7625925540924072,
        0.7145270109176636,
        0.8934677839279175,
        0.6582717895507812,
        0.2518610954284668,
        0.8714284300804138,
        0.908084511756897,
        0.6914079189300537,
        0.8768715262413025,
        0.13826322555541992,
        0.19691252708435059,
        0.10747110843658447,
        0.7072946429252625,
        0.8945547342300415,
        0.9193211793899536,
        0.6088485717773438,
        0.3280118703842163,
        0.7713719606399536,
        0.820117175579071,
        0.6513515114784241,
        0.14680922031402588,
        0.10825598239898682,
        0.15461277961730957,
        0.2813529968261719,
        0.7069429755210876,
        0.4752511978149414,
        0.4192313551902771,
        0.7667480707168579,
        0.15143024921417236,
        0.358028769493103,
        0.640404999256134,
        0.7709720730781555,
        0.9033004641532898,
        0.6797869205474854,
        0.6181252598762512,
        0.34530889987945557,
        0.7847679853439331,
        0.1088789701461792,
        0.0005473494529724121,
        0.8133595585823059
    ],
    "y_values": [
        0.07910937070846558,
        0.9372284412384033,
        0.11492574214935303,
        0.3057211637496948,
        0.09527081251144409,
        0.5669730305671692,
        0.17454910278320312,
        0.9310247302055359,
        0.9207335710525513,
        0.38846278190612793,
        0.35900211334228516,
        0.8199783563613892,
        0.45223939418792725,
        0.050051748752593994,
        0.29219502210617065,
        0.23950845003128052,
        0.16817575693130493,
        0.09077101945877075,
        0.5692307949066162,
        0.7304605841636658,
        0.9046639204025269,
        0.5909773707389832,
        0.88945072889328,
        0.32895946502685547,
        0.8620003461837769,
        0.9560449719429016,
        0.3942902088165283,
        0.6383712291717529,
        0.8157910704612732,
        0.9322302341461182,
        0.9560933709144592,
        0.02194797992706299,
        0.7958336472511292,
        0.893731415271759,
        0.2899438738822937,
        0.09333181381225586,
        0.6440677046775818,
        0.1709674596786499,
        0.5525467395782471,
        0.17704808712005615,
        0.5651983022689819,
        0.7732111811637878,
        0.864155650138855,
        0.23720043897628784,
        0.07394546270370483,
        0.11081618070602417,
        0.6094339489936829,
        0.41266608238220215,
        0.9932436943054199,
        0.6053044199943542,
        0.20539414882659912,
        0.4485633373260498,
        0.7306457757949829,
        0.9957897663116455,
        0.5899156928062439,
        0.1104193925857544,
        0.5097283124923706,
        0.792762279510498,
        0.11033695936203003,
        0.6812819242477417,
        0.08752912282943726,
        0.6033374667167664,
        0.9229750633239746,
        0.8000563383102417,
        0.42628562450408936,
        0.08970266580581665,
        0.9938222169876099,
        0.8043220639228821,
        0.3573557138442993,
        0.1883864402770996,
        0.3495199680328369,
        0.6912075281143188,
        0.3758993148803711,
        0.2741048336029053,
        0.6331319212913513,
        0.10001647472381592,
        0.5864542722702026,
        0.10156828165054321,
        0.5114209651947021,
        0.4456872344017029,
        0.40899109840393066,
        0.1949111819267273,
        0.5732383131980896,
        0.8980625867843628,
        0.09230679273605347,
        0.5168691277503967,
        0.4732884168624878,
        0.5971390008926392,
        0.48394209146499634,
        0.21269506216049194,
        0.7002665400505066,
        0.27630048990249634,
        0.6517791152000427,
        0.6493412852287292,
        0.20106667280197144,
        0.31937527656555176,
        0.16394799947738647,
        0.6247476935386658,
        0.8237549662590027,
        0.4507732391357422
    ]
}