{
    "format": 5,
    "name": "n100k2_6",
    "n": 100,
    "k": 2,
    "optimal_solution": 0.7123812437057495,
    "x_values": [
        0.9864028692245483,
        0.8813111782073975,
        0.008546113967895508,
        0.6980404257774353,
        0.8799978494644165,
        0.4744606018066406,
        0.43503010272979736,
        0.37663549184799194,
        0.5025233626365662,
        0.857237696647644,
        0.4076364040374756,
        0.345583975315094,
        0.6505312323570251,
        0.3969205617904663,
        0.10125327110290527,
        0.3458781838417053,
        0.473296582698822,
        0.7661798000335693,
        0.8424172401428223,
        0.8599956035614014,
        0.975918173789978,
        0.43888241052627563,
        0.1133151650428772,
        0.6980558037757874,
        0.9476656913757324,
        0.1865902543067932,
        0.21002721786499023,
        0.22818589210510254,
        0.34177571535110474,
        0.32234638929367065,
        0.21794527769088745,
        0.9891530275344849,
        0.688414454460144,
        0.5901955962181091,
        0.7426959276199341,
        0.2876794934272766,
        0.2739107608795166,
        0.15713965892791748,
        0.6937403678894043,
        0.8421543836593628,
        0.7411044239997864,
        0.4791218042373657,
        0.11330515146255493,
        0.48351842164993286,
        0.8801162838935852,
        0.7800785899162292,
        0.9887567162513733,
        0.5408927202224731,
        0.11373525857925415,
        0.6394210457801819,
        0.3315703272819519,
        0.5636829733848572,
        0.4627506136894226,
        0.009972095489501953,
        0.9277147650718689,
        0.6679849028587341,
        0.3535137176513672,
        0.7957168221473694,
        0.3366019129753113,
        0.5636705160140991,
        0.48373550176620483,
        0.5042298436164856,
        0.7807707190513611,
        0.7727380394935608,
        0.33389198780059814,
        0.7269610166549683,
        0.09919822216033936,
        0.02678847312927246,
        0.3229479193687439,
        0.16699081659317017,
        0.960658073425293,
        0.6830774545669556,
        0.6894912123680115,
        0.9431429505348206,
        0.40203505754470825,
        0.6432110667228699,
        0.4982755780220032,
        0.28214508295059204,
        0.7784368395805359,
        0.345398485660553,
        0.03130638599395752,
        0.009416341781616211,
        0.9154607057571411,
        0.030665874481201172,
        0.5955274701118469,
        0.9297576546669006,
        0.025063633918762207,
        0.80128413438797,
        0.8877525329589844,
        0.6162431240081787,
        0.22556143999099731,
        0.09163296222686768,
        0.18402552604675293,
        0.33874988555908203,
        0.053359031677246094,
        0.569640576839447,
        0.9084256887435913,
        0.47169262170791626,
        0.13380104303359985,
        0.4196084141731262
    ],
    "y_values": [
        0.029895246028900146,
        0.6441717743873596,
        0.8645467758178711,
        0.36447465419769287,
        0.4382820129394531,
        0.6344609260559082,
        0.20999979972839355,
        0.20118236541748047,
        0.5659001469612122,
        0.3601876497268677,
        0.06969565153121948,
        0.9915408492088318,
        0.7404745817184448,
        0.42022502422332764,
        0.316567063331604,
        0.49954986572265625,
        0.18022435903549194,
        0.763498067855835,
        0.40090686082839966,
        0.7210093140602112,
        0.9807884693145752,
        0.9829552173614502,
        0.1698610782623291,
        0.15357857942581177,
        0.16688865423202515,
        0.06412172317504883,
        0.4130820035934448,
        0.5573679804801941,
        0.6718751788139343,
        0.4744527339935303,
        0.8098587989807129,
        0.7155147790908813,
        0.016206324100494385,
        0.9105181694030762,
        0.3940228819847107,
        0.8954739570617676,
        0.5253803730010986,
        0.8921143412590027,
        0.3848193287849426,
        0.4882647395133972,
        0.7922155261039734,
        0.12022703886032104,
        0.18123823404312134,
        0.43692171573638916,
        0.09859782457351685,
        0.49880141019821167,
        0.1849401593208313,
        0.5116671323776245,
        0.7476362586021423,
        0.1983540654182434,
        0.7878997921943665,
        0.6497203707695007,
        0.8314023613929749,
        0.1561110019683838,
        0.01888221502304077,
        0.7487045526504517,
        0.000272214412689209,
        0.08348280191421509,
        0.841815710067749,
        0.9720728397369385,
        0.1990681290626526,
        0.7098137736320496,
        0.11892187595367432,
        0.10637253522872925,
        0.8910751342773438,
        0.796156644821167,
        0.1252514123916626,
        0.3849656581878662,
        0.09201985597610474,
        0.3148117661476135,
        0.47785747051239014,
        0.4001445174217224,
        0.5093069672584534,
        0.40179455280303955,
        0.03789800405502319,
        0.03690528869628906,
        0.9864656925201416,
        0.31749463081359863,
        0.37769681215286255,
        0.5027852058410645,
        0.8753423690795898,
        0.23468095064163208,
        0.6688532829284668,
        0.010258138179779053,
        0.7036552429199219,
        0.09531044960021973,
        0.4514375925064087,
        0.34066009521484375,
        0.8484700918197632,
        0.7592601776123047,
        0.2684009075164795,
        0.10371977090835571,
        0.6751068830490112,
        0.42083966732025146,
        0.34375882148742676,
        0.7992212176322937,
        0.7896820306777954,
        0.831577718257904,
        0.5261279940605164,
        0.23604804277420044
    ]
}