{
    "format": 5,
    "name": "n100k2_62",
    "n": 100,
    "k": 2,
    "optimal_solution": 0.681391716003418,
    "x_values": [
        0.05642610788345337,
        0.7106634974479675,
        0.40530842542648315,
        0.9950124025344849,
        0.006172358989715576,
        0.628679633140564,
        0.8261584639549255,
        0.15026378631591797,
        0.361396849155426,
        0.33140069246292114,
        0.5934590697288513,
        0.9031727910041809,
        0.18648332357406616,
        0.08693104982376099,
        0.10580414533615112,
        0.6697151064872742,
        0.8777108192443848,
        0.48649072647094727,
        0.4490320682525635,
        0.9651220440864563,
        0.07849055528640747,
        0.21333163976669312,
        0.6267452836036682,
        0.5062733292579651,
        0.792368471622467,
        0.9339609146118164,
        0.8349488973617554,
        0.10031998157501221,
        0.7929525375366211,
        0.16615480184555054,
        0.9642987251281738,
        0.40774965286254883,
        0.8630182147026062,
        0.4441547393798828,
        0.9344391226768494,
        0.41403305530548096,
        0.2778492569923401,
        0.3954024314880371,
        0.4547882676124573,
        0.4872274398803711,
        0.7984938025474548,
        0.577489972114563,
        0.5341994166374207,
        0.8635822534561157,
        0.09428584575653076,
        0.3190493583679199,
        0.585612416267395,
        0.6631747484207153,
        0.9551714062690735,
        0.43577444553375244,
        0.5341711044311523,
        0.5674673318862915,
        0.029873132705688477,
        0.2491353154182434,
        0.8400413990020752,
        0.9235360026359558,
        0.5930743217468262,
        0.07638812065124512,
        0.747867226600647,
        0.010232031345367432,
        0.6095424890518188,
        0.4329136610031128,
        0.718709409236908,
        0.7286161184310913,
        0.8775085210800171,
        0.7608504295349121,
        0.5509201884269714,
        0.6800565719604492,
        0.7603654861450195,
        0.12997829914093018,
        0.17736279964447021,
        0.795988142490387,
        0.5125591158866882,
        0.5210224986076355,
        0.9700747728347778,
        0.3010970950126648,
        0.12925267219543457,
        0.45655810832977295,
        0.01669555902481079,
        0.7943227887153625,
        0.1421077847480774,
        0.5560422539710999,
        0.6207795143127441,
        0.6899261474609375,
        0.23078560829162598,
        0.21908992528915405,
        0.6433397531509399,
        0.21033698320388794,
        0.2540014386177063,
        0.5245445966720581,
        0.7117266058921814,
        0.1834227442741394,
        0.8249415755271912,
        0.32905447483062744,
        0.7277851104736328,
        0.7175701856613159,
        0.3323962688446045,
        0.9434003233909607,
        0.8491523861885071,
        0.9735758900642395
    ],
    "y_values": [
        0.7286009788513184,
        0.5429883003234863,
        0.7843220233917236,
        0.2694673538208008,
        0.8370373249053955,
        0.4618198871612549,
        0.44401872158050537,
        0.9029778242111206,
        0.4230342507362366,
        0.3837754726409912,
        0.19922226667404175,
        0.4098297953605652,
        0.30677592754364014,
        0.9285165667533875,
        0.26796984672546387,
        0.2798672318458557,
        0.9160628318786621,
        0.7286273837089539,
        0.41554415225982666,
        0.4558464288711548,
        0.5691449642181396,
        0.4195389747619629,
        0.7607452869415283,
        0.4059436321258545,
        0.4330978989601135,
        0.014997899532318115,
        0.06514346599578857,
        0.8172711730003357,
        0.6080740690231323,
        0.4666013717651367,
        0.8861933350563049,
        0.5489246845245361,
        0.2742353081703186,
        0.8560023903846741,
        0.8604819178581238,
        0.9567248225212097,
        0.44528520107269287,
        0.20311647653579712,
        0.168606698513031,
        0.3263983726501465,
        0.16095560789108276,
        0.9516743421554565,
        0.20736652612686157,
        0.5997765064239502,
        0.043981969356536865,
        0.15365779399871826,
        0.9137282371520996,
        0.5186576843261719,
        0.36470746994018555,
        0.8630788326263428,
        0.432603120803833,
        0.30233728885650635,
        0.8874107599258423,
        0.06909126043319702,
        0.42055565118789673,
        0.9765514135360718,
        0.48078227043151855,
        0.6090394854545593,
        0.6914174556732178,
        0.7600612640380859,
        0.977552056312561,
        0.7697838544845581,
        0.1519683599472046,
        0.5623826384544373,
        0.8277590870857239,
        0.9853770732879639,
        0.09030449390411377,
        0.8083525896072388,
        0.6900593638420105,
        0.48748326301574707,
        0.4511166214942932,
        0.7397104501724243,
        0.02964693307876587,
        0.9715719819068909,
        0.3234032392501831,
        0.9431969523429871,
        0.7420145273208618,
        0.5854549407958984,
        0.7781022191047668,
        0.8751421570777893,
        0.6240063309669495,
        0.9629166126251221,
        0.5733213424682617,
        0.5804203748703003,
        0.4061259627342224,
        0.2031373381614685,
        0.8440075516700745,
        0.38466984033584595,
        0.11939287185668945,
        0.033384621143341064,
        0.29404693841934204,
        0.5008546710014343,
        0.9188942909240723,
        0.7777413129806519,
        0.045744240283966064,
        0.4728090763092041,
        0.7920556664466858,
        0.3207159638404846,
        0.14309388399124146,
        0.7561497092247009
    ]
}