{
    "format": 10,
    "name": "n50k20_28",
    "n": 50,
    "k": 20,
    "optimal_solution": 265.3231863777294,
    "x_values": [
        0.6544078100642869,
        0.8998701844277931,
        0.9621464108615433,
        0.06159625223277965,
        0.8468961768213652,
        0.36214814794814265,
        0.49075182800758155,
        0.7765423396216519,
        0.20793684766981813,
        0.9110794937043507,
        0.9920712731097404,
        0.3576111316713013,
        0.7354006415050621,
        0.16802980817118296,
        0.01647856620017807,
        0.2996876773454965,
        0.016695556610129336,
        0.5089244537416229,
        0.2944081039253178,
        0.08980461117934624,
        0.5136733292562298,
        0.5453433813689859,
        0.9262188594730875,
        0.4070658931176201,
        0.27143339492584695,
        0.03604037935405502,
        0.4652140553831292,
        0.44294086973420044,
        0.324431541032717,
        0.0348293088830407,
        0.373265156975629,
        0.11943073820020655,
        0.9926428637421115,
        0.12079724376065226,
        0.04815660844568692,
        0.20506170733278672,
        0.3696701290824552,
        0.44774238585777903,
        0.4658753423495793,
        0.0022272764318042038,
        0.8360691655789274,
        0.44281179330050213,
        0.783992019141174,
        0.9953075005045068,
        0.6573685251377118,
        0.029630139372864406,
        0.8576152971518262,
        0.4019229046454733,
        0.9081881543280341,
        0.4237653060776059
    ],
    "y_values": [
        0.27559468979198687,
        0.21125446081488752,
        0.36505032938922966,
        0.10057595500227445,
        0.8171457465140161,
        0.2625542714311141,
        0.862249788318597,
        0.2049796758582988,
        0.847832505412003,
        0.3131677655746443,
        0.7763699202599237,
        0.36003013393258654,
        0.8297710967398482,
        0.5380954740151851,
        0.16012016299648624,
        0.4630221257884899,
        0.06158861289303408,
        0.4092277331875728,
        0.6193816575895205,
        0.1313998392685981,
        0.1364644275297061,
        0.5990499544054612,
        0.6562852048160077,
        0.8206252558126184,
        0.3886632514249817,
        0.6728201856567593,
        0.8911515046047227,
        0.5980310963736729,
        0.43496189181817857,
        0.020844138047994787,
        0.5237181383744098,
        0.17810057474174346,
        0.4247173676223921,
        0.01943708219207263,
        0.169709404644675,
        0.22531594599871507,
        0.81425581184743,
        0.6580215777270947,
        0.027125313303576593,
        0.6239100975007006,
        0.8679926861734879,
        0.36543966079275203,
        0.5863568984603168,
        0.777658882616016,
        0.5835375048941229,
        0.3343277271947356,
        0.7811163698832454,
        0.20549484121725514,
        0.26092108786777357,
        0.2613539686859446
    ],
    "costs": [
        13.760269845359867,
        20.573998851538626,
        33.56463204860757,
        24.040465422121553,
        14.203288267921701,
        21.133617837123488,
        43.99639731672548,
        36.27456037291648,
        17.08571919539239,
        36.171927443340465,
        15.923404752890296,
        29.327541799069966,
        26.309860908068515,
        36.8030439972392,
        27.41055398569873,
        5.1223302266368105,
        30.252286592229776,
        8.985523420159852,
        40.255610308082034,
        35.98315651325966,
        36.725107100863426,
        8.933282534773449,
        37.43860539325732,
        15.514217695867542,
        26.296368967404366,
        19.661002714064466,
        35.08257033028022,
        12.192620481407907,
        14.09165392979454,
        16.967723001396564,
        12.48911121783284,
        8.66919441765138,
        45.73574311955084,
        5.560342186036713,
        25.93902237358099,
        39.13012325236327,
        9.422829274124023,
        27.035243419148593,
        26.832206992317747,
        32.07617494264012,
        15.799518049179312,
        38.55556583363618,
        26.839091212867324,
        41.58485977152579,
        34.064653939322305,
        42.87557894788862,
        37.60947445844585,
        13.639186586275452,
        47.6379267703571,
        12.770466045560678
    ]
}