{
    "format": 5,
    "name": "n60k2_47",
    "n": 60,
    "k": 2,
    "optimal_solution": 0.6479456424713135,
    "x_values": [
        0.1562778353691101,
        0.48283451795578003,
        0.07849901914596558,
        0.8124730587005615,
        0.5549620389938354,
        0.9547997117042542,
        0.7879281044006348,
        0.15051978826522827,
        0.19538164138793945,
        0.1970282793045044,
        0.4660067558288574,
        0.5474357008934021,
        0.35203927755355835,
        0.7669112086296082,
        0.7591243982315063,
        0.43236351013183594,
        0.8539593815803528,
        0.5785720944404602,
        0.7989660501480103,
        0.9402653574943542,
        0.5142132639884949,
        0.04684025049209595,
        0.18294209241867065,
        0.1155085563659668,
        0.22921371459960938,
        0.8429132699966431,
        0.09963333606719971,
        0.5517125725746155,
        0.9910483956336975,
        0.24131643772125244,
        0.0613444447517395,
        0.8126093745231628,
        0.5369186997413635,
        0.3862622380256653,
        0.46639174222946167,
        0.36875951290130615,
        0.28270578384399414,
        0.2635558247566223,
        0.7617785334587097,
        0.743407666683197,
        0.32630282640457153,
        0.6850169897079468,
        0.712001621723175,
        0.5451061725616455,
        0.34672242403030396,
        0.854310154914856,
        0.03163623809814453,
        0.8484331369400024,
        0.7247733473777771,
        0.45014405250549316,
        0.8460076451301575,
        0.6459470987319946,
        0.37727153301239014,
        0.6035481095314026,
        0.7429046630859375,
        0.9262439608573914,
        0.025103271007537842,
        0.17912274599075317,
        0.16404491662979126,
        0.5175527334213257
    ],
    "y_values": [
        0.9414561986923218,
        0.5906417369842529,
        0.8603964447975159,
        0.3639388084411621,
        0.9023005962371826,
        0.33101552724838257,
        0.5816676020622253,
        0.42325085401535034,
        0.16812670230865479,
        0.5207196474075317,
        0.16518241167068481,
        0.7314772009849548,
        0.48591458797454834,
        0.480185866355896,
        0.9743174910545349,
        0.7933406233787537,
        0.3722915053367615,
        0.13680922985076904,
        0.9790597558021545,
        0.24923014640808105,
        0.35106223821640015,
        0.7569255232810974,
        0.1891082525253296,
        0.6106069087982178,
        0.12881594896316528,
        0.5544633865356445,
        0.8632944822311401,
        0.7513931393623352,
        0.34034550189971924,
        0.6347327828407288,
        0.8831807374954224,
        0.8616019487380981,
        0.548417866230011,
        0.297186017036438,
        0.520526647567749,
        0.009455561637878418,
        0.8138241767883301,
        0.032163918018341064,
        0.3103097081184387,
        0.4030507802963257,
        0.10539418458938599,
        0.2980063557624817,
        0.8104271292686462,
        0.8084888458251953,
        0.49322521686553955,
        0.5648942589759827,
        0.13757455348968506,
        0.7323602437973022,
        0.965436577796936,
        0.9612448811531067,
        0.14367330074310303,
        0.20657998323440552,
        0.5641569495201111,
        0.6157223582267761,
        0.5322980284690857,
        0.317291259765625,
        0.7009487748146057,
        0.6716501712799072,
        0.22048163414001465,
        0.46907317638397217
    ]
}