{
    "format": 2,
    "name": "n60k2_97",
    "n": 60,
    "k": 2,
    "optimal_solution": 22.825443267822266,
    "x_values": [
        0.7241776585578918,
        0.9417426586151123,
        0.3581974506378174,
        0.3799872398376465,
        0.13884127140045166,
        0.07449746131896973,
        0.8880316019058228,
        0.5625371336936951,
        0.09970474243164062,
        0.8437244296073914,
        0.3709002137184143,
        0.6161857843399048,
        0.845420241355896,
        0.24247753620147705,
        0.09682637453079224,
        0.2830936908721924,
        0.38447409868240356,
        0.6823872923851013,
        0.144084632396698,
        0.6209445595741272,
        0.9784011244773865,
        0.30524688959121704,
        0.6790506839752197,
        0.675239086151123,
        0.5749016404151917,
        0.3153897523880005,
        0.840239405632019,
        0.6187698841094971,
        0.6024811863899231,
        0.15944015979766846,
        0.8374619483947754,
        0.8011992573738098,
        0.45380038022994995,
        0.2210361361503601,
        0.1710222363471985,
        0.35582464933395386,
        0.9889861941337585,
        0.03702950477600098,
        0.5339587926864624,
        0.9547461867332458,
        0.026338398456573486,
        0.20118272304534912,
        0.4523376226425171,
        0.9695752859115601,
        0.4899190664291382,
        0.21438872814178467,
        0.12506383657455444,
        0.3829115629196167,
        0.12313932180404663,
        0.9410561323165894,
        0.7694718241691589,
        0.9046366810798645,
        0.9581726789474487,
        0.8488107323646545,
        0.10073566436767578,
        0.5895519852638245,
        0.29282212257385254,
        0.6454792618751526,
        0.6774223446846008,
        0.8080289363861084
    ],
    "y_values": [
        0.5910143852233887,
        0.8156253099441528,
        0.10285615921020508,
        0.07654929161071777,
        0.06349331140518188,
        0.7096554040908813,
        0.2590373754501343,
        0.36768174171447754,
        0.12258535623550415,
        0.03459286689758301,
        0.3016088604927063,
        0.5994459390640259,
        0.726953387260437,
        0.7846066951751709,
        0.869671106338501,
        0.8690745234489441,
        0.46289628744125366,
        0.647413432598114,
        0.3772547245025635,
        0.15074092149734497,
        0.9449248909950256,
        0.5773202776908875,
        0.6962966918945312,
        0.6503351330757141,
        0.5442276000976562,
        0.6314171552658081,
        0.7750976085662842,
        0.38405072689056396,
        0.9567161798477173,
        0.07287847995758057,
        0.17753535509109497,
        0.17365819215774536,
        0.9168885350227356,
        0.8859056830406189,
        0.9633666276931763,
        0.7417640686035156,
        0.8873457312583923,
        0.9162553548812866,
        0.42465585470199585,
        0.8375742435455322,
        0.9021329879760742,
        0.19259363412857056,
        0.9626461863517761,
        0.7346728444099426,
        0.28767555952072144,
        0.5464287996292114,
        0.0781746506690979,
        0.9318835735321045,
        0.6606566309928894,
        0.5689606666564941,
        0.9208835363388062,
        0.4853177070617676,
        0.9054831266403198,
        0.9335599541664124,
        0.0292930006980896,
        0.12576746940612793,
        0.10772305727005005,
        0.8999647498130798,
        0.7543271780014038,
        0.24549341201782227
    ]
}