{
    "format": 5,
    "name": "n100k5_95",
    "n": 100,
    "k": 5,
    "optimal_solution": 0.36901360750198364,
    "x_values": [
        0.21769165992736816,
        0.20202767848968506,
        0.3918628692626953,
        0.5888457894325256,
        0.3768823742866516,
        0.9340271949768066,
        0.8872225284576416,
        0.6330065131187439,
        0.5524367094039917,
        0.24113941192626953,
        0.359200656414032,
        0.09049218893051147,
        0.9921283721923828,
        0.8058751821517944,
        0.9655486345291138,
        0.6591634154319763,
        0.6330034136772156,
        0.25352609157562256,
        0.4929531216621399,
        0.5352803468704224,
        0.4519358277320862,
        0.5620595812797546,
        0.22951579093933105,
        0.156782865524292,
        0.6737094521522522,
        0.25575774908065796,
        0.7662741541862488,
        0.8548846244812012,
        0.842200517654419,
        0.7984707951545715,
        0.8937792778015137,
        0.23023676872253418,
        0.37094825506210327,
        0.21579891443252563,
        0.9838118553161621,
        0.7702839970588684,
        0.27006280422210693,
        0.8147359490394592,
        0.7338199019432068,
        0.8317857980728149,
        0.9045615196228027,
        0.1401645541191101,
        0.10967272520065308,
        0.8395060300827026,
        0.3217455744743347,
        0.13812625408172607,
        0.6606459021568298,
        0.45420700311660767,
        0.7224092483520508,
        0.6759670972824097,
        0.4659019708633423,
        0.2144622802734375,
        0.07816100120544434,
        0.3066089153289795,
        0.2244257926940918,
        0.7628113031387329,
        0.43441009521484375,
        0.38796722888946533,
        0.653308629989624,
        0.09133213758468628,
        0.2371201515197754,
        0.5948590040206909,
        0.44445890188217163,
        0.9356383681297302,
        0.23484784364700317,
        0.5630296468734741,
        0.8981758952140808,
        0.9464206695556641,
        0.7174127697944641,
        0.5723584890365601,
        0.2134825587272644,
        0.5347200632095337,
        0.8404091000556946,
        0.8922412395477295,
        0.10407930612564087,
        0.24619156122207642,
        0.4571880102157593,
        0.573278546333313,
        0.2814409136772156,
        0.7026406526565552,
        0.3344542980194092,
        0.8477724194526672,
        0.49995553493499756,
        0.06645935773849487,
        0.43182092905044556,
        0.8774710893630981,
        0.7332937717437744,
        0.3644249439239502,
        0.4140949249267578,
        0.9909323453903198,
        0.15484404563903809,
        0.09417182207107544,
        0.2582780718803406,
        0.9264163374900818,
        0.3434775471687317,
        0.21383631229400635,
        0.8649494051933289,
        0.5128439664840698,
        0.7802632451057434,
        0.8645365834236145
    ],
    "y_values": [
        0.12981021404266357,
        0.683303952217102,
        0.9404312968254089,
        0.21683788299560547,
        0.5152793526649475,
        0.9340570569038391,
        0.06387686729431152,
        0.9954210519790649,
        0.16395026445388794,
        0.5556021928787231,
        0.04611659049987793,
        0.3775644302368164,
        0.12336564064025879,
        0.18596696853637695,
        0.32424676418304443,
        0.5062882304191589,
        0.02864992618560791,
        0.23215895891189575,
        0.3137461543083191,
        0.352922260761261,
        0.1218644380569458,
        0.2571452856063843,
        0.7447406053543091,
        0.1348353624343872,
        0.8719948530197144,
        0.5932620167732239,
        0.5309982895851135,
        0.264989972114563,
        0.7455119490623474,
        0.5341705679893494,
        0.5307502746582031,
        0.19751715660095215,
        0.8396211266517639,
        0.03590887784957886,
        0.8357452154159546,
        0.5968100428581238,
        0.41892266273498535,
        0.5904922485351562,
        0.0025449395179748535,
        0.1707390546798706,
        0.3658454418182373,
        0.1200830340385437,
        0.12223321199417114,
        0.6182534098625183,
        0.5607290863990784,
        0.7838760614395142,
        0.21931785345077515,
        0.5139091610908508,
        0.3279613256454468,
        0.20100045204162598,
        0.008712410926818848,
        0.8242060542106628,
        0.1199643611907959,
        0.3838353753089905,
        0.6140782237052917,
        0.443769633769989,
        0.02148127555847168,
        0.20524048805236816,
        0.7771970629692078,
        0.04977649450302124,
        0.4692491888999939,
        0.33124208450317383,
        0.5413500070571899,
        0.8733387589454651,
        0.9047836065292358,
        0.27848005294799805,
        0.7632847428321838,
        0.5995124578475952,
        0.16997158527374268,
        0.9232093691825867,
        0.2635073661804199,
        0.55535888671875,
        0.6545650959014893,
        0.716411828994751,
        0.84726881980896,
        0.7142310738563538,
        0.7581117749214172,
        0.23112839460372925,
        0.08776247501373291,
        0.241752028465271,
        0.30277109146118164,
        0.10539829730987549,
        0.6571404933929443,
        0.4262372851371765,
        0.7971834540367126,
        0.17980700731277466,
        0.8416351079940796,
        0.29457855224609375,
        0.7608432769775391,
        0.22703778743743896,
        0.8796811103820801,
        0.7462563514709473,
        0.6834656000137329,
        0.548163890838623,
        0.20890772342681885,
        0.743820071220398,
        0.49863702058792114,
        0.07304269075393677,
        0.6985479593276978,
        0.5634070038795471
    ]
}