{
    "format": 2,
    "name": "n100k5_75",
    "n": 100,
    "k": 5,
    "optimal_solution": 19.27375602722168,
    "x_values": [
        0.15300023555755615,
        0.14211857318878174,
        0.9140455722808838,
        0.8138514757156372,
        0.41912782192230225,
        0.6904661655426025,
        0.022228777408599854,
        0.3837089538574219,
        0.6522195935249329,
        0.890974223613739,
        0.9012468457221985,
        0.6300880312919617,
        0.3298041820526123,
        0.23416197299957275,
        0.19570660591125488,
        0.13837569952011108,
        0.03757280111312866,
        0.25522392988204956,
        0.2964560389518738,
        0.5520976781845093,
        0.06560951471328735,
        0.45393627882003784,
        0.36767810583114624,
        0.33249348402023315,
        0.7921239733695984,
        0.027870118618011475,
        0.9216172695159912,
        0.3422354459762573,
        0.005073845386505127,
        0.10326945781707764,
        0.9849230647087097,
        0.8884310722351074,
        0.7959243655204773,
        0.25346195697784424,
        0.8007082343101501,
        0.36328125,
        0.6851504445075989,
        0.4704716205596924,
        0.7527434229850769,
        0.9704513549804688,
        0.8775002360343933,
        0.4717809557914734,
        0.7836276292800903,
        0.8614726066589355,
        0.9068470001220703,
        0.12712246179580688,
        0.3225679397583008,
        0.6285166144371033,
        0.24254417419433594,
        0.11415153741836548,
        0.700352668762207,
        0.5621495246887207,
        0.4081425666809082,
        0.3509800434112549,
        0.9876274466514587,
        0.02340102195739746,
        0.864477813243866,
        0.5773426294326782,
        0.3043644428253174,
        0.47646570205688477,
        0.3221449851989746,
        0.37149810791015625,
        0.7272645235061646,
        0.06840252876281738,
        0.766498327255249,
        0.01819068193435669,
        0.8771648406982422,
        0.8557242751121521,
        0.6480052471160889,
        0.9634692668914795,
        0.15128213167190552,
        0.8177552223205566,
        0.23758000135421753,
        0.6545620560646057,
        0.8567848801612854,
        0.8073586225509644,
        0.22934472560882568,
        0.6488299369812012,
        0.3112342357635498,
        0.40798133611679077,
        0.12721025943756104,
        0.30939847230911255,
        0.3901841640472412,
        0.67290860414505,
        0.14194977283477783,
        0.29936885833740234,
        0.5552161335945129,
        0.24197369813919067,
        0.8790785670280457,
        0.29252123832702637,
        0.4022026062011719,
        0.5558844804763794,
        0.676576554775238,
        0.9850807785987854,
        0.7718584537506104,
        0.5894877314567566,
        0.005483448505401611,
        0.4359279274940491,
        0.5119719505310059,
        0.3697209358215332
    ],
    "y_values": [
        0.5039289593696594,
        0.0693851113319397,
        0.22823357582092285,
        0.3965376615524292,
        0.7522176504135132,
        0.8468685150146484,
        0.42400699853897095,
        0.42998170852661133,
        0.018934309482574463,
        0.9459818601608276,
        0.3124544620513916,
        0.6459990739822388,
        0.7619755268096924,
        0.3340287208557129,
        0.9660685062408447,
        0.987572968006134,
        0.22952872514724731,
        0.9105167388916016,
        0.18006324768066406,
        0.6589307188987732,
        0.2527781128883362,
        0.09362274408340454,
        0.42181074619293213,
        0.707942545413971,
        0.7432237863540649,
        0.9088060855865479,
        0.2192133069038391,
        0.6100535988807678,
        0.7949258089065552,
        0.2594350576400757,
        0.5798687934875488,
        0.2601870894432068,
        0.07567507028579712,
        0.47374987602233887,
        0.3206736445426941,
        0.8983981013298035,
        0.49502843618392944,
        0.10014015436172485,
        0.644596517086029,
        0.2862468957901001,
        0.3011748790740967,
        0.778252363204956,
        0.3631432056427002,
        0.2449137568473816,
        0.7577803730964661,
        0.3373240828514099,
        0.6545428037643433,
        0.507387101650238,
        0.43861299753189087,
        0.6761497855186462,
        0.3706251382827759,
        0.08013290166854858,
        0.21110355854034424,
        0.1936514973640442,
        0.23415768146514893,
        0.7174220681190491,
        0.6572381258010864,
        0.1010211706161499,
        0.7888932228088379,
        0.6618713736534119,
        0.3994053602218628,
        0.7283254861831665,
        0.8525708317756653,
        0.18802738189697266,
        0.8940410614013672,
        0.775201678276062,
        0.44263994693756104,
        0.4194287657737732,
        0.6578587293624878,
        0.8700034618377686,
        0.9025025963783264,
        0.2776351571083069,
        0.9025375247001648,
        0.6149018406867981,
        0.6092720031738281,
        0.2456377148628235,
        0.4067234396934509,
        0.08826315402984619,
        0.34719717502593994,
        0.9186288118362427,
        0.016772210597991943,
        0.8508867621421814,
        0.4858407974243164,
        0.37645798921585083,
        0.40092265605926514,
        0.4288296103477478,
        0.24537628889083862,
        0.9600207805633545,
        0.4395867586135864,
        0.2661305069923401,
        0.9315014481544495,
        0.22468417882919312,
        0.1875402331352234,
        0.9568811655044556,
        0.5142421126365662,
        0.7053715586662292,
        0.051956355571746826,
        0.08287155628204346,
        0.08419924974441528,
        0.9505724310874939
    ]
}