{
    "format": 2,
    "name": "n70k9_7",
    "n": 70,
    "k": 9,
    "optimal_solution": 9.094385147094727,
    "x_values": [
        0.18094831705093384,
        0.6435051560401917,
        0.9818003177642822,
        0.8980982899665833,
        0.9479371309280396,
        0.03254944086074829,
        0.7042574882507324,
        0.6718761324882507,
        0.47869187593460083,
        0.15275931358337402,
        0.12040257453918457,
        0.515387237071991,
        0.6237630248069763,
        0.5011248588562012,
        0.1591152548789978,
        0.28958773612976074,
        0.5650911927223206,
        0.7954223155975342,
        0.31350696086883545,
        0.6606128215789795,
        0.22156351804733276,
        0.8762754797935486,
        0.833446741104126,
        0.5851609706878662,
        0.6864458322525024,
        0.8985686302185059,
        0.37745338678359985,
        0.045218050479888916,
        0.34585875272750854,
        0.5458393692970276,
        0.9404560327529907,
        0.9449663758277893,
        0.9048985838890076,
        0.2563188076019287,
        0.8771019577980042,
        0.7384392023086548,
        0.720099687576294,
        0.45709967613220215,
        0.6866235733032227,
        0.10536229610443115,
        0.08614933490753174,
        0.959455668926239,
        0.09999948740005493,
        0.3433413505554199,
        0.5759220123291016,
        0.1952286958694458,
        0.10505884885787964,
        0.4814126491546631,
        0.139667809009552,
        0.8347079753875732,
        0.8116469979286194,
        0.704803466796875,
        0.26676636934280396,
        0.31305718421936035,
        0.5203262567520142,
        0.1318361759185791,
        0.864322304725647,
        0.8503236174583435,
        0.5930324196815491,
        0.19988369941711426,
        0.864009439945221,
        0.3536049723625183,
        0.7124271392822266,
        0.38868969678878784,
        0.9064973592758179,
        0.1996282935142517,
        0.5853791236877441,
        0.7102816104888916,
        0.45661693811416626,
        0.25091052055358887
    ],
    "y_values": [
        0.06994789838790894,
        0.1659376621246338,
        0.957543134689331,
        0.8491696715354919,
        0.5140090584754944,
        0.684486448764801,
        0.8634187579154968,
        0.4862443208694458,
        0.2623579502105713,
        0.19984185695648193,
        0.0313715934753418,
        0.554860532283783,
        0.3410993218421936,
        0.5580427646636963,
        0.8937262296676636,
        0.513599693775177,
        0.8236358761787415,
        0.5102389454841614,
        0.5319690108299255,
        0.7639786601066589,
        0.7466667294502258,
        0.2399711012840271,
        0.923873245716095,
        0.3797733187675476,
        0.11971163749694824,
        0.3427044749259949,
        0.6845754384994507,
        0.5104061365127563,
        0.566784679889679,
        0.9873541593551636,
        0.9420454502105713,
        0.8524197340011597,
        0.20657384395599365,
        0.7615183591842651,
        0.5974940657615662,
        0.9056904911994934,
        0.8630971908569336,
        0.26238590478897095,
        0.7322633266448975,
        0.45633798837661743,
        0.9699272513389587,
        0.24246877431869507,
        0.6952930688858032,
        0.9996861815452576,
        0.6938979625701904,
        0.8031495213508606,
        0.965791642665863,
        0.5149677991867065,
        0.7730517387390137,
        0.11313730478286743,
        0.2647760510444641,
        0.4638543128967285,
        0.4240911602973938,
        0.18222159147262573,
        0.5688900351524353,
        0.8026577830314636,
        0.1694626808166504,
        0.837067186832428,
        0.3030082583427429,
        0.86005038022995,
        0.14755672216415405,
        0.022269785404205322,
        0.04997974634170532,
        0.7366969585418701,
        0.8740078806877136,
        0.29052072763442993,
        0.05619311332702637,
        0.23619693517684937,
        0.25828421115875244,
        0.8090078830718994
    ]
}