{
    "format": 2,
    "name": "n70k9_14",
    "n": 70,
    "k": 9,
    "optimal_solution": 9.391494750976562,
    "x_values": [
        0.5941056609153748,
        0.5391149520874023,
        0.32670485973358154,
        0.2821686863899231,
        0.3814011216163635,
        0.9386244416236877,
        0.0028424859046936035,
        0.25294649600982666,
        0.5294540524482727,
        0.8761907815933228,
        0.3527860641479492,
        0.3352149724960327,
        0.9885523915290833,
        0.2072785496711731,
        0.28879010677337646,
        0.046357810497283936,
        0.637779951095581,
        0.8797927498817444,
        0.6088591814041138,
        0.25569331645965576,
        0.8627262711524963,
        0.5359542369842529,
        0.8051496148109436,
        0.13949960470199585,
        0.9463709592819214,
        0.42607659101486206,
        0.3128131031990051,
        0.7365033626556396,
        0.2751544713973999,
        0.04550981521606445,
        0.023545026779174805,
        0.6175691485404968,
        0.8686429262161255,
        0.16609352827072144,
        0.476393461227417,
        0.4790622591972351,
        0.4893888831138611,
        0.6610924601554871,
        0.6518790125846863,
        0.11215031147003174,
        0.6078276038169861,
        0.8153826594352722,
        0.009342730045318604,
        0.1589294672012329,
        0.7893478870391846,
        0.5550760626792908,
        0.18106597661972046,
        0.34894049167633057,
        0.16031676530838013,
        0.31719595193862915,
        0.7883041501045227,
        0.28732359409332275,
        0.9241728186607361,
        0.9980154037475586,
        0.9326096177101135,
        0.8167247176170349,
        0.34244000911712646,
        0.26017338037490845,
        0.26753705739974976,
        0.8861792087554932,
        0.20841246843338013,
        0.5441732406616211,
        0.39768052101135254,
        0.0002987384796142578,
        0.020448625087738037,
        0.7775805592536926,
        0.6588010787963867,
        0.9009917378425598,
        0.9533780217170715,
        0.589227557182312
    ],
    "y_values": [
        0.6271229386329651,
        0.9484586715698242,
        0.40712207555770874,
        0.3341931700706482,
        0.47480350732803345,
        0.9495964646339417,
        0.056222379207611084,
        0.9344622492790222,
        0.404920756816864,
        0.46848833560943604,
        0.7086228132247925,
        0.6064695119857788,
        0.5420497059822083,
        0.9884602427482605,
        0.6668458580970764,
        0.8519924283027649,
        0.5273626446723938,
        0.9488071203231812,
        0.5146118402481079,
        0.6214475631713867,
        0.6706821322441101,
        0.17315471172332764,
        0.18940269947052002,
        0.9869310259819031,
        0.4773215651512146,
        0.6561744809150696,
        0.429840624332428,
        0.22393780946731567,
        0.9439128637313843,
        0.05345529317855835,
        0.9181619882583618,
        0.6270243525505066,
        0.648529589176178,
        0.6834604740142822,
        0.6076540946960449,
        0.7497357726097107,
        0.7106837034225464,
        0.40882688760757446,
        0.5845142602920532,
        0.9542010426521301,
        0.6088029146194458,
        0.23990380764007568,
        0.6240071654319763,
        0.20004642009735107,
        0.5564246773719788,
        0.686919629573822,
        0.34948766231536865,
        0.26721078157424927,
        0.14351427555084229,
        0.9415155649185181,
        0.8214580416679382,
        0.7627909183502197,
        0.42410337924957275,
        0.6212136745452881,
        0.5732149481773376,
        0.05645549297332764,
        0.02558046579360962,
        0.2415168285369873,
        0.7045210599899292,
        0.0675085186958313,
        0.8103514909744263,
        0.05963897705078125,
        0.7281283140182495,
        0.7681249380111694,
        0.4742525815963745,
        0.14971494674682617,
        0.9986296892166138,
        0.7420995235443115,
        0.11491250991821289,
        0.02381795644760132
    ]
}