{
    "format": 2,
    "name": "n40k3_70",
    "n": 40,
    "k": 3,
    "optimal_solution": 9.49051284790039,
    "x_values": [
        0.6068388223648071,
        0.2413731813430786,
        0.010106325149536133,
        0.8180764317512512,
        0.622555136680603,
        0.07436567544937134,
        0.8109260201454163,
        0.5065131187438965,
        0.6909789443016052,
        0.7330657243728638,
        0.3907316327095032,
        0.06673699617385864,
        0.2572648525238037,
        0.5983498692512512,
        0.4603666663169861,
        0.4124579429626465,
        0.7961734533309937,
        0.6009577512741089,
        0.363991379737854,
        0.6703906655311584,
        0.6352051496505737,
        0.44430267810821533,
        0.18201392889022827,
        0.33054274320602417,
        0.08811229467391968,
        0.14828813076019287,
        0.1848505139350891,
        0.25870615243911743,
        0.8608177304267883,
        0.2725248336791992,
        0.4610668420791626,
        0.4760832190513611,
        0.020753562450408936,
        0.5588909983634949,
        0.8028971552848816,
        0.3369857668876648,
        0.9459568858146667,
        0.9593513011932373,
        0.063518226146698,
        0.5423343777656555
    ],
    "y_values": [
        0.6236209273338318,
        0.22760236263275146,
        0.19391310214996338,
        0.1941927671432495,
        0.1492096185684204,
        0.34710633754730225,
        0.20736253261566162,
        0.9359802603721619,
        0.3471091389656067,
        0.009765923023223877,
        0.11433613300323486,
        0.44338709115982056,
        0.4760291576385498,
        0.7809022068977356,
        0.16015851497650146,
        0.07387030124664307,
        0.11364132165908813,
        0.1573222279548645,
        0.8076733350753784,
        0.9109137654304504,
        0.7119659781455994,
        0.8885976076126099,
        0.45763295888900757,
        0.42524009943008423,
        0.14781475067138672,
        0.4728367328643799,
        0.5241658091545105,
        0.15975570678710938,
        0.9790236353874207,
        0.6985417604446411,
        0.6714680194854736,
        0.09364104270935059,
        0.25393062829971313,
        0.7732439637184143,
        0.3228916525840759,
        0.3934430480003357,
        0.38957512378692627,
        0.9170364141464233,
        0.881951093673706,
        0.6307260990142822
    ]
}