{
    "format": 2,
    "name": "n40k3_99",
    "n": 40,
    "k": 3,
    "optimal_solution": 10.10061264038086,
    "x_values": [
        0.9973262548446655,
        0.36643463373184204,
        0.9945771098136902,
        0.004791259765625,
        0.5317788124084473,
        0.4568297266960144,
        0.831577479839325,
        0.10572117567062378,
        0.928451657295227,
        0.8369162082672119,
        0.8211115598678589,
        0.8651697635650635,
        0.1901375651359558,
        0.14055609703063965,
        0.23631620407104492,
        0.9330027103424072,
        0.8606095314025879,
        0.7399663925170898,
        0.7003390789031982,
        0.2069454789161682,
        0.030821621417999268,
        0.17956548929214478,
        0.5731211304664612,
        0.16207998991012573,
        0.9060466289520264,
        0.8192697763442993,
        0.19064515829086304,
        0.007941901683807373,
        0.202673077583313,
        0.7557100057601929,
        0.4942935109138489,
        0.9222911596298218,
        0.21985691785812378,
        0.23325252532958984,
        0.38701826333999634,
        0.5063357949256897,
        0.24159127473831177,
        0.9062102437019348,
        0.7947450280189514,
        0.9731876850128174
    ],
    "y_values": [
        0.21929514408111572,
        0.5068091750144958,
        0.5172773003578186,
        0.863149881362915,
        0.4757048487663269,
        0.054504334926605225,
        0.7068673968315125,
        0.3336957097053528,
        0.6681171655654907,
        0.1508541703224182,
        0.6803020238876343,
        0.1308884620666504,
        0.6746113300323486,
        0.657085120677948,
        0.07832473516464233,
        0.6415789723396301,
        0.5792452096939087,
        0.981308102607727,
        0.2587888836860657,
        0.790634036064148,
        0.9513881802558899,
        0.8142696022987366,
        0.0714760422706604,
        0.7294914722442627,
        0.5550597310066223,
        0.20768845081329346,
        0.5894880890846252,
        0.26471227407455444,
        0.5751200318336487,
        0.7861708402633667,
        0.19323581457138062,
        0.7802730798721313,
        0.04278993606567383,
        0.9998446106910706,
        0.014448225498199463,
        0.9692417979240417,
        0.5812472701072693,
        0.24894708395004272,
        0.6346912384033203,
        0.8256391286849976
    ]
}