{
    "format": 2,
    "name": "n40k3_5",
    "n": 40,
    "k": 3,
    "optimal_solution": 10.164344787597656,
    "x_values": [
        0.292935311794281,
        0.7903576493263245,
        0.6032559871673584,
        0.7855515480041504,
        0.8160755634307861,
        0.6132055521011353,
        0.2559496760368347,
        0.1516352891921997,
        0.9650661945343018,
        0.3145999312400818,
        0.2960262894630432,
        0.26177579164505005,
        0.881012499332428,
        0.30259692668914795,
        0.9352353811264038,
        0.8858716487884521,
        0.7063460350036621,
        0.08615076541900635,
        0.30418723821640015,
        0.5289211869239807,
        0.9927809238433838,
        0.3432210683822632,
        0.1417561173439026,
        0.20545512437820435,
        0.46512341499328613,
        0.36550045013427734,
        0.54263836145401,
        0.03263622522354126,
        0.03398323059082031,
        0.07745617628097534,
        0.8803748488426208,
        0.761803925037384,
        0.28713345527648926,
        0.14412981271743774,
        0.04839205741882324,
        0.3130369186401367,
        0.5487622618675232,
        0.03263390064239502,
        0.24216735363006592,
        0.0816507339477539
    ],
    "y_values": [
        0.5031104683876038,
        0.5087955594062805,
        0.6967716217041016,
        0.3721609115600586,
        0.11639779806137085,
        0.2638636827468872,
        0.6802340149879456,
        0.14208120107650757,
        0.21641755104064941,
        0.24854552745819092,
        0.534758985042572,
        0.24487459659576416,
        0.5845695734024048,
        0.702677309513092,
        0.0840233564376831,
        0.21875512599945068,
        0.8912849426269531,
        0.054451823234558105,
        0.8486674427986145,
        0.011220693588256836,
        0.5774158835411072,
        0.16739869117736816,
        0.10460275411605835,
        0.2696914076805115,
        0.7381618022918701,
        0.1787182092666626,
        0.6332743167877197,
        0.10203737020492554,
        0.6211227774620056,
        0.4111012816429138,
        0.8307757377624512,
        0.1410447359085083,
        0.5465152263641357,
        0.3901941776275635,
        0.7771610617637634,
        0.8865328431129456,
        0.9526076912879944,
        0.8755254149436951,
        0.80913245677948,
        0.4310554265975952
    ]
}