{
    "format": 8,
    "name": "n90k6_96",
    "n": 90,
    "k": 6,
    "capacity": 15,
    "optimal_solution": 16.037324905395508,
    "x_values": [
        0.9484445452690125,
        0.8435854315757751,
        0.15983426570892334,
        0.789293646812439,
        0.2475460171699524,
        0.4654960632324219,
        0.4613068699836731,
        0.24636799097061157,
        0.6578174829483032,
        0.40560847520828247,
        0.6512846350669861,
        0.3371158838272095,
        0.10868710279464722,
        0.5568606853485107,
        0.2498643398284912,
        0.2823683023452759,
        0.14718812704086304,
        0.19167488813400269,
        0.7507256865501404,
        0.04372507333755493,
        0.5031608939170837,
        0.49850714206695557,
        0.5398867726325989,
        0.050112366676330566,
        0.38694649934768677,
        0.7960168719291687,
        0.6224337816238403,
        0.027460217475891113,
        0.6792862415313721,
        0.7481341361999512,
        0.2742135524749756,
        0.06901603937149048,
        0.4408864974975586,
        0.827038586139679,
        0.7411093711853027,
        0.6112297773361206,
        0.6918339729309082,
        0.5895670056343079,
        0.6052104234695435,
        0.27044928073883057,
        0.5351261496543884,
        0.021559417247772217,
        0.9355778098106384,
        0.9279787540435791,
        0.3016727566719055,
        0.2708374857902527,
        0.9017329812049866,
        0.4238364100456238,
        0.970127522945404,
        0.0817452073097229,
        0.03881192207336426,
        0.6673915386199951,
        0.7198907136917114,
        0.9233301877975464,
        0.01513683795928955,
        0.29401063919067383,
        0.13530176877975464,
        0.07227271795272827,
        0.31549549102783203,
        0.32552897930145264,
        0.6958659887313843,
        0.7428901791572571,
        0.9006567597389221,
        0.11850124597549438,
        0.5128116011619568,
        0.4867666959762573,
        0.3038250207901001,
        0.5952749252319336,
        0.008473515510559082,
        0.6478509902954102,
        0.3956872820854187,
        0.5337173938751221,
        0.18126517534255981,
        0.3079860210418701,
        0.2848818302154541,
        0.9176021814346313,
        0.04414421319961548,
        0.693220853805542,
        0.6085535883903503,
        0.8897621035575867,
        0.45864254236221313,
        0.6280616521835327,
        0.5481483936309814,
        0.6725378036499023,
        0.8937296271324158,
        0.5091989636421204,
        0.773634135723114,
        0.44463300704956055,
        0.21817922592163086,
        0.18656480312347412
    ],
    "y_values": [
        0.7992943525314331,
        0.40148985385894775,
        0.6843878030776978,
        0.2153090238571167,
        0.24597680568695068,
        0.21662640571594238,
        0.4218705892562866,
        0.7833359241485596,
        0.7314453721046448,
        0.8533212542533875,
        0.24354922771453857,
        0.5321394205093384,
        0.3015718460083008,
        0.8794001936912537,
        0.8848088383674622,
        0.3221750259399414,
        0.4205631613731384,
        0.8025987148284912,
        0.7417351007461548,
        0.17452847957611084,
        0.45029157400131226,
        0.41856348514556885,
        0.3330354690551758,
        0.10898566246032715,
        0.8261414170265198,
        0.7492411136627197,
        0.08108150959014893,
        0.2905428409576416,
        0.7493455410003662,
        0.9834119081497192,
        0.6442247629165649,
        0.9077110290527344,
        0.5065441727638245,
        0.7983748912811279,
        0.7133094668388367,
        0.8891658186912537,
        0.26811063289642334,
        0.08061105012893677,
        0.11794567108154297,
        0.24890518188476562,
        0.05849570035934448,
        0.6966862082481384,
        0.09263253211975098,
        0.6628167033195496,
        0.6626290082931519,
        0.7560957670211792,
        0.5557553172111511,
        0.2751805782318115,
        0.30591660737991333,
        0.6432437300682068,
        0.9670336246490479,
        0.7108584046363831,
        0.194851815700531,
        0.6635106801986694,
        0.6253092288970947,
        0.16928768157958984,
        0.1720191240310669,
        0.2503126859664917,
        0.1617254614830017,
        0.3811611533164978,
        0.864753007888794,
        0.5254600644111633,
        0.7290380001068115,
        0.4967880845069885,
        0.042135000228881836,
        0.8077111840248108,
        0.39988917112350464,
        0.9093558192253113,
        0.0988345742225647,
        0.5501222014427185,
        0.052139103412628174,
        0.2035691738128662,
        0.8502725958824158,
        0.2581774592399597,
        0.2256031632423401,
        0.6858296990394592,
        0.8071476817131042,
        0.21222597360610962,
        0.839486837387085,
        0.10304528474807739,
        0.7310208678245544,
        0.4946831464767456,
        0.6665759682655334,
        0.5108442306518555,
        0.3365786075592041,
        0.14131051301956177,
        0.5754876732826233,
        0.29513055086135864,
        0.875034511089325,
        0.7524919509887695
    ]
}