{
    "format": 10,
    "name": "n20k2_27",
    "n": 20,
    "k": 2,
    "optimal_solution": 21.79970066502419,
    "x_values": [
        0.5516469339264275,
        0.6119483626205209,
        0.08621548165193271,
        0.30929071752846216,
        0.9995950439343869,
        0.7188696598907195,
        0.5256956548303001,
        0.769164550374698,
        0.8233393995083906,
        0.07375071291123902,
        0.9723797315137659,
        0.6423385893863813,
        0.4499744956629961,
        0.680108990649581,
        0.3445147807026997,
        0.8779601516504117,
        0.7802629288383084,
        0.639793929366663,
        0.18196313655213736,
        0.9662646139341068
    ],
    "y_values": [
        0.43261828648197487,
        0.9107122709468873,
        0.05541285001777707,
        0.12416112063901219,
        0.15301546681020062,
        0.16465707989012413,
        0.3226607511545556,
        0.7093321325292459,
        0.34602308234187307,
        0.9409040549315347,
        0.8949259168211244,
        0.8459337061558656,
        0.25060530898199906,
        0.6350570913877459,
        0.5508414154831397,
        0.1251702951269027,
        0.30282460610887607,
        0.5334780297683805,
        0.5025731447412627,
        0.16863590174770682
    ],
    "costs": [
        47.37231445408681,
        11.938742009580341,
        34.64297930226894,
        37.428474579677285,
        32.23125085378349,
        42.913850185102504,
        30.36281154940831,
        42.13563202969844,
        6.2768069554494925,
        7.045781148110389,
        33.86541802209621,
        30.95470541648206,
        34.30084898685199,
        39.513155041234,
        23.74640526484608,
        33.75460364939917,
        27.411712706125222,
        33.2223804634138,
        18.035224556072258,
        48.049257647948224
    ]
}