{
    "format": 10,
    "name": "n20k2_10",
    "n": 20,
    "k": 2,
    "optimal_solution": 17.818503227025403,
    "x_values": [
        0.8193011743110851,
        0.9647207730340877,
        0.10809874965760657,
        0.025678425497466018,
        0.3119572443946952,
        0.6773472868504088,
        0.9581728382058959,
        0.3966544415166273,
        0.7150147050494684,
        0.07599647784305996,
        0.6906144159329803,
        0.6272423956010444,
        0.10190130544597653,
        0.772480884951224,
        0.8502932390887963,
        0.6004116148168441,
        0.12105506506731512,
        0.9838443515146713,
        0.7826353463610196,
        0.347203765308449
    ],
    "y_values": [
        0.42837801323474445,
        0.3705708762180562,
        0.5059607896770779,
        0.3412311748612832,
        0.8495756269995773,
        0.8223309180900581,
        0.10553887064399858,
        0.9607875672145786,
        0.6355851061014459,
        0.8287073110024582,
        0.7073086437060769,
        0.43548714500767705,
        0.7337953040133919,
        0.9654737312380777,
        0.27008239638740084,
        0.8081992188067559,
        0.5381729064482558,
        0.4834975038831961,
        0.4355744930038943,
        0.7310262143051223
    ],
    "costs": [
        17.07779921221514,
        43.327092200869934,
        42.382895850077155,
        8.899830412505349,
        44.67340328012474,
        15.97385476359302,
        25.911880997145428,
        32.46492669037343,
        22.054518685771882,
        6.291499899654031,
        43.29287763406066,
        13.18279357209613,
        14.545393258088255,
        40.902456057264345,
        20.315247942392766,
        44.61439908912014,
        36.55326876494907,
        17.43208590902832,
        5.45680014974047,
        47.662815999966405
    ]
}