{
    "format": 10,
    "name": "n20k2_46",
    "n": 20,
    "k": 2,
    "optimal_solution": 19.990396895331894,
    "x_values": [
        0.1029049150218696,
        0.5739123051920565,
        0.7227783733258665,
        0.22840442315325105,
        0.5088248849106468,
        0.04403790726280954,
        0.8629284949026113,
        0.24455145035670345,
        0.47176458957773815,
        0.3829794743673991,
        0.15008466824115008,
        0.9311600771571855,
        0.8574851977479724,
        0.5528647884958645,
        0.913947669521129,
        0.7406658281065769,
        0.4193693043627985,
        0.32180201447206125,
        0.41625659850131536,
        0.7202879214281971
    ],
    "y_values": [
        0.27125795800981667,
        0.07788706996691197,
        0.3728081667378613,
        0.5020409425595828,
        0.9019410092582714,
        0.17934435027230566,
        0.8043380194587567,
        0.981413863941495,
        0.9540794074604276,
        0.0689264377727451,
        0.4650941779168861,
        0.28230687062090243,
        0.844846504261328,
        0.3273009217261189,
        0.5530913953240676,
        0.007969173557455522,
        0.20067115345295583,
        0.5638067408241869,
        0.30390930726808296,
        0.6227175238921046
    ],
    "costs": [
        25.87670107612247,
        31.626092074316727,
        27.20123041346982,
        39.7675968327736,
        13.794009074277056,
        45.519948375189045,
        39.221699914476346,
        16.03070934694623,
        5.287004723831183,
        23.451624930470896,
        15.484898383688433,
        20.58906639827328,
        42.78083031032782,
        44.47393764132087,
        47.79456179645495,
        5.065791824100999,
        34.5786732579199,
        43.20526945005148,
        37.72467675684376,
        9.677705870820184
    ]
}