{
    "format": 10,
    "name": "n20k5_28",
    "n": 20,
    "k": 5,
    "optimal_solution": 94.8293497060404,
    "x_values": [
        0.10431317742828672,
        0.5529067753079242,
        0.03205915411170435,
        0.6890245497477345,
        0.4886133225771673,
        0.18669210522620927,
        0.0694910355757572,
        0.9629945560238816,
        0.283817620619329,
        0.2330394259922618,
        0.6595698932140744,
        0.0699794326325035,
        0.05745318061599325,
        0.5185316801894239,
        0.17182571684399295,
        0.8597073473767373,
        0.4108612343006228,
        0.15703545503016647,
        0.11074394828928757,
        0.5364530192197352
    ],
    "y_values": [
        0.4782511423762348,
        0.06876299075031944,
        0.9550967656343243,
        0.8656994939333177,
        0.1299322833899339,
        0.20567700497625152,
        0.43220067633611037,
        0.7096716140567708,
        0.4747800242810044,
        0.603709448688413,
        0.9391542547219525,
        0.5874919533951046,
        0.5024750211594405,
        0.6848359291177722,
        0.27544097752647645,
        0.00744330876384014,
        0.14269198809364125,
        0.06397004294829534,
        0.39923691455162014,
        0.8075658324870476
    ],
    "costs": [
        28.66354271620598,
        45.963614252323715,
        44.565772616067065,
        25.709205201426858,
        30.92597385316204,
        38.17808199003056,
        17.95603032472328,
        44.644733304905245,
        25.53379808072137,
        36.51424428760093,
        37.024157014903466,
        18.38519273399611,
        32.58623802702376,
        41.44931441726517,
        12.880682935397132,
        16.211066790528704,
        45.49840791373061,
        37.995977881874495,
        25.602266842945845,
        45.987489295442415
    ]
}