{
    "format": 10,
    "name": "n20k5_14",
    "n": 20,
    "k": 5,
    "optimal_solution": 69.89832953868587,
    "x_values": [
        0.630409880337339,
        0.7130928146227296,
        0.9794869379377804,
        0.8486162610031903,
        0.7370783133705054,
        0.5958395505776892,
        0.5543045252489027,
        0.29077453193826386,
        0.48749651312589914,
        0.48610096062239794,
        0.5910392755613787,
        0.6114952931946587,
        0.6786679171403731,
        0.8166892369660302,
        0.48790149563480745,
        0.7142903287761262,
        0.5283088089452658,
        0.4220045475393783,
        0.3158501502369022,
        0.06351056894547391
    ],
    "y_values": [
        0.892877196135374,
        0.41713745809451186,
        0.4733379715453143,
        0.4947888003490618,
        0.9389644760353849,
        0.3467641133690281,
        0.6975144403892011,
        0.020806924710671804,
        0.2880107814536179,
        0.19220129750103077,
        0.3438473898031613,
        0.23210311314192367,
        0.21970234504087793,
        0.9090701541675186,
        0.33915299863916326,
        0.6021001328040196,
        0.8424671345591482,
        0.6569581364726073,
        0.1311585670946046,
        0.2933940419777855
    ],
    "costs": [
        37.01233336751688,
        48.19115157245657,
        42.488633560790596,
        35.28982821377001,
        38.056308449890466,
        40.81876986663504,
        40.9889776534764,
        43.00390777953832,
        32.98290702942302,
        17.71057468713365,
        38.71644358246502,
        35.01754035599559,
        10.809344930932667,
        13.976790026084588,
        32.25870532653002,
        9.540667650898623,
        23.719296287279285,
        49.71952559216044,
        18.664335202890268,
        14.424482360909678
    ]
}