{
    "format": 10,
    "name": "n20k5_49",
    "n": 20,
    "k": 5,
    "optimal_solution": 67.07718077831893,
    "x_values": [
        0.5583744680428977,
        0.9576157713949134,
        0.9209041007619821,
        0.0595773898911619,
        0.34934753448410727,
        0.8487514991263234,
        0.8667725084621226,
        0.8190104524742757,
        0.29469728812864704,
        0.14414024230280764,
        0.8533122059069602,
        0.9718196014414858,
        0.9129539088985098,
        0.24249740847004475,
        0.8278218077464937,
        0.0558656658753407,
        0.13780131278362717,
        0.9620519853814,
        0.7039628561070306,
        0.37746078322143495
    ],
    "y_values": [
        0.02634688240380978,
        0.96491319257549,
        0.37168423126700023,
        0.7014017634541528,
        0.6627473203957608,
        0.0737702956559253,
        0.8374371945405427,
        0.8704769772155075,
        0.030185730359603924,
        0.3652442182695679,
        0.07899329248849896,
        0.077065296564085,
        0.5691831546356378,
        0.8137112588919316,
        0.14971722487671446,
        0.1824245115352029,
        0.743557938487175,
        0.7481071243245156,
        0.6985639255401921,
        0.29950769595939286
    ],
    "costs": [
        23.51851174619111,
        20.180164575418928,
        40.162860855595184,
        36.28611609782594,
        17.90460817521065,
        12.014930119365719,
        44.652071400809604,
        6.4453598274872554,
        38.80098181077174,
        27.6482940257765,
        5.489040932339284,
        42.47060424881379,
        35.59565948449737,
        44.41894311788188,
        29.93701645741838,
        42.32832038113807,
        46.36176035361685,
        27.584259687151967,
        36.92087669096267,
        24.065161771440955
    ]
}