{
    "format": 2,
    "name": "n70k8_30",
    "n": 70,
    "k": 8,
    "optimal_solution": 10.04286003112793,
    "x_values": [
        0.2812753915786743,
        0.5553414225578308,
        0.8418269157409668,
        0.13609129190444946,
        0.9676554203033447,
        0.8217266201972961,
        0.6350045800209045,
        0.8806596994400024,
        0.6509377360343933,
        0.5726481080055237,
        0.017731010913848877,
        0.21827685832977295,
        0.02341139316558838,
        0.8897415995597839,
        0.5533891320228577,
        0.37374401092529297,
        0.2757052183151245,
        0.20900887250900269,
        0.7354112267494202,
        0.3120478391647339,
        0.0044901371002197266,
        0.0599331259727478,
        0.13915187120437622,
        0.7031053900718689,
        0.5584796071052551,
        0.335490882396698,
        0.2525218725204468,
        0.28686344623565674,
        0.4633294343948364,
        0.7218142747879028,
        0.18442940711975098,
        0.145269513130188,
        0.5373345017433167,
        0.47321951389312744,
        0.902631938457489,
        0.21626001596450806,
        0.43336373567581177,
        0.5971587896347046,
        0.7771803140640259,
        0.4998618960380554,
        0.00866401195526123,
        0.9534634351730347,
        0.5872163772583008,
        0.3701930642127991,
        0.8572292923927307,
        0.5749536752700806,
        0.9577804207801819,
        0.03465878963470459,
        0.20960009098052979,
        0.12839949131011963,
        0.9412102103233337,
        0.747806191444397,
        0.8074008226394653,
        0.6011629104614258,
        0.06374204158782959,
        0.3215128183364868,
        0.4915772080421448,
        0.34060245752334595,
        0.20243757963180542,
        0.03589051961898804,
        0.7480656504631042,
        0.07597494125366211,
        0.4426785707473755,
        0.9104742407798767,
        0.645956814289093,
        0.3188283443450928,
        0.8039279580116272,
        0.3831068277359009,
        0.39492177963256836,
        0.3417142629623413
    ],
    "y_values": [
        0.04865622520446777,
        0.9548957347869873,
        0.25875169038772583,
        0.8761783242225647,
        0.010937035083770752,
        0.8462868928909302,
        0.586993396282196,
        0.8372301459312439,
        0.48137176036834717,
        0.18395310640335083,
        0.10079753398895264,
        0.2339760661125183,
        0.5614514350891113,
        0.3612401485443115,
        0.8248730897903442,
        0.8614680767059326,
        0.3362690806388855,
        0.09162789583206177,
        0.49266189336776733,
        0.8735573291778564,
        0.6753683090209961,
        0.5733727216720581,
        0.20680034160614014,
        0.4391877055168152,
        0.0928223729133606,
        0.47954708337783813,
        0.6485576629638672,
        0.9529760479927063,
        0.972222089767456,
        0.4798201322555542,
        0.05765599012374878,
        0.3399525284767151,
        0.5539677739143372,
        0.09324914216995239,
        0.016415417194366455,
        0.19617855548858643,
        0.14919686317443848,
        0.4273377060890198,
        0.6154954433441162,
        0.9548317193984985,
        0.7045791745185852,
        0.03367334604263306,
        0.03121018409729004,
        0.1645106077194214,
        0.916902482509613,
        0.6550614833831787,
        0.7062382698059082,
        0.8356313705444336,
        0.4554312825202942,
        0.3555474877357483,
        0.5815477967262268,
        0.08164846897125244,
        0.8857474327087402,
        0.7044246196746826,
        0.2639172673225403,
        0.37917155027389526,
        0.04205942153930664,
        0.35710644721984863,
        0.7465031743049622,
        0.843199610710144,
        0.060297489166259766,
        0.2227742075920105,
        0.01944023370742798,
        0.9483859539031982,
        0.20583289861679077,
        0.7469296455383301,
        0.04194331169128418,
        0.6306361556053162,
        0.4566248655319214,
        0.8766064643859863
    ]
}