{
    "format": 8,
    "name": "n50k7_51",
    "n": 50,
    "k": 7,
    "capacity": 8,
    "optimal_solution": 7.939011573791504,
    "x_values": [
        0.5389341115951538,
        0.5846915245056152,
        0.46334099769592285,
        0.3397139310836792,
        0.4259706139564514,
        0.3983495831489563,
        0.7684136629104614,
        0.37524324655532837,
        0.7365668416023254,
        0.21243280172348022,
        0.24928081035614014,
        0.9684106111526489,
        0.7393133640289307,
        0.8215389847755432,
        0.41690486669540405,
        0.6112631559371948,
        0.49955129623413086,
        0.08091652393341064,
        0.06353527307510376,
        0.766813337802887,
        0.5609011650085449,
        0.34719598293304443,
        0.6991451382637024,
        0.799950361251831,
        0.3026845455169678,
        0.14740049839019775,
        0.9641541242599487,
        0.26626282930374146,
        0.7268288731575012,
        0.725281834602356,
        0.833310067653656,
        0.9893717169761658,
        0.9042730331420898,
        0.5907353162765503,
        0.05043351650238037,
        0.5685425400733948,
        0.14854967594146729,
        0.2811325192451477,
        0.44333839416503906,
        0.2520572543144226,
        0.07562518119812012,
        0.3161890506744385,
        0.10172849893569946,
        0.22781109809875488,
        0.8621155023574829,
        0.13106799125671387,
        0.8552869558334351,
        0.927001953125,
        0.8536835312843323,
        0.21952497959136963
    ],
    "y_values": [
        0.09806668758392334,
        0.8162453174591064,
        0.5001941919326782,
        0.36687713861465454,
        0.08460307121276855,
        0.37737977504730225,
        0.328885018825531,
        0.8169358968734741,
        0.8694906234741211,
        0.02408134937286377,
        0.9942732453346252,
        0.6137672662734985,
        0.3705361485481262,
        0.4446713924407959,
        0.754769504070282,
        0.8362051844596863,
        0.14919227361679077,
        0.71715247631073,
        0.7238473892211914,
        0.24172282218933105,
        0.37386554479599,
        0.6585466265678406,
        0.03291797637939453,
        0.2281011939048767,
        0.7818269729614258,
        0.017236828804016113,
        0.8885837197303772,
        0.1544012427330017,
        0.20414191484451294,
        0.8318430185317993,
        0.375521719455719,
        0.10505717992782593,
        0.062175750732421875,
        0.7174431085586548,
        0.29958945512771606,
        0.5801275968551636,
        0.6227962374687195,
        0.6542839407920837,
        0.17241394519805908,
        0.9604924321174622,
        0.9281984567642212,
        0.13276857137680054,
        0.5286072492599487,
        0.6290958523750305,
        0.7519655227661133,
        0.49660420417785645,
        0.8544135093688965,
        0.8341160416603088,
        0.032604098320007324,
        0.3594514727592468
    ]
}