{
    "format": 8,
    "name": "n50k7_21",
    "n": 50,
    "k": 7,
    "capacity": 8,
    "optimal_solution": 8.134634017944336,
    "x_values": [
        0.4039679169654846,
        0.9133414626121521,
        0.4105188250541687,
        0.8139917850494385,
        0.1664515733718872,
        0.279674768447876,
        0.012274384498596191,
        0.9623013138771057,
        0.7787124514579773,
        0.47813552618026733,
        0.4717121124267578,
        0.21468466520309448,
        0.8170230388641357,
        0.508222758769989,
        0.5517844557762146,
        0.11130988597869873,
        0.09626215696334839,
        0.8881418108940125,
        0.422124981880188,
        0.361957311630249,
        0.7948594689369202,
        0.12205302715301514,
        0.42413634061813354,
        0.19848936796188354,
        0.5916576385498047,
        0.04191601276397705,
        0.3132668733596802,
        0.6558930277824402,
        0.11846166849136353,
        0.7177816033363342,
        0.3745099902153015,
        0.692876398563385,
        0.4882045388221741,
        0.5874394178390503,
        0.013522863388061523,
        0.6739361882209778,
        0.6226679682731628,
        0.7638989686965942,
        0.03595376014709473,
        0.4127161502838135,
        0.8144417405128479,
        0.45060646533966064,
        0.8214706778526306,
        0.7056898474693298,
        0.38888317346572876,
        0.188978910446167,
        0.5220160484313965,
        0.034555912017822266,
        0.1579083800315857,
        0.6287940740585327
    ],
    "y_values": [
        0.33366405963897705,
        0.1536300778388977,
        0.3988029956817627,
        0.647387683391571,
        0.5505857467651367,
        0.7329413294792175,
        0.07276028394699097,
        0.3508358597755432,
        0.2800840139389038,
        0.08525305986404419,
        0.6746020317077637,
        0.2864612340927124,
        0.19152158498764038,
        0.7868540287017822,
        0.056391239166259766,
        0.12426614761352539,
        0.8435699939727783,
        0.8658952713012695,
        0.23477321863174438,
        0.9541018009185791,
        0.3928981423377991,
        0.15225940942764282,
        0.6210512518882751,
        0.770580530166626,
        0.5263420343399048,
        0.5263065695762634,
        0.9974001049995422,
        0.6427847146987915,
        0.3324449062347412,
        0.20951753854751587,
        0.019662797451019287,
        0.8675424456596375,
        0.530766487121582,
        0.31931328773498535,
        0.8930062055587769,
        0.5761237144470215,
        0.7212432622909546,
        0.13178807497024536,
        0.2771838903427124,
        0.8179953694343567,
        0.4695279002189636,
        0.020995259284973145,
        0.0865931510925293,
        0.29612892866134644,
        0.8896859884262085,
        0.8925839066505432,
        0.14053386449813843,
        0.5526593923568726,
        0.4201105833053589,
        0.133806049823761
    ]
}