{
    "format": 8,
    "name": "n60k3_29",
    "n": 60,
    "k": 3,
    "capacity": 20,
    "optimal_solution": 16.057641983032227,
    "x_values": [
        0.8192635774612427,
        0.7701805233955383,
        0.5370341539382935,
        0.00589144229888916,
        0.9813663363456726,
        0.018715083599090576,
        0.23230844736099243,
        0.8728318810462952,
        0.6800368428230286,
        0.8883917927742004,
        0.6880825757980347,
        0.46625852584838867,
        0.7768217325210571,
        0.14596962928771973,
        0.32297009229660034,
        0.7498803734779358,
        0.7137802839279175,
        0.9676843881607056,
        0.6670529842376709,
        0.5258257389068604,
        0.9135251641273499,
        0.2633860111236572,
        0.3667038679122925,
        0.24073368310928345,
        0.6109168529510498,
        0.6572008728981018,
        0.814659595489502,
        0.5022005438804626,
        0.711944043636322,
        0.3180345296859741,
        0.1450386643409729,
        0.5020866990089417,
        0.19375336170196533,
        0.24889296293258667,
        0.9930894374847412,
        0.17670798301696777,
        0.02705538272857666,
        0.16188949346542358,
        0.8242177963256836,
        0.5209088921546936,
        0.573952317237854,
        0.20738822221755981,
        0.6152479648590088,
        0.8119778037071228,
        0.6136229038238525,
        0.6492036581039429,
        0.8402681350708008,
        0.8918509483337402,
        0.5026586651802063,
        0.18464702367782593,
        0.208562970161438,
        0.5857369303703308,
        0.38486045598983765,
        0.7890774011611938,
        0.4601893424987793,
        0.19518935680389404,
        0.38521409034729004,
        0.5219854712486267,
        0.06652337312698364,
        0.6243134140968323
    ],
    "y_values": [
        0.23540204763412476,
        0.498268723487854,
        0.9574120044708252,
        0.05176132917404175,
        0.2067679762840271,
        0.8793056607246399,
        0.5421870350837708,
        0.45922261476516724,
        0.12460249662399292,
        0.21666377782821655,
        0.9178979396820068,
        0.2045760154724121,
        0.18499577045440674,
        0.5708348155021667,
        0.9900520443916321,
        0.39106106758117676,
        0.6276974678039551,
        0.7745400667190552,
        0.13789647817611694,
        0.9137299656867981,
        0.24417471885681152,
        0.39369308948516846,
        0.04881787300109863,
        0.6086819171905518,
        0.6205238699913025,
        0.10923629999160767,
        0.5666981935501099,
        0.7073146104812622,
        0.2910906672477722,
        0.6280234456062317,
        0.9442424178123474,
        0.8179737329483032,
        0.8431466221809387,
        0.2498202919960022,
        0.8465259075164795,
        0.2519526481628418,
        0.062446534633636475,
        0.6268159747123718,
        0.2379758358001709,
        0.7151922583580017,
        0.9428120255470276,
        0.6906964778900146,
        0.3246961236000061,
        0.02473771572113037,
        0.06463581323623657,
        0.2314361333847046,
        0.9396352767944336,
        0.9190187454223633,
        0.6763002872467041,
        0.6840466260910034,
        0.1862090826034546,
        0.20211470127105713,
        0.11420756578445435,
        0.05191028118133545,
        0.7563714981079102,
        0.49561065435409546,
        0.22595596313476562,
        0.025957822799682617,
        0.16722869873046875,
        0.9635187387466431
    ]
}