{
    "format": 8,
    "name": "n60k3_4",
    "n": 60,
    "k": 3,
    "capacity": 20,
    "optimal_solution": 17.451143264770508,
    "x_values": [
        0.25954413414001465,
        0.8118968605995178,
        0.37371164560317993,
        0.2724933624267578,
        0.7420902252197266,
        0.7529411911964417,
        0.5039408802986145,
        0.7690635919570923,
        0.5242345333099365,
        0.3088751435279846,
        0.6169630885124207,
        0.8817706108093262,
        0.5518383979797363,
        0.063587486743927,
        0.0050331950187683105,
        0.48194414377212524,
        0.38514119386672974,
        0.6889743804931641,
        0.02277088165283203,
        0.29120832681655884,
        0.5347411632537842,
        0.9106177091598511,
        0.5069213509559631,
        0.8624424338340759,
        0.4747546911239624,
        0.14486074447631836,
        0.009212672710418701,
        0.48224472999572754,
        0.34643441438674927,
        0.9588159322738647,
        0.09850692749023438,
        0.8297317028045654,
        0.3315165042877197,
        0.9411689043045044,
        0.1858101487159729,
        0.5112151503562927,
        0.469659686088562,
        0.8475708365440369,
        0.7929648756980896,
        0.9344464540481567,
        0.49981796741485596,
        0.3821490406990051,
        0.7524715065956116,
        0.9794102311134338,
        0.29731881618499756,
        0.5784763097763062,
        0.1346428394317627,
        0.3771868348121643,
        0.9974672198295593,
        0.981491208076477,
        0.0057637691497802734,
        0.060097694396972656,
        0.0065348148345947266,
        0.32597815990448,
        0.30399537086486816,
        0.7382261753082275,
        0.7017684578895569,
        0.1989607810974121,
        0.7248407006263733,
        0.4144688844680786
    ],
    "y_values": [
        0.3911105990409851,
        0.4622252583503723,
        0.9927904605865479,
        0.5306069254875183,
        0.9257526993751526,
        0.7395361661911011,
        0.4115009903907776,
        0.3175874948501587,
        0.038462817668914795,
        0.5428550839424133,
        0.40984296798706055,
        0.46137624979019165,
        0.32255852222442627,
        0.32489508390426636,
        0.13621771335601807,
        0.6094838380813599,
        0.6455491185188293,
        0.7572283148765564,
        0.2334582805633545,
        0.22816067934036255,
        0.43246889114379883,
        0.17298579216003418,
        0.8446066975593567,
        0.9654232859611511,
        0.3362578749656677,
        0.630172610282898,
        0.9862636923789978,
        0.29727935791015625,
        0.8198544979095459,
        0.2919900417327881,
        0.215886652469635,
        0.6565556526184082,
        0.5007026791572571,
        0.42847973108291626,
        0.31146395206451416,
        0.8001649379730225,
        0.409878671169281,
        0.6435672640800476,
        0.7714352011680603,
        0.1126508116722107,
        0.3471837639808655,
        0.7293474674224854,
        0.870137095451355,
        0.47096318006515503,
        0.2751666307449341,
        0.02582496404647827,
        0.8406045436859131,
        0.25397932529449463,
        0.18162578344345093,
        0.9524984359741211,
        0.7451943755149841,
        0.5026314854621887,
        0.761478066444397,
        0.09109896421432495,
        0.5283589959144592,
        0.5180332064628601,
        0.3105508089065552,
        0.007271945476531982,
        0.8395118117332458,
        0.10038173198699951
    ]
}