{
    "format": 2,
    "name": "n30k9_52",
    "n": 30,
    "k": 9,
    "optimal_solution": 2.6744704246520996,
    "x_values": [
        0.4072256088256836,
        0.8428161144256592,
        0.22133642435073853,
        0.26493823528289795,
        0.2940105199813843,
        0.8184447288513184,
        0.7121936082839966,
        0.0469592809677124,
        0.2631065845489502,
        0.3942343592643738,
        0.41107362508773804,
        0.9201952815055847,
        0.9659096598625183,
        0.2679087519645691,
        0.582653284072876,
        0.9053134322166443,
        0.9745638966560364,
        0.5437846183776855,
        0.8350671529769897,
        0.904305636882782,
        0.6147394776344299,
        0.9324339628219604,
        0.43307268619537354,
        0.43448829650878906,
        0.186684250831604,
        0.08542090654373169,
        0.2797936201095581,
        0.1530747413635254,
        0.4203898310661316,
        0.9728973507881165
    ],
    "y_values": [
        0.9196612238883972,
        0.6275959610939026,
        0.516777515411377,
        0.40367209911346436,
        0.8284586071968079,
        0.26374566555023193,
        0.6784612536430359,
        0.3010712265968323,
        0.44797033071517944,
        0.803138017654419,
        0.11715167760848999,
        0.7065728902816772,
        0.5938770771026611,
        0.8288919925689697,
        0.6326199769973755,
        0.7581892609596252,
        0.4617242217063904,
        0.36430424451828003,
        0.8839591145515442,
        0.6165745854377747,
        0.9247445464134216,
        0.6350882649421692,
        0.08375340700149536,
        0.15435129404067993,
        0.9226160049438477,
        0.10111671686172485,
        0.07682424783706665,
        0.38465452194213867,
        0.8974038362503052,
        0.6835444569587708
    ]
}