{
    "format": 2,
    "name": "n30k9_19",
    "n": 30,
    "k": 9,
    "optimal_solution": 3.160581588745117,
    "x_values": [
        0.1109587550163269,
        0.7260329127311707,
        0.5063302516937256,
        0.26472705602645874,
        0.4763551354408264,
        0.3395010828971863,
        0.30842387676239014,
        0.3872227668762207,
        0.9624075889587402,
        0.45710742473602295,
        0.3536111116409302,
        0.19041913747787476,
        0.8741518259048462,
        0.1043972373008728,
        0.39068716764450073,
        0.38308238983154297,
        0.29961109161376953,
        0.3984649181365967,
        0.819955587387085,
        0.4089319705963135,
        0.5425783395767212,
        0.34953445196151733,
        0.19360065460205078,
        0.5847077369689941,
        0.9635080099105835,
        0.3989008665084839,
        0.3966233730316162,
        0.08518409729003906,
        0.7591275572776794,
        0.9695373177528381
    ],
    "y_values": [
        0.43333888053894043,
        0.23459964990615845,
        0.12601929903030396,
        0.6584296226501465,
        0.9295582175254822,
        0.475911021232605,
        0.8046990036964417,
        0.21497398614883423,
        0.7996092438697815,
        0.6284575462341309,
        0.8801349997520447,
        0.17545825242996216,
        0.8862586617469788,
        0.9785569310188293,
        0.7594075798988342,
        0.3050135374069214,
        0.2838573455810547,
        0.853772759437561,
        0.2109668254852295,
        0.025158405303955078,
        0.43177539110183716,
        0.18159329891204834,
        0.2971208691596985,
        0.19082850217819214,
        0.2695828676223755,
        0.06817090511322021,
        0.23232245445251465,
        0.46226561069488525,
        0.3763805627822876,
        0.07496613264083862
    ]
}