{
    "format": 2,
    "name": "n30k9_51",
    "n": 30,
    "k": 9,
    "optimal_solution": 3.0892980098724365,
    "x_values": [
        0.49890488386154175,
        0.1739775538444519,
        0.9926635026931763,
        0.39715296030044556,
        0.23213183879852295,
        0.8916874527931213,
        0.727694571018219,
        0.17968803644180298,
        0.3882443904876709,
        0.32325541973114014,
        0.5824888944625854,
        0.25451940298080444,
        0.15774321556091309,
        0.21144187450408936,
        0.2999659776687622,
        0.612878680229187,
        0.23386168479919434,
        0.40120476484298706,
        0.9877617955207825,
        0.16564184427261353,
        0.1770889163017273,
        0.344119131565094,
        0.5350186824798584,
        0.668731153011322,
        0.6207420825958252,
        0.30553483963012695,
        0.7509941458702087,
        0.36008399724960327,
        0.4199138283729553,
        0.8107820153236389
    ],
    "y_values": [
        0.3409563899040222,
        0.429950475692749,
        0.46443575620651245,
        0.849294126033783,
        0.7418211102485657,
        0.6003746390342712,
        0.1029316782951355,
        0.18275797367095947,
        0.035864949226379395,
        0.4586871266365051,
        0.5444149374961853,
        0.08483749628067017,
        0.4611269235610962,
        0.2475879192352295,
        0.6219050288200378,
        0.20931655168533325,
        0.18367773294448853,
        0.29591119289398193,
        0.628770649433136,
        0.9772184491157532,
        0.5923709273338318,
        0.9654000401496887,
        0.21201711893081665,
        0.23197120428085327,
        0.6159203052520752,
        0.3360244035720825,
        0.9659181833267212,
        0.8722986578941345,
        0.8056771755218506,
        0.4021218419075012
    ]
}