{
    "format": 2,
    "name": "n30k9_28",
    "n": 30,
    "k": 9,
    "optimal_solution": 2.9059250354766846,
    "x_values": [
        0.3768826127052307,
        0.5192983150482178,
        0.32426559925079346,
        0.6414283514022827,
        0.71412193775177,
        0.6524363160133362,
        0.0864761471748352,
        0.6862629652023315,
        0.5857410430908203,
        0.8315302133560181,
        0.14923304319381714,
        0.2411588430404663,
        0.8889109492301941,
        0.6844038367271423,
        0.13518351316452026,
        0.45005887746810913,
        0.8865558505058289,
        0.6387799978256226,
        0.8204838633537292,
        0.8365214467048645,
        0.9847601056098938,
        0.8928636312484741,
        0.5727591514587402,
        0.03463238477706909,
        0.23442107439041138,
        0.11679232120513916,
        0.7803531289100647,
        0.6360840201377869,
        0.5918761491775513,
        0.9926261901855469
    ],
    "y_values": [
        0.15223997831344604,
        0.36628633737564087,
        0.18924766778945923,
        0.6908259987831116,
        0.271553099155426,
        0.4864385724067688,
        0.930305540561676,
        0.2911992073059082,
        0.059638798236846924,
        0.1903320550918579,
        0.5992599725723267,
        0.05383408069610596,
        0.2958720922470093,
        0.67374187707901,
        0.8382963538169861,
        0.5785435438156128,
        0.8972422480583191,
        0.09430158138275146,
        0.6388677358627319,
        0.7563799619674683,
        0.00193864107131958,
        0.2661086916923523,
        0.6393750309944153,
        0.6050530672073364,
        0.3529258966445923,
        0.8157168626785278,
        0.22649061679840088,
        0.11591887474060059,
        0.3945925831794739,
        0.3834155201911926
    ]
}