{
    "format": 2,
    "name": "n30k9_38",
    "n": 30,
    "k": 9,
    "optimal_solution": 2.873361587524414,
    "x_values": [
        0.8885754346847534,
        0.8281547427177429,
        0.8422582149505615,
        0.4619063138961792,
        0.09179633855819702,
        0.1578730344772339,
        0.2308599352836609,
        0.09398925304412842,
        0.5423088669776917,
        0.7821742296218872,
        0.5450790524482727,
        0.22604429721832275,
        0.551104724407196,
        0.9799066185951233,
        0.0701824426651001,
        0.7845442891120911,
        0.6430040001869202,
        0.9163285493850708,
        0.9856660962104797,
        0.9379304051399231,
        0.5827658176422119,
        0.22869229316711426,
        0.03573364019393921,
        0.011698246002197266,
        0.22246676683425903,
        0.19517290592193604,
        0.8639898300170898,
        0.5810745358467102,
        0.9250304698944092,
        0.8923470973968506
    ],
    "y_values": [
        0.7666542530059814,
        0.514204204082489,
        0.6922369599342346,
        0.72037273645401,
        0.6841521859169006,
        0.38098442554473877,
        0.828851044178009,
        0.11866027116775513,
        0.22852814197540283,
        0.06817048788070679,
        0.40224558115005493,
        0.7041898369789124,
        0.49809491634368896,
        0.7187883257865906,
        0.6347777247428894,
        0.4504573345184326,
        0.5222941637039185,
        0.24956637620925903,
        0.5670924782752991,
        0.6279030442237854,
        0.46085047721862793,
        0.6013822555541992,
        0.08062911033630371,
        0.42621737718582153,
        0.6548860669136047,
        0.22689855098724365,
        0.6520342826843262,
        0.6902133226394653,
        0.11048996448516846,
        0.9203543066978455
    ]
}