{
    "format": 2,
    "name": "n40k7_74",
    "n": 40,
    "k": 7,
    "optimal_solution": 5.613752841949463,
    "x_values": [
        0.22161656618118286,
        0.880316972732544,
        0.7650409936904907,
        0.9043272137641907,
        0.22911322116851807,
        0.8324933648109436,
        0.4543490409851074,
        0.021908104419708252,
        0.7468811273574829,
        0.6083641648292542,
        0.7263774275779724,
        0.18963193893432617,
        0.13067156076431274,
        0.016713976860046387,
        0.903999388217926,
        0.5983315706253052,
        0.9795895218849182,
        0.365581214427948,
        0.8888772130012512,
        0.07761180400848389,
        0.2310161590576172,
        0.3744181990623474,
        0.29469430446624756,
        0.7920905947685242,
        0.4398776888847351,
        0.9795671701431274,
        0.09380340576171875,
        0.6022366285324097,
        0.8411151766777039,
        0.3420184254646301,
        0.38144779205322266,
        0.9486910700798035,
        0.298892080783844,
        0.299498975276947,
        0.8825876116752625,
        0.6917740702629089,
        0.2460240125656128,
        0.30138838291168213,
        0.11215227842330933,
        0.8594236373901367
    ],
    "y_values": [
        0.5380545854568481,
        0.7669702172279358,
        0.06056028604507446,
        0.09496748447418213,
        0.7736037373542786,
        0.3626980781555176,
        0.8280077576637268,
        0.6107770800590515,
        0.41209089756011963,
        0.4668378233909607,
        0.5564290881156921,
        0.3137664794921875,
        0.14967268705368042,
        0.21390974521636963,
        0.5062490105628967,
        0.18033140897750854,
        0.8489509224891663,
        0.997465193271637,
        0.396828293800354,
        0.18876969814300537,
        0.2759934067726135,
        0.4302425980567932,
        0.8329359292984009,
        0.9973198771476746,
        0.5369358062744141,
        0.9298867583274841,
        0.06639224290847778,
        0.013453483581542969,
        0.7750918865203857,
        0.642940104007721,
        0.5253057479858398,
        0.07751113176345825,
        0.5645363330841064,
        0.33949369192123413,
        0.7430521845817566,
        0.9560950994491577,
        0.1499965786933899,
        0.7859653234481812,
        0.9767757654190063,
        0.41152310371398926
    ]
}