{
    "format": 8,
    "name": "n100k3_61",
    "n": 100,
    "k": 3,
    "capacity": 34,
    "optimal_solution": 28.323623657226562,
    "x_values": [
        0.9829822182655334,
        0.32614511251449585,
        0.8390731811523438,
        0.7836183905601501,
        0.47363096475601196,
        0.6056527495384216,
        0.7845331430435181,
        0.6067542433738708,
        0.4282122850418091,
        0.1729964017868042,
        0.0708126425743103,
        0.5898633599281311,
        0.8817083239555359,
        0.9448524713516235,
        0.923134982585907,
        0.8159966468811035,
        0.696986973285675,
        0.2785947322845459,
        0.7610071897506714,
        0.19617903232574463,
        0.8118404150009155,
        0.4530677795410156,
        0.7742282152175903,
        0.6144592761993408,
        0.03956294059753418,
        0.2571089267730713,
        0.9120040535926819,
        0.35197722911834717,
        0.657522439956665,
        0.11328810453414917,
        0.7025125622749329,
        0.6147488951683044,
        0.8067893385887146,
        0.3479050397872925,
        0.0685155987739563,
        0.5012281537055969,
        0.6947884559631348,
        0.049695491790771484,
        0.9224353432655334,
        0.010224461555480957,
        0.4941299557685852,
        0.04784107208251953,
        0.4969736933708191,
        0.2447097897529602,
        0.10206520557403564,
        0.9426936507225037,
        0.7766547203063965,
        0.7695935964584351,
        0.7921255826950073,
        0.2949897050857544,
        0.37794381380081177,
        0.6949471831321716,
        0.5007266998291016,
        0.6829367280006409,
        0.15709829330444336,
        0.012663543224334717,
        0.6550599932670593,
        0.8541571497917175,
        0.9507409930229187,
        0.2918904423713684,
        0.18313872814178467,
        0.4617806077003479,
        0.9674996137619019,
        0.7645879983901978,
        0.802615761756897,
        0.7466088533401489,
        0.8458401560783386,
        0.6386887431144714,
        0.22558927536010742,
        0.0030504465103149414,
        0.3369886875152588,
        0.20604658126831055,
        0.4754265546798706,
        0.9653306603431702,
        0.08407443761825562,
        0.46931856870651245,
        0.8333128690719604,
        0.6322010159492493,
        0.4356306195259094,
        0.09096592664718628,
        0.03688180446624756,
        0.811796247959137,
        0.6341176629066467,
        0.8952050805091858,
        0.8250012397766113,
        0.5848056674003601,
        0.7734412550926208,
        0.5938733816146851,
        0.1472516655921936,
        0.39433032274246216,
        0.06336748600006104,
        0.38271522521972656,
        0.7196893692016602,
        0.9392587542533875,
        0.36416810750961304,
        0.08666342496871948,
        0.3963963985443115,
        0.3305697441101074,
        0.8327449560165405,
        0.7925812602043152
    ],
    "y_values": [
        0.5891810059547424,
        0.1542145013809204,
        0.7474132776260376,
        0.38208699226379395,
        0.5400428175926208,
        0.017554283142089844,
        0.20927268266677856,
        0.9136826992034912,
        0.8969197869300842,
        0.1769384741783142,
        0.1462119221687317,
        0.8664383292198181,
        0.594750165939331,
        0.12885481119155884,
        0.36224424839019775,
        0.697997510433197,
        0.6343324780464172,
        0.8387790322303772,
        0.6259078979492188,
        0.846756637096405,
        0.3523108959197998,
        0.8314962983131409,
        0.2845112085342407,
        0.8319472074508667,
        0.9405558705329895,
        0.6424965858459473,
        0.7190842628479004,
        0.7198966145515442,
        0.35415393114089966,
        0.5355473160743713,
        0.629996657371521,
        0.9354806542396545,
        0.13108384609222412,
        0.5514030456542969,
        0.9429234266281128,
        0.43800491094589233,
        0.23368310928344727,
        0.41465938091278076,
        0.8141294121742249,
        0.23291850090026855,
        0.7908675670623779,
        0.5281325578689575,
        0.22742033004760742,
        0.33793407678604126,
        0.6101885437965393,
        0.7711031436920166,
        0.7844315767288208,
        0.9146332740783691,
        0.03268003463745117,
        0.842949628829956,
        0.1868557333946228,
        0.3878902196884155,
        0.17480343580245972,
        0.18051332235336304,
        0.4507511258125305,
        0.04276913404464722,
        0.0228310227394104,
        0.19428205490112305,
        0.38574618101119995,
        0.772605299949646,
        0.02297651767730713,
        0.11769086122512817,
        0.9525500535964966,
        0.025025367736816406,
        0.004879593849182129,
        0.2369278073310852,
        0.3430616855621338,
        0.8811055421829224,
        0.1913624405860901,
        0.39023953676223755,
        0.8097774982452393,
        0.7950716614723206,
        0.39162522554397583,
        0.5087926387786865,
        0.4897347688674927,
        0.9321590065956116,
        0.7575659155845642,
        0.35607051849365234,
        0.8146677613258362,
        0.823817789554596,
        0.45855504274368286,
        0.6599234342575073,
        0.9479969143867493,
        0.07491368055343628,
        0.5197468996047974,
        0.49141889810562134,
        0.5348597764968872,
        0.7679407000541687,
        0.07041919231414795,
        0.024400651454925537,
        0.5650987029075623,
        0.29074162244796753,
        0.1287214756011963,
        0.4691358208656311,
        0.49985891580581665,
        0.24330157041549683,
        0.9105968475341797,
        0.953859269618988,
        0.49305450916290283,
        0.45694661140441895
    ]
}