{
    "format": 2,
    "name": "n90k5_42",
    "n": 90,
    "k": 5,
    "optimal_solution": 17.761802673339844,
    "x_values": [
        0.40594929456710815,
        0.4064454436302185,
        0.6432508230209351,
        0.1341639757156372,
        0.45249277353286743,
        0.2513851523399353,
        0.05384421348571777,
        0.6165698766708374,
        0.773644208908081,
        0.511681318283081,
        0.2712966799736023,
        0.7159745693206787,
        0.029960155487060547,
        0.6634827852249146,
        0.07345384359359741,
        0.4814406633377075,
        0.17876434326171875,
        0.16778719425201416,
        0.9077510833740234,
        0.5497046709060669,
        0.4618493914604187,
        0.21852904558181763,
        0.7784395217895508,
        0.625239372253418,
        0.19035327434539795,
        0.08508986234664917,
        0.9151536226272583,
        0.2771332263946533,
        0.0215756893157959,
        0.7790732383728027,
        0.05461239814758301,
        0.851215660572052,
        0.5320189595222473,
        0.5500602722167969,
        0.5645984411239624,
        0.6124202609062195,
        0.13852018117904663,
        0.8144373297691345,
        0.5142813324928284,
        0.28693699836730957,
        0.46738219261169434,
        0.968695878982544,
        0.8009530305862427,
        0.08767908811569214,
        0.3768436908721924,
        0.4217478632926941,
        0.8888393044471741,
        0.5641423463821411,
        0.664411723613739,
        0.6296698451042175,
        0.09300452470779419,
        0.5609667897224426,
        0.6119850277900696,
        0.7037821412086487,
        0.6685447692871094,
        0.10471642017364502,
        0.8122612833976746,
        0.3574945330619812,
        0.06657189130783081,
        0.10762393474578857,
        0.06478244066238403,
        0.7436115145683289,
        0.6257569193840027,
        0.3353164792060852,
        0.6976632475852966,
        0.4053664207458496,
        0.416492760181427,
        0.9915657043457031,
        0.421367883682251,
        0.8034769296646118,
        0.6775418519973755,
        0.5937970876693726,
        0.7194194793701172,
        0.2507501244544983,
        0.6932656168937683,
        0.8864524960517883,
        0.9232413172721863,
        0.8568216562271118,
        0.9845864176750183,
        0.16197896003723145,
        0.5184272527694702,
        0.29194921255111694,
        0.6614682078361511,
        0.01658421754837036,
        0.32120048999786377,
        0.6395236253738403,
        0.15505188703536987,
        0.9870432019233704,
        0.9084092974662781,
        0.2847898006439209
    ],
    "y_values": [
        0.007007300853729248,
        0.06319606304168701,
        0.837157666683197,
        0.2602882981300354,
        0.34149324893951416,
        0.3144693374633789,
        0.946900486946106,
        0.6116980910301208,
        0.284248948097229,
        0.1343575119972229,
        0.8765760064125061,
        0.1491517424583435,
        0.08914107084274292,
        0.4057210087776184,
        0.0926329493522644,
        0.38509082794189453,
        0.5340282917022705,
        0.7948214411735535,
        0.26559776067733765,
        0.32424497604370117,
        0.24654299020767212,
        0.15540719032287598,
        0.3565515875816345,
        0.928297221660614,
        0.04238438606262207,
        0.32542383670806885,
        0.03596740961074829,
        0.10143685340881348,
        0.993809163570404,
        0.5922954678535461,
        0.5510954856872559,
        0.23594146966934204,
        0.7283704280853271,
        0.15244543552398682,
        0.08638167381286621,
        0.07827222347259521,
        0.020148813724517822,
        0.7257477045059204,
        0.8425970673561096,
        0.9187206625938416,
        0.4469584822654724,
        0.4604017734527588,
        0.7172691226005554,
        0.5073268413543701,
        0.1757141351699829,
        0.8698786497116089,
        0.35484910011291504,
        0.12311142683029175,
        0.17027002573013306,
        0.018900036811828613,
        0.20746272802352905,
        0.385806679725647,
        0.04909241199493408,
        0.07424229383468628,
        0.6172023415565491,
        0.8678786754608154,
        0.24149441719055176,
        0.16284263134002686,
        0.22402101755142212,
        0.8913086652755737,
        0.7780765891075134,
        0.14399611949920654,
        0.5090616941452026,
        0.7183307409286499,
        0.558447003364563,
        0.07555091381072998,
        0.4165918827056885,
        0.47049909830093384,
        0.9508005976676941,
        0.11897188425064087,
        0.35642534494400024,
        0.22368067502975464,
        0.7887666821479797,
        0.8477863073348999,
        0.6223397254943848,
        0.7636524438858032,
        0.2765620946884155,
        0.7161868214607239,
        0.038497984409332275,
        0.71303391456604,
        0.5330390334129333,
        0.8585951328277588,
        0.23424601554870605,
        0.32801711559295654,
        0.8526051044464111,
        0.9755737781524658,
        0.9278838038444519,
        0.7031708359718323,
        0.4115508794784546,
        0.4537588953971863
    ]
}