{
    "format": 5,
    "name": "n30k6_26",
    "n": 30,
    "k": 6,
    "optimal_solution": 0.3327765464782715,
    "x_values": [
        0.6673204898834229,
        0.004683256149291992,
        0.4836922287940979,
        0.5663276314735413,
        0.876870334148407,
        0.6287486553192139,
        0.7179203629493713,
        0.34197497367858887,
        0.5306230783462524,
        0.10588598251342773,
        0.8566074967384338,
        0.9112769365310669,
        0.241094708442688,
        0.952565610408783,
        0.07995027303695679,
        0.8491801619529724,
        0.4798479676246643,
        0.9588251113891602,
        0.7738771438598633,
        0.5038862228393555,
        0.8620209097862244,
        0.16796326637268066,
        0.5589486360549927,
        0.08262479305267334,
        0.8253581523895264,
        0.1120186448097229,
        0.7666704654693604,
        0.5356782078742981,
        0.4561060667037964,
        0.2655807137489319
    ],
    "y_values": [
        0.28277289867401123,
        0.10060250759124756,
        0.953137218952179,
        0.9937609434127808,
        0.3317614793777466,
        0.5736843943595886,
        0.16423916816711426,
        0.007737219333648682,
        0.17044657468795776,
        0.6500571370124817,
        0.9569649696350098,
        0.032206177711486816,
        0.19827908277511597,
        0.23819464445114136,
        0.35911422967910767,
        0.5096105933189392,
        0.29230237007141113,
        0.13040870428085327,
        0.8111482262611389,
        0.7377145290374756,
        0.6484258770942688,
        0.3162466883659363,
        0.6566830277442932,
        0.7948574423789978,
        0.8052932620048523,
        0.6745187640190125,
        0.954687237739563,
        0.9901665449142456,
        0.5776386260986328,
        0.6432288885116577
    ]
}