{
    "format": 5,
    "name": "n90k2_37",
    "n": 90,
    "k": 2,
    "optimal_solution": 0.6718553900718689,
    "x_values": [
        0.03633999824523926,
        0.6678798794746399,
        0.8209798336029053,
        0.85762619972229,
        0.2723260521888733,
        0.5872052907943726,
        0.46794480085372925,
        0.4632313847541809,
        0.31336861848831177,
        0.7651272416114807,
        0.15587323904037476,
        0.8245421648025513,
        0.8012112975120544,
        0.7008602023124695,
        0.9053546786308289,
        0.7566289305686951,
        0.9268902540206909,
        0.04331469535827637,
        0.4773781895637512,
        0.7527283430099487,
        0.8726092576980591,
        0.9217042326927185,
        0.47047263383865356,
        0.10946720838546753,
        0.4508826732635498,
        0.2834477424621582,
        0.5008025169372559,
        0.13792544603347778,
        0.8967328667640686,
        0.4446926712989807,
        0.6689577698707581,
        0.6085143089294434,
        0.8723956346511841,
        0.02972203493118286,
        0.8219108581542969,
        0.7850973010063171,
        0.8829230666160583,
        0.6905802488327026,
        0.147907555103302,
        0.3464221954345703,
        0.8109238743782043,
        0.21340274810791016,
        0.35620641708374023,
        0.12495958805084229,
        0.5681120753288269,
        0.6812967658042908,
        0.18906569480895996,
        0.3100529909133911,
        0.6707387566566467,
        0.8570395708084106,
        0.7897872924804688,
        0.3124445676803589,
        0.8016994595527649,
        0.2064507007598877,
        0.7154845595359802,
        0.8178244829177856,
        0.30288928747177124,
        0.2653214931488037,
        0.07802700996398926,
        0.78938227891922,
        0.5381056070327759,
        0.6802911162376404,
        0.05612790584564209,
        0.32442212104797363,
        0.4554288983345032,
        0.02333199977874756,
        0.27808040380477905,
        0.9267548322677612,
        0.8380371332168579,
        0.059547603130340576,
        0.2877906560897827,
        0.3143818974494934,
        0.7336878180503845,
        0.4513469934463501,
        0.44086921215057373,
        0.6857315897941589,
        0.27071285247802734,
        0.04904729127883911,
        0.9793957471847534,
        0.051423847675323486,
        0.7260841727256775,
        0.7349240779876709,
        0.23344862461090088,
        0.589418351650238,
        0.5158777832984924,
        0.47204726934432983,
        0.03316444158554077,
        0.08559423685073853,
        0.5951625108718872,
        0.8787239789962769
    ],
    "y_values": [
        0.9358499646186829,
        0.3674483895301819,
        0.5567149519920349,
        0.035450756549835205,
        0.11746233701705933,
        0.6470293402671814,
        0.23397576808929443,
        0.15132129192352295,
        0.2913198471069336,
        0.9850504398345947,
        0.8287881016731262,
        0.1631069779396057,
        0.08123517036437988,
        0.5240442156791687,
        0.4755009412765503,
        0.49659979343414307,
        0.2113153338432312,
        0.9953083395957947,
        0.8906619548797607,
        0.44001442193984985,
        0.6258488893508911,
        0.3410532474517822,
        0.6511433720588684,
        0.7191550135612488,
        0.4545808434486389,
        0.009455084800720215,
        0.06719750165939331,
        0.028699159622192383,
        0.24463170766830444,
        0.5883802771568298,
        0.5797106027603149,
        0.7040024995803833,
        0.02672511339187622,
        0.4169718027114868,
        0.44440537691116333,
        0.864142656326294,
        0.9892070293426514,
        0.3457733988761902,
        0.6760673522949219,
        0.5040991902351379,
        0.589870035648346,
        0.17465215921401978,
        0.655247688293457,
        0.324648916721344,
        0.2775772213935852,
        0.041199684143066406,
        0.7500650882720947,
        0.2518910765647888,
        0.5019252896308899,
        0.8072475790977478,
        0.3830011487007141,
        0.3982308506965637,
        0.5230334401130676,
        0.17329907417297363,
        0.8501914143562317,
        0.5769659280776978,
        0.46826261281967163,
        0.3646191358566284,
        0.05504494905471802,
        0.4059135913848877,
        0.1710016131401062,
        0.5496834516525269,
        0.2451907992362976,
        0.7852051854133606,
        0.6187275052070618,
        0.9026917815208435,
        0.8922512531280518,
        0.6681832075119019,
        0.23664069175720215,
        0.16278254985809326,
        0.0022089481353759766,
        0.8423169851303101,
        0.7586129903793335,
        0.022385597229003906,
        0.02786123752593994,
        0.22228014469146729,
        0.1448301076889038,
        0.4775148034095764,
        0.4105381965637207,
        0.8427808880805969,
        0.602500319480896,
        0.42792844772338867,
        0.01795750856399536,
        0.22955310344696045,
        0.15681815147399902,
        0.2675962448120117,
        0.3068070411682129,
        0.3980093002319336,
        0.6348137259483337,
        0.8012818098068237
    ]
}