{
    "format": 2,
    "name": "n90k2_100",
    "n": 90,
    "k": 2,
    "optimal_solution": 31.07701873779297,
    "x_values": [
        0.05458909273147583,
        0.2824472188949585,
        0.8220089077949524,
        0.8017125129699707,
        0.20077168941497803,
        0.30970752239227295,
        0.9992856979370117,
        0.7109548449516296,
        0.3933221101760864,
        0.07504004240036011,
        0.15524452924728394,
        0.8209007978439331,
        0.6118978261947632,
        0.15171033143997192,
        0.4984273314476013,
        0.7363061904907227,
        0.11536908149719238,
        0.12768709659576416,
        0.8793600797653198,
        0.5130316019058228,
        0.174790620803833,
        0.03064751625061035,
        0.14513933658599854,
        0.703615128993988,
        0.5654135346412659,
        0.40061771869659424,
        0.6930222511291504,
        0.8174543976783752,
        0.5325465798377991,
        0.4116499423980713,
        0.46210289001464844,
        0.2966204285621643,
        0.3944357633590698,
        0.8691942095756531,
        0.15950578451156616,
        0.917428731918335,
        0.6784218549728394,
        0.7492161989212036,
        0.3620721101760864,
        0.05195194482803345,
        0.30191755294799805,
        0.5049831867218018,
        0.4689561128616333,
        0.8423337936401367,
        0.6227693557739258,
        0.338811993598938,
        0.052150845527648926,
        0.8923496007919312,
        0.17222553491592407,
        0.6757799983024597,
        0.4366397261619568,
        0.12671393156051636,
        0.09769654273986816,
        0.5096676349639893,
        0.33092063665390015,
        0.605394184589386,
        0.13158410787582397,
        0.776297390460968,
        0.119606614112854,
        0.11246025562286377,
        0.76838618516922,
        0.20167309045791626,
        0.1554585099220276,
        0.4207879900932312,
        0.44046878814697266,
        0.9342535734176636,
        0.4908565878868103,
        0.34337514638900757,
        0.9359650611877441,
        0.9191823601722717,
        0.4230104088783264,
        0.715505838394165,
        0.9462063908576965,
        0.20068377256393433,
        0.9740221500396729,
        0.08862245082855225,
        0.9398297667503357,
        0.6977152228355408,
        0.8230825066566467,
        0.02871561050415039,
        0.7675448656082153,
        0.07576775550842285,
        0.564450740814209,
        0.3934440612792969,
        0.05957329273223877,
        0.5555170178413391,
        0.7705261707305908,
        0.9718314409255981,
        0.25391584634780884,
        0.3533371686935425
    ],
    "y_values": [
        0.3339391350746155,
        0.06917649507522583,
        0.7219003438949585,
        0.9286887645721436,
        0.1608760952949524,
        0.29315173625946045,
        0.4717113971710205,
        0.5034208297729492,
        0.41331946849823,
        0.7631580233573914,
        0.3977668285369873,
        0.37703031301498413,
        0.3641100525856018,
        0.34218090772628784,
        0.062198519706726074,
        0.09717011451721191,
        0.2144189476966858,
        0.06370443105697632,
        0.3306320309638977,
        0.8945863246917725,
        0.7503820657730103,
        0.5409227013587952,
        0.6437922716140747,
        0.9395315647125244,
        0.20467448234558105,
        0.31312185525894165,
        0.9596052169799805,
        0.1614062786102295,
        0.5385008454322815,
        0.0041648149490356445,
        0.06085777282714844,
        0.7482110261917114,
        0.028828799724578857,
        0.4383919835090637,
        0.3576592803001404,
        0.7682827115058899,
        0.6318106055259705,
        0.10032391548156738,
        0.13595837354660034,
        0.6891937255859375,
        0.5643556118011475,
        0.20084452629089355,
        0.7703123688697815,
        0.9588178396224976,
        0.14048588275909424,
        0.15836894512176514,
        0.31506597995758057,
        0.8771594166755676,
        0.6302347779273987,
        0.5715360641479492,
        0.13911521434783936,
        0.48623186349868774,
        0.5928848385810852,
        0.5800550580024719,
        0.5796336531639099,
        0.2973208427429199,
        0.21765774488449097,
        0.19248175621032715,
        0.17332309484481812,
        0.09748077392578125,
        0.4580534100532532,
        0.19257545471191406,
        0.5278446674346924,
        0.14306741952896118,
        0.38288480043411255,
        0.7858330607414246,
        0.9621356129646301,
        0.0390738844871521,
        0.7372180819511414,
        0.0970919132232666,
        0.5570047497749329,
        0.6376875638961792,
        0.7130177617073059,
        0.9419223070144653,
        0.7248982787132263,
        0.47649019956588745,
        0.49795544147491455,
        0.5706775188446045,
        0.0970994234085083,
        0.10332614183425903,
        0.5885362029075623,
        0.12067335844039917,
        0.8475250601768494,
        0.2693997025489807,
        0.3657832145690918,
        0.3006743788719177,
        0.7568553686141968,
        0.26729458570480347,
        0.2073286771774292,
        0.9940990805625916
    ]
}