{
    "format": 5,
    "name": "n90k2_11",
    "n": 90,
    "k": 2,
    "optimal_solution": 0.6702709197998047,
    "x_values": [
        0.9745270609855652,
        0.0071187615394592285,
        0.4828290343284607,
        0.6395814418792725,
        0.9122391939163208,
        0.1653028130531311,
        0.003269374370574951,
        0.33965086936950684,
        0.4212087392807007,
        0.6701893210411072,
        0.3675958514213562,
        0.21498775482177734,
        0.9069233536720276,
        0.42725318670272827,
        0.3810220956802368,
        0.20350247621536255,
        0.23208194971084595,
        0.7281030416488647,
        0.6298096776008606,
        0.609614908695221,
        0.6266804933547974,
        0.46487587690353394,
        0.16822177171707153,
        0.012708604335784912,
        0.3273729681968689,
        0.15641218423843384,
        0.6036990880966187,
        0.187455415725708,
        0.9401344060897827,
        0.7065007090568542,
        0.22270655632019043,
        0.41646242141723633,
        0.21587532758712769,
        0.6780030131340027,
        0.14907318353652954,
        0.1693452000617981,
        0.39390891790390015,
        0.1307075023651123,
        0.4466760754585266,
        0.6768996715545654,
        0.5029872059822083,
        0.456184446811676,
        0.7239327430725098,
        0.4174306392669678,
        0.5700495839118958,
        0.09632271528244019,
        0.31773340702056885,
        0.942642867565155,
        0.0587957501411438,
        0.9309679269790649,
        0.9176979660987854,
        0.3462010622024536,
        0.8939845561981201,
        0.3410753607749939,
        0.1883922815322876,
        0.43456101417541504,
        0.20149153470993042,
        0.9178957939147949,
        0.8293835520744324,
        0.5929952263832092,
        0.5784100294113159,
        0.26567935943603516,
        0.3088207244873047,
        0.9806768894195557,
        0.6479721665382385,
        0.8629819750785828,
        0.45546162128448486,
        0.3971225619316101,
        0.5830528736114502,
        0.44945287704467773,
        0.49659615755081177,
        0.5092260837554932,
        0.04651975631713867,
        0.8909153938293457,
        0.47421836853027344,
        0.5921739339828491,
        0.8720253705978394,
        0.813830554485321,
        0.6015716791152954,
        0.9587949514389038,
        0.3826870322227478,
        0.6093807220458984,
        0.045879065990448,
        0.24653398990631104,
        0.28898870944976807,
        0.7071629166603088,
        0.8525711297988892,
        0.9695247411727905,
        0.6239351034164429,
        0.015989184379577637
    ],
    "y_values": [
        0.2571961283683777,
        0.6151584386825562,
        0.5337648391723633,
        0.7888755202293396,
        0.8461973667144775,
        0.4346967339515686,
        0.49466896057128906,
        0.007862627506256104,
        0.6146926879882812,
        0.11427569389343262,
        0.1163778305053711,
        0.6894393563270569,
        0.9045941829681396,
        0.2340831160545349,
        0.7048818469047546,
        0.35383284091949463,
        0.7676358819007874,
        0.19563019275665283,
        0.7934724688529968,
        0.5864270925521851,
        0.09678959846496582,
        0.5568475127220154,
        0.9570444226264954,
        0.2080005407333374,
        0.1929604411125183,
        0.9138975739479065,
        0.13319700956344604,
        0.14019250869750977,
        0.9009478092193604,
        0.15406477451324463,
        0.8673593997955322,
        0.48028653860092163,
        0.38511019945144653,
        0.8953745365142822,
        0.3315085768699646,
        0.652041494846344,
        0.2584184408187866,
        0.11941796541213989,
        0.8179017305374146,
        0.752963125705719,
        0.09756815433502197,
        0.8877339959144592,
        0.21225422620773315,
        0.03006458282470703,
        0.12884032726287842,
        0.06402593851089478,
        0.6355299353599548,
        0.012949347496032715,
        0.48488539457321167,
        0.36504995822906494,
        0.8077476024627686,
        0.2963741421699524,
        0.9379485249519348,
        0.05079144239425659,
        0.2302573323249817,
        0.5109474062919617,
        0.9405628442764282,
        0.2709943652153015,
        0.2860755920410156,
        0.05390751361846924,
        0.1923883557319641,
        0.802139163017273,
        0.6035572290420532,
        0.9349573850631714,
        0.34466540813446045,
        0.5781075358390808,
        0.5649148225784302,
        0.6687024831771851,
        0.14863234758377075,
        0.07868385314941406,
        0.8537710905075073,
        0.2990725636482239,
        0.043500304222106934,
        0.878465473651886,
        0.34473246335983276,
        0.4243201017379761,
        0.07395464181900024,
        0.7916483879089355,
        0.22223156690597534,
        0.7838274836540222,
        0.12806296348571777,
        0.22518056631088257,
        0.393068790435791,
        0.00416940450668335,
        0.4167330861091614,
        0.06365567445755005,
        0.3034461736679077,
        0.20189517736434937,
        0.9554550647735596,
        0.4241277575492859
    ]
}