{
    "format": 2,
    "name": "n90k2_42",
    "n": 90,
    "k": 2,
    "optimal_solution": 31.499725341796875,
    "x_values": [
        0.5761731863021851,
        0.2401842474937439,
        0.0512121319770813,
        0.3623512387275696,
        0.3398536443710327,
        0.7245919108390808,
        0.0023772120475769043,
        0.2533177137374878,
        0.15208035707473755,
        0.6274381279945374,
        0.28021472692489624,
        0.6186232566833496,
        0.516746461391449,
        0.6865885257720947,
        0.8938356041908264,
        0.22147387266159058,
        0.7278748750686646,
        0.8366307616233826,
        0.34576916694641113,
        0.28046417236328125,
        0.6226730942726135,
        0.9404448866844177,
        0.15525269508361816,
        0.34241682291030884,
        0.44500595331192017,
        0.6017817258834839,
        0.584682047367096,
        0.5207698941230774,
        0.8952398896217346,
        0.46606385707855225,
        0.4372977018356323,
        0.41255539655685425,
        0.004284381866455078,
        0.6661931276321411,
        0.844740092754364,
        0.689232349395752,
        0.07502079010009766,
        0.7109886407852173,
        0.033619463443756104,
        0.20770257711410522,
        0.49281179904937744,
        0.8886140584945679,
        0.766837477684021,
        0.49574774503707886,
        0.5512858629226685,
        0.4127063751220703,
        0.884204626083374,
        0.8459025621414185,
        0.619256854057312,
        0.7144746780395508,
        0.38446319103240967,
        0.38353538513183594,
        0.19753825664520264,
        0.3545992374420166,
        0.653350830078125,
        0.5935384631156921,
        0.6335500478744507,
        0.5525045990943909,
        0.8700938820838928,
        0.4436030983924866,
        0.32319289445877075,
        0.7955197095870972,
        0.923599123954773,
        0.742481529712677,
        0.3562019467353821,
        0.7671319246292114,
        0.05562859773635864,
        0.15417450666427612,
        0.5075684785842896,
        0.16178858280181885,
        0.2706581950187683,
        0.8351505398750305,
        0.21846580505371094,
        0.07692325115203857,
        0.9806498289108276,
        0.6668777465820312,
        0.39518576860427856,
        0.7190788388252258,
        0.3348962664604187,
        0.004116654396057129,
        0.32804638147354126,
        0.7207106351852417,
        0.664882242679596,
        0.8282883763313293,
        0.11813950538635254,
        0.21624529361724854,
        0.07362186908721924,
        0.7426010966300964,
        0.4775541424751282,
        0.49824661016464233
    ],
    "y_values": [
        0.017308950424194336,
        0.9837391376495361,
        0.401644766330719,
        0.1689724326133728,
        0.06443578004837036,
        0.49035024642944336,
        0.8300699591636658,
        0.7478538751602173,
        0.17010682821273804,
        0.495652437210083,
        0.693599283695221,
        0.6091061234474182,
        0.3605695366859436,
        0.14192628860473633,
        0.6366934776306152,
        0.8024353981018066,
        0.15380972623825073,
        0.8409138917922974,
        0.5328836441040039,
        0.21887999773025513,
        0.9097001552581787,
        0.9171093702316284,
        0.4459950923919678,
        0.5282956957817078,
        0.07367795705795288,
        0.35017895698547363,
        0.6666595339775085,
        0.844115138053894,
        0.43410229682922363,
        0.5866693258285522,
        0.4492267966270447,
        0.36280298233032227,
        0.09587740898132324,
        0.25141364336013794,
        0.14352911710739136,
        0.12175726890563965,
        0.15542209148406982,
        0.9749109745025635,
        0.21285516023635864,
        0.09146976470947266,
        0.5120152235031128,
        0.5142166018486023,
        0.6777912974357605,
        0.6182736754417419,
        0.18533676862716675,
        0.6152821779251099,
        0.021976947784423828,
        0.554520845413208,
        0.9860024452209473,
        0.3445681929588318,
        0.954910933971405,
        0.530846118927002,
        0.2998685836791992,
        0.9902116060256958,
        0.8355923295021057,
        0.7412492632865906,
        0.6493778824806213,
        0.16583871841430664,
        0.41492950916290283,
        0.07704037427902222,
        0.5402799844741821,
        0.8003705143928528,
        0.4075694680213928,
        0.08707737922668457,
        0.3143218159675598,
        0.11310487985610962,
        0.4178348183631897,
        0.6734341382980347,
        0.6309616565704346,
        0.8969130516052246,
        0.6189945340156555,
        0.42362260818481445,
        0.027331054210662842,
        0.4887494444847107,
        0.8381006121635437,
        0.9162725210189819,
        0.6571184396743774,
        0.06132596731185913,
        0.6557924151420593,
        0.011103570461273193,
        0.17605507373809814,
        0.01754695177078247,
        0.7502347230911255,
        0.8747719526290894,
        0.7849225401878357,
        0.12573379278182983,
        0.2163459062576294,
        0.2024504542350769,
        0.23243826627731323,
        0.38772761821746826
    ]
}