{
    "format": 10,
    "name": "n200k2_10",
    "n": 200,
    "k": 2,
    "optimal_solution": 89.02811807874038,
    "x_values": [
        0.6420336441679619,
        0.45992595047158924,
        0.1321657562637465,
        0.1839348256418165,
        0.08190847772429866,
        0.07920400972842534,
        0.9801799481759355,
        0.42090661030419996,
        0.6779102332227178,
        0.1291427841774172,
        0.14121050435698101,
        0.5861135832514165,
        0.8843434587827038,
        0.9562573487066329,
        0.41916187885773537,
        0.6233979917706503,
        0.33161946951877397,
        0.5931676504160065,
        0.2078016092810625,
        0.08665040252841649,
        0.4455389415866092,
        0.3596779293259613,
        0.4998520434339746,
        0.804712357032089,
        0.7142152217750648,
        0.20881846612111699,
        0.8630454538358769,
        0.5419902872702118,
        0.7768355459182386,
        0.19426542347818476,
        0.7639438859200293,
        0.10957605851524232,
        0.5719705982086166,
        0.6734969772100867,
        0.1738713897650157,
        0.0042195381617576855,
        0.13185086531013746,
        0.37478035469174054,
        0.9345926987290584,
        0.2009812263820926,
        0.9421039697855347,
        0.9766886620306227,
        0.7437092105746164,
        0.8075045423987433,
        0.4140767030548329,
        0.19156735171934858,
        0.5260884356135772,
        0.34772233210508274,
        0.26294465951929447,
        0.34279737512499486,
        0.5820684058164624,
        0.7662421783416113,
        0.8709064858953213,
        0.3890482295871487,
        0.2048088315190143,
        0.7640351659563694,
        0.05668628152919941,
        0.35728010100333396,
        0.09580314128551526,
        0.09389532131058032,
        0.46532220187995,
        0.5007002157187925,
        0.14195837033836922,
        0.610059934720886,
        0.4227706957923091,
        0.20968285677652532,
        0.8162853152367193,
        0.7952670820271789,
        0.5756751232059215,
        0.09417997683119173,
        0.9775148914051377,
        0.5268910491228945,
        0.42303271003052134,
        0.4306021854339873,
        0.7860374315270805,
        0.8595017241681547,
        0.9359046342479747,
        0.5970541808866178,
        0.5620856660235918,
        0.3970636589757056,
        0.6199881761282828,
        0.4741912496837227,
        0.09942510034532992,
        0.5671434338866226,
        0.5001697957543614,
        0.8711258370756302,
        0.3190031288204018,
        0.4749837955568298,
        0.4462632406953171,
        0.8734311796498101,
        0.2610146738931879,
        0.8817988108072594,
        0.641634603963432,
        0.2912190081352304,
        0.8990737973863743,
        0.2634277101966138,
        0.23797758746765763,
        0.6701293671494347,
        0.2294276902383433,
        0.024246916908542193,
        0.10197807665591241,
        0.6615707797952638,
        0.46737753360544854,
        0.784450771393156,
        0.912439565759498,
        0.2312405945342828,
        0.4935950505675798,
        0.5847646875682483,
        0.8967678003742366,
        0.723981313917042,
        0.7231578836712963,
        0.4664977400293636,
        0.28694468339762946,
        0.5429187835602854,
        0.33529178351031774,
        0.9917760386570759,
        0.9108285024381199,
        0.8010877825786626,
        0.23400764269994845,
        0.04843258289653318,
        0.40426873510914296,
        0.7967877446344317,
        0.8037510985587313,
        0.8333600322257403,
        0.2001808396043364,
        0.5165649694085477,
        0.6593440017520047,
        0.7348069708938353,
        0.7798163598649909,
        0.8067221199128316,
        0.14235625569248278,
        0.590353842774588,
        0.16577221145019028,
        0.6046294985795676,
        0.08255950279433788,
        0.8768781547250284,
        0.5542837301048887,
        0.6889292061591584,
        0.550218120557921,
        0.40900272056702347,
        0.8484203786661736,
        0.3367755305398136,
        0.5872191423009082,
        0.20362244360855963,
        0.10206333881646901,
        0.4424387242897919,
        0.05367501990579093,
        0.5061799154760941,
        0.18161152603321118,
        0.2893442319369838,
        0.48127156260333936,
        0.6347339826449929,
        0.9572554370290537,
        0.2902963881312953,
        0.1217102393910191,
        0.5386611349523557,
        0.24545452469345896,
        0.2813416018956567,
        0.04306904976379167,
        0.3769455312502771,
        0.42301892407217456,
        0.666807915216967,
        0.937728327544989,
        0.3814403111875134,
        0.8400372031353238,
        0.8958515436885414,
        0.678640383520101,
        0.6277061936630167,
        0.43189683176491245,
        0.7864799660730297,
        0.024776096586300755,
        0.9160195279358186,
        0.253693626283083,
        0.41929227132809244,
        0.12881139461163993,
        0.14272026868116483,
        0.6048629974691334,
        0.7559952876543683,
        0.8064239991675258,
        0.7395751630210536,
        0.8181350129685615,
        0.2702095793693515,
        0.48509639940457117,
        0.08371008279967751,
        0.21188861239381818,
        0.8021248162148745,
        0.7938868588489411,
        0.9164844988942583,
        0.06086537129365155,
        0.8131584526029306,
        0.5496604850032852,
        0.9062120430417975,
        0.12958475129304892,
        0.635499346729984,
        0.2595808972598157,
        0.759626987980799,
        0.2137426057998636,
        0.5214109214008205,
        0.722642539389406,
        0.10758831303993355
    ],