{
    "format": 10,
    "name": "n200k2_14",
    "n": 200,
    "k": 2,
    "optimal_solution": 88.19463201847532,
    "x_values": [
        0.636738005584986,
        0.3080108549637045,
        0.7859922860789058,
        0.164446919163875,
        0.008509191446748887,
        0.860297995387184,
        0.41992255353742935,
        0.8221508344391338,
        0.24562255644026676,
        0.6334348069482326,
        0.6453484156655582,
        0.9209209666731776,
        0.23041921434941337,
        0.6741975292827208,
        0.7437232404507589,
        0.24614282744763905,
        0.45755503257743746,
        0.9516674720823965,
        0.1567242027311454,
        0.14140977135234767,
        0.5161318119886321,
        0.1352555899179868,
        0.7388003461025264,
        0.5820997951741487,
        0.10422118522646673,
        0.2699189371776384,
        0.6680977766934704,
        0.975473175688335,
        0.37576355780406256,
        0.5252478750887318,
        0.2027800553461211,
        0.13957806016000351,
        0.8703932598451728,
        0.8359255391411197,
        0.46660893930604797,
        0.1487085366947264,
        0.7209218682384044,
        0.23654218390023907,
        0.9103274917945069,
        0.8747098982002829,
        0.2886176738213925,
        0.7613157281252926,
        0.9578698818741203,
        0.3242350395946124,
        0.7279396777959902,
        0.7926231787984953,
        0.5348818187645599,
        0.6936171580154596,
        0.6908771953555936,
        0.8739420288764173,
        0.09270698083687412,
        0.45799035092771956,
        0.9856423652868678,
        0.8350987947845258,
        0.9811669379226406,
        0.22998647175697906,
        0.6783388755137444,
        0.04075452027507287,
        0.10630864180285016,
        0.7039873773765801,
        0.891876642152044,
        0.4045706079916276,
        0.49162451918475314,
        0.2914331128326231,
        0.14767230127018982,
        0.5402625217822697,
        0.9114739132766008,
        0.9712876656474771,
        0.17005054658244478,
        0.6500744086450274,
        0.8432329317526456,
        0.48124055777354835,
        0.7178712649439847,
        0.08296508411579273,
        0.3564942236597084,
        0.20425575608146818,
        0.35157129319312475,
        0.8666556770908361,
        0.0875438976940004,
        0.45973965729475996,
        0.9559686259467136,
        0.4511009327360481,
        0.27130756701354297,
        0.7533202417657903,
        0.10006556100542663,
        0.9824716716426252,
        0.3219259103766179,
        0.650593913952431,
        0.48507604484253863,
        0.17459093103265266,
        0.5585132033972096,
        0.5223637290183687,
        0.6965879461331902,
        0.18984797308612822,
        0.3530953565001309,
        0.9102723354683728,
        0.6947604694263882,
        0.14903239882981623,
        0.7051089869130135,
        0.2657084738660841,
        0.566019433275912,
        0.3078139475112003,
        0.6131764262851196,
        0.9166935696814186,
        0.32417735193524533,
        0.4227078446404673,
        0.11987753628371756,
        0.616571624417437,
        0.11488666305366169,
        0.08236846044360502,
        0.13882441937772405,
        0.970058119571911,
        0.1532103770323615,
        0.5370212265812601,
        0.6644705127481718,
        0.28955958016226,
        0.16473765746536662,
        0.1485025988542158,
        0.2816200083087087,
        0.9676209144903806,
        0.1930316310008472,
        0.34361210833702394,
        0.17757963029043533,
        0.891241194984717,
        0.058718172944328795,
        0.3557835007098874,
        0.38511125619421416,
        0.03992322759378564,
        0.5894533915268402,
        0.6213557921666808,
        0.8960078987237956,
        0.8753097398833555,
        0.9727253885951007,
        0.6161427894087362,
        0.4924540778178693,
        0.37801196015921135,
        0.4179790607846159,
        0.7040890395439885,
        0.6369306129935292,
        0.2655673630285469,
        0.5782344414575185,
        0.03205261023335104,
        0.4144971098260912,
        0.3449180363047606,
        0.8328907671756222,
        0.9449553628124682,
        0.4332258913974121,
        0.9752692139432227,
        0.8609203823159028,
        0.828552043338903,
        0.5057411695485384,
        0.36844944171928207,
        0.9408486345852188,
        0.5271716866026729,
        0.4586698712247568,
        0.043030441119302765,
        0.7556209273488156,
        0.8720691225951346,
        0.39658660404068447,
        0.7649562141279638,
        0.09532639035428347,
        0.3311473881609124,
        0.5811008875123963,
        0.35849049503578856,
        0.6814715385579478,
        0.1638240544204641,
        0.9590749277609332,
        0.300176474802604,
        0.792417277648384,
        0.2784472923975536,
        0.24097905555413224,
        0.18188604847117373,
        0.45653488057928415,
        0.1790910379382321,
        0.47221736565524697,
        0.08760892470375481,
        0.9669119868083448,
        0.0324489117527067,
        0.31668241744963965,
        0.700035214002059,
        0.20513612428191463,
        0.2756313728229849,
        0.8882198036253859,
        0.8673862100347687,
        0.43364136511080265,
        0.7320400458144113,
        0.06974571726722023,
        0.5874353785769143,
        0.61060152260409,
        0.6866209341801277,
        0.25543238987202255,
        0.8671813203919493,
        0.6718444061457859,
        0.24310830399583216,
        0.7335155652658575,
        0.7383253878297222,
        0.44001910864190075,
        0.13998043817920136,
        0.011430403141253986,
        0.8104020999337725
    ],