{
    "format": 8,
    "name": "n70k5_14",
    "n": 70,
    "k": 5,
    "capacity": 14,
    "optimal_solution": 14.32299518585205,
    "x_values": [
        0.35485440492630005,
        0.6575174331665039,
        0.40519875288009644,
        0.9135139584541321,
        0.9596230983734131,
        0.6085911989212036,
        0.3462814688682556,
        0.3583393692970276,
        0.650240957736969,
        0.14250224828720093,
        0.16341567039489746,
        0.7196667790412903,
        0.19850629568099976,
        0.2735164165496826,
        0.6827480792999268,
        0.12147235870361328,
        0.9887180924415588,
        0.7366245985031128,
        0.4382089376449585,
        0.6468558311462402,
        0.871258020401001,
        0.9473543763160706,
        0.041120707988739014,
        0.752472996711731,
        0.06023484468460083,
        0.04756736755371094,
        0.6856939792633057,
        0.04094278812408447,
        0.6931499242782593,
        0.8312066793441772,
        0.4705525040626526,
        0.3041533827781677,
        0.7447946071624756,
        0.3268774151802063,
        0.08234816789627075,
        0.2803942561149597,
        0.54268878698349,
        0.35335391759872437,
        0.20337629318237305,
        0.35449129343032837,
        0.29323458671569824,
        0.8835693001747131,
        0.6432466506958008,
        0.0647512674331665,
        0.45265471935272217,
        0.11277365684509277,
        0.9303281903266907,
        0.8360632061958313,
        0.6818386912345886,
        0.2788293957710266,
        0.7177409529685974,
        0.06468039751052856,
        0.33814096450805664,
        0.9249512553215027,
        0.3450086712837219,
        0.7990493774414062,
        0.302773118019104,
        0.43624579906463623,
        0.8366221189498901,
        0.6529111862182617,
        0.9086341857910156,
        0.35704106092453003,
        0.18906301259994507,
        0.06519991159439087,
        0.4471585750579834,
        0.5288965702056885,
        0.10212242603302002,
        0.6066382527351379,
        0.7764301896095276,
        0.2343217134475708
    ],
    "y_values": [
        0.08698654174804688,
        0.5968218445777893,
        0.7640126943588257,
        0.6455135345458984,
        0.24732846021652222,
        0.8460999131202698,
        0.17497700452804565,
        0.6079044938087463,
        0.559296190738678,
        0.9117646813392639,
        0.13591372966766357,
        0.48062509298324585,
        0.7982203364372253,
        0.9607262015342712,
        0.5583645701408386,
        0.6077030301094055,
        0.8772931098937988,
        0.8525890707969666,
        0.09570413827896118,
        0.5166290402412415,
        0.6508679986000061,
        0.9078740477561951,
        0.4901636242866516,
        0.22389918565750122,
        0.9506902694702148,
        0.2717949151992798,
        0.31430351734161377,
        0.2633340358734131,
        0.6864948868751526,
        0.5337296724319458,
        0.6116445064544678,
        0.7425712943077087,
        0.565716564655304,
        0.1655297875404358,
        0.16445088386535645,
        0.1861695647239685,
        0.32714056968688965,
        0.14612603187561035,
        0.7927426695823669,
        0.3621142506599426,
        0.03924274444580078,
        0.10767728090286255,
        0.3299030661582947,
        0.10226529836654663,
        0.16426652669906616,
        0.4570860266685486,
        0.8430251479148865,
        0.640975296497345,
        0.576240062713623,
        0.0666610598564148,
        0.8884218335151672,
        0.8767989277839661,
        0.9458571076393127,
        0.06999045610427856,
        0.2914193272590637,
        0.1354314684867859,
        0.18283957242965698,
        0.9872711896896362,
        0.2558133602142334,
        0.1480388641357422,
        0.4761078953742981,
        0.7474743723869324,
        0.3868589401245117,
        0.7080456018447876,
        0.894147515296936,
        0.4270334243774414,
        0.3191046714782715,
        0.32548820972442627,
        0.870834469795227,
        0.2118467092514038
    ]
}