{
    "format": 5,
    "name": "n80k7_66",
    "n": 80,
    "k": 7,
    "optimal_solution": 0.3120858669281006,
    "x_values": [
        0.11797058582305908,
        0.875133752822876,
        0.8218258619308472,
        0.298220694065094,
        0.8030720949172974,
        0.4052309989929199,
        0.541724443435669,
        0.8615683317184448,
        0.7951034307479858,
        0.17017990350723267,
        0.29768508672714233,
        0.4427523612976074,
        0.35984736680984497,
        0.4740143418312073,
        0.433978796005249,
        0.5014089941978455,
        0.17754065990447998,
        0.12318497896194458,
        0.9740675687789917,
        0.09524434804916382,
        0.08862829208374023,
        0.20660638809204102,
        0.5015473961830139,
        0.16792303323745728,
        0.850117027759552,
        0.7229637503623962,
        0.2783491611480713,
        0.9630022644996643,
        0.7659940719604492,
        0.32764047384262085,
        0.6816579103469849,
        0.8487288951873779,
        0.8343935608863831,
        0.6128179430961609,
        0.21872127056121826,
        0.4554120898246765,
        0.38141387701034546,
        0.0010402798652648926,
        0.6063339114189148,
        0.09858697652816772,
        0.8078058362007141,
        0.7992474436759949,
        0.04518944025039673,
        0.07679641246795654,
        0.5540539622306824,
        0.7655230164527893,
        0.08479589223861694,
        0.681663453578949,
        0.6724907755851746,
        0.16047394275665283,
        0.993192732334137,
        0.9037242531776428,
        0.6467416882514954,
        0.6252613067626953,
        0.2081248164176941,
        0.7675759196281433,
        0.4362028241157532,
        0.8558505773544312,
        0.1835499405860901,
        0.6887441277503967,
        0.8275005221366882,
        0.08780127763748169,
        0.5767818093299866,
        0.8402513265609741,
        0.9360845685005188,
        0.48283714056015015,
        0.1791629195213318,
        0.7578139901161194,
        0.2681024670600891,
        0.8098533153533936,
        0.8133500218391418,
        0.3352888226509094,
        0.9003797769546509,
        0.1845601201057434,
        0.8150660395622253,
        0.5139880180358887,
        0.9915146827697754,
        0.9464589953422546,
        0.2406165599822998,
        0.45747625827789307
    ],
    "y_values": [
        0.11907804012298584,
        0.7779681086540222,
        0.8661051392555237,
        0.22939836978912354,
        0.25778377056121826,
        0.8243117332458496,
        0.055310189723968506,
        0.8454301953315735,
        0.4450385570526123,
        0.46202999353408813,
        0.0904008150100708,
        0.24396151304244995,
        0.8359642028808594,
        0.025622904300689697,
        0.8265659213066101,
        0.21334141492843628,
        0.4109331965446472,
        0.7848209142684937,
        0.27827197313308716,
        0.822113573551178,
        0.3116186857223511,
        0.36909765005111694,
        0.22973573207855225,
        0.07882755994796753,
        0.4844490885734558,
        0.10795390605926514,
        0.5051160454750061,
        0.9048110842704773,
        0.1294708251953125,
        0.06977993249893188,
        0.1446649432182312,
        0.19205623865127563,
        0.25682175159454346,
        0.870672345161438,
        0.5599806308746338,
        0.4446157217025757,
        0.6236931085586548,
        0.7065970301628113,
        0.5777543783187866,
        0.3989565372467041,
        0.5030806660652161,
        0.915001392364502,
        0.18239504098892212,
        0.018146395683288574,
        0.027500391006469727,
        0.6653259992599487,
        0.363258421421051,
        0.5314624309539795,
        0.3942403197288513,
        0.681986391544342,
        0.7181943655014038,
        0.7600986361503601,
        0.653078556060791,
        0.09301793575286865,
        0.9884842038154602,
        0.8986001014709473,
        0.3900066018104553,
        0.633573055267334,
        0.16588670015335083,
        0.05056929588317871,
        0.07487285137176514,
        0.06640738248825073,
        0.1481967568397522,
        0.16360872983932495,
        0.17616111040115356,
        0.7769734859466553,
        0.452525794506073,
        0.6671075224876404,
        0.2997578978538513,
        0.10755610466003418,
        0.15074986219406128,
        0.7816564440727234,
        0.25602084398269653,
        0.48738205432891846,
        0.12212902307510376,
        0.006028532981872559,
        0.9745145440101624,
        0.6974408030509949,
        0.5694212317466736,
        0.4746691584587097
    ]
}