{
    "format": 2,
    "name": "n60k7_19",
    "n": 60,
    "k": 7,
    "optimal_solution": 9.712971687316895,
    "x_values": [
        0.181504487991333,
        0.7324488162994385,
        0.09649300575256348,
        0.7149331569671631,
        0.29781973361968994,
        0.7613399624824524,
        0.5785544514656067,
        0.6030773520469666,
        0.6044535040855408,
        0.704331636428833,
        0.6783589124679565,
        0.2913128137588501,
        0.5634016394615173,
        0.7708267569541931,
        0.7745551466941833,
        0.06712174415588379,
        0.10929369926452637,
        0.4582480788230896,
        0.15137821435928345,
        0.631000280380249,
        0.08007937669754028,
        0.7969732880592346,
        0.13571012020111084,
        0.16125619411468506,
        0.3604124188423157,
        0.34519869089126587,
        0.3554556965827942,
        0.20309799909591675,
        0.11754339933395386,
        0.37957799434661865,
        0.7166969776153564,
        0.13429051637649536,
        0.11711424589157104,
        0.5298391580581665,
        0.995597243309021,
        0.19469475746154785,
        0.6514186263084412,
        0.24005436897277832,
        0.8183733224868774,
        0.5189270973205566,
        0.9926052689552307,
        0.3036421537399292,
        0.6557842493057251,
        0.03987318277359009,
        0.6328056454658508,
        0.17351412773132324,
        0.6661697030067444,
        0.5567227602005005,
        0.9223756194114685,
        0.031345903873443604,
        0.2108505368232727,
        0.28683745861053467,
        0.48980480432510376,
        0.9118364453315735,
        0.0720791220664978,
        0.09986281394958496,
        0.840394914150238,
        0.9747510552406311,
        0.8126723766326904,
        0.4045112729072571
    ],
    "y_values": [
        0.7388231158256531,
        0.9786218404769897,
        0.43506717681884766,
        0.3806378245353699,
        0.8710096478462219,
        0.06276446580886841,
        0.11678671836853027,
        0.7446857690811157,
        0.6107256412506104,
        0.14846271276474,
        0.501927375793457,
        0.7885494828224182,
        0.30370795726776123,
        0.7876307368278503,
        0.3535223603248596,
        0.687261164188385,
        0.3580070734024048,
        0.311554491519928,
        0.07194477319717407,
        0.5042951703071594,
        0.7629610300064087,
        0.4798705577850342,
        0.6097265481948853,
        0.1150510311126709,
        0.8054805994033813,
        0.5254004001617432,
        0.5563094019889832,
        0.5880097150802612,
        0.1999921202659607,
        0.9417523145675659,
        0.008220434188842773,
        0.9176688194274902,
        0.7931616902351379,
        0.2634813189506531,
        0.6472035050392151,
        0.5415788888931274,
        0.9490861296653748,
        0.2639142870903015,
        0.20338666439056396,
        0.13267749547958374,
        0.47639209032058716,
        0.6521788835525513,
        0.7025246024131775,
        0.21799838542938232,
        0.35614699125289917,
        0.16068941354751587,
        0.7677264213562012,
        0.5280054211616516,
        0.13412946462631226,
        0.9725623726844788,
        0.4524006247520447,
        0.371154248714447,
        0.7654985785484314,
        0.9663224220275879,
        0.9223477244377136,
        0.15887027978897095,
        0.6347426772117615,
        0.872482419013977,
        0.4723696708679199,
        0.028621375560760498
    ]
}