{
    "format": 2,
    "name": "n60k7_70",
    "n": 60,
    "k": 7,
    "optimal_solution": 8.41415023803711,
    "x_values": [
        0.1451687216758728,
        0.594098687171936,
        0.12195611000061035,
        0.7392051219940186,
        0.4161262512207031,
        0.2721497416496277,
        0.8614250421524048,
        0.7804735898971558,
        0.4261389970779419,
        0.7277155518531799,
        0.48952019214630127,
        0.6309765577316284,
        0.6931263208389282,
        0.18846726417541504,
        0.5982397198677063,
        0.8462834358215332,
        0.31367021799087524,
        0.9868436455726624,
        0.6910812258720398,
        0.7785748243331909,
        0.1201896071434021,
        0.5579893589019775,
        0.3988689184188843,
        0.7942606210708618,
        0.7403092980384827,
        0.2593088746070862,
        0.5938096046447754,
        0.9681794047355652,
        0.5417128205299377,
        0.6245161294937134,
        0.2537180781364441,
        0.7794401049613953,
        0.9632071852684021,
        0.620635449886322,
        0.33546799421310425,
        0.40713340044021606,
        0.558536946773529,
        0.9647437930107117,
        0.4553590416908264,
        0.617192804813385,
        0.8253114223480225,
        0.4041500687599182,
        0.021185874938964844,
        0.2552657723426819,
        0.03722858428955078,
        0.41582924127578735,
        0.15260034799575806,
        0.17909693717956543,
        0.06399554014205933,
        0.749048113822937,
        0.3150520324707031,
        0.16015160083770752,
        0.05436134338378906,
        0.9202345609664917,
        0.14908742904663086,
        0.41533684730529785,
        0.9816186428070068,
        0.5501632690429688,
        0.22966432571411133,
        0.8068389296531677
    ],
    "y_values": [
        0.5100414156913757,
        0.17746073007583618,
        0.15161263942718506,
        0.1617935299873352,
        0.6840053796768188,
        0.923636794090271,
        0.8569637537002563,
        0.5530981421470642,
        0.05765634775161743,
        0.6293182373046875,
        0.05596494674682617,
        0.21946370601654053,
        0.00012695789337158203,
        0.9723827838897705,
        0.8191899657249451,
        0.7227557897567749,
        0.956615149974823,
        0.08095461130142212,
        0.6779446601867676,
        0.6339191794395447,
        0.11568671464920044,
        0.4824162721633911,
        0.1551310420036316,
        0.2915385961532593,
        0.7266049981117249,
        0.19378626346588135,
        0.2255212664604187,
        0.09615254402160645,
        0.7383460998535156,
        0.2743244767189026,
        0.428272545337677,
        0.7581345438957214,
        0.5012035965919495,
        0.4353893995285034,
        0.3557741641998291,
        0.12989073991775513,
        0.4755621552467346,
        0.04098212718963623,
        0.4753061532974243,
        0.6132873296737671,
        0.020649254322052002,
        0.9743898510932922,
        0.940098762512207,
        0.8753371238708496,
        0.5155983567237854,
        0.2813812494277954,
        0.18678683042526245,
        0.9021691679954529,
        0.41414058208465576,
        0.5866118669509888,
        0.9425343871116638,
        0.42975854873657227,
        0.042283713817596436,
        0.28158193826675415,
        0.24322569370269775,
        0.8681650161743164,
        0.2947085499763489,
        0.4590345025062561,
        0.20180851221084595,
        0.6977851986885071
    ]
}