{
    "format": 2,
    "name": "n60k7_78",
    "n": 60,
    "k": 7,
    "optimal_solution": 9.710814476013184,
    "x_values": [
        0.7136523127555847,
        0.608291745185852,
        0.20257580280303955,
        0.8892992734909058,
        0.4381753206253052,
        0.5830811858177185,
        0.13938039541244507,
        0.9919994473457336,
        0.4676942229270935,
        0.10566794872283936,
        0.6481703519821167,
        0.39485645294189453,
        0.23064905405044556,
        0.9286383986473083,
        0.2272961139678955,
        0.15658897161483765,
        0.8189942240715027,
        0.5502731800079346,
        0.2038373351097107,
        0.19681334495544434,
        0.9581717252731323,
        0.6778252124786377,
        0.9180291891098022,
        0.7156298160552979,
        0.0029484033584594727,
        0.8866479992866516,
        0.510347306728363,
        0.9993681907653809,
        0.39103150367736816,
        0.5812004208564758,
        0.9321323037147522,
        0.9609032869338989,
        0.10531556606292725,
        0.27089613676071167,
        0.4752897620201111,
        0.12110733985900879,
        0.5410021543502808,
        0.08003050088882446,
        0.04592400789260864,
        0.45992475748062134,
        0.8154847621917725,
        0.7094718217849731,
        0.36014866828918457,
        0.6413530707359314,
        0.4016723036766052,
        0.15686124563217163,
        0.09959185123443604,
        0.008877575397491455,
        0.47838282585144043,
        0.21310514211654663,
        0.5338130593299866,
        0.1991785764694214,
        0.7549643516540527,
        0.24900805950164795,
        0.5490933656692505,
        0.15199309587478638,
        0.9163278341293335,
        0.50743168592453,
        0.12030267715454102,
        0.5148041844367981
    ],
    "y_values": [
        0.2628316879272461,
        0.8439512848854065,
        0.18025469779968262,
        0.22277295589447021,
        0.7592577338218689,
        0.6813669800758362,
        0.5163314342498779,
        0.13008201122283936,
        0.1771916151046753,
        0.8517541885375977,
        0.7138022184371948,
        0.1033751368522644,
        0.34857654571533203,
        0.9417421817779541,
        0.7897318601608276,
        0.6031897068023682,
        0.8243098258972168,
        0.48300355672836304,
        0.44875502586364746,
        0.9193607568740845,
        0.3091691732406616,
        0.43410634994506836,
        0.3180219531059265,
        0.06630837917327881,
        0.8656437993049622,
        0.9929816722869873,
        0.4236602187156677,
        0.02199864387512207,
        0.3107679486274719,
        0.6096073985099792,
        0.5909302234649658,
        0.5490536689758301,
        0.5328169465065002,
        0.10631734132766724,
        0.031165778636932373,
        0.6745821237564087,
        0.7443621754646301,
        0.8434908390045166,
        0.9413987398147583,
        0.23131561279296875,
        0.6760210394859314,
        0.017124831676483154,
        0.19538342952728271,
        0.2667079567909241,
        0.7905747890472412,
        0.0058196187019348145,
        0.11202651262283325,
        0.21382921934127808,
        0.0620841383934021,
        0.1371198296546936,
        0.6525510549545288,
        0.3766327500343323,
        0.28591489791870117,
        0.39611172676086426,
        0.8656203746795654,
        0.724711000919342,
        0.5106085538864136,
        0.4609958529472351,
        0.2768585681915283,
        0.8222603797912598
    ]
}