{
    "format": 2,
    "name": "n50k6_11",
    "n": 50,
    "k": 6,
    "optimal_solution": 8.516013145446777,
    "x_values": [
        0.940070629119873,
        0.8881098031997681,
        0.8392216563224792,
        0.9529807567596436,
        0.7081071138381958,
        0.41964733600616455,
        0.3375726342201233,
        0.012295961380004883,
        0.9202550649642944,
        0.4375590682029724,
        0.1420268416404724,
        0.9229335188865662,
        0.6760449409484863,
        0.5890417098999023,
        0.028377652168273926,
        0.5950067043304443,
        0.8015862703323364,
        0.15972179174423218,
        0.09455376863479614,
        0.8345443606376648,
        0.3323597311973572,
        0.14228057861328125,
        0.9951382279396057,
        0.866936206817627,
        0.16901355981826782,
        0.7159113883972168,
        0.41570043563842773,
        0.37617361545562744,
        0.2890739440917969,
        0.16362106800079346,
        0.7515026926994324,
        0.4950524568557739,
        0.04137623310089111,
        0.697015106678009,
        0.5298408269882202,
        0.45940881967544556,
        0.23905152082443237,
        0.44788867235183716,
        0.2744941711425781,
        0.7795121669769287,
        0.3325645327568054,
        0.29269111156463623,
        0.9635627269744873,
        0.5320498943328857,
        0.14558660984039307,
        0.45592308044433594,
        0.8510884642601013,
        0.6532173752784729,
        0.6818084716796875,
        0.7507672905921936
    ],
    "y_values": [
        0.8832234740257263,
        0.527408242225647,
        0.3045504689216614,
        0.6917353868484497,
        0.806634247303009,
        0.21533268690109253,
        0.7223518490791321,
        0.865112841129303,
        0.18611609935760498,
        0.2744399905204773,
        0.42777907848358154,
        0.5744522213935852,
        0.21569544076919556,
        0.3047509789466858,
        0.1932358741760254,
        0.5102978348731995,
        0.5114467144012451,
        0.03934931755065918,
        0.10035043954849243,
        0.000888824462890625,
        0.6124833226203918,
        0.5330935120582581,
        0.9193439483642578,
        0.540329098701477,
        0.7639095187187195,
        0.8121278285980225,
        0.26917344331741333,
        0.49962693452835083,
        0.23200201988220215,
        0.4237819314002991,
        0.7747266888618469,
        0.04940420389175415,
        0.2049902081489563,
        0.8217568397521973,
        0.27347153425216675,
        0.9010583162307739,
        0.11464309692382812,
        0.16648143529891968,
        0.5830426812171936,
        0.028567016124725342,
        0.5288483500480652,
        0.030103683471679688,
        0.8145586848258972,
        0.6139889359474182,
        0.3313419222831726,
        0.6253679990768433,
        0.23864823579788208,
        0.017450034618377686,
        0.9425685405731201,
        0.744384229183197
    ]
}