{
    "format": 5,
    "name": "n50k6_78",
    "n": 50,
    "k": 6,
    "optimal_solution": 0.3087051510810852,
    "x_values": [
        0.31520164012908936,
        0.7396875023841858,
        0.12403315305709839,
        0.3258553743362427,
        0.3973318934440613,
        0.8729268312454224,
        0.14358288049697876,
        0.039717257022857666,
        0.9878039956092834,
        0.5649381279945374,
        0.38358592987060547,
        0.7147433757781982,
        0.884032666683197,
        0.9415431022644043,
        0.45896512269973755,
        0.32747501134872437,
        0.027626216411590576,
        0.3547065854072571,
        0.4851241111755371,
        0.1457059383392334,
        0.5424582362174988,
        0.16755461692810059,
        0.8070310354232788,
        0.468411386013031,
        0.8137436509132385,
        0.15123093128204346,
        0.7662838697433472,
        0.9508582949638367,
        0.3984278440475464,
        0.1884702444076538,
        0.7463476061820984,
        0.005790889263153076,
        0.9509534239768982,
        0.17956799268722534,
        0.8364284038543701,
        0.7017271518707275,
        0.09831446409225464,
        0.9005918502807617,
        0.4901530146598816,
        0.34956419467926025,
        0.18164432048797607,
        0.05649179220199585,
        0.41695636510849,
        0.2826690077781677,
        0.7603630423545837,
        0.8130942583084106,
        0.7039803266525269,
        0.4845181703567505,
        0.05646824836730957,
        0.20988595485687256
    ],
    "y_values": [
        0.05045974254608154,
        0.6367831230163574,
        0.33132404088974,
        0.36645686626434326,
        0.15583086013793945,
        0.018318533897399902,
        0.5526976585388184,
        0.13436096906661987,
        0.6793848872184753,
        0.7539510726928711,
        0.5251083374023438,
        0.8462275266647339,
        0.43592721223831177,
        0.2651846408843994,
        0.3181765675544739,
        0.6192160844802856,
        0.8560571670532227,
        0.8301002383232117,
        0.9077928066253662,
        0.28833693265914917,
        0.047383904457092285,
        0.970686137676239,
        0.39644527435302734,
        0.9046488404273987,
        0.25604361295700073,
        0.4157196879386902,
        0.21979093551635742,
        0.027741312980651855,
        0.704925000667572,
        0.6544984579086304,
        0.4909888505935669,
        0.48828810453414917,
        0.19414281845092773,
        0.9135603308677673,
        0.4369960427284241,
        0.6632360816001892,
        0.45104771852493286,
        0.38457876443862915,
        0.8820133805274963,
        0.045976996421813965,
        0.6762004494667053,
        0.7344291806221008,
        0.22817116975784302,
        0.5523855686187744,
        0.251883327960968,
        0.4915904402732849,
        0.6839911937713623,
        0.8049982190132141,
        0.3952980041503906,
        0.5309555530548096
    ]
}