{
    "format": 5,
    "name": "n20k5_96",
    "n": 20,
    "k": 5,
    "optimal_solution": 0.3209436535835266,
    "x_values": [
        0.9449828267097473,
        0.6635981798171997,
        0.35343652963638306,
        0.17419618368148804,
        0.0026292800903320312,
        0.8222270011901855,
        0.5027127265930176,
        0.8557411432266235,
        0.5440479516983032,
        0.4002566337585449,
        0.23290997743606567,
        0.6620705723762512,
        0.6656942367553711,
        0.5373790264129639,
        0.051629722118377686,
        0.16775977611541748,
        0.14987605810165405,
        0.9200849533081055,
        0.5366367101669312,
        0.2107638120651245
    ],
    "y_values": [
        0.48843979835510254,
        0.11244028806686401,
        0.8528323173522949,
        0.42849165201187134,
        0.8244333863258362,
        0.8447391390800476,
        0.8431708812713623,
        0.7657751441001892,
        0.1813979148864746,
        0.5245909094810486,
        0.3848279118537903,
        0.4361801743507385,
        0.20862054824829102,
        0.15627241134643555,
        0.683853268623352,
        0.8652827739715576,
        0.6366190314292908,
        0.5482061505317688,
        0.8093857765197754,
        0.8785719275474548
    ]
}