{
    "format": 2,
    "name": "n90k3_99",
    "n": 90,
    "k": 3,
    "optimal_solution": 27.189708709716797,
    "x_values": [
        0.0013108253479003906,
        0.5256969332695007,
        0.8816846609115601,
        0.2827172875404358,
        0.3480690121650696,
        0.10574346780776978,
        0.8705748319625854,
        0.7792136669158936,
        0.6740671992301941,
        0.7925958633422852,
        0.2603672742843628,
        0.10521960258483887,
        0.5079056620597839,
        0.5637834668159485,
        0.45721960067749023,
        0.6343842148780823,
        0.004394412040710449,
        0.8769421577453613,
        0.29629606008529663,
        0.46862465143203735,
        0.18442457914352417,
        0.5428252220153809,
        0.9310364723205566,
        0.04166465997695923,
        0.2628527283668518,
        0.9962500929832458,
        0.17982512712478638,
        0.8160640597343445,
        0.34843510389328003,
        0.4768069386482239,
        0.8135914206504822,
        0.5332149863243103,
        0.8528454899787903,
        0.06606835126876831,
        0.003456413745880127,
        0.07112103700637817,
        0.016788780689239502,
        0.8115358948707581,
        0.02220362424850464,
        0.9363962411880493,
        0.5837598443031311,
        0.5454531908035278,
        0.33348172903060913,
        0.9601097702980042,
        0.8167663812637329,
        0.875834584236145,
        0.5451832413673401,
        0.7183827757835388,
        0.1963653564453125,
        0.37764066457748413,
        0.7215623259544373,
        0.07306301593780518,
        0.6640421748161316,
        0.2474651336669922,
        0.08079135417938232,
        0.5657163262367249,
        0.28210341930389404,
        0.17376071214675903,
        0.9564003348350525,
        0.8219580054283142,
        0.2680278420448303,
        0.11068272590637207,
        0.9772324562072754,
        0.8990502953529358,
        0.7526004314422607,
        0.3631706237792969,
        0.3855553865432739,
        0.26541823148727417,
        0.6847900748252869,
        0.7911960482597351,
        0.01624464988708496,
        0.5469117164611816,
        0.5492087006568909,
        0.32021182775497437,
        0.1378636360168457,
        0.14886218309402466,
        0.398232102394104,
        0.7616785168647766,
        0.6740913987159729,
        0.02085047960281372,
        0.6732215881347656,
        0.9990810751914978,
        0.18655598163604736,
        0.40155357122421265,
        0.4568237066268921,
        0.9612598419189453,
        0.06322979927062988,
        0.03263741731643677,
        0.10503560304641724,
        0.38573312759399414
    ],
    "y_values": [
        0.4750804305076599,
        0.6997331976890564,
        0.11339432001113892,
        0.5317386388778687,
        0.05818086862564087,
        0.7458136081695557,
        0.44891613721847534,
        0.4921342730522156,
        0.0864332914352417,
        0.5052067637443542,
        0.004184842109680176,
        0.4756239652633667,
        0.04294532537460327,
        0.7748085260391235,
        0.9117640852928162,
        0.046253979206085205,
        0.44570523500442505,
        0.3432433605194092,
        0.8730971813201904,
        0.5205597281455994,
        0.6829996705055237,
        0.5962508320808411,
        0.687117874622345,
        0.8321884870529175,
        0.9595811367034912,
        0.8958304524421692,
        0.725328266620636,
        0.5162890553474426,
        0.42006051540374756,
        0.19583380222320557,
        0.17048829793930054,
        0.996237576007843,
        0.8847906589508057,
        0.053177475929260254,
        0.06885325908660889,
        0.395918071269989,
        0.22769802808761597,
        0.2755964398384094,
        0.3252454400062561,
        0.7914661765098572,
        0.506447434425354,
        0.827816903591156,
        0.24782699346542358,
        0.6259426474571228,
        0.8411952257156372,
        0.18211883306503296,
        0.5409864783287048,
        0.8421287536621094,
        0.4126626253128052,
        0.03847682476043701,
        0.10164386034011841,
        0.9466191530227661,
        0.6346940398216248,
        0.9117946028709412,
        0.9001463651657104,
        0.44165438413619995,
        0.3962171673774719,
        0.0938955545425415,
        0.553882896900177,
        0.8323926329612732,
        0.06498688459396362,
        0.28396767377853394,
        0.8452664017677307,
        0.38841909170150757,
        0.32665371894836426,
        0.8613490462303162,
        0.10379326343536377,
        0.22027498483657837,
        0.25909632444381714,
        0.07156598567962646,
        0.5268522500991821,
        0.570250928401947,
        0.19370681047439575,
        0.7397587895393372,
        0.06593179702758789,
        0.5483378171920776,
        0.3076603412628174,
        0.7584392428398132,
        0.09901517629623413,
        0.25020939111709595,
        0.8587517738342285,
        0.14141064882278442,
        0.4570838212966919,
        0.8160211443901062,
        0.003445446491241455,
        0.15671569108963013,
        0.8908169269561768,
        0.8603729009628296,
        0.8150797486305237,
        0.6839002370834351
    ]
}