{
    "format": 8,
    "name": "n90k10_19",
    "n": 90,
    "k": 10,
    "capacity": 9,
    "optimal_solution": 12.377038955688477,
    "x_values": [
        0.11142969131469727,
        0.8236554265022278,
        0.43993324041366577,
        0.15921729803085327,
        0.5346453189849854,
        0.2913721203804016,
        0.7787444591522217,
        0.055692851543426514,
        0.3076140284538269,
        0.9956289529800415,
        0.544081449508667,
        0.25824815034866333,
        0.522078275680542,
        0.010042965412139893,
        0.2604975700378418,
        0.7950553297996521,
        0.5950819253921509,
        0.24621880054473877,
        0.17789125442504883,
        0.4834631681442261,
        0.8137593269348145,
        0.4220018982887268,
        0.6885128021240234,
        0.22330623865127563,
        0.8244293928146362,
        0.8842185139656067,
        0.41114115715026855,
        0.22421491146087646,
        0.8932865262031555,
        0.9975365400314331,
        0.024009644985198975,
        0.2876908779144287,
        0.3785751461982727,
        0.8960067629814148,
        0.24261844158172607,
        0.9727679491043091,
        0.22270244359970093,
        0.26699286699295044,
        0.5736486315727234,
        0.9704008102416992,
        0.7361063957214355,
        0.2615617513656616,
        0.46666115522384644,
        0.047943055629730225,
        0.8214572668075562,
        0.5829876065254211,
        0.6688194274902344,
        0.7551331520080566,
        0.4612858295440674,
        0.7173308730125427,
        0.4333726763725281,
        0.9856417179107666,
        0.01398533582687378,
        0.562283456325531,
        0.22793656587600708,
        0.10445141792297363,
        0.36087608337402344,
        0.6912959218025208,
        0.6510149836540222,
        0.5685124397277832,
        0.6418541669845581,
        0.338031530380249,
        0.9869388341903687,
        0.8574814796447754,
        0.6246055960655212,
        0.39619898796081543,
        0.3863931894302368,
        0.8416060209274292,
        0.04486513137817383,
        0.11412972211837769,
        0.9265174865722656,
        0.10332363843917847,
        0.22610944509506226,
        0.10175758600234985,
        0.93172287940979,
        0.4627782702445984,
        0.26918548345565796,
        0.07652735710144043,
        0.017902612686157227,
        0.05952954292297363,
        0.020875751972198486,
        0.8840603828430176,
        0.20425939559936523,
        0.4186250567436218,
        0.7231510877609253,
        0.8769263029098511,
        0.7353677749633789,
        0.07924365997314453,
        0.5063024759292603,
        0.7448561191558838
    ],
    "y_values": [
        0.7146919965744019,
        0.8959258794784546,
        0.16937822103500366,
        0.42375069856643677,
        0.6807278394699097,
        0.21648329496383667,
        0.5539567470550537,
        0.7331272959709167,
        0.18487411737442017,
        0.34853482246398926,
        0.058933913707733154,
        0.9029897451400757,
        0.8578636050224304,
        0.9374479055404663,
        0.6314594745635986,
        0.6435485482215881,
        0.7990475296974182,
        0.6825747489929199,
        0.16467899084091187,
        0.3109762668609619,
        0.4622066617012024,
        0.8796762228012085,
        0.5000048279762268,
        0.5706696510314941,
        0.3435659408569336,
        0.604587733745575,
        0.3095836043357849,
        0.9370620846748352,
        0.4504251480102539,
        0.9034159183502197,
        0.9720351099967957,
        0.23722201585769653,
        0.09441238641738892,
        0.4798295497894287,
        0.10725909471511841,
        0.1893448829650879,
        0.2628747820854187,
        0.35931020975112915,
        0.47961747646331787,
        0.37847620248794556,
        0.7800894975662231,
        0.917372465133667,
        0.0012751221656799316,
        0.7539496421813965,
        0.7334138751029968,
        0.16013598442077637,
        0.3170337677001953,
        0.9703581929206848,
        0.49340367317199707,
        0.9030888676643372,
        0.1758054494857788,
        0.26179009675979614,
        0.09779530763626099,
        0.9082796573638916,
        0.9684901833534241,
        0.2570444941520691,
        0.07628244161605835,
        0.4571460485458374,
        0.37579435110092163,
        0.1695963740348816,
        0.5281119346618652,
        0.02846735715866089,
        0.3888391852378845,
        0.8508344888687134,
        0.5759995579719543,
        0.4960358142852783,
        0.3837146759033203,
        0.352111279964447,
        0.4125022292137146,
        0.4764217138290405,
        0.626887321472168,
        0.8542345762252808,
        0.42999207973480225,
        0.5204362273216248,
        0.9432629942893982,
        0.26822328567504883,
        0.1589430570602417,
        0.7748627662658691,
        0.21565288305282593,
        0.9497378468513489,
        0.06709140539169312,
        0.8110687732696533,
        0.3954366445541382,
        0.4156372547149658,
        0.7493884563446045,
        0.9926923513412476,
        0.5521135330200195,
        0.630596399307251,
        0.8000228404998779,
        0.2119540572166443
    ]
}