{
    "format": 8,
    "name": "n90k10_7",
    "n": 90,
    "k": 10,
    "capacity": 9,
    "optimal_solution": 12.1533203125,
    "x_values": [
        0.17880892753601074,
        0.41196930408477783,
        0.9717186689376831,
        0.6312827467918396,
        0.8934615254402161,
        0.8557477593421936,
        0.007157266139984131,
        0.1395350694656372,
        0.6804203987121582,
        0.2760651707649231,
        0.3629748225212097,
        0.8917087912559509,
        0.1624525785446167,
        0.8736844658851624,
        0.4798756241798401,
        0.755695104598999,
        0.719311535358429,
        0.896888017654419,
        0.2771250605583191,
        0.08588927984237671,
        0.16846436262130737,
        0.08841818571090698,
        0.035216331481933594,
        0.2666519284248352,
        0.2119675874710083,
        0.9228328466415405,
        0.8612160682678223,
        0.7915274500846863,
        0.47086894512176514,
        0.9199166893959045,
        0.21445965766906738,
        0.5850676894187927,
        0.15454012155532837,
        0.12447923421859741,
        0.023095905780792236,
        0.34960639476776123,
        0.029106616973876953,
        0.131278395652771,
        0.7506901621818542,
        0.9628123044967651,
        0.889335036277771,
        0.8476547598838806,
        0.6474595069885254,
        0.11494946479797363,
        0.16085797548294067,
        0.7190691828727722,
        0.5015981197357178,
        0.06814497709274292,
        0.6234754920005798,
        0.7918342351913452,
        0.34487950801849365,
        0.5025738477706909,
        0.4369350075721741,
        0.7140746116638184,
        0.6198794841766357,
        0.13030707836151123,
        0.5151534676551819,
        0.874979555606842,
        0.7896086573600769,
        0.5714414119720459,
        0.015136778354644775,
        0.8133009672164917,
        0.5769947171211243,
        0.45808976888656616,
        0.09524130821228027,
        0.5137538313865662,
        0.4348081946372986,
        0.751824676990509,
        0.6473637223243713,
        0.41854310035705566,
        0.4674952030181885,
        0.7049490213394165,
        0.3757646679878235,
        0.22272396087646484,
        0.9981595873832703,
        0.866626501083374,
        0.7540457248687744,
        0.8624001741409302,
        0.18936365842819214,
        0.2108783721923828,
        0.4482458829879761,
        0.9815232157707214,
        0.9901875257492065,
        0.5809983015060425,
        0.027277231216430664,
        0.025507569313049316,
        0.095894455909729,
        0.699155330657959,
        0.9563059210777283,
        0.24551331996917725
    ],
    "y_values": [
        0.547958493232727,
        0.019816994667053223,
        0.43167293071746826,
        0.22145336866378784,
        0.4206889271736145,
        0.9095762968063354,
        0.09701353311538696,
        0.9354528188705444,
        0.9451863765716553,
        0.6349768042564392,
        0.9505156874656677,
        0.9308155179023743,
        0.5459415316581726,
        0.6048171520233154,
        0.5322452187538147,
        0.7888110876083374,
        0.2557118535041809,
        0.1244804859161377,
        0.24130123853683472,
        0.09767788648605347,
        0.21831613779067993,
        0.1301814317703247,
        0.016237258911132812,
        0.8564661145210266,
        0.9064563512802124,
        0.42537200450897217,
        0.7195523977279663,
        0.24035626649856567,
        0.8985723257064819,
        0.2847788333892822,
        0.5453564524650574,
        0.03971672058105469,
        0.5592238306999207,
        0.6682390570640564,
        0.36309725046157837,
        0.41840308904647827,
        0.31544917821884155,
        0.11686968803405762,
        0.7227615118026733,
        0.04700881242752075,
        0.8910031318664551,
        0.34295570850372314,
        0.06556546688079834,
        0.6093429327011108,
        0.7695592045783997,
        0.688587486743927,
        0.8630145788192749,
        0.20304089784622192,
        0.08185464143753052,
        0.2469102144241333,
        0.6682004332542419,
        0.30085647106170654,
        0.513094425201416,
        0.9328529834747314,
        0.4130992293357849,
        0.8989660739898682,
        0.5521535873413086,
        0.7357413172721863,
        0.26339155435562134,
        0.0060193538665771484,
        0.3325415849685669,
        0.3247842788696289,
        0.49293482303619385,
        0.33533143997192383,
        0.8136739134788513,
        0.7633903622627258,
        0.9368362426757812,
        0.26272618770599365,
        0.6716225147247314,
        0.4679495096206665,
        0.7219993472099304,
        0.7452117800712585,
        0.7224094271659851,
        0.14183944463729858,
        0.03168785572052002,
        0.054833292961120605,
        0.32634949684143066,
        0.19472765922546387,
        0.3191233277320862,
        0.8041157722473145,
        0.10249793529510498,
        0.6557853817939758,
        0.3431798815727234,
        0.5890941619873047,
        0.7910230755805969,
        0.7970656752586365,
        0.33095794916152954,
        0.5373448729515076,
        0.3626170754432678,
        0.7009216547012329
    ]
}