{
    "format": 2,
    "name": "n80k10_30",
    "n": 80,
    "k": 10,
    "optimal_solution": 9.679167747497559,
    "x_values": [
        0.0887291431427002,
        0.4015806317329407,
        0.9691029787063599,
        0.621117889881134,
        0.7204704284667969,
        0.4353943467140198,
        0.2646624445915222,
        0.41379815340042114,
        0.17046141624450684,
        0.19905811548233032,
        0.0315701961517334,
        0.8144453167915344,
        0.9085391163825989,
        0.8135061860084534,
        0.7561976909637451,
        0.0931050181388855,
        0.42102718353271484,
        0.29540157318115234,
        0.5199728012084961,
        0.6722117066383362,
        0.9515633583068848,
        0.903224527835846,
        0.3341637849807739,
        0.40252792835235596,
        0.21695572137832642,
        0.9431121349334717,
        0.8485655188560486,
        0.13120108842849731,
        0.7763470411300659,
        0.9967622756958008,
        0.433712899684906,
        0.6698237061500549,
        0.9865126609802246,
        0.14754188060760498,
        0.6915031671524048,
        0.17548424005508423,
        0.40515637397766113,
        0.876373291015625,
        0.2240893840789795,
        0.7390280961990356,
        0.5121486783027649,
        0.7028215527534485,
        0.16972637176513672,
        0.025799691677093506,
        0.725415050983429,
        0.7645214200019836,
        0.6848403215408325,
        0.45936572551727295,
        0.6919965744018555,
        0.598688542842865,
        0.8392117023468018,
        0.09154623746871948,
        0.15343528985977173,
        0.35616540908813477,
        0.9683334827423096,
        0.7401260733604431,
        0.5782549381256104,
        0.04066687822341919,
        0.23875004053115845,
        0.0799911618232727,
        0.11288988590240479,
        0.7927014827728271,
        0.33922338485717773,
        0.18727463483810425,
        0.6155728697776794,
        0.9121090769767761,
        0.7255740165710449,
        0.02605903148651123,
        0.8056411743164062,
        0.267173707485199,
        0.8437767028808594,
        0.6256647706031799,
        0.9428998231887817,
        0.31552398204803467,
        0.4268684983253479,
        0.35115110874176025,
        0.4362322688102722,
        0.9975494742393494,
        0.664989709854126,
        0.3980403542518616
    ],
    "y_values": [
        0.641491711139679,
        0.06350290775299072,
        0.6314632296562195,
        0.8824918866157532,
        0.8076267242431641,
        0.27926838397979736,
        0.4816592335700989,
        0.8790678381919861,
        0.4871376156806946,
        0.7661611437797546,
        0.8530660271644592,
        0.040926575660705566,
        0.9151661396026611,
        0.7162817716598511,
        0.484533429145813,
        0.4454650282859802,
        0.37363821268081665,
        0.4352461099624634,
        0.4678230285644531,
        0.838172972202301,
        0.16702359914779663,
        0.5523157119750977,
        0.541836142539978,
        0.5587263107299805,
        0.405117928981781,
        0.23219001293182373,
        0.6599639058113098,
        0.010446906089782715,
        0.368757426738739,
        0.6836684346199036,
        0.6703285574913025,
        0.5685185790061951,
        0.17207765579223633,
        0.8504438400268555,
        0.018275976181030273,
        0.6115412712097168,
        0.828471302986145,
        0.4709877371788025,
        0.12333172559738159,
        0.21423578262329102,
        0.983488142490387,
        0.5355191826820374,
        0.5387008190155029,
        0.04722195863723755,
        0.515993058681488,
        0.6982125639915466,
        0.4181481599807739,
        0.5089525580406189,
        0.632598340511322,
        0.6333685517311096,
        0.6894324421882629,
        0.44996702671051025,
        0.3347962498664856,
        0.6051874756813049,
        0.2571718692779541,
        0.11768066883087158,
        0.6031494736671448,
        0.8271478414535522,
        0.584474503993988,
        0.9334800839424133,
        0.6915808320045471,
        0.15199899673461914,
        0.031980156898498535,
        0.5090301036834717,
        0.4614996910095215,
        0.1065787672996521,
        0.6404036283493042,
        0.49320143461227417,
        0.220345139503479,
        0.5088918805122375,
        0.905489981174469,
        0.5939958691596985,
        0.937100887298584,
        0.5745055675506592,
        0.5689884424209595,
        0.7079436779022217,
        0.7272867560386658,
        0.9912546277046204,
        0.8661038279533386,
        0.5853558778762817
    ]
}