{
    "format": 8,
    "name": "n30k9_84",
    "n": 30,
    "k": 9,
    "capacity": 4,
    "optimal_solution": 3.2017154693603516,
    "x_values": [
        0.7231451272964478,
        0.12796926498413086,
        0.14079338312149048,
        0.9502387642860413,
        0.7713158130645752,
        0.08323943614959717,
        0.09173721075057983,
        0.24216508865356445,
        0.5582640171051025,
        0.4733739495277405,
        0.6493363976478577,
        0.9411018490791321,
        0.7919357419013977,
        0.31024205684661865,
        0.2586660385131836,
        0.7394684553146362,
        0.29456204175949097,
        0.07568299770355225,
        0.8562469482421875,
        0.7834377884864807,
        0.33759379386901855,
        0.657515287399292,
        0.5971736311912537,
        0.6550920605659485,
        0.1288624405860901,
        0.920512855052948,
        0.5580392479896545,
        0.3772014379501343,
        0.2753602862358093,
        0.02014404535293579
    ],
    "y_values": [
        0.7149425148963928,
        0.5195058584213257,
        0.04617029428482056,
        0.8314491510391235,
        0.7723066210746765,
        0.1915053129196167,
        0.7588568329811096,
        0.9527501463890076,
        0.7839186191558838,
        0.5844036340713501,
        0.14491045475006104,
        0.20060396194458008,
        0.9449994564056396,
        0.45897048711776733,
        0.6013968586921692,
        0.08489978313446045,
        0.5384082794189453,
        0.26456212997436523,
        0.27687257528305054,
        0.33805596828460693,
        0.5174511671066284,
        0.9937911629676819,
        0.6246636509895325,
        0.2522042393684387,
        0.6832214593887329,
        0.13386446237564087,
        0.4801129698753357,
        0.9661164879798889,
        0.22362744808197021,
        0.17654401063919067
    ]
}