{
    "format": 8,
    "name": "n40k9_92",
    "n": 40,
    "k": 9,
    "capacity": 5,
    "optimal_solution": 4.616448879241943,
    "x_values": [
        0.17686694860458374,
        0.4521946310997009,
        0.26253408193588257,
        0.11072498559951782,
        0.7385779023170471,
        0.7823558449745178,
        0.6918392181396484,
        0.21849852800369263,
        0.6792943477630615,
        0.7130564451217651,
        0.7929245233535767,
        0.17744749784469604,
        0.8117045164108276,
        0.8989850878715515,
        0.7638466358184814,
        0.37713533639907837,
        0.13505154848098755,
        0.06703108549118042,
        0.6215555667877197,
        0.741977870464325,
        0.3780255913734436,
        0.2533712387084961,
        0.7409871816635132,
        0.41538679599761963,
        0.5122829079627991,
        0.23966610431671143,
        0.8946321606636047,
        0.9573053121566772,
        0.8070150017738342,
        0.13300973176956177,
        0.4797109365463257,
        0.6366089582443237,
        0.7573252320289612,
        0.12967991828918457,
        0.672206461429596,
        0.9423611164093018,
        0.4344489574432373,
        0.6984334588050842,
        0.9847970604896545,
        0.05367153882980347
    ],
    "y_values": [
        0.11559176445007324,
        0.16515541076660156,
        0.6513497829437256,
        0.47581565380096436,
        0.36080402135849,
        0.10733669996261597,
        0.8682807683944702,
        0.14693325757980347,
        0.4641701579093933,
        0.1563476324081421,
        0.6452000737190247,
        0.4201214909553528,
        0.3179396986961365,
        0.8964115977287292,
        0.5798317790031433,
        0.8067867755889893,
        0.8194613456726074,
        0.6056517362594604,
        0.27761662006378174,
        0.16729313135147095,
        0.2197442650794983,
        0.7430137395858765,
        0.9655953049659729,
        0.9469971060752869,
        0.058624207973480225,
        0.22983944416046143,
        0.6785669326782227,
        0.21442198753356934,
        0.40002697706222534,
        0.44845205545425415,
        0.5996869802474976,
        0.043948590755462646,
        0.466327428817749,
        0.6260359287261963,
        0.5855267643928528,
        0.29881298542022705,
        0.6838498711585999,
        0.0854540467262268,
        0.04640507698059082,
        0.5707812905311584
    ]
}