{
    "format": 8,
    "name": "n40k9_23",
    "n": 40,
    "k": 9,
    "capacity": 5,
    "optimal_solution": 4.696657180786133,
    "x_values": [
        0.505662202835083,
        0.6720940470695496,
        0.10204589366912842,
        0.9451920390129089,
        0.4772467017173767,
        0.09548437595367432,
        0.06301909685134888,
        0.9808488488197327,
        0.7905045747756958,
        0.8784731030464172,
        0.23328012228012085,
        0.17047089338302612,
        0.541305661201477,
        0.9119930267333984,
        0.7482717633247375,
        0.6664578318595886,
        0.06071823835372925,
        0.43731778860092163,
        0.11329436302185059,
        0.34808170795440674,
        0.692202627658844,
        0.30934226512908936,
        0.24063682556152344,
        0.7601222991943359,
        0.4738607406616211,
        0.19605326652526855,
        0.8329750895500183,
        0.35175979137420654,
        0.7443514466285706,
        0.3268934488296509,
        0.7655047178268433,
        0.9706199765205383,
        0.8057605028152466,
        0.9251999258995056,
        0.470919668674469,
        0.13894003629684448,
        0.4078410267829895,
        0.36756670475006104,
        0.35452115535736084,
        0.314294695854187
    ],
    "y_values": [
        0.02111649513244629,
        0.46380019187927246,
        0.11532288789749146,
        0.9542749524116516,
        0.6469550728797913,
        0.5574022531509399,
        0.061151087284088135,
        0.7968361377716064,
        0.03702765703201294,
        0.21116989850997925,
        0.6407449245452881,
        0.7706272006034851,
        0.6552193760871887,
        0.454805850982666,
        0.5208086371421814,
        0.4613049626350403,
        0.5488294959068298,
        0.8047035336494446,
        0.9908243417739868,
        0.8510494232177734,
        0.40028315782546997,
        0.18054848909378052,
        0.06915807723999023,
        0.791034460067749,
        0.24777483940124512,
        0.6764503121376038,
        0.44251424074172974,
        0.4089224338531494,
        0.6515098214149475,
        0.08123314380645752,
        0.20451462268829346,
        0.006147980690002441,
        0.4488295912742615,
        0.6983617544174194,
        0.7088936567306519,
        0.3527796268463135,
        0.686539888381958,
        0.21731162071228027,
        0.26936233043670654,
        0.2602692246437073
    ]
}