{
    "format": 8,
    "name": "n40k9_82",
    "n": 40,
    "k": 9,
    "capacity": 5,
    "optimal_solution": 4.743015766143799,
    "x_values": [
        0.43468213081359863,
        0.6852213144302368,
        0.0035674571990966797,
        0.34575819969177246,
        0.43854033946990967,
        0.8221238851547241,
        0.607279896736145,
        0.05362820625305176,
        0.860293447971344,
        0.3552209138870239,
        0.6010643839836121,
        0.3381807804107666,
        0.49082237482070923,
        0.7362380027770996,
        0.4092833399772644,
        0.4997069835662842,
        0.2163345217704773,
        0.9579207897186279,
        0.07937562465667725,
        0.30705875158309937,
        0.7101535797119141,
        0.2900615334510803,
        0.6934002041816711,
        0.2627500295639038,
        0.6582723259925842,
        0.19777995347976685,
        0.4272359609603882,
        0.25736433267593384,
        0.5587608814239502,
        0.28749072551727295,
        0.22415834665298462,
        0.6368223428726196,
        0.37536686658859253,
        0.8060464859008789,
        0.49732083082199097,
        0.12733566761016846,
        0.9280218482017517,
        0.33699852228164673,
        0.5753403306007385,
        0.25783491134643555
    ],
    "y_values": [
        0.5687193870544434,
        0.8238486647605896,
        0.355262815952301,
        0.21023494005203247,
        0.026753365993499756,
        0.9200654625892639,
        0.5314735174179077,
        0.5306397676467896,
        0.6235065460205078,
        0.293026328086853,
        0.5300984382629395,
        0.722330629825592,
        0.4967222809791565,
        0.3456549644470215,
        0.7399690747261047,
        0.653519332408905,
        0.08161437511444092,
        0.6769604086875916,
        0.1284143328666687,
        0.14648008346557617,
        0.4629828929901123,
        0.3464750051498413,
        0.03203016519546509,
        0.2624639868736267,
        0.7159162759780884,
        0.23499029874801636,
        0.7682594060897827,
        0.8265877962112427,
        0.6750706434249878,
        0.049810826778411865,
        0.3875858187675476,
        0.3437841534614563,
        0.6072136759757996,
        0.9806448817253113,
        0.3329758048057556,
        0.8276462554931641,
        0.6701197028160095,
        0.6374678015708923,
        0.8503665328025818,
        0.6830281019210815
    ]
}