{
    "format": 2,
    "name": "n50k8_21",
    "n": 50,
    "k": 8,
    "optimal_solution": 7.197657108306885,
    "x_values": [
        0.37745141983032227,
        0.38491928577423096,
        0.4399298429489136,
        0.9494206309318542,
        0.8263644576072693,
        0.855547308921814,
        0.006461918354034424,
        0.40454936027526855,
        0.6932073831558228,
        0.35450321435928345,
        0.6543047428131104,
        0.41325825452804565,
        0.2591657042503357,
        0.551526665687561,
        0.6680397391319275,
        0.6335573196411133,
        0.48578590154647827,
        0.06641805171966553,
        0.6151834726333618,
        0.6462319493293762,
        0.16423159837722778,
        0.49282658100128174,
        0.2110673189163208,
        0.9623358845710754,
        0.7179422974586487,
        0.07382011413574219,
        0.690771222114563,
        0.24759697914123535,
        0.9816222190856934,
        0.8360258936882019,
        0.9959827065467834,
        0.15332454442977905,
        0.5531675815582275,
        0.2582188844680786,
        0.6510503888130188,
        0.18204963207244873,
        0.3788455128669739,
        0.051729559898376465,
        0.994283139705658,
        0.8690123558044434,
        0.1639452576637268,
        0.6324880123138428,
        0.5722100734710693,
        0.7031867504119873,
        0.8716171979904175,
        0.673751175403595,
        0.6185698509216309,
        0.7928407192230225,
        0.000315248966217041,
        0.3567861318588257
    ],
    "y_values": [
        0.646511971950531,
        0.34365832805633545,
        0.8123351335525513,
        0.21068048477172852,
        0.844433069229126,
        0.25872403383255005,
        0.10591882467269897,
        0.758940577507019,
        0.4276461601257324,
        0.41585689783096313,
        0.11423444747924805,
        0.5570659637451172,
        0.7494727373123169,
        0.727270781993866,
        0.33434176445007324,
        0.7036550641059875,
        0.9707181453704834,
        0.7934221029281616,
        0.719695508480072,
        0.8752498626708984,
        0.7908437252044678,
        0.22091329097747803,
        0.5136763453483582,
        0.8198172450065613,
        0.405325710773468,
        0.6455917954444885,
        0.40322786569595337,
        0.10211116075515747,
        0.5938146114349365,
        0.25284504890441895,
        0.07108533382415771,
        0.3646507263183594,
        0.13487917184829712,
        0.9796915650367737,
        0.15017807483673096,
        0.9905223250389099,
        0.8372293710708618,
        0.5202566981315613,
        0.025375425815582275,
        0.1049569845199585,
        0.28359276056289673,
        0.6060792207717896,
        0.4511792063713074,
        0.5728568434715271,
        0.15755587816238403,
        0.019977688789367676,
        0.4461912512779236,
        0.7790270447731018,
        0.4576239585876465,
        0.13585686683654785
    ]
}