{
    "format": 2,
    "name": "n50k8_99",
    "n": 50,
    "k": 8,
    "optimal_solution": 6.73166561126709,
    "x_values": [
        0.8009150624275208,
        0.7226813435554504,
        0.071865975856781,
        0.5456628799438477,
        0.9788792729377747,
        0.8583685159683228,
        0.15682971477508545,
        0.010034143924713135,
        0.9765527844429016,
        0.8549385666847229,
        0.9132518172264099,
        0.6849096417427063,
        0.8754494786262512,
        0.2336168885231018,
        0.5473605990409851,
        0.2472272515296936,
        0.8241471648216248,
        0.13620132207870483,
        0.19717931747436523,
        0.04484224319458008,
        0.15292924642562866,
        0.9690860509872437,
        0.6947519183158875,
        0.220342755317688,
        0.3689592480659485,
        0.5484644174575806,
        0.20669186115264893,
        0.9009246230125427,
        0.8456345200538635,
        0.8931470513343811,
        0.8430184125900269,
        0.594774067401886,
        0.623654842376709,
        0.2954387664794922,
        0.9469165205955505,
        0.9504278302192688,
        0.1368638277053833,
        0.7924995422363281,
        0.9029504060745239,
        0.3298015594482422,
        0.15775400400161743,
        0.08209282159805298,
        0.4854649305343628,
        0.6782715320587158,
        0.16091543436050415,
        0.12528496980667114,
        0.939741313457489,
        0.8087190985679626,
        0.24122393131256104,
        0.12736570835113525
    ],
    "y_values": [
        0.8671072721481323,
        0.451388955116272,
        0.4116676449775696,
        0.45310938358306885,
        0.04987788200378418,
        0.33628731966018677,
        0.5149586796760559,
        0.07828569412231445,
        0.0637241005897522,
        0.7654563784599304,
        0.12909799814224243,
        0.7967857718467712,
        0.2518170475959778,
        0.8707454800605774,
        0.9781947135925293,
        0.6417847871780396,
        0.464250385761261,
        0.6582267880439758,
        0.12379497289657593,
        0.794842004776001,
        0.07487058639526367,
        0.5228474140167236,
        0.9281542301177979,
        0.30419987440109253,
        0.6739280223846436,
        0.8983249664306641,
        0.4479680061340332,
        0.47049885988235474,
        0.8811373114585876,
        0.9971309900283813,
        0.44873517751693726,
        0.5604342818260193,
        0.17922478914260864,
        0.24015390872955322,
        0.5704309344291687,
        0.7263444662094116,
        0.642313539981842,
        0.9616906046867371,
        0.8528527021408081,
        0.12841171026229858,
        0.74397873878479,
        0.005658507347106934,
        0.3389770984649658,
        0.9678089022636414,
        0.9948445558547974,
        0.3852021098136902,
        0.670708954334259,
        0.178089439868927,
        0.6817578077316284,
        0.8822970390319824
    ]
}