{
    "format": 2,
    "name": "n50k8_68",
    "n": 50,
    "k": 8,
    "optimal_solution": 6.043879985809326,
    "x_values": [
        0.032444655895233154,
        0.385125994682312,
        0.3863884210586548,
        0.7162488102912903,
        0.028243958950042725,
        0.6018528938293457,
        0.06394815444946289,
        0.317909300327301,
        0.6793457269668579,
        0.7165812253952026,
        0.6507523059844971,
        0.12374293804168701,
        0.655982255935669,
        0.19472390413284302,
        0.37992799282073975,
        0.731134295463562,
        0.2760329246520996,
        0.29782629013061523,
        0.2120407223701477,
        0.7676522731781006,
        0.32482045888900757,
        0.5557723641395569,
        0.24292200803756714,
        0.17498058080673218,
        0.6754369735717773,
        0.7872089743614197,
        0.5419561266899109,
        0.229009747505188,
        0.7456335425376892,
        0.7747236490249634,
        0.6762602925300598,
        0.0840030312538147,
        0.16096651554107666,
        0.7145183682441711,
        0.6048983335494995,
        0.35921114683151245,
        0.49796438217163086,
        0.6201154589653015,
        0.5812087059020996,
        0.6532397866249084,
        0.9753884673118591,
        0.1337897777557373,
        0.05332893133163452,
        0.7898094654083252,
        0.3526451587677002,
        0.0370975136756897,
        0.16533464193344116,
        0.6867938041687012,
        0.5345288515090942,
        0.10590773820877075
    ],
    "y_values": [
        0.3820686340332031,
        0.10207509994506836,
        0.4074615240097046,
        0.9496133327484131,
        0.1973435878753662,
        0.05232501029968262,
        0.8326728940010071,
        0.11834508180618286,
        0.8027153611183167,
        0.49935221672058105,
        0.6504215598106384,
        0.7838382124900818,
        0.008454322814941406,
        0.07481348514556885,
        0.15062683820724487,
        0.5242045521736145,
        0.23127174377441406,
        0.979555606842041,
        0.03826838731765747,
        0.29604941606521606,
        0.7195966839790344,
        0.910044252872467,
        0.02969181537628174,
        0.3174893260002136,
        0.012851715087890625,
        0.6265763640403748,
        0.22260725498199463,
        0.5110060572624207,
        0.3350948095321655,
        0.0287935733795166,
        0.41291213035583496,
        0.22190940380096436,
        0.3381303548812866,
        0.08188790082931519,
        0.5306894183158875,
        0.6255454421043396,
        0.2800031900405884,
        0.8591679334640503,
        0.7864370346069336,
        0.6241611838340759,
        0.41514837741851807,
        0.3361949324607849,
        0.4552912712097168,
        0.3573797345161438,
        0.11204367876052856,
        0.2437000870704651,
        0.8086093068122864,
        0.7717717885971069,
        0.28523391485214233,
        0.7177115082740784
    ]
}