{
    "format": 8,
    "name": "n50k4_9",
    "n": 50,
    "k": 4,
    "capacity": 13,
    "optimal_solution": 10.805500030517578,
    "x_values": [
        0.8079476952552795,
        0.17530041933059692,
        0.1656787395477295,
        0.8309386968612671,
        0.07267528772354126,
        0.5844857692718506,
        0.059201598167419434,
        0.9633655548095703,
        0.6399483680725098,
        0.030685484409332275,
        0.4721359610557556,
        0.941473126411438,
        0.4445350170135498,
        0.33289486169815063,
        0.4459286332130432,
        0.2727651000022888,
        0.5442425608634949,
        0.6165080070495605,
        0.6184937953948975,
        0.2880331873893738,
        0.25598400831222534,
        0.05288505554199219,
        0.532066285610199,
        0.521237313747406,
        0.14671051502227783,
        0.01702052354812622,
        0.3407440185546875,
        0.06460011005401611,
        0.4257792830467224,
        0.4442657232284546,
        0.8369702696800232,
        0.981177568435669,
        0.3601304292678833,
        0.10341733694076538,
        0.6058274507522583,
        0.08296233415603638,
        0.9193287491798401,
        0.24890375137329102,
        0.26416105031967163,
        0.5021190047264099,
        0.17917400598526,
        0.6405466794967651,
        0.05268847942352295,
        0.7947037220001221,
        0.8149815201759338,
        0.8347448110580444,
        0.12460684776306152,
        0.8501371145248413,
        0.7454715371131897,
        0.48690855503082275
    ],
    "y_values": [
        0.1926211714744568,
        0.8629776835441589,
        0.44358766078948975,
        0.7236873507499695,
        0.2835291624069214,
        0.944930911064148,
        0.25414568185806274,
        0.8746964931488037,
        0.7328592538833618,
        0.4738426208496094,
        0.7332059741020203,
        0.9299694895744324,
        0.5108838677406311,
        0.9412955045700073,
        0.154433012008667,
        0.22792696952819824,
        0.6634092330932617,
        0.4213376045227051,
        0.18636518716812134,
        0.8527041673660278,
        0.15943706035614014,
        0.3565107583999634,
        0.7379114031791687,
        0.04979616403579712,
        0.565361499786377,
        0.12728863954544067,
        0.6925513744354248,
        0.13675618171691895,
        0.6380094289779663,
        0.645219087600708,
        0.708717405796051,
        0.7552563548088074,
        0.6480461955070496,
        0.3736270070075989,
        0.32267242670059204,
        0.09614646434783936,
        0.3157108426094055,
        0.10645061731338501,
        0.3960096836090088,
        0.8559073209762573,
        0.17317408323287964,
        0.8158271908760071,
        0.5835397839546204,
        0.3083956837654114,
        0.8870623111724854,
        0.1709955930709839,
        0.556415855884552,
        0.32386839389801025,
        0.34064847230911255,
        0.7794272899627686
    ]
}