{
    "format": 8,
    "name": "n50k4_68",
    "n": 50,
    "k": 4,
    "capacity": 13,
    "optimal_solution": 10.831632614135742,
    "x_values": [
        0.728517472743988,
        0.04501020908355713,
        0.24219268560409546,
        0.8601035475730896,
        0.38017553091049194,
        0.9550600647926331,
        0.06329435110092163,
        0.8208561539649963,
        0.9095466732978821,
        0.4495200514793396,
        0.44795042276382446,
        0.3779117465019226,
        0.47490036487579346,
        0.7540081143379211,
        0.7733370661735535,
        0.3933471441268921,
        0.21533137559890747,
        0.7972272634506226,
        0.9437524080276489,
        0.749721348285675,
        0.5433166027069092,
        0.5182913541793823,
        0.27742063999176025,
        0.7636283040046692,
        0.6259069442749023,
        0.7939463257789612,
        0.04535317420959473,
        0.8435990810394287,
        0.9439646601676941,
        0.2474433183670044,
        0.629679262638092,
        0.36128705739974976,
        0.41059160232543945,
        0.43700891733169556,
        0.7314788103103638,
        0.6625955700874329,
        0.31885385513305664,
        0.21006745100021362,
        0.7354425191879272,
        0.9169831275939941,
        0.4262993335723877,
        0.6246301531791687,
        0.09682416915893555,
        0.46550995111465454,
        0.8345747590065002,
        0.6375859379768372,
        0.397671639919281,
        0.15660995244979858,
        0.8999850749969482,
        0.3234518766403198
    ],
    "y_values": [
        0.3176880478858948,
        0.06256961822509766,
        0.48802971839904785,
        0.8829463720321655,
        0.23787206411361694,
        0.3385840654373169,
        0.5604166388511658,
        0.8978561162948608,
        0.3687559962272644,
        0.46985071897506714,
        0.12194544076919556,
        0.7938635945320129,
        0.30442023277282715,
        0.054858267307281494,
        0.2344660758972168,
        0.03409719467163086,
        0.3841347098350525,
        0.24206233024597168,
        0.11973047256469727,
        0.45179134607315063,
        0.2559218406677246,
        0.9301763772964478,
        0.1743537187576294,
        0.04589557647705078,
        0.17895162105560303,
        0.6880012154579163,
        0.1802656650543213,
        0.735066831111908,
        0.0445370078086853,
        0.9286143183708191,
        0.7892588973045349,
        0.25711727142333984,
        0.19386547803878784,
        0.6495379209518433,
        0.4767102003097534,
        0.9396671056747437,
        0.16376060247421265,
        0.8179575204849243,
        0.7113107442855835,
        0.4877946376800537,
        0.6341989636421204,
        0.8220182061195374,
        0.7769221663475037,
        0.8919686079025269,
        0.250790536403656,
        0.6496432423591614,
        0.9476527571678162,
        0.5364081263542175,
        0.7371453046798706,
        0.64020836353302
    ]
}