{
    "format": 2,
    "name": "n70k4_56",
    "n": 70,
    "k": 4,
    "optimal_solution": 15.752612113952637,
    "x_values": [
        0.060854315757751465,
        0.06726837158203125,
        0.4782671332359314,
        0.13366270065307617,
        0.5199158787727356,
        0.9571884870529175,
        0.01673668622970581,
        0.8657863736152649,
        0.8159232139587402,
        0.8184669613838196,
        0.5381847620010376,
        0.6639402508735657,
        0.2894136309623718,
        0.9965083599090576,
        0.4225307106971741,
        0.9077927470207214,
        0.15314602851867676,
        0.6819987297058105,
        0.9458020329475403,
        0.2859443426132202,
        0.9470789432525635,
        0.4181917905807495,
        0.39156419038772583,
        0.7411325573921204,
        0.008838534355163574,
        0.7902204990386963,
        0.8732312321662903,
        0.730126142501831,
        0.3177981376647949,
        0.0750543475151062,
        0.08340227603912354,
        0.6669306755065918,
        0.641636073589325,
        0.16767948865890503,
        0.9507837891578674,
        0.2054571509361267,
        0.2715594172477722,
        0.6254927515983582,
        0.2274951934814453,
        0.9754288792610168,
        0.9367290735244751,
        0.6210389137268066,
        0.2875903248786926,
        0.5550709366798401,
        0.4719078540802002,
        0.47150886058807373,
        0.4879292845726013,
        0.7997843027114868,
        0.466776967048645,
        0.9277774691581726,
        0.08196932077407837,
        0.28283774852752686,
        0.3565014600753784,
        0.6239007115364075,
        0.6713125705718994,
        0.40227335691452026,
        0.3417031168937683,
        0.5342151522636414,
        0.23616617918014526,
        0.2318708300590515,
        0.9288922548294067,
        0.8031700253486633,
        0.570110559463501,
        0.3577515482902527,
        0.34471338987350464,
        0.7959164381027222,
        0.6502087712287903,
        0.7070452570915222,
        0.48539501428604126,
        0.8611993193626404
    ],
    "y_values": [
        0.6969146132469177,
        0.9064673185348511,
        0.2220214605331421,
        0.5657132267951965,
        0.8177832961082458,
        0.9460551738739014,
        0.21013474464416504,
        0.6165373921394348,
        0.6253125071525574,
        0.6854287385940552,
        0.1628590226173401,
        0.9824334383010864,
        0.891768217086792,
        0.5582160949707031,
        0.4200431704521179,
        0.19422590732574463,
        0.27401405572891235,
        0.5442197918891907,
        0.8628742694854736,
        0.7704030275344849,
        0.8219479918479919,
        0.5619163513183594,
        0.025902628898620605,
        0.7185360789299011,
        0.8799006342887878,
        0.029981493949890137,
        0.8905872106552124,
        0.6994199752807617,
        0.19637322425842285,
        0.39684414863586426,
        0.1491028070449829,
        0.4596484303474426,
        0.8127604126930237,
        0.5075066685676575,
        0.6675094366073608,
        0.3238278031349182,
        0.4205862879753113,
        0.029076814651489258,
        0.32847148180007935,
        0.1770327091217041,
        0.955698549747467,
        0.2639983296394348,
        0.43440407514572144,
        0.9631796479225159,
        0.5766986608505249,
        0.1875600814819336,
        0.44056588411331177,
        0.6094645857810974,
        0.3776988387107849,
        0.7250179052352905,
        0.4893842339515686,
        0.32517343759536743,
        0.3335859775543213,
        0.20089149475097656,
        0.7379702925682068,
        0.20192402601242065,
        0.647381067276001,
        0.8920066356658936,
        0.916475236415863,
        0.29632842540740967,
        0.31426042318344116,
        0.3221842050552368,
        0.9840128421783447,
        0.06264287233352661,
        0.8114434480667114,
        0.7014146447181702,
        0.6674403548240662,
        0.5811846852302551,
        0.18996691703796387,
        0.9650999903678894
    ]
}