{
    "format": 5,
    "name": "n70k4_80",
    "n": 70,
    "k": 4,
    "optimal_solution": 0.4143211245536804,
    "x_values": [
        0.20800817012786865,
        0.7743110060691833,
        0.49780136346817017,
        0.005015671253204346,
        0.13826769590377808,
        0.2815471887588501,
        0.5558290481567383,
        0.18278402090072632,
        0.27006983757019043,
        0.2742305397987366,
        0.5340102314949036,
        0.14150148630142212,
        0.1162564754486084,
        0.9584235548973083,
        0.2553179860115051,
        0.9621068835258484,
        0.1981518268585205,
        0.817864716053009,
        0.15015482902526855,
        0.4146350026130676,
        0.15889883041381836,
        0.044976770877838135,
        0.31321001052856445,
        0.14750003814697266,
        0.049464523792266846,
        0.5632322430610657,
        0.4287930727005005,
        0.3888322710990906,
        0.11499440670013428,
        0.6480194926261902,
        0.2264721393585205,
        0.41610080003738403,
        0.5157769918441772,
        0.21588581800460815,
        0.05140852928161621,
        0.12893235683441162,
        0.9094035029411316,
        0.598706841468811,
        0.5699566602706909,
        0.8188811540603638,
        0.689457356929779,
        0.2694946527481079,
        0.09710693359375,
        0.8515732884407043,
        0.5617612600326538,
        0.1489351987838745,
        0.7849701046943665,
        0.011656701564788818,
        0.2957404851913452,
        0.2399066686630249,
        0.21806484460830688,
        0.22215384244918823,
        0.39376968145370483,
        0.7553490996360779,
        0.8893096446990967,
        0.7479218244552612,
        0.6525580883026123,
        0.9617784023284912,
        0.06219059228897095,
        0.03971576690673828,
        0.5523925423622131,
        0.7546759843826294,
        0.07357531785964966,
        0.9147014617919922,
        0.8133761882781982,
        0.5100223422050476,
        0.8430302143096924,
        0.6055165529251099,
        0.9851399064064026,
        0.40659183263778687
    ],
    "y_values": [
        0.7801976799964905,
        0.8615413904190063,
        0.2922849655151367,
        0.11491906642913818,
        0.2802218198776245,
        0.611829936504364,
        0.5540721416473389,
        0.6074699759483337,
        0.22494983673095703,
        0.22766542434692383,
        0.09966421127319336,
        0.5658575296401978,
        0.18869853019714355,
        0.5649664998054504,
        0.7817331552505493,
        0.2677622437477112,
        0.5033584833145142,
        0.2013654112815857,
        0.7979424595832825,
        0.09682822227478027,
        0.8744528889656067,
        0.8586751818656921,
        0.428932249546051,
        0.20622789859771729,
        0.8506134152412415,
        0.5629153847694397,
        0.045265257358551025,
        0.42920321226119995,
        0.03758811950683594,
        0.6107359528541565,
        0.9113261699676514,
        0.9682620763778687,
        0.37220752239227295,
        0.7931424975395203,
        0.28619420528411865,
        0.8514289259910583,
        0.22542309761047363,
        0.6857088208198547,
        0.30980318784713745,
        0.052925288677215576,
        0.5614858865737915,
        0.5035945177078247,
        0.8962193727493286,
        0.031929850578308105,
        0.3859879970550537,
        0.3038950562477112,
        0.5812268257141113,
        0.1849421262741089,
        0.7078614830970764,
        0.9426463842391968,
        0.37283504009246826,
        0.45540952682495117,
        0.602389395236969,
        0.597212553024292,
        0.18573981523513794,
        0.9540578126907349,
        0.12429457902908325,
        0.21179765462875366,
        0.43139171600341797,
        0.9799100160598755,
        0.8616426587104797,
        0.46071529388427734,
        0.9055330157279968,
        0.45520418882369995,
        0.22932898998260498,
        0.5406337380409241,
        0.5859097838401794,
        0.8100218772888184,
        0.5934557318687439,
        0.364041805267334
    ]
}