{
    "format": 8,
    "name": "n50k3_35",
    "n": 50,
    "k": 3,
    "capacity": 17,
    "optimal_solution": 14.436195373535156,
    "x_values": [
        0.34236329793930054,
        0.4620606303215027,
        0.12175172567367554,
        0.19856035709381104,
        0.33381766080856323,
        0.8825024366378784,
        0.2660490870475769,
        0.807388961315155,
        0.8810300230979919,
        0.018787801265716553,
        0.09544837474822998,
        0.5877240896224976,
        0.3584807515144348,
        0.8396797776222229,
        0.5587734580039978,
        0.6173400282859802,
        0.5915505886077881,
        0.9807946085929871,
        0.2700730562210083,
        0.3275983929634094,
        0.09235227108001709,
        0.05439555644989014,
        0.862194836139679,
        0.8181017637252808,
        0.2588160037994385,
        0.4996466040611267,
        0.22390586137771606,
        0.6706908941268921,
        0.231292724609375,
        0.40086305141448975,
        0.43444913625717163,
        0.9164122939109802,
        0.5347359776496887,
        0.7889605760574341,
        0.9710215926170349,
        0.7410978078842163,
        0.9695487022399902,
        0.24290919303894043,
        0.0042670369148254395,
        0.7938571572303772,
        0.13062644004821777,
        0.3458188772201538,
        0.8955069780349731,
        0.25406724214553833,
        0.3686201572418213,
        0.6676661372184753,
        0.5038086771965027,
        0.08208143711090088,
        0.5137276649475098,
        0.3065584897994995
    ],
    "y_values": [
        0.9066116809844971,
        0.7307069301605225,
        0.6410651206970215,
        0.25646042823791504,
        0.49833184480667114,
        0.2531343102455139,
        0.45782673358917236,
        0.7405593395233154,
        0.9309216141700745,
        0.49923473596572876,
        0.7484766244888306,
        0.3257398009300232,
        0.31153690814971924,
        0.1472489833831787,
        0.14089173078536987,
        0.5370079278945923,
        0.62161785364151,
        0.048101067543029785,
        0.29175835847854614,
        0.12407267093658447,
        0.7310253977775574,
        0.7646452188491821,
        0.9974085092544556,
        0.5353429913520813,
        0.0024399161338806152,
        0.8251932859420776,
        0.7919582724571228,
        0.3236633539199829,
        0.9100975394248962,
        0.5888376832008362,
        0.7588787078857422,
        0.3536761403083801,
        0.8258454203605652,
        0.7799108028411865,
        0.8990830183029175,
        0.8823983669281006,
        0.19722962379455566,
        0.02903217077255249,
        0.9889293313026428,
        0.3421584367752075,
        0.62015700340271,
        0.9932740926742554,
        0.5820416808128357,
        0.5938980579376221,
        0.08251398801803589,
        0.287151575088501,
        0.06731003522872925,
        0.5550718903541565,
        0.6611984372138977,
        0.3490787148475647
    ]
}