{
    "format": 5,
    "name": "n20k6_18",
    "n": 20,
    "k": 6,
    "optimal_solution": 0.3759687542915344,
    "x_values": [
        0.9498510956764221,
        0.09357672929763794,
        0.11957591772079468,
        0.6714590191841125,
        0.060093581676483154,
        0.03360170125961304,
        0.07454371452331543,
        0.42951154708862305,
        0.1250097155570984,
        0.37798696756362915,
        0.7536004781723022,
        0.9061704874038696,
        0.813110888004303,
        0.4024273753166199,
        0.2365897297859192,
        0.5093315839767456,
        0.29166632890701294,
        0.5529560446739197,
        0.681801974773407,
        0.28211474418640137
    ],
    "y_values": [
        0.9753290414810181,
        0.41539454460144043,
        0.6093139052391052,
        0.9082387685775757,
        0.9764260649681091,
        0.989914059638977,
        0.32462483644485474,
        0.7384248971939087,
        0.4373205900192261,
        0.09192991256713867,
        0.14539754390716553,
        0.05529320240020752,
        0.027052760124206543,
        0.8534441590309143,
        0.15908437967300415,
        0.7793207764625549,
        0.6258254051208496,
        0.42509937286376953,
        0.01977616548538208,
        0.64201420545578
    ]
}