{
    "format": 8,
    "name": "n80k10_47",
    "n": 80,
    "k": 10,
    "capacity": 8,
    "optimal_solution": 10.403915405273438,
    "x_values": [
        0.8239403963088989,
        0.07174152135848999,
        0.4957950711250305,
        0.4738190770149231,
        0.20410305261611938,
        0.6723892092704773,
        0.8486945629119873,
        0.482608437538147,
        0.9515584111213684,
        0.9066030979156494,
        0.7149558067321777,
        0.044670283794403076,
        0.5424752235412598,
        0.5895560383796692,
        0.6882621049880981,
        0.49374592304229736,
        0.7032175660133362,
        0.5464476346969604,
        0.21575039625167847,
        0.36401522159576416,
        0.08462601900100708,
        0.18952250480651855,
        0.23231393098831177,
        0.027485549449920654,
        0.04900312423706055,
        0.20073717832565308,
        0.7419822216033936,
        0.7798670530319214,
        0.6294420957565308,
        0.965822160243988,
        0.08202540874481201,
        0.20946019887924194,
        0.35066378116607666,
        0.4967806935310364,
        0.07701486349105835,
        0.45929813385009766,
        0.3851292133331299,
        0.7425333261489868,
        0.11910927295684814,
        0.9920634031295776,
        0.9077486991882324,
        0.4157145619392395,
        0.8027259707450867,
        0.3504638671875,
        0.3332138657569885,
        0.28775572776794434,
        0.004181981086730957,
        0.5994651317596436,
        0.0610731840133667,
        0.6539017558097839,
        0.8639260530471802,
        0.3775973320007324,
        0.026683568954467773,
        0.25860583782196045,
        0.5599532723426819,
        0.3403472304344177,
        0.07176893949508667,
        0.524623692035675,
        0.38008177280426025,
        0.4369027614593506,
        0.34680938720703125,
        0.8472612500190735,
        0.9426135420799255,
        0.5059068202972412,
        0.029828548431396484,
        0.9699745774269104,
        0.24652332067489624,
        0.4438135027885437,
        0.3328666687011719,
        0.5592601299285889,
        0.9897508025169373,
        0.3301733136177063,
        0.9952089786529541,
        0.26479393243789673,
        0.4698293209075928,
        0.6855331659317017,
        0.9550113677978516,
        0.7911236882209778,
        0.562248706817627,
        0.08117121458053589
    ],
    "y_values": [
        0.8102652430534363,
        0.4446832537651062,
        0.5968727469444275,
        0.2915000319480896,
        0.5981369614601135,
        0.8405443429946899,
        0.10892319679260254,
        0.6391893625259399,
        0.765239417552948,
        0.75113445520401,
        0.005630314350128174,
        0.9706563949584961,
        0.4866220951080322,
        0.8999146223068237,
        0.7287265658378601,
        0.31349027156829834,
        0.0523640513420105,
        0.04887503385543823,
        0.1766352653503418,
        0.8616066575050354,
        0.5256893038749695,
        0.787396252155304,
        0.3736189603805542,
        0.9200695753097534,
        0.7546967267990112,
        0.5590522885322571,
        0.8764098286628723,
        0.12090110778808594,
        0.9977116584777832,
        0.08333700895309448,
        0.14720988273620605,
        0.20119386911392212,
        0.4500269293785095,
        0.2570798397064209,
        0.13378596305847168,
        0.3474065065383911,
        0.7018112540245056,
        0.8311470150947571,
        0.21990948915481567,
        0.8960260152816772,
        0.8888121247291565,
        0.5133305788040161,
        0.9244949817657471,
        0.029048621654510498,
        0.5313816070556641,
        0.7690598964691162,
        0.6921856999397278,
        0.045491814613342285,
        0.5890622735023499,
        0.3634932041168213,
        0.16311824321746826,
        0.6587023138999939,
        0.49365943670272827,
        0.21746593713760376,
        0.21516579389572144,
        0.21479445695877075,
        0.8521208763122559,
        0.37159061431884766,
        0.5726737976074219,
        0.825565755367279,
        0.3636586666107178,
        0.9747982621192932,
        0.482532799243927,
        0.4863104820251465,
        0.03268229961395264,
        0.37433111667633057,
        0.3899632692337036,
        0.8266596794128418,
        0.24389809370040894,
        0.5539392828941345,
        0.37211358547210693,
        0.6419414281845093,
        0.29784905910491943,
        0.19149154424667358,
        0.5535565614700317,
        0.48407459259033203,
        0.5567222237586975,
        0.44388192892074585,
        0.9804694652557373,
        0.5636141896247864
    ]
}