{
    "format": 2,
    "name": "n20k5_85",
    "n": 20,
    "k": 5,
    "optimal_solution": 3.0251970291137695,
    "x_values": [
        0.8019912838935852,
        0.19863444566726685,
        0.19590020179748535,
        0.5447003245353699,
        0.5632117986679077,
        0.15883737802505493,
        0.9461731910705566,
        0.6821606755256653,
        0.3703126907348633,
        0.4994968771934509,
        0.84159255027771,
        0.7818785309791565,
        0.28831714391708374,
        0.2733265161514282,
        0.9223727583885193,
        0.4656354784965515,
        0.4952060580253601,
        0.5296769142150879,
        0.45735877752304077,
        0.7672650218009949
    ],
    "y_values": [
        0.009788095951080322,
        0.9424188137054443,
        0.20328021049499512,
        0.6915860772132874,
        0.15801286697387695,
        0.7472062110900879,
        0.8849396109580994,
        0.0443384051322937,
        0.8790779113769531,
        0.39625293016433716,
        0.0033716559410095215,
        0.5324703454971313,
        0.32816165685653687,
        0.27355295419692993,
        0.45742231607437134,
        0.2552739381790161,
        0.6424087285995483,
        0.8371809124946594,
        0.14821094274520874,
        0.44637155532836914
    ]
}