{
    "format": 2,
    "name": "n20k5_10",
    "n": 20,
    "k": 5,
    "optimal_solution": 3.368286371231079,
    "x_values": [
        0.0372280478477478,
        0.9130293130874634,
        0.8642340898513794,
        0.9104915261268616,
        0.11834073066711426,
        0.2757521867752075,
        0.8321689367294312,
        0.1726752519607544,
        0.7781566381454468,
        0.31616395711898804,
        0.6395852565765381,
        0.3522224426269531,
        0.40688109397888184,
        0.08233857154846191,
        0.6810793280601501,
        0.30717700719833374,
        0.15022790431976318,
        0.9622859954833984,
        0.5110650062561035,
        0.5328685641288757
    ],
    "y_values": [
        0.05119943618774414,
        0.2869997024536133,
        0.12485122680664062,
        0.8403530716896057,
        0.8263890743255615,
        0.03596198558807373,
        0.16160821914672852,
        0.31732499599456787,
        0.223091721534729,
        0.9807479381561279,
        0.1001710295677185,
        0.4110260605812073,
        0.6984778642654419,
        0.23815017938613892,
        0.9507837891578674,
        0.6432300806045532,
        0.7718104124069214,
        0.5935943722724915,
        0.9290467500686646,
        0.850962221622467
    ]
}