{
    "format": 2,
    "name": "n20k5_36",
    "n": 20,
    "k": 5,
    "optimal_solution": 3.434001922607422,
    "x_values": [
        0.5618964433670044,
        0.7906471490859985,
        0.7860849499702454,
        0.06274288892745972,
        0.987598717212677,
        0.5406365990638733,
        0.48031532764434814,
        0.9205448627471924,
        0.42615318298339844,
        0.6427662968635559,
        0.8029286861419678,
        0.03058803081512451,
        0.1790788173675537,
        0.6981750726699829,
        0.44427913427352905,
        0.5032325387001038,
        0.31359076499938965,
        0.6364399194717407,
        0.3223356008529663,
        0.14543867111206055
    ],
    "y_values": [
        0.8276448845863342,
        0.4024242162704468,
        0.9421740174293518,
        0.44611936807632446,
        0.5731518864631653,
        0.2943686246871948,
        0.4039401412010193,
        0.1917080283164978,
        0.21792817115783691,
        0.2630655765533447,
        0.05196523666381836,
        0.273465633392334,
        0.9491033554077148,
        0.6210765242576599,
        0.3269697427749634,
        0.5142601132392883,
        0.43337422609329224,
        0.9406591653823853,
        0.7843490839004517,
        0.4488694667816162
    ]
}