{
    "format": 2,
    "name": "n20k5_39",
    "n": 20,
    "k": 5,
    "optimal_solution": 3.294451951980591,
    "x_values": [
        0.40230244398117065,
        0.8480579853057861,
        0.623408854007721,
        0.9466209411621094,
        0.6489204168319702,
        0.10670626163482666,
        0.48339080810546875,
        0.36651092767715454,
        0.49431270360946655,
        0.3026142120361328,
        0.07969546318054199,
        0.23286014795303345,
        0.37963515520095825,
        0.23461639881134033,
        0.24935311079025269,
        0.10448259115219116,
        0.10510307550430298,
        0.8196976780891418,
        0.3167269229888916,
        0.5496944785118103
    ],
    "y_values": [
        0.9421316385269165,
        0.6141507625579834,
        0.07977139949798584,
        0.8234484195709229,
        0.600790798664093,
        0.48055458068847656,
        0.3325182795524597,
        0.3738943338394165,
        0.3948662281036377,
        0.6446316242218018,
        0.9420201778411865,
        0.8320338726043701,
        0.6511816382408142,
        0.7383350729942322,
        0.5917412638664246,
        0.16765546798706055,
        0.40465062856674194,
        0.17733395099639893,
        0.4081903100013733,
        0.816519558429718
    ]
}