{
    "format": 8,
    "name": "n30k3_65",
    "n": 30,
    "k": 3,
    "capacity": 10,
    "optimal_solution": 8.157232284545898,
    "x_values": [
        0.6722872257232666,
        0.025893867015838623,
        0.9858744144439697,
        0.006964564323425293,
        0.2895849347114563,
        0.78189617395401,
        0.48442673683166504,
        0.4020836353302002,
        0.03888028860092163,
        0.6516848206520081,
        0.9999473094940186,
        0.04080682992935181,
        0.6108261942863464,
        0.898662805557251,
        0.03535866737365723,
        0.6569607257843018,
        0.2845876216888428,
        0.553175151348114,
        0.4455488324165344,
        0.1153295636177063,
        0.026949584484100342,
        0.44771498441696167,
        0.734394371509552,
        0.9394469857215881,
        0.9293521046638489,
        0.328702449798584,
        0.5978636741638184,
        0.13322770595550537,
        0.8773570656776428,
        0.49082648754119873
    ],
    "y_values": [
        0.9360654354095459,
        0.2129095196723938,
        0.6470751166343689,
        0.6338151693344116,
        0.20804721117019653,
        0.715458333492279,
        0.4772608280181885,
        0.1875239610671997,
        0.7413088083267212,
        0.019254446029663086,
        0.04928535223007202,
        0.9419026970863342,
        0.8192933201789856,
        0.6347598433494568,
        0.6307550668716431,
        0.5183736085891724,
        0.4307313561439514,
        0.5400220155715942,
        0.24069422483444214,
        0.5340278148651123,
        0.9685322046279907,
        0.015406191349029541,
        0.8709487915039062,
        0.6695862412452698,
        0.09295654296875,
        0.8504732251167297,
        0.5492280721664429,
        0.8407539129257202,
        0.49693870544433594,
        0.7466617226600647
    ]
}