{
    "format": 2,
    "name": "n40k6_56",
    "n": 40,
    "k": 6,
    "optimal_solution": 6.220902442932129,
    "x_values": [
        0.797571063041687,
        0.5174145102500916,
        0.1784619688987732,
        0.6777250170707703,
        0.9527483582496643,
        0.6934715509414673,
        0.05215656757354736,
        0.21029913425445557,
        0.685401201248169,
        0.7611004114151001,
        0.3480258584022522,
        0.02689194679260254,
        0.10881894826889038,
        0.14438307285308838,
        0.9900097250938416,
        0.9437732100486755,
        0.9143921136856079,
        0.7965956330299377,
        0.05852186679840088,
        0.3930807113647461,
        0.6661761403083801,
        0.08518946170806885,
        0.4353101849555969,
        0.7277382016181946,
        0.5283340215682983,
        0.4864656329154968,
        0.9043696522712708,
        0.613844633102417,
        0.9719303250312805,
        0.8046237230300903,
        0.7609929442405701,
        0.30384624004364014,
        0.472723126411438,
        0.9893934726715088,
        0.42075783014297485,
        0.2698454260826111,
        0.9922493696212769,
        0.14800959825515747,
        0.4261026978492737,
        0.28949952125549316
    ],
    "y_values": [
        0.9856069684028625,
        0.22542113065719604,
        0.775547206401825,
        0.5611209273338318,
        0.9136240482330322,
        0.5410743951797485,
        0.2528826594352722,
        0.25636571645736694,
        0.7058373093605042,
        0.6702359318733215,
        0.7913533449172974,
        0.19569212198257446,
        0.7921854853630066,
        0.8431576490402222,
        0.7393563985824585,
        0.6995444893836975,
        0.3325405716896057,
        0.786380410194397,
        0.012130498886108398,
        0.11011677980422974,
        0.567823588848114,
        0.840459406375885,
        0.6559295058250427,
        0.039890944957733154,
        0.8121504783630371,
        0.5567611455917358,
        0.7727937698364258,
        0.6503905057907104,
        0.5920586585998535,
        0.5555768609046936,
        0.20888781547546387,
        0.2078346610069275,
        0.37958675622940063,
        0.9641437530517578,
        0.9168919920921326,
        0.30107754468917847,
        0.9635854959487915,
        0.7812180519104004,
        0.25264090299606323,
        0.07164925336837769
    ]
}