{
    "format": 2,
    "name": "n40k6_57",
    "n": 40,
    "k": 6,
    "optimal_solution": 5.698251247406006,
    "x_values": [
        0.31620514392852783,
        0.36208420991897583,
        0.47017747163772583,
        0.25025832653045654,
        0.7689512372016907,
        0.06964153051376343,
        0.033902764320373535,
        0.04330521821975708,
        0.6774653196334839,
        0.8636621236801147,
        0.5837209224700928,
        0.13751322031021118,
        0.3480892777442932,
        0.3133420944213867,
        0.920569121837616,
        0.8506752848625183,
        0.11022621393203735,
        0.3398613929748535,
        0.4991021752357483,
        0.30666041374206543,
        0.13047605752944946,
        0.17390155792236328,
        0.8542171716690063,
        0.05336296558380127,
        0.5237643718719482,
        0.5775531530380249,
        0.14597207307815552,
        0.7223162651062012,
        0.10452735424041748,
        0.9207423329353333,
        0.08846861124038696,
        0.3929497003555298,
        0.6648783683776855,
        0.19725948572158813,
        0.9216210842132568,
        0.17866778373718262,
        0.10995209217071533,
        0.13492387533187866,
        0.40251022577285767,
        0.5062124729156494
    ],
    "y_values": [
        0.49824094772338867,
        0.29233211278915405,
        0.11530166864395142,
        0.22442424297332764,
        0.32344740629196167,
        0.9281798601150513,
        0.9941813945770264,
        0.22277206182479858,
        0.7661499977111816,
        0.9259233474731445,
        0.5637912750244141,
        0.15498387813568115,
        0.640313982963562,
        0.010565578937530518,
        0.3320276737213135,
        0.2989758849143982,
        0.28191542625427246,
        0.42572903633117676,
        0.4777412414550781,
        0.9764288067817688,
        0.2453674077987671,
        0.8962705731391907,
        0.8958001136779785,
        0.4117564558982849,
        0.5661542415618896,
        0.7481354475021362,
        0.6804517507553101,
        0.536745548248291,
        0.7308903932571411,
        0.12557828426361084,
        0.16048574447631836,
        0.29353588819503784,
        0.2970948815345764,
        0.2312590479850769,
        0.34806257486343384,
        0.2940670847892761,
        0.23686397075653076,
        0.6640844345092773,
        0.921745777130127,
        0.6402977705001831
    ]
}