{
    "format": 5,
    "name": "n50k4_52",
    "n": 50,
    "k": 4,
    "optimal_solution": 0.43746912479400635,
    "x_values": [
        0.9907435178756714,
        0.8200990557670593,
        0.3801978826522827,
        0.5353496670722961,
        0.4485137462615967,
        0.6240609288215637,
        0.00367051362991333,
        0.6666593551635742,
        0.7204585075378418,
        0.05204528570175171,
        0.6445047855377197,
        0.01721292734146118,
        0.9327038526535034,
        0.5773293972015381,
        0.4105069041252136,
        0.6287566423416138,
        0.45861828327178955,
        0.03939378261566162,
        0.9795933961868286,
        0.24146896600723267,
        0.24186700582504272,
        0.03394663333892822,
        0.49578142166137695,
        0.7904098629951477,
        0.6704826951026917,
        0.2007398009300232,
        0.4357878565788269,
        0.7989702820777893,
        0.9810547828674316,
        0.0858418345451355,
        0.7539868354797363,
        0.05990934371948242,
        0.22136390209197998,
        0.12020307779312134,
        0.9715797901153564,
        0.4800027012825012,
        0.5038052201271057,
        0.6169500946998596,
        0.0395122766494751,
        0.7684919834136963,
        0.21988838911056519,
        0.36715608835220337,
        0.0687592625617981,
        0.5665547251701355,
        0.0759931206703186,
        0.9090777039527893,
        0.9427053332328796,
        0.3493552803993225,
        0.592298150062561,
        0.8566769361495972
    ],
    "y_values": [
        0.3250647187232971,
        0.27863800525665283,
        0.35003578662872314,
        0.8395543098449707,
        0.8873847126960754,
        0.7648321986198425,
        0.2411642074584961,
        0.7791338562965393,
        0.2568854093551636,
        0.4017452597618103,
        0.7866330146789551,
        0.6362606287002563,
        0.5516825318336487,
        0.9911083579063416,
        0.64515620470047,
        0.8186439275741577,
        0.009038031101226807,
        0.14290225505828857,
        0.08558541536331177,
        0.8404466509819031,
        0.7533519268035889,
        0.6418004631996155,
        0.563656747341156,
        0.2712239623069763,
        0.3439522385597229,
        0.48960161209106445,
        0.6860347390174866,
        0.8806563019752502,
        0.7155001759529114,
        0.8125874996185303,
        0.9623623490333557,
        0.8697958588600159,
        0.527456521987915,
        0.7583746910095215,
        0.545760452747345,
        0.11671209335327148,
        0.36807870864868164,
        0.1308998465538025,
        0.6974185705184937,
        0.2991049885749817,
        0.9426624774932861,
        0.6738753318786621,
        0.6037613749504089,
        0.7193080186843872,
        0.14168661832809448,
        0.25638556480407715,
        0.07721495628356934,
        0.8328660130500793,
        0.02313411235809326,
        0.3984411358833313
    ]
}