{
    "format": 2,
    "name": "n50k4_31",
    "n": 50,
    "k": 4,
    "optimal_solution": 11.511808395385742,
    "x_values": [
        0.5032946467399597,
        0.36344605684280396,
        0.35829687118530273,
        0.6963414549827576,
        0.8443611264228821,
        0.6521465182304382,
        0.2241399884223938,
        0.08577901124954224,
        0.9103331565856934,
        0.6765929460525513,
        0.3851093053817749,
        0.38422030210494995,
        0.217509925365448,
        0.8650427460670471,
        0.04757678508758545,
        0.017196714878082275,
        0.8629857301712036,
        0.9883597493171692,
        0.08290094137191772,
        0.2131233811378479,
        0.4401727318763733,
        0.5384156703948975,
        0.416317343711853,
        0.43257594108581543,
        0.3044489622116089,
        0.47668904066085815,
        0.16331720352172852,
        0.2357885241508484,
        0.024170875549316406,
        0.3611683249473572,
        0.7412861585617065,
        0.08574354648590088,
        0.3329867720603943,
        0.532025933265686,
        0.15047311782836914,
        0.9377527832984924,
        0.8014598488807678,
        0.746587872505188,
        0.2210162878036499,
        0.4762888550758362,
        0.3683706521987915,
        0.32420778274536133,
        0.8376761078834534,
        0.3478981852531433,
        0.9995073080062866,
        0.9917231202125549,
        0.07947969436645508,
        0.4605708718299866,
        0.4427204132080078,
        0.032169997692108154
    ],
    "y_values": [
        0.5412735939025879,
        0.8584644794464111,
        0.5801631212234497,
        0.5929999947547913,
        0.6460520625114441,
        0.22657543420791626,
        0.31411081552505493,
        0.031347453594207764,
        0.12796586751937866,
        0.28152596950531006,
        0.8945835828781128,
        0.8325834274291992,
        0.744157075881958,
        0.637050449848175,
        0.6722264289855957,
        0.9477041363716125,
        0.4072330594062805,
        0.5857312083244324,
        0.7899771928787231,
        0.19804638624191284,
        0.15964895486831665,
        0.9866247177124023,
        0.6419104933738708,
        0.5647949576377869,
        0.7896409034729004,
        0.07659971714019775,
        0.6630367040634155,
        0.9527507424354553,
        0.09999740123748779,
        0.08123570680618286,
        0.44146728515625,
        0.9597730040550232,
        0.15525692701339722,
        0.7834119200706482,
        0.023510992527008057,
        0.8276395201683044,
        0.3428514003753662,
        0.7471178770065308,
        0.49253594875335693,
        0.41515374183654785,
        0.21650391817092896,
        0.14187705516815186,
        0.16199862957000732,
        0.302004337310791,
        0.8624228239059448,
        0.38531047105789185,
        0.35635149478912354,
        0.8425634503364563,
        0.9283589720726013,
        0.28672611713409424
    ]
}