{
    "format": 2,
    "name": "n50k4_98",
    "n": 50,
    "k": 4,
    "optimal_solution": 11.55372142791748,
    "x_values": [
        0.5094292163848877,
        0.8091420531272888,
        0.8257232308387756,
        0.5676848888397217,
        0.3595051169395447,
        0.5029911398887634,
        0.3124092221260071,
        0.6501032114028931,
        0.9208351969718933,
        0.7081013917922974,
        0.5510438084602356,
        0.5910394191741943,
        0.6266548037528992,
        0.4000084400177002,
        0.23241877555847168,
        0.14784455299377441,
        0.3558993935585022,
        0.24141627550125122,
        0.6288992762565613,
        0.6612107157707214,
        0.679787814617157,
        0.3368108868598938,
        0.4457836151123047,
        0.6749017238616943,
        0.4610235095024109,
        0.47703391313552856,
        0.06139105558395386,
        0.4953020215034485,
        0.4224591851234436,
        0.05301201343536377,
        0.09412676095962524,
        0.6913163065910339,
        0.12722468376159668,
        0.6956929564476013,
        0.3399317264556885,
        0.08665686845779419,
        0.8339402675628662,
        0.1150854229927063,
        0.649999737739563,
        0.11061286926269531,
        0.2823731303215027,
        0.7450289726257324,
        0.9546793699264526,
        0.9469942450523376,
        0.08351767063140869,
        0.013648688793182373,
        0.8256895542144775,
        0.486724317073822,
        0.6915485858917236,
        0.08919203281402588
    ],
    "y_values": [
        0.07888233661651611,
        0.935287356376648,
        0.6577137112617493,
        0.9280675053596497,
        0.48057401180267334,
        0.5243250131607056,
        0.2427716851234436,
        0.5259392857551575,
        0.564162015914917,
        0.9403154253959656,
        0.025420963764190674,
        0.14094066619873047,
        0.7926280498504639,
        0.7804529070854187,
        0.8363819718360901,
        0.3648449182510376,
        0.15984243154525757,
        0.45976442098617554,
        0.6619209051132202,
        0.8959633111953735,
        0.7075114250183105,
        0.857332706451416,
        0.49240732192993164,
        0.6670492887496948,
        0.3637213110923767,
        0.467800498008728,
        0.6147165298461914,
        0.45307403802871704,
        0.36440300941467285,
        0.011914610862731934,
        0.8436967134475708,
        0.13721174001693726,
        0.19050753116607666,
        0.44227999448776245,
        0.6231430768966675,
        0.440074622631073,
        0.4042343497276306,
        0.08812332153320312,
        0.9905222058296204,
        0.8538743853569031,
        0.18327170610427856,
        0.6244968175888062,
        0.3718264698982239,
        0.9237663745880127,
        0.6799376606941223,
        0.5934871435165405,
        0.37786686420440674,
        0.34176063537597656,
        0.13407397270202637,
        0.2891678810119629
    ]
}