{
    "format": 5,
    "name": "n50k4_40",
    "n": 50,
    "k": 4,
    "optimal_solution": 0.40627771615982056,
    "x_values": [
        0.18051260709762573,
        0.47580909729003906,
        0.7889409065246582,
        0.4099266529083252,
        0.8366683721542358,
        0.0504605770111084,
        0.069652259349823,
        0.9560837745666504,
        0.15821248292922974,
        0.258381187915802,
        0.7285618185997009,
        0.2102118730545044,
        0.9360230565071106,
        0.8998470306396484,
        0.3904097080230713,
        0.9934539794921875,
        0.8308396935462952,
        0.7571179866790771,
        0.856110155582428,
        0.4278348684310913,
        0.07007694244384766,
        0.818089485168457,
        0.8684857487678528,
        0.45141124725341797,
        0.03943890333175659,
        0.8425160646438599,
        0.1975499987602234,
        0.08605307340621948,
        0.33421963453292847,
        0.2852303385734558,
        0.2709481120109558,
        0.49848973751068115,
        0.407101035118103,
        0.9153596758842468,
        0.07265251874923706,
        0.7205220460891724,
        0.5695688128471375,
        0.4303683042526245,
        0.15216171741485596,
        0.6835366487503052,
        0.5861212015151978,
        0.7082710862159729,
        0.3142498731613159,
        0.9005146622657776,
        0.7048671245574951,
        0.5863748788833618,
        0.8576263785362244,
        0.6925232410430908,
        0.7680544257164001,
        0.17535799741744995
    ],
    "y_values": [
        0.06470310688018799,
        0.7255412340164185,
        0.8506454229354858,
        0.1484076976776123,
        0.6883264780044556,
        0.4951261281967163,
        0.05337262153625488,
        0.8619768023490906,
        0.06381380558013916,
        0.16478562355041504,
        0.801597535610199,
        0.09823393821716309,
        0.9952495098114014,
        0.9369888305664062,
        0.6912469267845154,
        0.7474387288093567,
        0.42745399475097656,
        0.20580321550369263,
        0.0009263753890991211,
        0.7248557806015015,
        0.09837198257446289,
        0.6381838321685791,
        0.34849852323532104,
        0.5848040580749512,
        0.03208911418914795,
        0.08877074718475342,
        0.2789193391799927,
        0.9259862303733826,
        0.11657243967056274,
        0.758863627910614,
        0.6174716353416443,
        0.2784128785133362,
        0.9144424796104431,
        0.46400415897369385,
        0.7831152677536011,
        0.1943759322166443,
        0.3357153534889221,
        0.603039562702179,
        0.8186262845993042,
        0.5342627763748169,
        0.6394322514533997,
        0.2052147388458252,
        0.45505499839782715,
        0.9068881273269653,
        0.5681899189949036,
        0.4779965281486511,
        0.27380138635635376,
        0.027243435382843018,
        0.8007152676582336,
        0.7887743711471558
    ]
}