{
    "format": 10,
    "name": "n50k10_24",
    "n": 50,
    "k": 10,
    "optimal_solution": 113.62498315643468,
    "x_values": [
        0.002309164587885104,
        0.6901312150690243,
        0.8332302064760743,
        0.5191032651909635,
        0.3440340231573199,
        0.7566684848958238,
        0.4289187872654675,
        0.4246183199797805,
        0.6890667934752527,
        0.6993039333531795,
        0.9579734427103773,
        0.26120565900153625,
        0.18947955429008945,
        0.7911573810463322,
        0.49680505434207545,
        0.7083922065389457,
        0.1886289577482192,
        0.2015501209761824,
        0.6505581102661623,
        0.23252315595401574,
        0.4900747229376272,
        0.2543802647285026,
        0.9082019089487124,
        0.10123150554473737,
        0.895891281288255,
        0.7224293064405113,
        0.011865426668536072,
        0.2526306896294338,
        0.034686129087858175,
        0.5939186009649923,
        0.8963830506887159,
        0.2609040000433722,
        0.3696159247270444,
        0.5081849504660382,
        0.065505553913217,
        0.7089091212782517,
        0.2874884094556718,
        0.3423794735253921,
        0.9775344420927005,
        0.662511261770773,
        0.9963748869789764,
        0.135941592328912,
        0.9592551205077404,
        0.7935880298168017,
        0.22622501814606044,
        0.8699031688557038,
        0.6409964845086269,
        0.9069800749583975,
        0.8635154125547823,
        0.5746778425882463
    ],
    "y_values": [
        0.3588939658484397,
        0.8483861814379042,
        0.6838745217576453,
        0.4916964061138799,
        0.6077952146584289,
        0.9677599870125451,
        0.6068775148968206,
        0.39538117718237187,
        0.6714059172846569,
        0.18213495976152605,
        0.21085553959259562,
        0.5849711697417186,
        0.4538315247666994,
        0.22252702355810627,
        0.7216602238032065,
        0.09954498277809853,
        0.9608944481686892,
        0.7848754220044553,
        0.07144258266433823,
        0.5829953264339872,
        0.08506727396960012,
        0.3206195466493722,
        0.1019774501003683,
        0.888146256183402,
        0.07365220218434765,
        0.655602784510532,
        0.05072486480254479,
        0.029381055201768924,
        0.3281732513585973,
        0.37295568693830916,
        0.7649431577056407,
        0.044351295963824255,
        0.8684557844708402,
        0.4050056857939509,
        0.5767721927085474,
        0.9546786809360306,
        0.8322855142965639,
        0.8125053889181206,
        0.7114659751333304,
        0.8768568195669919,
        0.1705306188101262,
        0.13943389671128925,
        0.7292847866274567,
        0.181359873921776,
        0.856102080420608,
        0.9063488172991576,
        0.5577158963985431,
        0.7853521425222689,
        0.5237225648210125,
        0.3217541566974258
    ],
    "costs": [
        36.67424174923293,
        41.23985086644464,
        7.665552141896077,
        39.566111967416205,
        39.385832305098006,
        30.898447101550477,
        14.32397999848798,
        42.393485177452746,
        9.717204095310208,
        26.60172082884003,
        49.27913739312904,
        48.872526518230295,
        30.283563282407343,
        24.78229294080685,
        28.363075250607604,
        26.58762267089384,
        12.625519600325978,
        15.13360155927975,
        49.434701353477585,
        24.091290136494482,
        47.584625097566466,
        29.925190421649575,
        11.325147873984907,
        34.2276028352515,
        28.21389742414331,
        32.77719259111671,
        41.43686754124295,
        14.411310330679987,
        8.042281953669631,
        9.801926151713548,
        15.43483043725108,
        46.64336644270468,
        42.91025254469765,
        18.57182481995268,
        37.14661420833736,
        29.500905984342374,
        40.40325119918112,
        41.18370612029625,
        29.314052724392017,
        13.880404941676773,
        33.70772307756379,
        49.30730264075874,
        24.69519454952604,
        38.31932333244171,
        15.408944595365496,
        10.548554057682363,
        15.04994273695114,
        14.39893361212634,
        7.754003593336424,
        16.259331933176746
    ]
}