{
    "format": 10,
    "name": "n50k10_49",
    "n": 50,
    "k": 10,
    "optimal_solution": 115.4336388833449,
    "x_values": [
        0.05304941334841895,
        0.4144180289010848,
        0.06532911221600923,
        0.21380571333924814,
        0.5346348234036598,
        0.06299598989125776,
        0.6506036440869226,
        0.8781663253254124,
        0.4868375501613662,
        0.24572381875191607,
        0.1805983903887911,
        0.40794156021328176,
        0.8263842622977012,
        0.21195038598501537,
        0.6345376744804088,
        0.428026611875407,
        0.7011401347310192,
        0.8974912193566852,
        0.2814427571705601,
        0.7477685292329463,
        0.12747446312164457,
        0.6590900182739535,
        0.061555074307184654,
        0.760843692416768,
        0.5416430628332983,
        0.7374273760529049,
        0.4113603566211551,
        0.6754175213986927,
        0.43559322700134806,
        0.3027148669575608,
        0.05179967042897715,
        0.8726894602328009,
        0.9434467838860842,
        0.7536740862802617,
        0.6176522610551501,
        0.7053607924704713,
        0.5101352698965642,
        0.6016151317546043,
        0.8926121912902325,
        0.6796477080148209,
        0.8273546944107576,
        0.9820803270639494,
        0.33965047356849165,
        0.8153048130916268,
        0.26214903463089045,
        0.18016781913378477,
        0.629590255879476,
        0.964000804860101,
        0.42977635655829227,
        0.8294001369583942
    ],
    "y_values": [
        0.5329492812480875,
        0.8634988771590312,
        0.8061036225255213,
        0.6465194299990904,
        0.4965061597046537,
        0.9897408225475488,
        0.08465759333736056,
        0.7586114276055963,
        0.7821708765428633,
        0.9991212003438449,
        0.2837254626217065,
        0.7116053138272479,
        0.7950891281149726,
        0.8468132546021337,
        0.2448637317044453,
        0.7646980155804389,
        0.7746185887110787,
        0.4631986146618444,
        0.2732090474548766,
        0.08820988612615088,
        0.869443198555979,
        0.31729189320248496,
        0.374303979417702,
        0.8769374231671972,
        0.8846969080622196,
        0.13855606071559035,
        0.26043640115701194,
        0.7582121889722904,
        0.6716199884844609,
        0.31526796347530495,
        0.26943505866578166,
        0.7124166961857777,
        0.07807985790923178,
        0.059456425916528555,
        0.6168221386006745,
        0.6618722574959256,
        0.6446817549374483,
        0.10864958983444684,
        0.6242360394209161,
        0.7822580242307403,
        0.3487781939752389,
        0.5918695587987692,
        0.21852483331544026,
        0.43962910887252094,
        0.32819602071047704,
        0.7906736210067482,
        0.2320347064646583,
        0.31559399169046354,
        0.2728716014220165,
        0.30937580189034597
    ],
    "costs": [
        48.466424117773876,
        31.81700259607837,
        16.261728049933446,
        45.14169296269602,
        39.13023468663587,
        29.617243936203767,
        35.9579925195781,
        16.43788662012114,
        5.758924020477853,
        31.300566453799956,
        12.420910858237828,
        45.99565195225545,
        38.938529860091926,
        9.835973425765289,
        20.971429810180965,
        46.61901754999461,
        48.01269550806138,
        30.209040323964878,
        15.932138455503887,
        44.623212243160225,
        20.402144609423836,
        13.502718442546648,
        6.2137327209930975,
        6.707555694842663,
        39.1552728207447,
        33.530843614795025,
        39.36066376760796,
        14.412596952555312,
        13.378368605452891,
        33.02398537961865,
        44.59692342189361,
        11.398465604557602,
        45.21228685890972,
        35.66104718591074,
        39.60375910181458,
        21.546083627705862,
        20.578636730244313,
        46.78083309991038,
        49.67117069077365,
        41.85305704657044,
        44.96508212927383,
        18.569000566862393,
        27.402157498270572,
        22.305272190642395,
        20.529502280023593,
        46.58507466253446,
        29.58643999781398,
        14.883808400806442,
        49.289262491925975,
        15.324644459362535
    ]
}