{
    "format": 10,
    "name": "n50k10_50",
    "n": 50,
    "k": 10,
    "optimal_solution": 81.70870535667439,
    "x_values": [
        0.24294802995296083,
        0.5804513526922458,
        0.2892852590048375,
        0.07164015642914434,
        0.5783526501211427,
        0.35110353737657796,
        0.9710925559662018,
        0.5045840927098918,
        0.35348979206278386,
        0.4449199106316656,
        0.4398909325208873,
        0.9211305617303162,
        0.7852124190381812,
        0.5293483804184195,
        0.8553721533352567,
        0.6788529891258613,
        0.5658658470221286,
        0.4822969003029913,
        0.7260421430249857,
        0.8303663023541865,
        0.24224900159239016,
        0.44569781063819114,
        0.1985768229672097,
        0.6821185935582155,
        0.07118575692813467,
        0.6025101658884767,
        0.4321647794069585,
        0.36136582218976754,
        0.6434390067198368,
        0.8572070953762204,
        0.6804140025573219,
        0.2924104065016824,
        0.7558722033610162,
        0.6350376955555836,
        0.7312418372759657,
        0.8325780961728646,
        0.7536847613180641,
        0.3414725353502228,
        0.41955495742980453,
        0.6693143272353841,
        0.6789147164407145,
        0.37718897789962735,
        0.4677580446268933,
        0.8959579855888996,
        0.9122006085257445,
        0.44750909581337905,
        0.9392937461606459,
        0.8072332638417491,
        0.5075744051281518,
        0.3566809782416154
    ],
    "y_values": [
        0.4519987763653327,
        0.3282089684415951,
        0.794669207779807,
        0.5521665280363313,
        0.03186432767309966,
        0.1321575718712532,
        0.4856371308967573,
        0.8860695584230949,
        0.6630109467078715,
        0.12687360529337588,
        0.2520831555157077,
        0.7931496940122248,
        0.5854202278793653,
        0.04699587737522204,
        0.46271082744652225,
        0.28752954459307434,
        0.5810139553313678,
        0.6327874615706528,
        0.8258825932420927,
        0.9195942843926471,
        0.2513957059384173,
        0.9956112466374857,
        0.19014334390966248,
        0.1677468198644615,
        0.1490454174419652,
        0.6291206165732913,
        0.25540026146690464,
        0.8961100636350828,
        0.2689159438984893,
        0.6820670997922496,
        0.2355270284075357,
        0.10124174188194612,
        0.4837863078766059,
        0.9089257012413419,
        0.6527219237695834,
        0.7489999880839695,
        0.0004162871896669085,
        0.06756746158655225,
        0.057924537042454705,
        0.19585835752870662,
        0.39756380385381906,
        0.9097822321936726,
        0.6104240021193773,
        0.9703973878097429,
        0.07201444160174131,
        0.3947850660859421,
        0.8054674612745515,
        0.2526746759400633,
        0.12532529155319128,
        0.43355653496499547
    ],
    "costs": [
        49.04592639757672,
        39.94818534096128,
        22.653791596590718,
        34.802926062891736,
        17.356403669370103,
        7.98266637768971,
        6.313588559568875,
        36.24705527567335,
        14.894376476075863,
        13.232777527969647,
        20.374314925920224,
        21.5001070207582,
        49.489145029673594,
        36.82618995101953,
        29.466861942100717,
        9.78785841104737,
        35.8111551817434,
        45.27695908609377,
        38.80007992442607,
        5.514631974055478,
        5.232456351709278,
        38.14297599629709,
        8.602425184840422,
        43.96068236693825,
        14.954287246102897,
        9.07606128509228,
        12.125210125093615,
        30.59331284515809,
        7.103788984370764,
        42.76050361219027,
        27.153135823341284,
        8.125951262788709,
        38.22554779979077,
        44.4325888305139,
        37.01038920363793,
        17.050645161314193,
        47.723044616697464,
        29.74279490858682,
        6.0890408316864075,
        18.354407598648443,
        30.029874247161334,
        34.85489178882057,
        9.33901937977951,
        27.08308720077034,
        14.55168899805587,
        43.30862343018339,
        18.53138116888193,
        42.6549247523906,
        16.346011678480696,
        17.634761976739814
    ]
}