{
    "format": 10,
    "name": "n50k10_8",
    "n": 50,
    "k": 10,
    "optimal_solution": 141.4446125350427,
    "x_values": [
        0.2531347370813809,
        0.25715559326499904,
        0.5723878643726741,
        0.23150449669361173,
        0.10722154894333336,
        0.07172240668286023,
        0.12487417820412738,
        0.939655246223691,
        0.8541100376416484,
        0.009885758381803944,
        0.2004092984648438,
        0.2562001001577435,
        0.39448460584784517,
        0.6796011693005597,
        0.5041248849615891,
        0.2770410993349305,
        0.9480724970248138,
        0.39612800128425585,
        0.6742084468411759,
        0.48676335628563216,
        0.20810740797864513,
        0.2937713994140403,
        0.2781365111386441,
        0.37836057994411365,
        0.3770371149899717,
        0.0049120742267617645,
        0.13510051532925604,
        0.3937580539170321,
        0.7296112184081298,
        0.767487163038436,
        0.8512013322237584,
        0.7949280177799124,
        0.26331652778042036,
        0.14797976618021746,
        0.558328897547899,
        0.5432312116144009,
        0.19296060827640005,
        0.5167580067680184,
        0.21070593223773448,
        0.6394077476400917,
        0.355590178371921,
        0.8575878600236679,
        0.7905170435717582,
        0.6783807348021639,
        0.5856302799668154,
        0.28203924003800107,
        0.30613613289553687,
        0.58086409603854,
        0.7737148803846212,
        0.1169667050402895
    ],
    "y_values": [
        0.018214547162744066,
        0.39592374568954414,
        0.774155078146991,
        0.3286091721292673,
        0.9742734763112433,
        0.37346751341520723,
        0.6899408915492233,
        0.4305588187183118,
        0.5606387055640599,
        0.9471482899704542,
        0.9353212867030481,
        0.21702842910915154,
        0.7405652485687072,
        0.4273537039480997,
        0.4003828426441577,
        0.523239754658174,
        0.45993325349017167,
        0.1494696681322517,
        0.8342274177635115,
        0.5534755294550648,
        0.24849351002501718,
        0.24410463487718037,
        0.38547369008068777,
        0.26763191935965436,
        0.6098141508546776,
        0.8791873749108009,
        0.5151428299400022,
        0.755865824321482,
        0.22021358468699492,
        0.20919284937022964,
        0.624118460438199,
        0.978077853902401,
        0.2403293818191855,
        0.36669494312740325,
        0.7404971919818731,
        0.8824720520471366,
        0.39713154764299596,
        0.5219186295081928,
        0.5372990070408924,
        0.3457259102777095,
        0.18084043711489495,
        0.8057942208562345,
        0.8366824646889318,
        0.8796640056128785,
        0.29027975130689176,
        0.8650762664541244,
        0.09299212756817954,
        0.2539588557139134,
        0.809680011886437,
        0.48883522924607625
    ],
    "costs": [
        37.39135696519998,
        25.488373406397912,
        19.806941168420437,
        37.738129772432046,
        14.076734336005899,
        44.124272685044666,
        25.228756655228295,
        25.844567430483867,
        17.3956749904029,
        31.480865201908312,
        32.718136398444344,
        30.91655995124484,
        23.76549549882817,
        29.03042423019816,
        32.14195910059926,
        21.406729161960083,
        40.63354922474297,
        48.94980817070934,
        20.13764020706256,
        26.567366067777254,
        25.282389562470065,
        32.43195118250378,
        9.234153181990866,
        46.82585743374644,
        34.84956055153666,
        39.799174785036854,
        16.286812655297396,
        20.440538347932616,
        14.251727766421176,
        45.36576455880673,
        29.364564721861676,
        43.20132425292247,
        31.12507391233515,
        46.51308337079756,
        28.34999567967431,
        38.56182158669855,
        18.200207289055804,
        9.927741563016736,
        35.34927530110684,
        48.486922269795464,
        19.1197130033311,
        33.12047868043723,
        17.506121024998432,
        14.65596486945722,
        26.32103129101483,
        37.10343376573802,
        12.269618185089957,
        9.683349135539823,
        35.81165997407357,
        34.71062399957053
    ]
}