{
    "format": 8,
    "name": "n20k4_28",
    "n": 20,
    "k": 4,
    "capacity": 5,
    "optimal_solution": 4.3058695793151855,
    "x_values": [
        0.44122314453125,
        0.4346952438354492,
        0.9836882948875427,
        0.7333242893218994,
        0.1941744089126587,
        0.6955412030220032,
        0.5210199952125549,
        0.787078857421875,
        0.5466572642326355,
        0.953349232673645,
        0.8692793250083923,
        0.09344315528869629,
        0.29172247648239136,
        0.5780082941055298,
        0.7598223686218262,
        0.6634994745254517,
        0.10106140375137329,
        0.43009477853775024,
        0.34158605337142944,
        0.1609020233154297
    ],
    "y_values": [
        0.6052388548851013,
        0.06639218330383301,
        0.854576826095581,
        0.8124310970306396,
        0.1031961441040039,
        0.49344944953918457,
        0.3194023370742798,
        0.9355930089950562,
        0.06448841094970703,
        0.9865132570266724,
        0.33151310682296753,
        0.5656341314315796,
        0.962203323841095,
        0.49084556102752686,
        0.633918821811676,
        0.30101293325424194,
        0.5905554294586182,
        0.7985127568244934,
        0.7691383361816406,
        0.352384090423584
    ]
}