{
    "format": 5,
    "name": "n20k3_37",
    "n": 20,
    "k": 3,
    "optimal_solution": 0.5018239617347717,
    "x_values": [
        0.8283753991127014,
        0.11670935153961182,
        0.5971183180809021,
        0.6663761734962463,
        0.22852331399917603,
        0.7574387788772583,
        0.06295686960220337,
        0.6633501052856445,
        0.7738493084907532,
        0.7993052005767822,
        0.299591600894928,
        0.8875606656074524,
        0.8750768899917603,
        0.4487943649291992,
        0.6613043546676636,
        0.9441239237785339,
        0.028510093688964844,
        0.7483999729156494,
        0.20067328214645386,
        0.14002037048339844
    ],
    "y_values": [
        0.7716640830039978,
        0.73922199010849,
        0.36439138650894165,
        0.6154579520225525,
        0.5220381617546082,
        0.8325486183166504,
        0.8754122853279114,
        0.9401677846908569,
        0.8736755847930908,
        0.48544609546661377,
        0.7915012836456299,
        0.19493001699447632,
        0.6858854293823242,
        0.2579876780509949,
        0.9870098829269409,
        0.15675687789916992,
        0.6754068732261658,
        0.7356534004211426,
        0.703852117061615,
        0.32128143310546875
    ]
}