{
    "format": 2,
    "name": "n100k4_72",
    "n": 100,
    "k": 4,
    "optimal_solution": 23.570554733276367,
    "x_values": [
        0.6564367413520813,
        0.78078693151474,
        0.2818007469177246,
        0.4374508857727051,
        0.41703540086746216,
        0.963870644569397,
        0.2529749274253845,
        0.3151581287384033,
        0.30369579792022705,
        0.8505173921585083,
        0.7715333700180054,
        0.9848889708518982,
        0.7305520176887512,
        0.03296375274658203,
        0.21463876962661743,
        0.745799720287323,
        0.5128681063652039,
        0.3156917095184326,
        0.5679922103881836,
        0.5803090929985046,
        0.33256280422210693,
        0.7608250975608826,
        0.7797459363937378,
        0.5563749074935913,
        0.9265121817588806,
        0.02976745367050171,
        0.5478218197822571,
        0.7602720856666565,
        0.7831753492355347,
        0.5111774802207947,
        0.7823498249053955,
        0.5074965357780457,
        0.8945248126983643,
        0.3501660227775574,
        0.4614536762237549,
        0.20911389589309692,
        0.6164245009422302,
        0.784339189529419,
        0.9832151532173157,
        0.34231746196746826,
        0.6832826733589172,
        0.9979463219642639,
        0.5764696598052979,
        0.9715821146965027,
        0.21861284971237183,
        0.09530377388000488,
        0.9105494022369385,
        0.826431930065155,
        0.13703793287277222,
        0.4129214286804199,
        0.7521508932113647,
        0.4942222833633423,
        0.5203566551208496,
        0.5015007853507996,
        0.7682240009307861,
        0.9800245761871338,
        0.039813876152038574,
        0.584293782711029,
        0.21402639150619507,
        0.42588233947753906,
        0.1103593111038208,
        0.1629166603088379,
        0.1420682668685913,
        0.6468784213066101,
        0.998617947101593,
        0.004868686199188232,
        0.3087616562843323,
        0.08025139570236206,
        0.018308043479919434,
        0.9758769273757935,
        0.7776279449462891,
        0.46493208408355713,
        0.9873186945915222,
        0.5799047946929932,
        0.36192870140075684,
        0.8643310070037842,
        0.404482901096344,
        0.3793286681175232,
        0.6294270753860474,
        0.8492001891136169,
        0.9708096981048584,
        0.16978037357330322,
        0.3849075436592102,
        0.11408096551895142,
        0.8909983038902283,
        0.22750091552734375,
        0.795016348361969,
        0.02747166156768799,
        0.9692186117172241,
        0.3669270873069763,
        0.7998381853103638,
        0.10424137115478516,
        0.250160813331604,
        0.4231124520301819,
        0.19948703050613403,
        0.7970683574676514,
        0.8925430178642273,
        0.10549956560134888,
        0.7028986811637878,
        0.5999600291252136
    ],
    "y_values": [
        0.6443349123001099,
        0.7395030856132507,
        0.7040533423423767,
        0.6932263374328613,
        0.39874327182769775,
        0.08970415592193604,
        0.9482987523078918,
        0.1817989945411682,
        0.4561837911605835,
        0.04408729076385498,
        0.18999838829040527,
        0.9226362705230713,
        0.6885995864868164,
        0.35162419080734253,
        0.02250570058822632,
        0.5832030177116394,
        0.22055083513259888,
        0.1168023943901062,
        0.6015030145645142,
        0.2258175015449524,
        0.5590341091156006,
        0.7811233997344971,
        0.4679268002510071,
        0.6397529244422913,
        0.011839628219604492,
        0.6300129294395447,
        0.5297936797142029,
        0.28585171699523926,
        0.21684128046035767,
        0.5381129384040833,
        0.85588538646698,
        0.11927586793899536,
        0.95554518699646,
        0.8625309467315674,
        0.23054081201553345,
        0.7014891505241394,
        0.5339738130569458,
        0.7597717642784119,
        0.3453991413116455,
        0.2723640203475952,
        0.07143968343734741,
        0.7948172688484192,
        0.4663424491882324,
        0.5816495418548584,
        0.8917397856712341,
        0.3168160319328308,
        0.07700598239898682,
        0.6785756945610046,
        0.09859246015548706,
        0.45553308725357056,
        0.9955477714538574,
        0.8154399991035461,
        0.7679136395454407,
        0.048395633697509766,
        0.7618418335914612,
        0.28684526681900024,
        0.35264867544174194,
        0.7653874158859253,
        0.0026856064796447754,
        0.3200078010559082,
        0.040198445320129395,
        0.9591657519340515,
        0.37587273120880127,
        0.014763832092285156,
        0.731046199798584,
        0.7300018668174744,
        0.4397720694541931,
        0.10751408338546753,
        0.2845100164413452,
        0.042817890644073486,
        0.4781356453895569,
        0.6977523565292358,
        0.875130295753479,
        0.9785329103469849,
        0.3547603487968445,
        0.2904078960418701,
        0.4092133045196533,
        0.1510612964630127,
        0.07755434513092041,
        0.8244141936302185,
        0.2522572875022888,
        0.6410567760467529,
        0.3292272090911865,
        0.2440398931503296,
        0.048403024673461914,
        0.09149068593978882,
        0.04772752523422241,
        0.6852118968963623,
        0.2164730429649353,
        0.31288689374923706,
        0.8541721701622009,
        0.7465693950653076,
        0.7326238751411438,
        0.018870115280151367,
        0.15142565965652466,
        0.6555595993995667,
        0.8451398611068726,
        0.3603999614715576,
        0.1262473464012146,
        0.4745807647705078
    ]
}