{
    "format": 5,
    "name": "n100k4_93",
    "n": 100,
    "k": 4,
    "optimal_solution": 0.42160922288894653,
    "x_values": [
        0.14046919345855713,
        0.4166595935821533,
        0.3094610571861267,
        0.5746100544929504,
        0.26195424795150757,
        0.2502479553222656,
        0.6449988484382629,
        0.4564388394355774,
        0.2568035125732422,
        0.0055655837059021,
        0.1455298662185669,
        0.9746241569519043,
        0.7108211517333984,
        0.23641639947891235,
        0.1257660984992981,
        0.1781114935874939,
        0.5678863525390625,
        0.3919118046760559,
        0.03534960746765137,
        0.3623661398887634,
        0.6605113744735718,
        0.7414959669113159,
        0.28938210010528564,
        0.2854880690574646,
        0.2508201599121094,
        0.3173519968986511,
        0.6199039220809937,
        0.7388510704040527,
        0.7183742523193359,
        0.1962628960609436,
        0.15927553176879883,
        0.8573871850967407,
        0.534223735332489,
        0.962044358253479,
        0.31287193298339844,
        0.9945662021636963,
        0.5940528512001038,
        0.1501070261001587,
        0.7216871976852417,
        0.4535282850265503,
        0.10991334915161133,
        0.8455175757408142,
        0.934851348400116,
        0.17925214767456055,
        0.6245352029800415,
        0.8373156785964966,
        0.9400743842124939,
        0.9868752956390381,
        0.010145008563995361,
        0.45172178745269775,
        0.5829684734344482,
        0.8632780909538269,
        0.04907703399658203,
        0.973984956741333,
        0.7667661905288696,
        0.7812867164611816,
        0.47335243225097656,
        0.2456609606742859,
        0.26915377378463745,
        0.38393092155456543,
        0.05834686756134033,
        0.8144166469573975,
        0.3010716438293457,
        0.5635455846786499,
        0.1069977879524231,
        0.14965999126434326,
        0.5190356373786926,
        0.7781310081481934,
        0.5467880368232727,
        0.5427144169807434,
        0.04486185312271118,
        0.4973059296607971,
        0.10995602607727051,
        0.4597386121749878,
        0.21091800928115845,
        0.4083305597305298,
        0.6009921431541443,
        0.7030407190322876,
        0.24454611539840698,
        0.35783928632736206,
        0.6704220771789551,
        0.1652466058731079,
        0.8452409505844116,
        0.4065220355987549,
        0.43063241243362427,
        0.0715036392211914,
        0.010399460792541504,
        0.9674838185310364,
        0.7260640263557434,
        0.6651129722595215,
        0.7904079556465149,
        0.19442707300186157,
        0.9291957020759583,
        0.05186742544174194,
        0.8468266725540161,
        0.6444600224494934,
        0.5357320308685303,
        0.28596359491348267,
        0.31581175327301025,
        0.19092148542404175
    ],
    "y_values": [
        0.20384901762008667,
        0.08680695295333862,
        0.7236433029174805,
        0.48217159509658813,
        0.8801299929618835,
        0.8399737477302551,
        0.3916912078857422,
        0.04047733545303345,
        0.5624596476554871,
        0.9942559599876404,
        0.9024900197982788,
        0.6867409348487854,
        0.7651423811912537,
        0.24511748552322388,
        0.9347540140151978,
        0.18561923503875732,
        0.34508222341537476,
        0.39449840784072876,
        0.8037862181663513,
        0.03521054983139038,
        0.9302796125411987,
        0.08452439308166504,
        0.9103344678878784,
        0.9962154626846313,
        0.4370923638343811,
        0.7573853731155396,
        0.6308130621910095,
        0.630059540271759,
        0.5887494087219238,
        0.02301633358001709,
        0.11723881959915161,
        0.03556632995605469,
        0.04547834396362305,
        0.4521401524543762,
        0.21846771240234375,
        0.45896339416503906,
        0.44414305686950684,
        0.6028152704238892,
        0.22861284017562866,
        0.1837843656539917,
        0.5846642255783081,
        0.7368916869163513,
        0.1960940957069397,
        0.8442254662513733,
        0.9603045582771301,
        0.02754795551300049,
        0.08564364910125732,
        0.288787841796875,
        0.6417675614356995,
        0.15882259607315063,
        0.7842608094215393,
        0.007848143577575684,
        0.8260327577590942,
        0.8756909966468811,
        0.6430290341377258,
        0.7634838819503784,
        0.28701406717300415,
        0.421380877494812,
        0.9024213552474976,
        0.10234737396240234,
        0.0678282380104065,
        0.408115029335022,
        0.7841150164604187,
        0.3361445665359497,
        0.32838761806488037,
        0.9415653347969055,
        0.8121170401573181,
        0.049048662185668945,
        0.7600738406181335,
        0.8397082686424255,
        0.8058128952980042,
        0.010414838790893555,
        0.4115075469017029,
        0.04980248212814331,
        0.56501305103302,
        0.8787651062011719,
        0.6216385960578918,
        0.13471263647079468,
        0.6209264993667603,
        0.5465685129165649,
        0.695670485496521,
        0.6584535837173462,
        0.9146941900253296,
        0.8679678440093994,
        0.6586648225784302,
        0.8147087693214417,
        0.967812180519104,
        0.2574766278266907,
        0.5268660187721252,
        0.7931863069534302,
        0.3574461340904236,
        0.8175455331802368,
        0.13560187816619873,
        0.18145149946212769,
        0.732599675655365,
        0.9630572199821472,
        0.9618210792541504,
        0.8954994678497314,
        0.7821763157844543,
        0.4183732867240906
    ]
}