{
    "format": 5,
    "name": "n100k4_79",
    "n": 100,
    "k": 4,
    "optimal_solution": 0.46373987197875977,
    "x_values": [
        0.4584272503852844,
        0.9991344809532166,
        0.8799005746841431,
        0.36942023038864136,
        0.13950002193450928,
        0.690920352935791,
        0.8988082408905029,
        0.6666443347930908,
        0.9810649156570435,
        0.830237627029419,
        0.11160397529602051,
        0.300101637840271,
        0.7603204846382141,
        0.14099276065826416,
        0.5049054622650146,
        0.019520998001098633,
        0.9994985461235046,
        0.05558687448501587,
        0.37616902589797974,
        0.21033751964569092,
        0.10558211803436279,
        0.24780815839767456,
        0.12199580669403076,
        0.44588804244995117,
        0.6393362879753113,
        0.03944796323776245,
        0.4032450318336487,
        0.13588416576385498,
        0.33179986476898193,
        0.46839261054992676,
        0.026843905448913574,
        0.13015300035476685,
        0.9908957481384277,
        0.38047635555267334,
        0.634963870048523,
        0.7964308857917786,
        0.48149573802948,
        0.2980053424835205,
        0.6706570982933044,
        0.3493077754974365,
        0.70428866147995,
        0.3880924582481384,
        0.30826276540756226,
        0.21182072162628174,
        0.40615493059158325,
        0.8350908160209656,
        0.04516357183456421,
        0.2597969174385071,
        0.26963329315185547,
        0.9597768187522888,
        0.2989206910133362,
        0.3385528326034546,
        0.7976508140563965,
        0.1958492398262024,
        0.6537838578224182,
        0.7979549765586853,
        0.5308061242103577,
        0.3462079167366028,
        0.3026183247566223,
        0.50300133228302,
        0.6788966655731201,
        0.6662652492523193,
        0.2926827669143677,
        0.5537638068199158,
        0.9593455195426941,
        0.8102309703826904,
        0.7705094814300537,
        0.19995605945587158,
        0.16624629497528076,
        0.9216745495796204,
        0.23756194114685059,
        0.6211597323417664,
        0.8379554748535156,
        0.03586918115615845,
        0.5182954668998718,
        0.09560853242874146,
        0.2932016849517822,
        0.709496796131134,
        0.9228823184967041,
        0.5465672612190247,
        0.008279502391815186,
        0.7550762891769409,
        0.04446464776992798,
        0.7897303104400635,
        0.12891864776611328,
        0.8309175968170166,
        0.15426552295684814,
        0.1263488531112671,
        0.42428475618362427,
        0.8439332842826843,
        0.6898651123046875,
        0.782698929309845,
        0.5336461067199707,
        0.2614656686782837,
        0.5838388800621033,
        0.4342811703681946,
        0.380470335483551,
        0.8460964560508728,
        0.7164825201034546,
        0.5227493047714233
    ],
    "y_values": [
        0.8204925060272217,
        0.07854968309402466,
        0.25405263900756836,
        0.13703703880310059,
        0.14306485652923584,
        0.8668128252029419,
        0.2885642647743225,
        0.7141067981719971,
        0.946153461933136,
        0.38936954736709595,
        0.013705015182495117,
        0.41506701707839966,
        0.8078762292861938,
        0.6365795731544495,
        0.37302249670028687,
        0.8632115125656128,
        0.16517984867095947,
        0.06440675258636475,
        0.7160832285881042,
        0.09106940031051636,
        0.27613723278045654,
        0.23457396030426025,
        0.2584049701690674,
        0.9702926874160767,
        0.22665345668792725,
        0.9057626128196716,
        0.9745491147041321,
        0.7493678331375122,
        0.005249738693237305,
        0.07312935590744019,
        0.7416666150093079,
        0.7830402255058289,
        0.567317545413971,
        0.2891942262649536,
        0.4558011293411255,
        0.5445677638053894,
        0.21658778190612793,
        0.4622892141342163,
        0.9182311296463013,
        0.30191701650619507,
        0.25847262144088745,
        0.08292323350906372,
        0.14811986684799194,
        0.8398544192314148,
        0.5495595335960388,
        0.22722762823104858,
        0.18609529733657837,
        0.5732585191726685,
        0.05843120813369751,
        0.1157868504524231,
        0.26860636472702026,
        0.8263944983482361,
        0.22811275720596313,
        0.33897143602371216,
        0.3149123787879944,
        0.44493138790130615,
        0.9318932294845581,
        0.04611855745315552,
        0.45501285791397095,
        0.01636958122253418,
        0.7845818400382996,
        0.12951278686523438,
        0.5917785167694092,
        0.10719805955886841,
        0.02356398105621338,
        0.99887615442276,
        0.21277892589569092,
        0.26208245754241943,
        0.522256076335907,
        0.9772815108299255,
        0.20411938428878784,
        0.33286333084106445,
        0.5399889945983887,
        0.32825374603271484,
        0.27635353803634644,
        0.17510855197906494,
        0.10275900363922119,
        0.5900699496269226,
        0.47188687324523926,
        0.5519717335700989,
        0.8932791948318481,
        0.9167208075523376,
        0.6426846385002136,
        0.47431302070617676,
        0.1119394302368164,
        0.13900399208068848,
        0.9510946273803711,
        0.0572739839553833,
        0.03099900484085083,
        0.4618260860443115,
        0.12981945276260376,
        0.40107953548431396,
        0.02425605058670044,
        0.8367837071418762,
        0.48176687955856323,
        0.03281259536743164,
        0.21237099170684814,
        0.20614677667617798,
        0.9733303189277649,
        0.7748447060585022
    ]
}