{
    "format": 2,
    "name": "n80k5_47",
    "n": 80,
    "k": 5,
    "optimal_solution": 15.865249633789062,
    "x_values": [
        0.8688924312591553,
        0.9955824613571167,
        0.8101996183395386,
        0.8754867911338806,
        0.43936026096343994,
        0.9230778813362122,
        0.0650254487991333,
        0.8291308879852295,
        0.7062699794769287,
        0.4140899181365967,
        0.7866079807281494,
        0.38109010457992554,
        0.016690611839294434,
        0.7717022895812988,
        0.3367920517921448,
        0.7675626873970032,
        0.5602939128875732,
        0.3974311351776123,
        0.6886797547340393,
        0.10828876495361328,
        0.9712570905685425,
        0.5401942133903503,
        0.5450714230537415,
        0.3838839530944824,
        0.7354339361190796,
        0.9168658256530762,
        0.8432648181915283,
        0.5923702120780945,
        0.6499664783477783,
        0.037921369075775146,
        0.8121761083602905,
        0.3938524127006531,
        0.850558876991272,
        0.8791714310646057,
        0.5446419715881348,
        0.4797707796096802,
        0.5095646381378174,
        0.9988600015640259,
        0.5022810697555542,
        0.9247918725013733,
        0.0002899169921875,
        0.3939092755317688,
        0.08847784996032715,
        0.7349454760551453,
        0.8613720536231995,
        0.6567203998565674,
        0.2626609802246094,
        0.9481757283210754,
        0.001181185245513916,
        0.15618473291397095,
        0.4709222912788391,
        0.2626889944076538,
        0.43555939197540283,
        0.6971441507339478,
        0.8667749166488647,
        0.17778831720352173,
        0.39693939685821533,
        0.14708423614501953,
        0.6858962774276733,
        0.27549946308135986,
        0.47968119382858276,
        0.2996344566345215,
        0.9341958165168762,
        0.25868934392929077,
        0.9020920991897583,
        0.9371318817138672,
        0.5234435200691223,
        0.26679688692092896,
        0.2334926724433899,
        0.568275511264801,
        0.5134710073471069,
        0.49117571115493774,
        0.9679954051971436,
        0.6515479683876038,
        0.42161136865615845,
        0.6881560683250427,
        0.35969603061676025,
        0.460499107837677,
        0.6851500868797302,
        0.8664417862892151
    ],
    "y_values": [
        0.08922415971755981,
        0.34457695484161377,
        0.057105839252471924,
        0.39634472131729126,
        0.6693673729896545,
        0.46995359659194946,
        0.270241916179657,
        0.15039747953414917,
        0.5764621496200562,
        0.18105649948120117,
        0.6470370292663574,
        0.9188479781150818,
        0.09878796339035034,
        0.7972037196159363,
        0.20566850900650024,
        0.8473275303840637,
        0.454456627368927,
        0.3095495104789734,
        0.28996944427490234,
        0.06214672327041626,
        0.30807530879974365,
        0.10616815090179443,
        0.3848828077316284,
        0.48394739627838135,
        0.5537554025650024,
        0.1373053789138794,
        0.23378920555114746,
        0.7502118349075317,
        0.1528579592704773,
        0.17903858423233032,
        0.928412675857544,
        0.06302887201309204,
        0.37413448095321655,
        0.7355726957321167,
        0.208088219165802,
        0.3324635624885559,
        0.7252794504165649,
        0.22343581914901733,
        0.8004094362258911,
        0.7831107974052429,
        0.023530125617980957,
        0.375088095664978,
        0.7390797734260559,
        0.5542134642601013,
        0.2319270372390747,
        0.278692364692688,
        0.24091017246246338,
        0.2106800675392151,
        0.5668310523033142,
        0.06129932403564453,
        0.9459245800971985,
        0.6298177242279053,
        0.9813169836997986,
        0.6128682494163513,
        0.023337483406066895,
        0.023548126220703125,
        0.04078739881515503,
        0.4425109624862671,
        0.012319087982177734,
        0.8703930974006653,
        0.8533980846405029,
        0.24215978384017944,
        0.12068665027618408,
        0.8166724443435669,
        0.9646158814430237,
        0.7348639369010925,
        0.7548711895942688,
        0.5383654832839966,
        0.32141029834747314,
        0.09586352109909058,
        0.27126216888427734,
        0.08880501985549927,
        0.7672543525695801,
        0.9308480024337769,
        0.3102065324783325,
        0.20052814483642578,
        0.5955174565315247,
        0.3682406544685364,
        0.7016604542732239,
        0.2931970953941345
    ]
}