{
    "format": 2,
    "name": "n80k5_26",
    "n": 80,
    "k": 5,
    "optimal_solution": 15.009106636047363,
    "x_values": [
        0.449781596660614,
        0.3809828758239746,
        0.23556256294250488,
        0.1872658133506775,
        0.06510394811630249,
        0.28269559144973755,
        0.36307018995285034,
        0.7974013090133667,
        0.5972333550453186,
        0.712188184261322,
        0.9678741097450256,
        0.28908979892730713,
        0.3923601508140564,
        0.5376087427139282,
        0.840734601020813,
        0.10486650466918945,
        0.7472329139709473,
        0.9808639883995056,
        0.22877144813537598,
        0.03586375713348389,
        0.305763304233551,
        0.4012818932533264,
        0.007992446422576904,
        0.6446685194969177,
        0.7140190005302429,
        0.8454077243804932,
        0.9003235697746277,
        0.8350579142570496,
        0.5551245212554932,
        0.1976720094680786,
        0.028483152389526367,
        0.797559916973114,
        0.6164501905441284,
        0.9296002388000488,
        0.47449445724487305,
        0.7947468161582947,
        0.5514413714408875,
        0.5256890058517456,
        0.1085350513458252,
        0.26533132791519165,
        0.8651442527770996,
        0.010561466217041016,
        0.6480716466903687,
        0.16364294290542603,
        0.07927310466766357,
        0.2598975896835327,
        0.5998202562332153,
        0.26321399211883545,
        0.5805690288543701,
        0.648490846157074,
        0.038049399852752686,
        0.5480321645736694,
        0.6277660131454468,
        0.6192682385444641,
        0.54707932472229,
        0.6082044243812561,
        0.3165358901023865,
        0.5989223122596741,
        0.5073140859603882,
        0.3045591711997986,
        0.6200510263442993,
        0.5851412415504456,
        0.42045825719833374,
        0.9770621657371521,
        0.11939030885696411,
        0.21974891424179077,
        0.044961392879486084,
        0.06877624988555908,
        0.5009750723838806,
        0.43883103132247925,
        0.9319698810577393,
        0.7980295419692993,
        0.17830806970596313,
        0.7406532764434814,
        0.2758069634437561,
        0.25845152139663696,
        0.622505247592926,
        0.6223864555358887,
        0.701401948928833,
        0.4499228596687317
    ],
    "y_values": [
        0.33825385570526123,
        0.8768741488456726,
        0.4283236861228943,
        0.2915213704109192,
        0.8725402355194092,
        0.622403621673584,
        0.27059298753738403,
        0.2856500744819641,
        0.9248268008232117,
        0.07858312129974365,
        0.6575371623039246,
        0.9412633180618286,
        0.8208742141723633,
        0.219302237033844,
        0.5044887661933899,
        0.8014466166496277,
        0.8242239356040955,
        0.034276604652404785,
        0.8966768383979797,
        0.004477441310882568,
        0.8762319087982178,
        0.15636956691741943,
        0.7778993248939514,
        0.4745029807090759,
        0.02877885103225708,
        0.5449226498603821,
        0.6094785332679749,
        0.6736291646957397,
        0.7491595149040222,
        0.26179343461990356,
        0.3579786419868469,
        0.826063871383667,
        0.46623939275741577,
        0.022089064121246338,
        0.5453649163246155,
        0.9475634098052979,
        0.9553277492523193,
        0.845914363861084,
        0.46379947662353516,
        0.21694523096084595,
        0.7368695735931396,
        0.1231960654258728,
        0.12442934513092041,
        0.17639851570129395,
        0.17102748155593872,
        0.7612485885620117,
        0.6969322562217712,
        0.5330199003219604,
        0.09710484743118286,
        0.1612645983695984,
        0.13431566953659058,
        0.18321621417999268,
        0.0931500792503357,
        0.7450029253959656,
        0.8501599431037903,
        0.7771425843238831,
        0.20375114679336548,
        0.8473833799362183,
        0.08456432819366455,
        0.10047513246536255,
        0.2398587465286255,
        0.8308405876159668,
        0.04510241746902466,
        0.6567236185073853,
        0.2391476035118103,
        0.6117833256721497,
        0.7827180027961731,
        0.8420677185058594,
        0.30352717638015747,
        0.9969117045402527,
        0.9106611013412476,
        0.1838170289993286,
        0.4405946135520935,
        0.609122097492218,
        0.7953376173973083,
        0.5847046971321106,
        0.08624851703643799,
        0.3245543837547302,
        0.8800206780433655,
        0.4042835831642151
    ]
}