{
    "format": 2,
    "name": "n80k5_73",
    "n": 80,
    "k": 5,
    "optimal_solution": 15.714509963989258,
    "x_values": [
        0.4667888879776001,
        0.022379934787750244,
        0.8606024980545044,
        0.21421170234680176,
        0.6367105841636658,
        0.021433115005493164,
        0.8979560136795044,
        0.4548013210296631,
        0.5608059763908386,
        0.9198309183120728,
        0.9387438297271729,
        0.06525087356567383,
        0.8639079928398132,
        0.5781911015510559,
        0.2377827763557434,
        0.4643452763557434,
        0.46581941843032837,
        0.5160767436027527,
        0.5301260948181152,
        0.4932394027709961,
        0.640082836151123,
        0.2789618968963623,
        0.7733088731765747,
        0.2915104031562805,
        0.21149063110351562,
        0.5660610795021057,
        0.6473804712295532,
        0.5257300734519958,
        0.6878719925880432,
        0.5687350630760193,
        0.5993178486824036,
        0.7769483923912048,
        0.8753473162651062,
        0.9521190524101257,
        0.09170156717300415,
        0.06730151176452637,
        0.26605188846588135,
        0.06403994560241699,
        0.18866902589797974,
        0.4185671806335449,
        0.34764134883880615,
        0.5574578642845154,
        0.6985169649124146,
        0.32432007789611816,
        0.33681368827819824,
        0.6346858143806458,
        0.9386599659919739,
        0.2901535630226135,
        0.5666390657424927,
        0.7924298048019409,
        0.8497248888015747,
        0.2030612826347351,
        0.4073892831802368,
        0.950547993183136,
        0.9932645559310913,
        0.7100164890289307,
        0.42773401737213135,
        0.3577842712402344,
        0.22460287809371948,
        0.5293945074081421,
        0.9108366370201111,
        0.7644973397254944,
        0.4350305199623108,
        0.30854278802871704,
        0.21309232711791992,
        0.571899950504303,
        0.8798899054527283,
        0.17941886186599731,
        0.9513469338417053,
        0.1773914098739624,
        0.7863067984580994,
        0.5269930958747864,
        0.8475043177604675,
        0.10749614238739014,
        0.3102545738220215,
        0.19858711957931519,
        0.37686753273010254,
        0.44915157556533813,
        0.8725135922431946,
        0.11794239282608032
    ],
    "y_values": [
        0.6861498951911926,
        0.9007161259651184,
        0.3947792649269104,
        0.38641583919525146,
        0.394636332988739,
        0.7908889651298523,
        0.286002516746521,
        0.3473808169364929,
        0.12181788682937622,
        0.7694988250732422,
        0.3778008222579956,
        0.13175702095031738,
        0.9541102647781372,
        0.8583601117134094,
        0.8415302038192749,
        0.025155186653137207,
        0.5176373720169067,
        0.7454737424850464,
        0.42713141441345215,
        0.7002847194671631,
        0.8395322561264038,
        0.19182950258255005,
        0.03681379556655884,
        0.6666995286941528,
        0.4314267635345459,
        0.015215516090393066,
        0.202980637550354,
        0.2743075489997864,
        0.28852683305740356,
        0.2228848934173584,
        0.23828595876693726,
        0.6419119238853455,
        0.4998543858528137,
        0.6917635202407837,
        0.8136821985244751,
        0.4031375050544739,
        0.1716497540473938,
        0.35539573431015015,
        0.4892236590385437,
        0.35769855976104736,
        0.022349536418914795,
        0.21318316459655762,
        0.3682178258895874,
        0.3881876468658447,
        0.9409857392311096,
        0.6856027841567993,
        0.07452905178070068,
        0.10201972723007202,
        0.760787844657898,
        0.15739119052886963,
        0.026038289070129395,
        0.8820825815200806,
        0.6289166212081909,
        0.6529178619384766,
        0.07390528917312622,
        0.3571769595146179,
        0.42650294303894043,
        0.4049474596977234,
        0.34961533546447754,
        0.832815408706665,
        0.26719528436660767,
        0.7903190851211548,
        0.8220587968826294,
        0.5231934785842896,
        0.03832501173019409,
        0.038608431816101074,
        0.2856016755104065,
        0.6234742403030396,
        0.23853302001953125,
        0.7470694184303284,
        0.10452431440353394,
        0.989941418170929,
        0.5384143590927124,
        0.9933329820632935,
        0.7774044275283813,
        0.7918468713760376,
        0.3437020182609558,
        0.8680728077888489,
        0.24808061122894287,
        0.5819517970085144
    ]
}