{
    "format": 8,
    "name": "n40k7_23",
    "n": 40,
    "k": 7,
    "capacity": 6,
    "optimal_solution": 6.715018272399902,
    "x_values": [
        0.24354922771453857,
        0.8712641000747681,
        0.26309144496917725,
        0.6951934695243835,
        0.24065512418746948,
        0.6468986868858337,
        0.9916834831237793,
        0.48901182413101196,
        0.9576420187950134,
        0.37698888778686523,
        0.43671518564224243,
        0.4306684732437134,
        0.0757017731666565,
        0.481201171875,
        0.0602380633354187,
        0.2210625410079956,
        0.7749657034873962,
        0.2686224579811096,
        0.556333601474762,
        0.9641731381416321,
        0.4533901810646057,
        0.0315631628036499,
        0.11843627691268921,
        0.7508129477500916,
        0.548175036907196,
        0.7955595254898071,
        0.6138532757759094,
        0.8895101547241211,
        0.3217363953590393,
        0.3754788637161255,
        0.7822219729423523,
        0.8179430961608887,
        0.3344390392303467,
        0.4486016035079956,
        0.588270902633667,
        0.11405092477798462,
        0.3166806697845459,
        0.41570937633514404,
        0.24855130910873413,
        0.19981712102890015
    ],
    "y_values": [
        0.7880737781524658,
        0.014924049377441406,
        0.40232568979263306,
        0.8514745235443115,
        0.16041284799575806,
        0.24264788627624512,
        0.5292074680328369,
        0.029365897178649902,
        0.0749550461769104,
        0.02169245481491089,
        0.6551094055175781,
        0.6083518266677856,
        0.459262490272522,
        0.31018805503845215,
        0.6451033353805542,
        0.6825575232505798,
        0.6367552876472473,
        0.020774781703948975,
        0.3045428991317749,
        0.9623780846595764,
        0.5098639726638794,
        0.6465291380882263,
        0.024588048458099365,
        0.5009801387786865,
        0.11085033416748047,
        0.779654324054718,
        0.7591827511787415,
        0.8028175234794617,
        0.9557721614837646,
        0.21304112672805786,
        0.4219537377357483,
        0.9160218238830566,
        0.08581149578094482,
        0.21015745401382446,
        0.8139489889144897,
        0.06952148675918579,
        0.8935288786888123,
        0.1572740077972412,
        0.1457127332687378,
        0.7482438087463379
    ]
}