{
    "format": 8,
    "name": "n40k7_48",
    "n": 40,
    "k": 7,
    "capacity": 6,
    "optimal_solution": 5.6604156494140625,
    "x_values": [
        0.6741921305656433,
        0.3522515296936035,
        0.09826827049255371,
        0.21822553873062134,
        0.7161068320274353,
        0.922744631767273,
        0.7064676880836487,
        0.02804875373840332,
        0.20628583431243896,
        0.9983797073364258,
        0.5293594598770142,
        0.9287627339363098,
        0.9389175772666931,
        0.4148378372192383,
        0.1298784613609314,
        0.6130610108375549,
        0.14448100328445435,
        0.7210291624069214,
        0.7277640700340271,
        0.3318723440170288,
        0.33967268466949463,
        0.3070656657218933,
        0.6553277969360352,
        0.16587436199188232,
        0.5055112242698669,
        0.8095331788063049,
        0.717300534248352,
        0.5585799813270569,
        0.8983976244926453,
        0.9983915090560913,
        0.3128276467323303,
        0.4116958975791931,
        0.9522258639335632,
        0.0643356442451477,
        0.3607320189476013,
        0.41079843044281006,
        0.21466171741485596,
        0.566369891166687,
        0.24620962142944336,
        0.1368328332901001
    ],
    "y_values": [
        0.40730875730514526,
        0.26882272958755493,
        0.08909833431243896,
        0.9480847120285034,
        0.4796978235244751,
        0.6858928203582764,
        0.6529481410980225,
        0.39390116930007935,
        0.26696836948394775,
        0.10980045795440674,
        0.6059574484825134,
        0.3111751675605774,
        0.17615371942520142,
        0.8191059231758118,
        0.17006897926330566,
        0.8843246698379517,
        0.828903079032898,
        0.9285523891448975,
        0.1929837465286255,
        0.7116279006004333,
        0.6368010640144348,
        0.33468496799468994,
        0.9640917181968689,
        0.09037905931472778,
        0.23329925537109375,
        0.39273375272750854,
        0.5736043453216553,
        0.6435796618461609,
        0.49494755268096924,
        0.47066229581832886,
        0.7873894572257996,
        0.7923644185066223,
        0.0036803483963012695,
        0.7485355734825134,
        0.702850341796875,
        0.3038399815559387,
        0.2933560609817505,
        0.8436907529830933,
        0.6268202066421509,
        0.9683893322944641
    ]
}