{
    "format": 8,
    "name": "n40k7_45",
    "n": 40,
    "k": 7,
    "capacity": 6,
    "optimal_solution": 5.944125175476074,
    "x_values": [
        0.8127396106719971,
        0.2998610734939575,
        0.9442530870437622,
        0.7987291216850281,
        0.3658176064491272,
        0.5251767635345459,
        0.7368886470794678,
        0.6372537016868591,
        0.046835899353027344,
        0.14209675788879395,
        0.7253838777542114,
        0.964918315410614,
        0.041303277015686035,
        0.669905424118042,
        0.27724385261535645,
        0.6326733231544495,
        0.2753244638442993,
        0.007580220699310303,
        0.2894941568374634,
        0.16750049591064453,
        0.8971058130264282,
        0.8139513731002808,
        0.9838595986366272,
        0.663336992263794,
        0.5993868112564087,
        0.3199205994606018,
        0.9570513963699341,
        0.5879973769187927,
        0.7233926653862,
        0.6651188135147095,
        0.2616131901741028,
        0.8757264614105225,
        0.8875624537467957,
        0.5541868805885315,
        0.6790460348129272,
        0.6355779767036438,
        0.5416132807731628,
        0.9182959198951721,
        0.4532510042190552,
        0.07848066091537476
    ],
    "y_values": [
        0.17884492874145508,
        0.2539476156234741,
        0.8587248921394348,
        0.7988359332084656,
        0.5135562419891357,
        0.7325938940048218,
        0.6440210342407227,
        0.9833164215087891,
        0.37731772661209106,
        0.6376558542251587,
        0.5832698941230774,
        0.3920430541038513,
        0.08051317930221558,
        0.7258614897727966,
        0.6618281602859497,
        0.5333473086357117,
        0.2400503158569336,
        0.2462814450263977,
        0.2646304965019226,
        0.6707765460014343,
        0.37824660539627075,
        0.5801753401756287,
        0.9717575311660767,
        0.8373150825500488,
        0.4057060480117798,
        0.02360820770263672,
        0.15269112586975098,
        0.7061148285865784,
        0.3110760450363159,
        0.20178937911987305,
        0.5351515412330627,
        0.0862695574760437,
        0.2393512725830078,
        0.5453571677207947,
        0.3644469976425171,
        0.8013496398925781,
        0.15609288215637207,
        0.6645809412002563,
        0.07838451862335205,
        0.6827532649040222
    ]
}