{
    "format": 2,
    "name": "n90k10_72",
    "n": 90,
    "k": 10,
    "optimal_solution": 11.049261093139648,
    "x_values": [
        0.9592288136482239,
        0.4547656774520874,
        0.45025891065597534,
        0.34684252738952637,
        0.6860067248344421,
        0.43194931745529175,
        0.6659941673278809,
        0.6931483745574951,
        0.47650593519210815,
        0.6304277181625366,
        0.3507065773010254,
        0.941493809223175,
        0.7373449206352234,
        0.4356536865234375,
        0.9760429859161377,
        0.7475765347480774,
        0.7904585003852844,
        0.7589384913444519,
        0.015413761138916016,
        0.5132443904876709,
        0.8499340415000916,
        0.4066420793533325,
        0.2068495750427246,
        0.5652209520339966,
        0.5200232267379761,
        0.4530131220817566,
        0.779067873954773,
        0.7940552234649658,
        0.31422168016433716,
        0.6945019960403442,
        0.3067101240158081,
        0.7451348900794983,
        0.5538769960403442,
        0.75911945104599,
        0.4761517643928528,
        0.8944038152694702,
        0.6056085824966431,
        0.685730516910553,
        0.8072687983512878,
        0.21829664707183838,
        0.6127644181251526,
        0.9696146845817566,
        0.15726351737976074,
        0.09615647792816162,
        0.39539510011672974,
        0.11760920286178589,
        0.10950124263763428,
        0.44067442417144775,
        0.17737847566604614,
        0.04015171527862549,
        0.6266555190086365,
        0.15415465831756592,
        0.7662926316261292,
        0.7021030187606812,
        0.10139960050582886,
        0.31161314249038696,
        0.19274353981018066,
        0.748363196849823,
        0.8906993865966797,
        0.3170889616012573,
        0.7498564720153809,
        0.9943504929542542,
        0.9508584141731262,
        0.13875746726989746,
        0.9905334711074829,
        0.803798496723175,
        0.7980747818946838,
        0.2608301043510437,
        0.13629472255706787,
        0.2725892663002014,
        0.05895793437957764,
        0.19163048267364502,
        0.5468623042106628,
        0.29102617502212524,
        0.5970429182052612,
        0.5251531600952148,
        0.8119354844093323,
        0.6057711243629456,
        0.6907277703285217,
        0.3465360403060913,
        0.265375554561615,
        0.07931393384933472,
        0.9776422381401062,
        0.39698177576065063,
        0.1508539319038391,
        0.07429331541061401,
        0.2978672385215759,
        0.4878317713737488,
        0.5952176451683044,
        0.886025607585907
    ],
    "y_values": [
        0.8858465552330017,
        0.5232309699058533,
        0.637475311756134,
        0.22058045864105225,
        0.919264554977417,
        0.2662004828453064,
        0.425168514251709,
        0.03710472583770752,
        0.24867910146713257,
        0.4328474998474121,
        0.380440354347229,
        0.7521318197250366,
        0.4659966826438904,
        0.019602417945861816,
        0.09028828144073486,
        0.5614747405052185,
        0.9369080662727356,
        0.8455232381820679,
        0.24819457530975342,
        0.14291846752166748,
        0.13088500499725342,
        0.8744280338287354,
        0.7712027430534363,
        0.33987098932266235,
        0.40011709928512573,
        0.8627057075500488,
        0.2811558246612549,
        0.5462132692337036,
        0.10622680187225342,
        0.5078594088554382,
        0.7909420132637024,
        0.42573297023773193,
        0.05767011642456055,
        0.13913363218307495,
        0.8483673930168152,
        0.954545795917511,
        0.4123327136039734,
        0.7714152336120605,
        0.2533666491508484,
        0.12998396158218384,
        0.36179810762405396,
        0.6310813426971436,
        0.30419498682022095,
        0.21236222982406616,
        0.34944236278533936,
        0.221973717212677,
        0.6492450833320618,
        0.8258147835731506,
        0.5272548794746399,
        0.5383850336074829,
        0.25292110443115234,
        0.2764488458633423,
        0.8276153206825256,
        0.8882678747177124,
        0.8586030006408691,
        0.6930025815963745,
        0.6908282041549683,
        0.06357169151306152,
        0.0012899041175842285,
        0.20183151960372925,
        0.28907573223114014,
        0.03887796401977539,
        0.8494678139686584,
        0.6804026365280151,
        0.16713887453079224,
        0.4218885898590088,
        0.7973647713661194,
        0.6870221495628357,
        0.6436170339584351,
        0.16092449426651,
        0.5010833740234375,
        0.7730785012245178,
        0.3225976228713989,
        0.2324995994567871,
        0.29605263471603394,
        0.4474470019340515,
        0.6316755414009094,
        0.07627177238464355,
        0.6297869086265564,
        0.36880069971084595,
        0.7157778739929199,
        0.8741306662559509,
        0.3929104208946228,
        0.18785715103149414,
        0.1431351900100708,
        0.6355458498001099,
        0.7234653830528259,
        0.6592575311660767,
        0.11589586734771729,
        0.7375187873840332
    ]
}