{
    "format": 8,
    "name": "n50k9_25",
    "n": 50,
    "k": 9,
    "capacity": 6,
    "optimal_solution": 6.285361289978027,
    "x_values": [
        0.829766571521759,
        0.90841144323349,
        0.925811231136322,
        0.4233418107032776,
        0.9884921312332153,
        0.788145124912262,
        0.5015665292739868,
        0.675075352191925,
        0.21530687808990479,
        0.16001641750335693,
        0.16683173179626465,
        0.6624795794487,
        0.36922717094421387,
        0.5273764729499817,
        0.4721931219100952,
        0.5207556486129761,
        0.7935643196105957,
        0.4874997138977051,
        0.9281379580497742,
        0.5316364765167236,
        0.807043194770813,
        0.8251346349716187,
        0.22105562686920166,
        0.03410673141479492,
        0.8696904182434082,
        0.4003777503967285,
        0.9020879864692688,
        0.03256267309188843,
        0.46124058961868286,
        0.24367576837539673,
        0.05096155405044556,
        0.6483451724052429,
        0.1489928960800171,
        0.4079515337944031,
        0.09862589836120605,
        0.6558902263641357,
        0.8447285294532776,
        0.30356287956237793,
        0.4151124358177185,
        0.17163550853729248,
        0.9176698923110962,
        0.6066979169845581,
        0.5514570474624634,
        0.3747667670249939,
        0.33727848529815674,
        0.39528512954711914,
        0.6867012977600098,
        0.7534035444259644,
        0.058529675006866455,
        0.4431877136230469
    ],
    "y_values": [
        0.1309075951576233,
        0.09148454666137695,
        0.46592116355895996,
        0.43297868967056274,
        0.4730573892593384,
        0.7578445672988892,
        0.341460645198822,
        0.2902868390083313,
        0.32827550172805786,
        0.662472665309906,
        0.6159531474113464,
        0.447356641292572,
        0.2841613292694092,
        0.02997690439224243,
        0.19939714670181274,
        0.869120717048645,
        0.562711238861084,
        0.036747872829437256,
        0.10760748386383057,
        0.7859083414077759,
        0.4417867064476013,
        0.39369678497314453,
        0.4415168762207031,
        0.6867594718933105,
        0.940194845199585,
        0.3206862211227417,
        0.8389167189598083,
        0.6917101740837097,
        0.4420366883277893,
        0.476462721824646,
        0.9853554964065552,
        0.6375653743743896,
        0.7393481731414795,
        0.5930721163749695,
        0.10602152347564697,
        0.7757930159568787,
        0.25545066595077515,
        0.5715231895446777,
        0.5826907753944397,
        0.5636983513832092,
        0.1541588306427002,
        0.2956973910331726,
        0.7401169538497925,
        0.13194775581359863,
        0.6242300271987915,
        0.7176554799079895,
        0.3824412226676941,
        0.00783473253250122,
        0.8159689903259277,
        0.26342344284057617
    ]
}