{
    "format": 5,
    "name": "n40k2_28",
    "n": 40,
    "k": 2,
    "optimal_solution": 0.6799706220626831,
    "x_values": [
        0.07189232110977173,
        0.4776303768157959,
        0.8245145678520203,
        0.8387594223022461,
        0.7360014319419861,
        0.9330741763114929,
        0.6940838098526001,
        0.18541055917739868,
        0.8611148595809937,
        0.35548752546310425,
        0.9766544699668884,
        0.6403451561927795,
        0.5530456900596619,
        0.7030958533287048,
        0.05800426006317139,
        0.8060898780822754,
        0.904563844203949,
        0.219432532787323,
        0.5165534019470215,
        0.9425802826881409,
        0.5416761636734009,
        0.4408199191093445,
        0.9788722991943359,
        0.27622389793395996,
        0.13956284523010254,
        0.23287808895111084,
        0.7552803158760071,
        0.5757668018341064,
        0.573212206363678,
        0.12069463729858398,
        0.3799586296081543,
        0.5044788122177124,
        0.8157889246940613,
        0.6224486827850342,
        0.38042306900024414,
        0.3100985288619995,
        0.481556236743927,
        0.31161385774612427,
        0.8148170113563538,
        0.3402624726295471
    ],
    "y_values": [
        0.6112197637557983,
        0.4408872723579407,
        0.23384344577789307,
        0.6677159070968628,
        0.47578418254852295,
        0.25957685708999634,
        0.01762855052947998,
        0.3109671473503113,
        0.08239156007766724,
        0.6214181184768677,
        0.849116325378418,
        0.034821927547454834,
        0.7986634373664856,
        0.39508992433547974,
        0.0608445405960083,
        0.8858575820922852,
        0.9564476013183594,
        0.9604461193084717,
        0.8371613025665283,
        0.499813973903656,
        0.5244771242141724,
        0.1601213812828064,
        0.8322508335113525,
        0.27243226766586304,
        0.25744450092315674,
        0.7396571636199951,
        0.338750422000885,
        0.7873159050941467,
        0.9468810558319092,
        0.16758185625076294,
        0.010225415229797363,
        0.7687784433364868,
        0.706255316734314,
        0.2725954055786133,
        0.48807722330093384,
        0.5411643981933594,
        0.021730661392211914,
        0.299308717250824,
        0.8623269200325012,
        0.5141041278839111
    ]
}