{
    "format": 8,
    "name": "n40k2_71",
    "n": 40,
    "k": 2,
    "capacity": 20,
    "optimal_solution": 12.895217895507812,
    "x_values": [
        0.7395459413528442,
        0.7117254734039307,
        0.18089228868484497,
        0.09668225049972534,
        0.9730252027511597,
        0.9247603416442871,
        0.8686496615409851,
        0.9061217308044434,
        0.7794921398162842,
        0.4713854193687439,
        0.013422250747680664,
        0.6900832056999207,
        0.5826935172080994,
        0.17413020133972168,
        0.13731569051742554,
        0.5302332043647766,
        0.8908212184906006,
        0.7964742183685303,
        0.4618375301361084,
        0.8051824569702148,
        0.1329423189163208,
        0.5527953505516052,
        0.09391027688980103,
        0.9905584454536438,
        0.9343460202217102,
        0.8530197143554688,
        0.31414759159088135,
        0.8191762566566467,
        0.42186349630355835,
        0.20918798446655273,
        0.3342612385749817,
        0.6032390594482422,
        0.26083260774612427,
        0.2343205213546753,
        0.8144623041152954,
        0.3828458786010742,
        0.8712059855461121,
        0.5166053175926208,
        0.014824271202087402,
        0.12758493423461914
    ],
    "y_values": [
        0.5472859144210815,
        0.7957456111907959,
        0.714145839214325,
        0.2275192141532898,
        0.8272664546966553,
        0.9422410130500793,
        0.09896594285964966,
        0.5395737290382385,
        0.6157901287078857,
        0.6447253823280334,
        0.5131940841674805,
        0.33650851249694824,
        0.8279942870140076,
        0.5375999808311462,
        0.9077686667442322,
        0.8848090171813965,
        0.6350716948509216,
        0.31464117765426636,
        0.5176051259040833,
        0.2809213399887085,
        0.8851602673530579,
        0.7412607073783875,
        0.06781786680221558,
        0.6735864281654358,
        0.48530858755111694,
        0.7958858609199524,
        0.5446720123291016,
        0.44155800342559814,
        0.2716517448425293,
        0.8291177153587341,
        0.6544849276542664,
        0.3371710181236267,
        0.43191659450531006,
        0.9205849766731262,
        0.6228351593017578,
        0.6109879016876221,
        0.007048070430755615,
        0.7702385783195496,
        0.9152336120605469,
        0.6094258427619934
    ]
}