{
    "format": 8,
    "name": "n40k2_20",
    "n": 40,
    "k": 2,
    "capacity": 20,
    "optimal_solution": 14.052321434020996,
    "x_values": [
        0.919503927230835,
        0.44026488065719604,
        0.19793975353240967,
        0.46160435676574707,
        0.7015805840492249,
        0.5904015302658081,
        0.6509527564048767,
        0.16593867540359497,
        0.3384096026420593,
        0.12564319372177124,
        0.6334530711174011,
        0.6842386722564697,
        0.1834125518798828,
        0.06540602445602417,
        0.015389084815979004,
        0.29522567987442017,
        0.40793317556381226,
        0.7882007956504822,
        0.5712102055549622,
        0.8495344519615173,
        0.45570439100265503,
        0.5405883193016052,
        0.5190526843070984,
        0.3443886637687683,
        0.8302320241928101,
        0.260972797870636,
        0.25646525621414185,
        0.42507266998291016,
        0.053844153881073,
        0.6708264350891113,
        0.9445108771324158,
        0.8435154557228088,
        0.6282581090927124,
        0.07295924425125122,
        0.022275805473327637,
        0.3993874192237854,
        0.951479971408844,
        0.5627678036689758,
        0.7301556468009949,
        0.12673211097717285
    ],
    "y_values": [
        0.2422524094581604,
        0.6038505434989929,
        0.7620854377746582,
        0.6815338730812073,
        0.9976892471313477,
        0.5506527423858643,
        0.041508376598358154,
        0.40448182821273804,
        0.4778059124946594,
        0.17660725116729736,
        0.9037264585494995,
        0.22161412239074707,
        0.43053048849105835,
        0.8073655366897583,
        0.03958785533905029,
        0.9959309101104736,
        0.8339951634407043,
        0.2064417004585266,
        0.8754924535751343,
        0.37156111001968384,
        0.8270176649093628,
        0.15281891822814941,
        0.16842496395111084,
        0.6537298560142517,
        0.40390831232070923,
        0.09051311016082764,
        0.24994802474975586,
        0.8679608106613159,
        0.6571197509765625,
        0.2849857807159424,
        0.787156879901886,
        0.26631778478622437,
        0.7992975115776062,
        0.4776129126548767,
        0.6430559158325195,
        0.4356873631477356,
        0.3725820779800415,
        0.987389087677002,
        0.7930873036384583,
        0.5892942547798157
    ]
}