{
    "format": 8,
    "name": "n40k2_68",
    "n": 40,
    "k": 2,
    "capacity": 20,
    "optimal_solution": 14.799211502075195,
    "x_values": [
        0.5625280141830444,
        0.20298820734024048,
        0.5985584855079651,
        0.514147162437439,
        0.041195690631866455,
        0.0644834041595459,
        0.3521902561187744,
        0.16012096405029297,
        0.5755510330200195,
        0.43595218658447266,
        0.015162289142608643,
        0.26244306564331055,
        0.31615740060806274,
        0.740279495716095,
        0.5962037444114685,
        0.6080321669578552,
        0.8792969584465027,
        0.3900696039199829,
        0.8726192712783813,
        0.3588016629219055,
        0.43173283338546753,
        0.05092144012451172,
        0.3149932622909546,
        0.022278785705566406,
        0.07173174619674683,
        0.7475895881652832,
        0.3933095932006836,
        0.7112190127372742,
        0.7851311564445496,
        0.3857765793800354,
        0.10702842473983765,
        0.7124899625778198,
        0.8878576755523682,
        0.9149631261825562,
        0.3822517395019531,
        0.10553312301635742,
        0.14912474155426025,
        0.3907763361930847,
        0.7617795467376709,
        0.9160677194595337
    ],
    "y_values": [
        0.28206866979599,
        0.3849637508392334,
        0.833376944065094,
        0.5102069973945618,
        0.992972195148468,
        0.31227928400039673,
        0.12095135450363159,
        0.5298327803611755,
        0.5917220115661621,
        0.8349677920341492,
        0.09490698575973511,
        0.6664509177207947,
        0.5614668130874634,
        0.3910858631134033,
        0.10431820154190063,
        0.7995092868804932,
        0.984248161315918,
        0.647163987159729,
        0.017517268657684326,
        0.46263664960861206,
        0.7230506539344788,
        0.2214680314064026,
        0.10249286890029907,
        0.5504809021949768,
        0.6956184506416321,
        0.03659588098526001,
        0.966280460357666,
        0.34331947565078735,
        0.9401265978813171,
        0.5861751437187195,
        0.055323779582977295,
        0.7287487983703613,
        0.4765278100967407,
        0.18325603008270264,
        0.12410932779312134,
        0.6436669826507568,
        0.4655013084411621,
        0.3983914256095886,
        0.1863839030265808,
        0.5171701908111572
    ]
}