{
    "format": 2,
    "name": "n20k8_83",
    "n": 20,
    "k": 8,
    "optimal_solution": 1.3723722696304321,
    "x_values": [
        0.854896605014801,
        0.18799185752868652,
        0.619737446308136,
        0.7214469313621521,
        0.8378772139549255,
        0.9622609615325928,
        0.3869662284851074,
        0.45293939113616943,
        0.8623769283294678,
        0.42761343717575073,
        0.6145040988922119,
        0.766075611114502,
        0.5829451680183411,
        0.6429434418678284,
        0.06664258241653442,
        0.38802671432495117,
        0.1715293526649475,
        0.8236421346664429,
        0.4850918650627136,
        0.20467334985733032
    ],
    "y_values": [
        0.5488930344581604,
        0.9067493081092834,
        0.15787345170974731,
        0.01719111204147339,
        0.023608922958374023,
        0.2871512770652771,
        0.7747452855110168,
        0.737463116645813,
        0.3985103964805603,
        0.5523486733436584,
        0.6396202445030212,
        0.31030094623565674,
        0.19877278804779053,
        0.04119771718978882,
        0.8580743074417114,
        0.6735068559646606,
        0.8963818550109863,
        0.44264042377471924,
        0.1707233190536499,
        0.7684151530265808
    ]
}