{
    "format": 5,
    "name": "n100k7_47",
    "n": 100,
    "k": 7,
    "optimal_solution": 0.29935669898986816,
    "x_values": [
        0.47789180278778076,
        0.5071412324905396,
        0.5337104797363281,
        0.5945819020271301,
        0.31209897994995117,
        0.2829868793487549,
        0.2945883870124817,
        0.10428917407989502,
        0.4855045676231384,
        0.3456372022628784,
        0.7058746218681335,
        0.779412031173706,
        0.16609525680541992,
        0.6727156043052673,
        0.37567049264907837,
        0.5577596426010132,
        0.09097951650619507,
        0.17406177520751953,
        0.4939115047454834,
        0.29762589931488037,
        0.35627108812332153,
        0.3346223831176758,
        0.15791386365890503,
        0.18208706378936768,
        0.2502018213272095,
        0.7818491458892822,
        0.48875492811203003,
        0.3487875461578369,
        0.10639196634292603,
        0.2838671803474426,
        0.41612160205841064,
        0.688453733921051,
        0.2921563386917114,
        0.3610747456550598,
        0.3151446580886841,
        0.04184103012084961,
        0.8384951949119568,
        0.3805631399154663,
        0.20452314615249634,
        0.025468647480010986,
        0.701938807964325,
        0.8493581414222717,
        0.0413249135017395,
        0.37205398082733154,
        0.30061042308807373,
        0.5911411643028259,
        0.32649314403533936,
        0.917164146900177,
        0.4634324908256531,
        0.6682276725769043,
        0.8308812379837036,
        0.39333027601242065,
        0.9142037630081177,
        0.6901804208755493,
        0.44779717922210693,
        0.7449742555618286,
        0.9914216995239258,
        0.20638084411621094,
        0.5521078705787659,
        0.10078740119934082,
        0.07755798101425171,
        0.20119142532348633,
        0.5599155426025391,
        0.743712842464447,
        0.09202426671981812,
        0.8614190220832825,
        0.9634436368942261,
        0.908764123916626,
        0.5887170433998108,
        0.7186581492424011,
        0.6404531598091125,
        0.6001283526420593,
        0.7770940661430359,
        0.8528086543083191,
        0.08046257495880127,
        0.6219863891601562,
        0.7104436755180359,
        0.3166065216064453,
        0.40595752000808716,
        0.3092934489250183,
        0.8037988543510437,
        0.12130236625671387,
        0.5664395093917847,
        0.242839515209198,
        0.05756419897079468,
        0.631149411201477,
        0.25606250762939453,
        0.28109210729599,
        0.8345217108726501,
        0.29150140285491943,
        0.8923136591911316,
        0.7884418964385986,
        0.2943184971809387,
        0.09770786762237549,
        0.10600227117538452,
        0.8129404783248901,
        0.5574566721916199,
        0.9847372770309448,
        0.018740475177764893,
        0.7039633393287659
    ],
    "y_values": [
        0.8086369633674622,
        0.5424572229385376,
        0.26013344526290894,
        0.3277704119682312,
        0.6430230736732483,
        0.16932064294815063,
        0.34297889471054077,
        0.6290513873100281,
        0.06475454568862915,
        0.881985604763031,
        0.5809909701347351,
        0.44779646396636963,
        0.7587954998016357,
        0.326798677444458,
        0.25265568494796753,
        0.08340376615524292,
        0.12799137830734253,
        0.4885826110839844,
        0.6877167224884033,
        0.3811107873916626,
        0.7434952259063721,
        0.429368257522583,
        0.9553372263908386,
        0.869149923324585,
        0.01126176118850708,
        0.3932240605354309,
        0.9035256505012512,
        0.8271756768226624,
        0.29017412662506104,
        0.07172161340713501,
        0.6035320162773132,
        0.8357001543045044,
        0.37815994024276733,
        0.5833612084388733,
        0.3042718172073364,
        0.3672938942909241,
        0.47357773780822754,
        0.8636467456817627,
        0.041112422943115234,
        0.44199681282043457,
        0.05476522445678711,
        0.7659802436828613,
        0.10752540826797485,
        0.8103929758071899,
        0.9127566814422607,
        0.6310859322547913,
        0.7953625321388245,
        0.6192084550857544,
        0.5170421004295349,
        0.7443919777870178,
        0.7226676344871521,
        0.9205480217933655,
        0.274489164352417,
        0.405572772026062,
        0.8777274489402771,
        0.5526787042617798,
        0.9360237717628479,
        0.23716026544570923,
        0.199457049369812,
        0.7282602787017822,
        0.41456079483032227,
        0.8546271920204163,
        0.9758400917053223,
        0.13194555044174194,
        0.9389106631278992,
        0.31598961353302,
        0.6782968044281006,
        0.44808268547058105,
        0.36424338817596436,
        0.871991753578186,
        0.52768874168396,
        0.1861628293991089,
        0.4476775527000427,
        0.8670185208320618,
        0.8617891073226929,
        0.4834517240524292,
        0.683562695980072,
        0.8629360795021057,
        0.06706488132476807,
        0.8343527913093567,
        0.5600849986076355,
        0.9176135659217834,
        0.040560364723205566,
        0.5054853558540344,
        0.449546754360199,
        0.5371726751327515,
        0.39389050006866455,
        0.2024962306022644,
        0.21919167041778564,
        0.7018355131149292,
        0.7760962247848511,
        0.3948470950126648,
        0.003806591033935547,
        0.35640770196914673,
        0.5193243026733398,
        0.6860986351966858,
        0.8876705169677734,
        0.5339887142181396,
        0.58915776014328,
        0.32581472396850586
    ]
}