{
    "format": 2,
    "name": "n40k8_41",
    "n": 40,
    "k": 8,
    "optimal_solution": 5.308558464050293,
    "x_values": [
        0.72649085521698,
        0.12992364168167114,
        0.34090739488601685,
        0.35080552101135254,
        0.002699911594390869,
        0.24211061000823975,
        0.6802975535392761,
        0.41587430238723755,
        0.5105882287025452,
        0.404441237449646,
        0.5334303975105286,
        0.8467836976051331,
        0.998458981513977,
        0.8378056883811951,
        0.0975835919380188,
        0.6573042273521423,
        0.8209508061408997,
        0.04368305206298828,
        0.23365914821624756,
        0.3922129273414612,
        0.664332926273346,
        0.47435760498046875,
        0.4870816469192505,
        0.5477891564369202,
        0.8291342854499817,
        0.7220473885536194,
        0.4284402132034302,
        0.598952054977417,
        0.39536064863204956,
        0.8966382741928101,
        0.05419480800628662,
        0.710085391998291,
        0.632367730140686,
        0.6165608167648315,
        0.5266452431678772,
        0.9097243547439575,
        0.31208741664886475,
        0.18443745374679565,
        0.07750296592712402,
        0.7615708708763123
    ],
    "y_values": [
        0.47936439514160156,
        0.1794753074645996,
        0.3058195114135742,
        0.2063724398612976,
        0.15828937292099,
        0.3635052442550659,
        0.002710998058319092,
        0.318120539188385,
        0.09378635883331299,
        0.904646635055542,
        0.6886593699455261,
        0.5983778238296509,
        0.5814456939697266,
        0.7428869605064392,
        0.734917402267456,
        0.7898921966552734,
        0.6681958436965942,
        0.3136810064315796,
        0.5653548240661621,
        0.9120767116546631,
        0.603687584400177,
        0.10996425151824951,
        0.43981051445007324,
        0.8050128817558289,
        0.8664564490318298,
        0.34134018421173096,
        0.5314624905586243,
        0.7208386063575745,
        0.4249570965766907,
        0.13112568855285645,
        0.575505793094635,
        0.6144349575042725,
        0.2392582893371582,
        0.21664804220199585,
        0.3956436514854431,
        0.06496924161911011,
        0.1629992127418518,
        0.7337465882301331,
        0.3446505069732666,
        0.6703001856803894
    ]
}