{
    "format": 2,
    "name": "n40k8_19",
    "n": 40,
    "k": 8,
    "optimal_solution": 4.9393792152404785,
    "x_values": [
        0.8253153562545776,
        0.1850963830947876,
        0.3498966097831726,
        0.9906934499740601,
        0.38070541620254517,
        0.7047984600067139,
        0.5692443251609802,
        0.8357115387916565,
        0.9369196891784668,
        0.25137436389923096,
        0.2586224675178528,
        0.12253063917160034,
        0.9790121912956238,
        0.45200657844543457,
        0.9302385449409485,
        0.2852640151977539,
        0.3614310026168823,
        0.16722816228866577,
        0.9683029055595398,
        0.8534712791442871,
        0.6656043529510498,
        0.34548354148864746,
        0.8283948302268982,
        0.575607419013977,
        0.6233525276184082,
        0.6041567921638489,
        0.11820834875106812,
        0.8253911137580872,
        0.3502855896949768,
        0.7851759791374207,
        0.2632780075073242,
        0.9788241982460022,
        0.958048403263092,
        0.9653031229972839,
        0.7567522525787354,
        0.7440650463104248,
        0.9775364995002747,
        0.04215162992477417,
        0.9252226948738098,
        0.40145212411880493
    ],
    "y_values": [
        0.7484846115112305,
        0.9590081572532654,
        0.7203612327575684,
        0.6873982548713684,
        0.1634770631790161,
        0.35469794273376465,
        0.7592195868492126,
        0.5755323171615601,
        0.058162152767181396,
        0.28463202714920044,
        0.9323433637619019,
        0.9428248405456543,
        0.3878409266471863,
        0.26302146911621094,
        0.4936532974243164,
        0.24342328310012817,
        0.5649100542068481,
        0.3502711057662964,
        0.7256198525428772,
        0.9210280179977417,
        0.8849872350692749,
        0.3709961771965027,
        0.26284515857696533,
        0.24958676099777222,
        0.6905249953269958,
        0.5557581186294556,
        0.08224183320999146,
        0.23973184823989868,
        0.6499432921409607,
        0.6633239388465881,
        0.15412282943725586,
        0.723800778388977,
        0.015148758888244629,
        0.8520925641059875,
        0.34198588132858276,
        0.10515910387039185,
        0.6584279537200928,
        0.253398060798645,
        0.42213279008865356,
        0.13563507795333862
    ]
}