{
    "format": 2,
    "name": "n60k5_32",
    "n": 60,
    "k": 5,
    "optimal_solution": 11.509584426879883,
    "x_values": [
        0.0648047924041748,
        0.455949604511261,
        0.14696896076202393,
        0.33150309324264526,
        0.005002140998840332,
        0.32895928621292114,
        0.2961963415145874,
        0.9149501919746399,
        0.43125778436660767,
        0.6275781989097595,
        0.7413412928581238,
        0.4572312831878662,
        0.0905463695526123,
        0.45131915807724,
        0.2886754870414734,
        0.15663868188858032,
        0.49196916818618774,
        0.8422942757606506,
        0.9239632487297058,
        0.8749687671661377,
        0.27313780784606934,
        0.38634610176086426,
        0.11543947458267212,
        0.17126411199569702,
        0.29667747020721436,
        0.8272966146469116,
        0.2565019726753235,
        0.7471539378166199,
        0.15673357248306274,
        0.8698369264602661,
        0.4579901099205017,
        0.628121018409729,
        0.4522995948791504,
        0.6191980838775635,
        0.06233590841293335,
        0.8029121160507202,
        0.6235197186470032,
        0.8229554295539856,
        0.46328210830688477,
        0.5847940444946289,
        0.40716880559921265,
        0.4842901825904846,
        0.4791240692138672,
        0.6008107662200928,
        0.16386985778808594,
        0.07467710971832275,
        0.046569108963012695,
        0.8986291885375977,
        0.3875531554222107,
        0.6630479693412781,
        0.2168753743171692,
        0.1575073003768921,
        0.6452711820602417,
        0.8254724144935608,
        0.2695085406303406,
        0.5530091524124146,
        0.4469345211982727,
        0.8871080279350281,
        0.047448039054870605,
        0.6117636561393738
    ],
    "y_values": [
        0.9716387391090393,
        0.9017465114593506,
        0.9371755123138428,
        0.5793591141700745,
        0.9645514488220215,
        0.397102415561676,
        0.09927892684936523,
        0.13354593515396118,
        0.37853240966796875,
        0.0893247127532959,
        0.7966058850288391,
        0.30942869186401367,
        0.22381150722503662,
        0.928165853023529,
        0.9678569436073303,
        0.73622727394104,
        0.929771900177002,
        0.09096360206604004,
        0.8177319765090942,
        0.7022843360900879,
        0.3686705231666565,
        0.31161588430404663,
        0.014472901821136475,
        0.3627777695655823,
        0.8582549095153809,
        0.8373603820800781,
        0.398526132106781,
        0.2133471965789795,
        0.9116575717926025,
        0.4458159804344177,
        0.14223730564117432,
        0.9987797737121582,
        0.3134140372276306,
        0.5645105242729187,
        0.5747197866439819,
        0.2373284101486206,
        0.06865310668945312,
        0.09118455648422241,
        0.0395205020904541,
        0.9197050929069519,
        0.6375661492347717,
        0.7104410529136658,
        0.11649566888809204,
        0.7273994088172913,
        0.8153148293495178,
        0.06286603212356567,
        0.16460376977920532,
        0.057645201683044434,
        0.5926782488822937,
        0.37434887886047363,
        0.5106919407844543,
        0.90583336353302,
        0.7010485529899597,
        0.8031226396560669,
        0.13949167728424072,
        0.6008691787719727,
        0.782181441783905,
        0.18837815523147583,
        0.12933677434921265,
        0.29711830615997314
    ]
}