{
    "format": 2,
    "name": "n60k5_45",
    "n": 60,
    "k": 5,
    "optimal_solution": 12.023427963256836,
    "x_values": [
        0.6618428826332092,
        0.6074959635734558,
        0.9547215104103088,
        0.3160138726234436,
        0.7530352473258972,
        0.21162396669387817,
        0.2530584931373596,
        0.24544310569763184,
        0.00042873620986938477,
        0.17172712087631226,
        0.23767173290252686,
        0.9178512096405029,
        0.7206327319145203,
        0.03185766935348511,
        0.3509800434112549,
        0.33352434635162354,
        0.20504975318908691,
        0.13829535245895386,
        0.686198890209198,
        0.8399868011474609,
        0.996438205242157,
        0.1675114631652832,
        0.058130860328674316,
        0.5737190842628479,
        0.6076417565345764,
        0.06406313180923462,
        0.47275346517562866,
        0.5550235509872437,
        0.7139102816581726,
        0.7100090980529785,
        0.32451194524765015,
        0.5311923623085022,
        0.7878383994102478,
        0.4987545609474182,
        0.7814794778823853,
        0.06095534563064575,
        0.7468926310539246,
        0.4592670202255249,
        0.35117316246032715,
        0.9588973522186279,
        0.19676870107650757,
        0.7857071757316589,
        0.3238781690597534,
        0.4763205647468567,
        0.29605966806411743,
        0.1205475926399231,
        0.07667440176010132,
        0.2660011053085327,
        0.18614578247070312,
        0.12286043167114258,
        0.36461514234542847,
        0.00727003812789917,
        0.1603938341140747,
        0.346884548664093,
        0.33677226305007935,
        0.04470789432525635,
        0.6741769909858704,
        0.4686371088027954,
        0.36304420232772827,
        0.011152029037475586
    ],
    "y_values": [
        0.7553158402442932,
        0.477719247341156,
        0.18672198057174683,
        0.9989256858825684,
        0.7099415063858032,
        0.9296420216560364,
        0.11986207962036133,
        0.2688388228416443,
        0.297086238861084,
        0.3469046950340271,
        0.6631503701210022,
        0.6921467781066895,
        0.6251850724220276,
        0.9674550890922546,
        0.5003371834754944,
        0.3631696105003357,
        0.01701754331588745,
        0.22622710466384888,
        0.14062011241912842,
        0.20045018196105957,
        0.56402188539505,
        0.9710748791694641,
        0.5009021162986755,
        0.2278287410736084,
        0.3050159811973572,
        0.17532461881637573,
        0.8573158383369446,
        0.5863401889801025,
        0.4711390733718872,
        0.9934816360473633,
        0.9956955313682556,
        0.3693140745162964,
        0.07804375886917114,
        0.2932780981063843,
        0.28892087936401367,
        0.7610565423965454,
        0.5959064960479736,
        0.43703019618988037,
        0.6099053621292114,
        0.9757567048072815,
        0.9692091345787048,
        0.2975454330444336,
        0.5190166234970093,
        0.7874543070793152,
        0.5187675356864929,
        0.793708086013794,
        0.6837823987007141,
        0.7690780758857727,
        0.2801794409751892,
        0.1112053394317627,
        0.22468918561935425,
        0.13225948810577393,
        0.28588348627090454,
        0.18837189674377441,
        0.5317771434783936,
        0.6027640700340271,
        0.019025027751922607,
        0.026811540126800537,
        0.46478384733200073,
        0.5647290349006653
    ]
}