{
    "format": 2,
    "name": "n60k5_43",
    "n": 60,
    "k": 5,
    "optimal_solution": 11.539909362792969,
    "x_values": [
        0.03508627414703369,
        0.050839900970458984,
        0.0421331524848938,
        0.2133505940437317,
        0.9462859630584717,
        0.07878339290618896,
        0.21551400423049927,
        0.5650412440299988,
        0.3865523338317871,
        0.4249705672264099,
        0.4094235897064209,
        0.27513712644577026,
        0.9190951585769653,
        0.6701335310935974,
        0.813104510307312,
        0.5106882452964783,
        0.34052449464797974,
        0.15052813291549683,
        0.26791083812713623,
        0.8532605171203613,
        0.8142878413200378,
        0.5398351550102234,
        0.9986059665679932,
        0.05509531497955322,
        0.5467718839645386,
        0.7513819336891174,
        0.15885120630264282,
        0.4792342782020569,
        0.8283997774124146,
        0.49167245626449585,
        0.9859400391578674,
        0.4341896176338196,
        0.6922610998153687,
        0.9564351439476013,
        0.06225931644439697,
        0.1276031732559204,
        0.6699484586715698,
        0.989512026309967,
        0.04676622152328491,
        0.49369311332702637,
        0.5894334316253662,
        0.9900338053703308,
        0.8498258590698242,
        0.9634074568748474,
        0.8477616310119629,
        0.12661749124526978,
        0.5351848602294922,
        0.7182667851448059,
        0.42555946111679077,
        0.6110934615135193,
        0.4565073251724243,
        0.7851243615150452,
        0.3418857455253601,
        0.31984657049179077,
        0.8227233290672302,
        0.9450498819351196,
        0.716849148273468,
        0.131231427192688,
        0.35499900579452515,
        0.8264142870903015
    ],
    "y_values": [
        0.8697770833969116,
        0.835276186466217,
        0.593120276927948,
        0.3179263472557068,
        0.7102893590927124,
        0.34720200300216675,
        0.9421965479850769,
        0.07736092805862427,
        0.09383809566497803,
        0.840808629989624,
        0.2544580101966858,
        0.15142160654067993,
        0.2524256706237793,
        0.8588423728942871,
        0.7764593958854675,
        0.5969920754432678,
        0.07684981822967529,
        0.9892451167106628,
        0.09533238410949707,
        0.006900310516357422,
        0.427557110786438,
        0.05342990159988403,
        0.25543534755706787,
        0.04835855960845947,
        0.7697312235832214,
        0.624656081199646,
        0.31736189126968384,
        0.2740532159805298,
        0.4033971428871155,
        0.24869275093078613,
        0.6353292465209961,
        0.8058785796165466,
        0.005673348903656006,
        0.72731614112854,
        0.9168615937232971,
        0.9972774386405945,
        0.3198753595352173,
        0.09556752443313599,
        0.8598814606666565,
        0.7590091824531555,
        0.10518211126327515,
        0.47063618898391724,
        0.39000511169433594,
        0.02673882246017456,
        0.05784130096435547,
        0.16484946012496948,
        0.5592221617698669,
        0.8650559186935425,
        0.9619670510292053,
        0.8361747860908508,
        0.8455778956413269,
        0.7251009345054626,
        0.8484336733818054,
        0.8234110474586487,
        0.30312007665634155,
        0.8482391834259033,
        0.36423563957214355,
        0.8525517582893372,
        0.5973740816116333,
        0.3279183506965637
    ]
}