{
    "format": 2,
    "name": "n40k7_3",
    "n": 40,
    "k": 7,
    "optimal_solution": 5.252079486846924,
    "x_values": [
        0.5511696934700012,
        0.9575674533843994,
        0.615876317024231,
        0.5218767523765564,
        0.543873131275177,
        0.8951783776283264,
        0.18972647190093994,
        0.24383288621902466,
        0.8369601368904114,
        0.7662657499313354,
        0.0517696738243103,
        0.9104306697845459,
        0.2761964797973633,
        0.8748958706855774,
        0.9535741209983826,
        0.9084293842315674,
        0.6105576753616333,
        0.08790445327758789,
        0.24446362257003784,
        0.20505762100219727,
        0.4884321093559265,
        0.26413583755493164,
        0.288107693195343,
        0.16424113512039185,
        0.8495191931724548,
        0.3499760031700134,
        0.26564139127731323,
        0.047453224658966064,
        0.48963016271591187,
        0.5890350341796875,
        0.8547043800354004,
        0.3052433729171753,
        0.554369330406189,
        0.21479010581970215,
        0.715111255645752,
        0.31855642795562744,
        0.8770757913589478,
        0.22676944732666016,
        0.15602988004684448,
        0.28969573974609375
    ],
    "y_values": [
        0.4046092629432678,
        0.2738524079322815,
        0.6424370408058167,
        0.6350591778755188,
        0.8306518793106079,
        0.9795686602592468,
        0.38485872745513916,
        0.7711482048034668,
        0.25514793395996094,
        0.18521374464035034,
        0.4130990505218506,
        0.37116682529449463,
        0.6082985997200012,
        0.49222737550735474,
        0.5609628558158875,
        0.7620391249656677,
        0.6197835206985474,
        0.35104602575302124,
        0.343702495098114,
        0.24498939514160156,
        0.5673982501029968,
        0.1879521608352661,
        0.9934305548667908,
        0.6831939220428467,
        0.9137901663780212,
        0.32564282417297363,
        0.07399272918701172,
        0.46349191665649414,
        0.7767651677131653,
        0.756507933139801,
        0.5713387131690979,
        0.3672688603401184,
        0.03817826509475708,
        0.7485264539718628,
        0.45264774560928345,
        0.22785383462905884,
        0.6128191947937012,
        0.6123068332672119,
        0.15044748783111572,
        0.6837106943130493
    ]
}