{
    "format": 2,
    "name": "n40k7_39",
    "n": 40,
    "k": 7,
    "optimal_solution": 4.733414649963379,
    "x_values": [
        0.9482409358024597,
        0.4549655318260193,
        0.735728919506073,
        0.737397313117981,
        0.2224542498588562,
        0.46882450580596924,
        0.5324869155883789,
        0.25161927938461304,
        0.9148464202880859,
        0.6434362530708313,
        0.4387699365615845,
        0.7344988584518433,
        0.515681266784668,
        0.03143751621246338,
        0.06095457077026367,
        0.9456833004951477,
        0.3269687294960022,
        0.8237545490264893,
        0.8172186017036438,
        0.06861257553100586,
        0.24615293741226196,
        0.8127115368843079,
        0.3753296136856079,
        0.6615678071975708,
        0.8865054249763489,
        0.8297091722488403,
        0.1394667625427246,
        0.7266700863838196,
        0.28937649726867676,
        0.42536818981170654,
        0.7204505205154419,
        0.16115403175354004,
        0.8746781349182129,
        0.2752995491027832,
        0.9698671698570251,
        0.9071522355079651,
        0.109982430934906,
        0.37593787908554077,
        0.10555362701416016,
        0.5720973610877991
    ],
    "y_values": [
        0.8410893082618713,
        0.30126285552978516,
        0.28265607357025146,
        0.8102638721466064,
        0.3095118999481201,
        0.09400349855422974,
        0.47770410776138306,
        0.32539212703704834,
        0.23221588134765625,
        0.6600668430328369,
        0.08383262157440186,
        0.33748286962509155,
        0.018140137195587158,
        0.2268694043159485,
        0.1977282166481018,
        0.8763729333877563,
        0.8183988928794861,
        0.2344232201576233,
        0.8333350419998169,
        0.1436673402786255,
        0.3943140506744385,
        0.7762405872344971,
        0.5982328057289124,
        0.41508495807647705,
        0.6233928203582764,
        0.4541352391242981,
        0.3700275421142578,
        0.6102398633956909,
        0.9112393260002136,
        0.1390792727470398,
        0.18920868635177612,
        0.2952219843864441,
        0.2794126868247986,
        0.7780697345733643,
        0.8237942457199097,
        0.2646319270133972,
        0.07989263534545898,
        0.27717268466949463,
        0.48029059171676636,
        0.5442743301391602
    ]
}