{
    "format": 2,
    "name": "n90k8_47",
    "n": 90,
    "k": 8,
    "optimal_solution": 13.411148071289062,
    "x_values": [
        0.31648939847946167,
        0.42733192443847656,
        0.4843475818634033,
        0.2644668221473694,
        0.7565762996673584,
        0.8864927887916565,
        0.8137844800949097,
        0.11969220638275146,
        0.32137537002563477,
        0.6259024143218994,
        0.22027158737182617,
        0.2328050136566162,
        0.6609678864479065,
        0.5698232054710388,
        0.3165074586868286,
        0.5514464378356934,
        0.34805208444595337,
        0.7491145133972168,
        0.2237681746482849,
        0.6231878399848938,
        0.6561518311500549,
        0.9195364713668823,
        0.8909922242164612,
        0.3066145181655884,
        0.17339015007019043,
        0.6356822848320007,
        0.1594834327697754,
        0.2261795997619629,
        0.28470945358276367,
        0.7620055079460144,
        0.21631312370300293,
        0.5884310007095337,
        0.901531994342804,
        0.9494890570640564,
        0.5376756191253662,
        0.11355435848236084,
        0.1897965669631958,
        0.5457296371459961,
        0.8145847916603088,
        0.05247342586517334,
        0.8037923574447632,
        0.7148767709732056,
        0.02712881565093994,
        0.6556724905967712,
        0.19229477643966675,
        0.6767645478248596,
        0.7827085852622986,
        0.6356559991836548,
        0.6460124254226685,
        0.8558391332626343,
        0.48756635189056396,
        0.15077126026153564,
        0.441592812538147,
        0.17973089218139648,
        0.585101842880249,
        0.8400880098342896,
        0.7820241451263428,
        0.4683581590652466,
        0.1520066261291504,
        0.005239427089691162,
        0.752011775970459,
        0.6471917033195496,
        0.27456533908843994,
        0.7483023405075073,
        0.4123934507369995,
        0.3000951409339905,
        0.11656290292739868,
        0.9188097715377808,
        0.2369288206100464,
        0.0573233962059021,
        0.16896259784698486,
        0.9632967710494995,
        0.5924637913703918,
        0.4682406783103943,
        0.8686130046844482,
        0.3449985980987549,
        0.12272799015045166,
        0.04752993583679199,
        0.24520838260650635,
        0.3247836232185364,
        0.6470414996147156,
        0.3326911926269531,
        0.056906700134277344,
        0.9264326095581055,
        0.5271741151809692,
        0.2941846251487732,
        0.7118887305259705,
        0.526107907295227,
        0.1126793622970581,
        0.9294952750205994
    ],
    "y_values": [
        0.3648456931114197,
        0.7169316411018372,
        0.46056312322616577,
        0.7674561142921448,
        0.6348965167999268,
        0.45053863525390625,
        0.23770856857299805,
        0.37993258237838745,
        0.14477723836898804,
        0.168967604637146,
        0.45663028955459595,
        0.3589440584182739,
        0.09516745805740356,
        0.33178991079330444,
        0.4313172698020935,
        0.20009702444076538,
        0.1282075047492981,
        0.2489219307899475,
        0.04807162284851074,
        0.9315242767333984,
        0.42817389965057373,
        0.06996941566467285,
        0.46387815475463867,
        0.5835270285606384,
        0.44998711347579956,
        0.7590972781181335,
        0.5475566387176514,
        0.7482566833496094,
        0.7064043879508972,
        0.19908589124679565,
        0.9888589978218079,
        0.6018451452255249,
        0.3358071446418762,
        0.6912648677825928,
        0.6595804691314697,
        0.9475257992744446,
        0.9942595958709717,
        0.66354900598526,
        0.5007874965667725,
        0.1738605499267578,
        0.6816277503967285,
        0.6476624011993408,
        0.8112465739250183,
        0.8975904583930969,
        0.9727017879486084,
        0.5252313017845154,
        0.8440234661102295,
        0.4060906767845154,
        0.6986558437347412,
        0.5021665096282959,
        0.7690473198890686,
        0.4607126712799072,
        0.20078259706497192,
        0.1267557144165039,
        0.9324953556060791,
        0.6197471618652344,
        0.7485343217849731,
        0.9434036612510681,
        0.6976354718208313,
        0.5687221884727478,
        0.6181657314300537,
        0.7939622402191162,
        0.947472870349884,
        0.4051477313041687,
        0.049008190631866455,
        0.6027031540870667,
        0.2852321267127991,
        0.09010916948318481,
        0.5305454134941101,
        0.042170822620391846,
        0.6761540174484253,
        0.845957338809967,
        0.3593480587005615,
        0.45916861295700073,
        0.37127745151519775,
        0.12489050626754761,
        0.08300590515136719,
        0.01765686273574829,
        0.0009704828262329102,
        0.47651755809783936,
        0.3189917802810669,
        0.09394288063049316,
        0.7964972257614136,
        0.35415977239608765,
        0.001516580581665039,
        0.979805588722229,
        0.8050330281257629,
        0.7604289650917053,
        0.056421518325805664,
        0.34931129217147827
    ]
}