{
    "format": 2,
    "name": "n20k9_88",
    "n": 20,
    "k": 9,
    "optimal_solution": 1.3054194450378418,
    "x_values": [
        0.9999845027923584,
        0.45822083950042725,
        0.5917551517486572,
        0.46536117792129517,
        0.4590076804161072,
        0.6725518107414246,
        0.7692599892616272,
        0.4531153440475464,
        0.5945088267326355,
        0.4499351382255554,
        0.6750829815864563,
        0.6380369663238525,
        0.5610422492027283,
        0.9269735217094421,
        0.5858591794967651,
        0.44275176525115967,
        0.7234858870506287,
        0.08282572031021118,
        0.5896415710449219,
        0.3588697910308838
    ],
    "y_values": [
        0.10629087686538696,
        0.08156710863113403,
        0.3484167456626892,
        0.9877656102180481,
        0.1314888596534729,
        0.7702370285987854,
        0.31229662895202637,
        0.7285449504852295,
        0.1754888892173767,
        0.3781265616416931,
        0.7540035247802734,
        0.9590376615524292,
        0.2202390432357788,
        0.3504207134246826,
        0.23452067375183105,
        0.6450210213661194,
        0.44370585680007935,
        0.43824470043182373,
        0.005961060523986816,
        0.1400708556175232
    ]
}