{
    "format": 2,
    "name": "n20k9_10",
    "n": 20,
    "k": 9,
    "optimal_solution": 1.525583267211914,
    "x_values": [
        0.12440884113311768,
        0.05203413963317871,
        0.6877238154411316,
        0.21967238187789917,
        0.9090279936790466,
        0.7359570264816284,
        0.5071282982826233,
        0.6160044074058533,
        0.3487843871116638,
        0.8873370885848999,
        0.4731648564338684,
        0.07188451290130615,
        0.11119049787521362,
        0.3688814043998718,
        0.34738457202911377,
        0.1479596495628357,
        0.4508536458015442,
        0.868270993232727,
        0.9121977686882019,
        0.7897087335586548
    ],
    "y_values": [
        0.49841660261154175,
        0.8540416359901428,
        0.7660969495773315,
        0.47286444902420044,
        0.7809532880783081,
        0.42555004358291626,
        0.16467028856277466,
        0.21451926231384277,
        0.46720921993255615,
        0.09539520740509033,
        0.035748422145843506,
        0.6923753023147583,
        0.6488839387893677,
        0.4723541736602783,
        0.22566616535186768,
        0.6538937091827393,
        0.7676795125007629,
        0.3644500970840454,
        0.6787353754043579,
        0.9964870810508728
    ]
}