{
    "format": 2,
    "name": "n80k8_50",
    "n": 80,
    "k": 8,
    "optimal_solution": 11.554265022277832,
    "x_values": [
        0.0320400595664978,
        0.9320352077484131,
        0.16935813426971436,
        0.3438780903816223,
        0.9465025663375854,
        0.39050042629241943,
        0.18372410535812378,
        0.5727445483207703,
        0.6754550337791443,
        0.2969732880592346,
        0.9772693514823914,
        0.620059609413147,
        0.523810088634491,
        0.9020459055900574,
        0.6595221161842346,
        0.9445130228996277,
        0.9602811336517334,
        0.3881359100341797,
        0.1474561095237732,
        0.03015422821044922,
        0.26659488677978516,
        0.8376391530036926,
        0.9596266150474548,
        0.22415262460708618,
        0.881709098815918,
        0.7323939204216003,
        0.42872029542922974,
        0.4914394021034241,
        0.02871495485305786,
        0.9890514016151428,
        0.8571826219558716,
        0.7653718590736389,
        0.6255389451980591,
        0.0861959457397461,
        0.3123812675476074,
        0.8005564212799072,
        0.29494649171829224,
        0.9658136367797852,
        0.023836731910705566,
        0.6858862638473511,
        0.13826870918273926,
        0.48529982566833496,
        0.029901325702667236,
        0.7375396490097046,
        0.3694472908973694,
        0.5727688670158386,
        0.6051138639450073,
        0.7542002201080322,
        0.3699558973312378,
        0.055246949195861816,
        0.9119879603385925,
        0.29753994941711426,
        0.9894083738327026,
        0.7363463044166565,
        0.5028183460235596,
        0.48244142532348633,
        0.8953262567520142,
        0.30596864223480225,
        0.013659119606018066,
        0.8142221570014954,
        0.3906102776527405,
        0.8712327480316162,
        0.24363309144973755,
        0.4469035267829895,
        0.4202007055282593,
        0.8005903363227844,
        0.26254284381866455,
        0.8071187138557434,
        0.7701347470283508,
        0.9458774924278259,
        0.9083881974220276,
        0.7298312783241272,
        0.44376665353775024,
        0.5391694903373718,
        0.7876507043838501,
        0.052568018436431885,
        0.7969909906387329,
        0.6666346788406372,
        0.6993484497070312,
        0.6783309578895569
    ],
    "y_values": [
        0.7849224209785461,
        0.6452177166938782,
        0.09320145845413208,
        0.20244961977005005,
        0.25223129987716675,
        0.007449090480804443,
        0.1933828592300415,
        0.3124324679374695,
        0.9254772067070007,
        0.6148247718811035,
        0.6696817278862,
        0.16774535179138184,
        0.3401814103126526,
        0.03555440902709961,
        0.5897018313407898,
        0.6340376734733582,
        0.8471826910972595,
        0.6718920469284058,
        0.9032490253448486,
        0.8361903429031372,
        0.6405510902404785,
        0.3372894525527954,
        0.4397568702697754,
        0.18097931146621704,
        0.9506984949111938,
        0.8419702053070068,
        0.4054068922996521,
        0.03442955017089844,
        0.6925561428070068,
        0.14207470417022705,
        0.5581914782524109,
        0.33420807123184204,
        0.2340499758720398,
        0.7174030542373657,
        0.4573338031768799,
        0.8526929616928101,
        0.4890326261520386,
        0.8816168308258057,
        0.0994141697883606,
        0.14499104022979736,
        0.059382855892181396,
        0.8411391377449036,
        0.5288650989532471,
        0.6084237098693848,
        0.9442035555839539,
        0.027171611785888672,
        0.10666382312774658,
        0.4503440260887146,
        0.31532901525497437,
        0.10598701238632202,
        0.2715590000152588,
        0.5212777853012085,
        0.8667885661125183,
        0.09904706478118896,
        0.6847508549690247,
        0.32933473587036133,
        0.8999108076095581,
        0.22733241319656372,
        0.14299875497817993,
        0.1516236662864685,
        0.7418214678764343,
        0.843456506729126,
        0.11474728584289551,
        0.2758246064186096,
        0.18368041515350342,
        0.6842172741889954,
        0.4623671770095825,
        0.9955141544342041,
        0.6689637303352356,
        0.31750088930130005,
        0.24104976654052734,
        0.6307020783424377,
        0.7799434661865234,
        0.28670769929885864,
        0.4781837463378906,
        0.818745493888855,
        0.9399126172065735,
        0.31871944665908813,
        0.009109914302825928,
        0.9292087554931641
    ]
}