{
    "format": 10,
    "name": "n200k20_38",
    "n": 200,
    "k": 20,
    "optimal_solution": 182.51169241844224,
    "x_values": [
        0.29206129358747623,
        0.5328641162714126,
        0.21700048479175105,
        0.29685652835305254,
        0.5772015797510145,
        0.12765370564643475,
        0.07696099841899162,
        0.48439457308595113,
        0.12452762519259342,
        0.7346930138728702,
        0.9537816920960908,
        0.11728848321313201,
        0.9766829001402406,
        0.2812925680584084,
        0.2395275408098585,
        0.25607949102675875,
        0.283564630022076,
        0.2599199693860348,
        0.5984475406504899,
        0.6797344138244855,
        0.048023324545258705,
        0.29162540102868206,
        0.4135707350728768,
        0.9208244592643465,
        0.14406350028106096,
        0.30664531302556397,
        0.9720665470884841,
        0.6225498613642821,
        0.4054222229030827,
        0.7352576525293449,
        0.49674235508124576,
        0.04059672772592671,
        0.9947390227283028,
        0.04000878448289724,
        0.027597183899503608,
        0.29723304194653044,
        0.8958220350858817,
        0.8378048944133955,
        0.2681266624343773,
        0.06526828731480938,
        0.8862734992354303,
        0.23308340606985367,
        0.8425497326328826,
        0.44867733706691215,
        0.17038783629072074,
        0.6863280955729604,
        0.8674139066847735,
        0.5064329040136737,
        0.666948332362652,
        0.830630328603848,
        0.7409984590619298,
        0.24178257448837426,
        0.9075201645654616,
        0.9374232389237317,
        0.29600531999581503,
        0.8263322255929183,
        0.6826343471049463,
        0.8142056868980809,
        0.11677933835674814,
        0.1122827214532034,
        0.0866742183379261,
        0.820204713519959,
        0.007215757632958453,
        0.7261558316614799,
        0.5971425275458472,
        0.4128501195453689,
        0.2023631978381032,
        0.8958851288360457,
        0.056208939678897396,
        0.1386959398329407,
        0.7785491067006803,
        0.06734370520570598,
        0.14879044477871117,
        0.9444161904467568,
        0.830964567099009,
        0.8946899030997528,
        0.37003503644259716,
        0.10698583705689213,
        0.06661505150766467,
        0.09857097107899382,
        0.5422782459555925,
        0.7358239589840663,
        0.1752512020869913,
        0.8795071754948661,
        0.5864734393123514,
        0.060078405461911455,
        0.923085009715304,
        0.16010134281705635,
        0.2984237355688233,
        0.3611793499426007,
        0.8311656509196986,
        0.9810713981203296,
        0.08475939829604362,
        0.38023614343888823,
        0.5331522116120805,
        0.36912411185036953,
        0.8156934770706759,
        0.04050032674275306,
        0.3439899062204058,
        0.8077174964884078,
        0.7046256377886706,
        0.1484705584183037,
        0.8886256181913837,
        0.863665588837849,
        0.36974452161628146,
        0.8548551091398039,
        0.8259964686965718,
        0.4946096217473053,
        0.4123287578892565,
        0.9365381001454153,
        0.12053415315952609,
        0.6270967296173047,
        0.1079430693821507,
        0.023653588481891252,
        0.8600764625995834,
        0.4579767713531515,
        0.17010249946186184,
        0.47844752924775713,
        0.7904052101513824,
        0.1556802012372992,
        0.572135752557161,
        0.3979391558823048,
        0.6694455054580918,
        0.49632474369013924,
        0.5037887742771827,
        0.49102425898658675,
        0.8943690444962277,
        0.8618562715844059,
        0.2893446449916841,
        0.542361048141,
        0.3233449038941023,
        0.3041886198708067,
        0.8638388305226549,
        0.22695722697358178,
        0.05435150372724995,
        0.7114460332037646,
        0.10186914362763644,
        0.9347124611822191,
        0.9078136226180676,
        0.9394256364925319,
        0.6978966264506282,
        0.8611067216915488,
        0.48577701370022963,
        0.38130972366682914,
        0.4389862076711274,
        0.4561385943389211,
        0.28494678516400995,
        0.49434571805258154,
        0.6850301513847812,
        0.8870526732828055,
        0.2167272518824438,
        0.18529805134135457,
        0.8380133215309737,
        0.09548754525529068,
        0.6382632621725153,
        0.1140667707475248,
        0.3955737962384247,
        0.11210890933450024,
        0.13260845014992384,
        0.06887954198815038,
        0.2368948928198642,
        0.9565020579113584,
        0.18316811679663703,
        0.8152719866334062,
        0.40480992965520346,
        0.23958076111343085,
        0.5709627792922211,
        0.4126024073773136,
        0.033621557478139,
        0.8525943451783001,
        0.9359966880441747,
        0.5576276512023371,
        0.9358692844833351,
        0.6576896285885212,
        0.8245181794130171,
        0.5636447366048102,
        0.9116938168469895,
        0.08824277511172884,
        0.6632231816220568,
        0.8964372082513454,
        0.5425275862657887,
        0.1494477264891504,
        0.7266241965454526,
        0.622205231619651,
        0.19589505896590864,
        0.5150992041082224,
        0.22527075925110263,
        0.9792769978960078,
        0.2884268940054562,
        0.4177999576934832,
        0.8667888266436533,
        0.8906566765857247,
        0.8710529628335297,
        0.14760801272834834,
        0.04271538296876287,
        0.16029652516850246,
        0.3266542748378658,
        0.4360237593043469,
        0.757450419897114,
        0.9330139916588079
    ],