{
    "format": 10,
    "name": "n200k20_20",
    "n": 200,
    "k": 20,
    "optimal_solution": 190.66191838209969,
    "x_values": [
        0.4128294619536895,
        0.10280401063032218,
        0.6376542138671447,
        0.005661568858577604,
        0.3228112381518493,
        0.9681420045108824,
        0.9484542443023177,
        0.5160552473137248,
        0.4772257814383922,
        0.6920122355035899,
        0.2545664652678412,
        0.1341458186124257,
        0.09096955176962285,
        0.5281455466937772,
        0.4524764518422475,
        0.5188916129114798,
        0.806941260751882,
        0.930502212955307,
        0.4237934696009572,
        0.8511676080309404,
        0.08876245781266034,
        0.07248540561587447,
        0.01553692258598749,
        0.30756079036178197,
        0.9198115803997655,
        0.8304728696226885,
        0.8522556800503032,
        0.8084644146208856,
        0.6754668150030785,
        0.679821382101217,
        0.2878755923539853,
        0.6752311894594972,
        0.5643346981369147,
        0.45049843944857537,
        0.4291695140578775,
        0.8638234729298978,
        0.18057075402317957,
        0.841095061115234,
        0.8882152443040687,
        0.7788622107119898,
        0.6757011586647199,
        0.6956627316851206,
        0.5226266141100762,
        0.7822252532989273,
        0.35009038313276986,
        0.1145574168860044,
        0.16902392776327568,
        0.19024483039682716,
        0.984140139421442,
        0.6694821910162597,
        0.4498605632792506,
        0.7851294237044176,
        0.00451385035925822,
        0.962134594261422,
        0.7012919748316725,
        0.895471281061677,
        0.15570800359133063,
        0.35213571668390053,
        0.6166506734493779,
        0.0012093063097415868,
        0.39335788993937226,
        0.36740267911820235,
        0.9854627210897683,
        0.5004562823769689,
        0.36128071413053486,
        0.7335988655000713,
        0.7377166925964912,
        0.35909181540238855,
        0.26005920994790377,
        0.7329120515020898,
        0.8837874216413174,
        0.3003091338723912,
        0.9246470463673391,
        0.5256803248628656,
        0.2647079088940919,
        0.5776401111533633,
        0.8749194809081712,
        0.484917764518083,
        0.20071669987416518,
        0.2023083638702019,
        0.10940396469494484,
        0.779243170932026,
        0.12158165795641651,
        0.7146725507353641,
        0.17395769859757737,
        0.21192187962748676,
        0.449295869177326,
        0.08729817560676678,
        0.4273144417767326,
        0.811455965309225,
        0.7181690517724387,
        0.6024651351989162,
        0.7090177324566497,
        0.9030413590337092,
        0.7953704800108252,
        0.0636291751078335,
        0.07172373654117781,
        0.783068547878489,
        0.04009019432479277,
        0.8424381600064994,
        0.5833378530810563,
        0.20849001060010086,
        0.7512334325245572,
        0.32172569867064726,
        0.6272590028625347,
        0.5049174178719654,
        0.2736979775809727,
        0.049771949476172916,
        0.5296359829191077,
        0.475957887578781,
        0.04124928939116801,
        0.2716712562540132,
        0.5708006786228033,
        0.6431877294692515,
        0.23766581265875641,
        0.6512449747254415,
        0.9319296854487392,
        0.2968963584663048,
        0.2640307172471509,
        0.15368046143391445,
        0.9217303673771594,
        0.05518064580629112,
        0.7198405954867862,
        0.5884535338085001,
        0.9406507806207309,
        0.961699944302257,
        0.4513949673292207,
        0.09365952261759636,
        0.634379472586757,
        0.4304355864100037,
        0.5148925981268745,
        0.42175261630626937,
        0.4267708204617331,
        0.6703138777111097,
        0.8469618967547901,
        0.1884046588157685,
        0.6293472876192598,
        0.9469810224344686,
        0.457694471796512,
        0.1404267404171996,
        0.4813845413881156,
        0.9731617818725617,
        0.029709473470738823,
        0.5952866941097963,
        0.4618713386517316,
        0.22635714680067265,
        0.5609730897389935,
        0.41502447677323095,
        0.7833026895121942,
        0.0970485968183099,
        0.2061709039461288,
        0.5424467863089275,
        0.35353180667510353,
        0.14915538947605667,
        0.8109141510445375,
        0.5885707396204959,
        0.8122126321128457,
        0.470465020596725,
        0.8797713053691241,
        0.10832431741890558,
        0.027496860319343397,
        0.06536776794889076,
        0.6576713226979467,
        0.0962856136967013,
        0.8712894479294181,
        0.27646932156526904,
        0.01746415287519132,
        0.6708869218980302,
        0.24832400456021775,
        0.8648124104737431,
        0.4337151438209852,
        0.6896682681283861,
        0.4967625003377063,
        0.7594400621309264,
        0.4682279782568729,
        0.6266540334597069,
        0.9740257952473579,
        0.2787223686159277,
        0.8157110900444506,
        0.4790673260078585,
        0.7075730796299317,
        0.7310919640576556,
        0.36122061690791885,
        0.21785273916514913,
        0.02360050300484784,
        0.5640901043540402,
        0.6950916414418993,
        0.8160745770804708,
        0.1605871457217246,
        0.8920852881090584,
        0.6400586762720294,
        0.2810746981739515,
        0.2174879806166452,
        0.6672735372299362,
        0.14032092241611482,
        0.8727702821933955,
        0.23447748200058427,
        0.9600801324020921,
        0.1541311221651568,
        0.8853046647028404
    ],