{
    "format": 10,
    "name": "n200k20_41",
    "n": 200,
    "k": 20,
    "optimal_solution": 169.21420098605543,
    "x_values": [
        0.1800353486155255,
        0.5414839600809158,
        0.39758733983454875,
        0.6870576042841368,
        0.48443591911354544,
        0.06041626987807924,
        0.8583824354142366,
        0.8790018042035413,
        0.025651689821283186,
        0.1554318633382391,
        0.7675739411185415,
        0.8168897464966554,
        0.8266680833579767,
        0.816984721749352,
        0.7135717560095519,
        0.004144491423219043,
        0.8475486652512068,
        0.7675268813994227,
        0.9175323799327868,
        0.8684144444401766,
        0.5422855485374363,
        0.4662168514587196,
        0.9867544829734372,
        0.0662661162148439,
        0.02906727035419765,
        0.34295035110095295,
        0.36562151181222047,
        0.6318999101734158,
        0.6822155730884487,
        0.8618972185743635,
        0.1328507105180099,
        0.8238299387202528,
        0.73472703026279,
        0.19548273055880583,
        0.12166896346462075,
        0.26097090992459404,
        0.6635346697900134,
        0.6415631542879158,
        0.6207891728741094,
        0.7130750706211627,
        0.028140792371806223,
        0.6284639269322596,
        0.31411409546543256,
        0.027720732875284204,
        0.11187048040889191,
        0.5775695865859771,
        0.5674453775526785,
        0.15239539086561138,
        0.1431426481955227,
        0.9326684677391539,
        0.9629771150828771,
        0.2947298970438448,
        0.11567350502506879,
        0.8698646596549704,
        0.6594954510762856,
        0.4099848311084856,
        0.9505951324665162,
        0.17576452509041218,
        0.0695795684070557,
        0.7048493297607582,
        0.17356004474871833,
        0.7696414740356723,
        0.42530082166420946,
        0.7194844793342422,
        0.4928070063082606,
        0.43993155470802736,
        0.929961753068099,
        0.5408630569909758,
        0.8074426290916578,
        0.649132223191472,
        0.4455044130748982,
        0.9709030913001463,
        0.842181961213287,
        0.04160745231518026,
        0.9668799075002242,
        0.1813653485063096,
        0.43372896814754824,
        0.5290802258902614,
        0.5641839499354055,
        0.8254255726466778,
        0.5846270192347554,
        0.007878419250039626,
        0.7676289441353443,
        0.9014690520351222,
        0.11995013252371167,
        0.3276993169098016,
        0.9584358450623169,
        0.5174861723095563,
        0.5943137013165409,
        0.965869804682417,
        0.2469415971886728,
        0.335681271243666,
        0.2420709419335788,
        0.6508442151879686,
        0.5598299600925805,
        0.6276951954833764,
        0.06919799309168162,
        0.9875845177755181,
        0.570548259363448,
        0.8540376145116869,
        0.49868942403787175,
        0.24409554394899335,
        0.5000772635826051,
        0.7262496716926753,
        0.9162611592960854,
        0.4993332315985515,
        0.6412561910716196,
        0.6300557127397448,
        0.17129362254284763,
        0.3312352662737901,
        0.00605814017045192,
        0.14904488488901368,
        0.9054905789186413,
        0.5458311724667761,
        0.03323997197236339,
        0.7039538057035108,
        0.5882447835749,
        0.12356422637736242,
        0.3738218938416332,
        0.4180419219063337,
        0.30586911483287793,
        0.8144405143439705,
        0.3328861010145592,
        0.3884258099049952,
        0.9263633400108997,
        0.023764550876888224,
        0.9198168680907362,
        0.06696285231437593,
        0.9134536665318093,
        0.42145456099180567,
        0.12853175084565271,
        0.7961184420103374,
        0.7728681842125971,
        0.7925269683362772,
        0.9307852214518781,
        0.17002998531547253,
        0.6915333887353828,
        0.8756782635516156,
        0.47648798060789366,
        0.15879206249934652,
        0.9131802392665066,
        0.9197958079673466,
        0.44473668359584995,
        0.7333611788629989,
        0.526510449116361,
        0.6311266673941205,
        0.5619130744991702,
        0.12321338955351613,
        0.05770524836938096,
        0.05806422861171234,
        0.07927749750388402,
        0.07863154751256074,
        0.612552373205241,
        0.8570564352355451,
        0.680430236627137,
        0.9087102773164047,
        0.3961966012187187,
        0.6091594727539363,
        0.7871145797562431,
        0.1916659826460908,
        0.3417662667931729,
        0.9497522842792685,
        0.4192114565191306,
        0.8713703835720368,
        0.6908476797228768,
        0.08282619129041802,
        0.8222349523225487,
        0.008919455346160454,
        0.9182433896821206,
        0.8707822081257215,
        0.1701118658792593,
        0.5859826480682009,
        0.5631510281464631,
        0.29371488843983096,
        0.24692862216654243,
        0.7466388414496499,
        0.9042547352535525,
        0.1751062101217914,
        0.7174555814809046,
        0.8514707131083068,
        0.8711566085593342,
        0.8579199125187551,
        0.5514460068465921,
        0.6875526633451127,
        0.4791945629317865,
        0.7953285044276943,
        0.4703299554509647,
        0.6103767882215507,
        0.32090490077618705,
        0.7112241433136129,
        0.7899142392524992,
        0.9218859868020782,
        0.7945227831623571,
        0.028167698328927626,
        0.49622188216787433,
        0.9796443234738064,
        0.9591305846563475,
        0.759357644579168,
        0.03879679545288783,
        0.24780780801764335
    ],