{
    "format": 10,
    "name": "n200k20_40",
    "n": 200,
    "k": 20,
    "optimal_solution": 167.86734840391708,
    "x_values": [
        0.7485508065629479,
        0.5959774469776751,
        0.19446346422099725,
        0.6825996974348876,
        0.6441467777787463,
        0.8975454750142694,
        0.6894782783061499,
        0.2957405456771822,
        0.08769947049357885,
        0.03761095800313585,
        0.2864005412774592,
        0.8723953231366108,
        0.6046725348864069,
        0.9651800504845746,
        0.7964773754925297,
        0.7511324057208513,
        0.4366824861902221,
        0.687110504938787,
        0.23976331463164957,
        0.5800041231466778,
        0.08965365629498612,
        0.5501890731286974,
        0.7278282715425969,
        0.6274607290557079,
        0.6247308027724409,
        0.3140128894468739,
        0.24057049037661005,
        0.2792184861102063,
        0.013193699544663429,
        0.8533003999186851,
        0.830226077740735,
        0.3604094183612918,
        0.9917689294314392,
        0.28001403764953925,
        0.020853214046607782,
        0.34817448651850635,
        0.9548956439819681,
        0.38768012530254836,
        0.6223029323991018,
        0.16075872600856844,
        0.8028604394507689,
        0.4396530668379839,
        0.8889763636347829,
        0.1473614118289922,
        0.10427445336529828,
        0.22484974928765789,
        0.29554370437459,
        0.7343479571984843,
        0.3350859261752541,
        0.9910882778394928,
        0.3753193093704804,
        0.6766090167760909,
        0.17376045753209024,
        0.1253649008854162,
        0.15378659610655376,
        0.8990720155605159,
        0.8269398933403993,
        0.16449062098714284,
        0.25244279503064304,
        0.7471119711521028,
        0.09465966080264021,
        0.448005009982292,
        0.40197564035214417,
        0.2134086294853187,
        0.8697253836589861,
        0.857198511366361,
        0.45294285423430214,
        0.22059439431848105,
        0.954321818125067,
        0.3916270591330997,
        0.19577461118846096,
        0.6986853672203353,
        0.7527992775646165,
        0.05429349435488995,
        0.43997363421327196,
        0.580621636032388,
        0.48009432167636823,
        0.16228215420363545,
        0.06988172608550891,
        0.5292596147679662,
        0.6908205598137726,
        0.1052532000338614,
        0.8484531714483446,
        0.9850614048739693,
        0.5798813421885288,
        0.4772397566101152,
        0.22797958636750504,
        0.11589260615333774,
        0.9974862006358436,
        0.3470247703699574,
        0.7316970404278811,
        0.7507922737308979,
        0.9788923261853896,
        0.5576134000331575,
        0.021644946387662012,
        0.749143852491369,
        0.7678381388805865,
        0.5403760666407339,
        0.03433984652291677,
        0.9017743349506635,
        0.05505303556690311,
        0.7149889779887114,
        0.10318325957652741,
        0.4778702568886378,
        0.3029038744279319,
        0.10697712777317903,
        0.6597853290119627,
        0.16981822311657058,
        0.095573635902228,
        0.4319518106950143,
        0.06628417687404542,
        0.2693411529988734,
        0.06913902525408455,
        0.7950910273108398,
        0.9638700120257424,
        0.5776456196576004,
        0.5717931802699614,
        0.057373598406265325,
        0.473933464600228,
        0.6245592793027885,
        0.14806420277604304,
        0.5851825130570621,
        0.10666850635414415,
        0.4691586006158063,
        0.930597242866731,
        0.9938251492436709,
        0.0696112020667441,
        0.7382145892885412,
        0.6496544061802266,
        0.2342754871081273,
        0.4426934655340943,
        0.5558336348884362,
        0.6003322416849427,
        0.3403961485416601,
        0.8228310465672888,
        0.6142402625663125,
        0.8628901495774673,
        0.9257809976754512,
        0.060723636291798444,
        0.4860988989308853,
        0.3064459640710784,
        0.5571259434659885,
        0.7009329568660434,
        0.30364720359471287,
        0.6245904182183947,
        0.9500575215686454,
        0.3960345047840397,
        0.4996215782253749,
        0.4140235650221765,
        0.19753914352394963,
        0.8197127107662198,
        0.870743547711125,
        0.8666418676840534,
        0.017364379528712504,
        0.7147714908890982,
        0.34019282251639593,
        0.21787978657625184,
        0.89022625694869,
        0.24992779365231477,
        0.05818019649722339,
        0.9294871525438709,
        0.6238369163717443,
        0.05740508112810028,
        0.2564458694959516,
        0.4412296750515772,
        0.45234027575774594,
        0.7299428270079577,
        0.6893963361197245,
        0.8646415819021057,
        0.7244185495474275,
        0.3451089199239248,
        0.9736400027169438,
        0.6097114140139691,
        0.6736431009586203,
        0.6856616443400015,
        0.19235966887798395,
        0.7987963569831419,
        0.018562111397206982,
        0.7094657013805603,
        0.10648328256269068,
        0.14791194903235172,
        0.3949055196579381,
        0.006418099628108798,
        0.9617221484869778,
        0.5190214366203343,
        0.9476435655487199,
        0.43448321886537433,
        0.40867596954710506,
        0.38571159964012436,
        0.5583243495486186,
        0.8702371038341888,
        0.716258757191191,
        0.6958752211976171,
        0.6780223685046725,
        0.3267918273556386,
        0.709407459284173,
        0.6901209825872471,
        0.2542949612319496,
        0.6776839890122617,
        0.969853042532859
    ],