{
    "format": 2,
    "name": "n60k9_93",
    "n": 60,
    "k": 9,
    "optimal_solution": 7.281224250793457,
    "x_values": [
        0.9322178363800049,
        0.5027655959129333,
        0.3972918391227722,
        0.28310519456863403,
        0.3414599895477295,
        0.61821049451828,
        0.6728985905647278,
        0.6452891230583191,
        0.7102198600769043,
        0.911532998085022,
        0.7984433770179749,
        0.9125130772590637,
        0.8534772992134094,
        0.8975845575332642,
        0.46949303150177,
        0.39161217212677,
        0.038973331451416016,
        0.9586930871009827,
        0.008028626441955566,
        0.8237892389297485,
        0.5729722380638123,
        0.9070858955383301,
        0.9069666266441345,
        0.99895179271698,
        0.038306593894958496,
        0.2637786865234375,
        0.9844982624053955,
        0.1456688642501831,
        0.2991981506347656,
        0.21217262744903564,
        0.06335848569869995,
        0.3991113305091858,
        0.4680781364440918,
        0.504987359046936,
        0.3419225215911865,
        0.3370847702026367,
        0.9874519109725952,
        0.05028975009918213,
        0.025726616382598877,
        0.13715243339538574,
        0.7224735021591187,
        0.6663851141929626,
        0.6968560218811035,
        0.435386061668396,
        0.20623379945755005,
        0.7119482159614563,
        0.8816000819206238,
        0.2330583930015564,
        0.39574360847473145,
        0.7788740992546082,
        0.2919080853462219,
        0.7920234203338623,
        0.36286938190460205,
        0.6400122046470642,
        0.2514351010322571,
        0.3000602722167969,
        0.8921308517456055,
        0.7200440168380737,
        0.2290102243423462,
        0.3217731714248657
    ],
    "y_values": [
        0.3580634593963623,
        0.054253995418548584,
        0.8625222444534302,
        0.11467236280441284,
        0.5065076947212219,
        0.42478811740875244,
        0.2620246410369873,
        0.7604386806488037,
        0.43463003635406494,
        0.7804092168807983,
        0.1757413148880005,
        0.7741632461547852,
        0.27624863386154175,
        0.2827988862991333,
        0.761300802230835,
        0.8636929988861084,
        0.9118267893791199,
        0.9307214021682739,
        0.3183051347732544,
        0.9402914643287659,
        0.6036797761917114,
        0.03867614269256592,
        0.7881361842155457,
        0.8745284676551819,
        0.9591938853263855,
        0.2619648575782776,
        0.5445153713226318,
        0.8591158390045166,
        0.3833544850349426,
        0.21418970823287964,
        0.0006212592124938965,
        0.17251181602478027,
        0.06535738706588745,
        0.9116073250770569,
        0.19210267066955566,
        0.16688048839569092,
        0.09858810901641846,
        0.8769413232803345,
        0.32383447885513306,
        0.9615970849990845,
        0.6996874213218689,
        0.7391955852508545,
        0.4849435091018677,
        0.36797231435775757,
        0.9462417960166931,
        0.7158550024032593,
        0.8120863437652588,
        0.36338961124420166,
        0.2027217149734497,
        0.7208079099655151,
        0.8870317935943604,
        0.6839981079101562,
        0.22700011730194092,
        0.6603671908378601,
        0.1284615397453308,
        0.7805914878845215,
        0.05164390802383423,
        0.21753954887390137,
        0.06168794631958008,
        0.9640757441520691
    ]
}