{
    "format": 2,
    "name": "n60k9_42",
    "n": 60,
    "k": 9,
    "optimal_solution": 7.652687072753906,
    "x_values": [
        0.8841028213500977,
        0.9880414009094238,
        0.7436612844467163,
        0.5119845867156982,
        0.5328494310379028,
        0.19385385513305664,
        0.6259189248085022,
        0.10610812902450562,
        0.5255222916603088,
        0.24680304527282715,
        0.5557277202606201,
        0.598117470741272,
        0.36826467514038086,
        0.10330700874328613,
        0.3999515175819397,
        0.20938891172409058,
        0.6498979926109314,
        0.7989944815635681,
        0.5624242424964905,
        0.029438555240631104,
        0.8470364212989807,
        0.756532609462738,
        0.05668675899505615,
        0.7065865397453308,
        0.8779143691062927,
        0.4161214232444763,
        0.6485504508018494,
        0.9627439975738525,
        0.6848033666610718,
        0.8287246823310852,
        0.590671718120575,
        0.3578505516052246,
        0.5133698582649231,
        0.557765007019043,
        0.25727158784866333,
        0.27264636754989624,
        0.7172970771789551,
        0.5468560457229614,
        0.9228754639625549,
        0.39523065090179443,
        0.5545223355293274,
        0.1373639702796936,
        0.4696270823478699,
        0.7056120038032532,
        0.26988929510116577,
        0.3489449620246887,
        0.18765896558761597,
        0.3210897445678711,
        0.8681266903877258,
        0.8165117502212524,
        0.025720655918121338,
        0.7907528877258301,
        0.3816923499107361,
        0.21596139669418335,
        0.8901280760765076,
        0.5945494771003723,
        0.759092390537262,
        0.07193470001220703,
        0.012748301029205322,
        0.9121896624565125
    ],
    "y_values": [
        0.0041329264640808105,
        0.18015730381011963,
        0.04028189182281494,
        0.4361705183982849,
        0.8668805360794067,
        0.8581085205078125,
        0.36850154399871826,
        0.0010019540786743164,
        0.44542384147644043,
        0.07930439710617065,
        0.19159787893295288,
        0.22211623191833496,
        0.9032303094863892,
        0.03355550765991211,
        0.5412066578865051,
        0.014183878898620605,
        0.1373281478881836,
        0.2736944556236267,
        0.7821112871170044,
        0.6422911882400513,
        0.9046844840049744,
        0.2722495198249817,
        0.7239060997962952,
        0.9867895841598511,
        0.637729287147522,
        0.8183994889259338,
        0.11197179555892944,
        0.8189696669578552,
        0.44593584537506104,
        0.6685931086540222,
        0.311656653881073,
        0.019860386848449707,
        0.003740370273590088,
        0.060675740242004395,
        0.03640240430831909,
        0.21272099018096924,
        0.3668552041053772,
        0.41833674907684326,
        0.6372564435005188,
        0.4331178665161133,
        0.5311796069145203,
        0.6842144727706909,
        0.36549293994903564,
        0.5574843287467957,
        0.8010256886482239,
        0.38341832160949707,
        0.4079856872558594,
        0.411504328250885,
        0.3778441548347473,
        0.1661776304244995,
        0.10597735643386841,
        0.07360231876373291,
        0.10724872350692749,
        0.917841374874115,
        0.1190529465675354,
        0.18990731239318848,
        0.03202420473098755,
        0.6810046434402466,
        0.004395008087158203,
        0.4558696150779724
    ]
}