{
    "format": 2,
    "name": "n60k9_12",
    "n": 60,
    "k": 9,
    "optimal_solution": 7.5992751121521,
    "x_values": [
        0.3239085078239441,
        0.002382338047027588,
        0.5118013024330139,
        0.11524635553359985,
        0.9373253583908081,
        0.7098305821418762,
        0.156916081905365,
        0.40686583518981934,
        0.9841901063919067,
        0.9177670478820801,
        0.4715794324874878,
        0.5265184640884399,
        0.589454710483551,
        0.3192235827445984,
        0.23322999477386475,
        0.936143696308136,
        0.6377780437469482,
        0.07506412267684937,
        0.5474976301193237,
        0.9942097663879395,
        0.41543394327163696,
        0.27714312076568604,
        0.17730915546417236,
        0.2828143835067749,
        0.33331263065338135,
        0.8387250304222107,
        0.5853688716888428,
        0.8918639421463013,
        0.7781263589859009,
        0.18747031688690186,
        0.23861515522003174,
        0.9758466482162476,
        0.3104150891304016,
        0.22436577081680298,
        0.48275285959243774,
        0.6063278913497925,
        0.04290628433227539,
        0.17369985580444336,
        0.04658806324005127,
        0.3315848112106323,
        0.04565286636352539,
        0.33990973234176636,
        0.3263486623764038,
        0.24302971363067627,
        0.1213909387588501,
        0.013438165187835693,
        0.2513427734375,
        0.8782913684844971,
        0.6933209300041199,
        0.30762046575546265,
        0.6052669286727905,
        0.17641586065292358,
        0.665658712387085,
        0.8206766247749329,
        0.6119443774223328,
        0.7641773819923401,
        0.43838685750961304,
        0.41675519943237305,
        0.3196192979812622,
        0.1135643720626831
    ],
    "y_values": [
        0.24688571691513062,
        0.22697824239730835,
        0.9003322124481201,
        0.22871631383895874,
        0.612942099571228,
        0.8070478439331055,
        0.6599733233451843,
        0.7499082088470459,
        0.4556359648704529,
        0.503095269203186,
        0.3132913112640381,
        0.81303471326828,
        0.8615285754203796,
        0.9875946044921875,
        0.7574746012687683,
        0.39367133378982544,
        0.69399094581604,
        0.14819109439849854,
        0.15328693389892578,
        0.29943591356277466,
        0.8074119091033936,
        0.26538461446762085,
        0.3626394271850586,
        0.6222561001777649,
        0.0799027681350708,
        0.5041683316230774,
        0.9630271196365356,
        0.747169554233551,
        0.5611943006515503,
        0.8975035548210144,
        0.3377644419670105,
        0.47502386569976807,
        0.6077744960784912,
        0.0181543231010437,
        0.3664581775665283,
        0.7349366545677185,
        0.5803943872451782,
        0.7168900370597839,
        0.8694742321968079,
        0.13327282667160034,
        0.11662620306015015,
        0.4687269330024719,
        0.7411171793937683,
        0.3663743734359741,
        0.8512810468673706,
        0.6807426810264587,
        0.10170286893844604,
        0.12464296817779541,
        0.9283879995346069,
        0.7740933895111084,
        0.6126161813735962,
        0.7361941933631897,
        0.6319707632064819,
        0.1778503656387329,
        0.7997221350669861,
        0.9641206860542297,
        0.16636723279953003,
        0.521932065486908,
        0.9640001654624939,
        0.14986926317214966
    ]
}