{
    "format": 5,
    "name": "n60k9_15",
    "n": 60,
    "k": 9,
    "optimal_solution": 0.26344287395477295,
    "x_values": [
        0.8910492062568665,
        0.3170170187950134,
        0.5175339579582214,
        0.3797827959060669,
        0.29998987913131714,
        0.6361899971961975,
        0.8855081796646118,
        0.36158037185668945,
        0.6035298705101013,
        0.16766566038131714,
        0.1662324070930481,
        0.40482234954833984,
        0.6767886281013489,
        0.22263085842132568,
        0.8833048343658447,
        0.0011655092239379883,
        0.9809703826904297,
        0.47661495208740234,
        0.7340307831764221,
        0.7721334099769592,
        0.1955775022506714,
        0.8501380085945129,
        0.742343008518219,
        0.33468329906463623,
        0.7394462823867798,
        0.7171791195869446,
        0.8332306742668152,
        0.4789186716079712,
        0.8982109427452087,
        0.4475170969963074,
        0.7495212554931641,
        0.46745765209198,
        0.7865277528762817,
        0.4217146039009094,
        0.46172672510147095,
        0.3180311322212219,
        0.34275221824645996,
        0.4546204209327698,
        0.5876712799072266,
        0.3886154294013977,
        0.6132490038871765,
        0.5945003628730774,
        0.08685147762298584,
        0.04434072971343994,
        0.3407195806503296,
        0.2927135229110718,
        0.07137811183929443,
        0.44376713037490845,
        0.5629592537879944,
        0.5488185286521912,
        0.8295959830284119,
        0.4512364864349365,
        0.30995696783065796,
        0.5960244536399841,
        0.6417965888977051,
        0.7598921656608582,
        0.1655084490776062,
        0.20451688766479492,
        0.16147303581237793,
        0.38265907764434814
    ],
    "y_values": [
        0.042734384536743164,
        0.39389562606811523,
        0.39882445335388184,
        0.7414612770080566,
        0.3718385100364685,
        0.6623464822769165,
        0.039214372634887695,
        0.9832862019538879,
        0.7369623184204102,
        0.07834720611572266,
        0.8823502063751221,
        0.755011796951294,
        0.7348591685295105,
        0.46281152963638306,
        0.631208062171936,
        0.13798034191131592,
        0.5925164222717285,
        0.8509457111358643,
        0.8424714207649231,
        0.3313217759132385,
        0.1810736060142517,
        0.4451148509979248,
        0.9152089357376099,
        0.3580820560455322,
        0.18859750032424927,
        0.7783503532409668,
        0.9300640225410461,
        0.6867835521697998,
        0.16198688745498657,
        0.8391423225402832,
        0.4152171015739441,
        0.6492664813995361,
        0.5423255562782288,
        0.128503680229187,
        0.02195185422897339,
        0.7797413468360901,
        0.2245061993598938,
        0.7217966318130493,
        0.11417418718338013,
        0.8737415075302124,
        0.8247600793838501,
        0.6705108880996704,
        0.9770702123641968,
        0.5372079014778137,
        0.015397489070892334,
        0.27389729022979736,
        0.04621082544326782,
        0.20956051349639893,
        0.7406204342842102,
        0.4096375107765198,
        0.7950535416603088,
        0.8142144083976746,
        0.030942201614379883,
        0.6573308110237122,
        0.2670825123786926,
        0.7569059729576111,
        0.8194196820259094,
        0.7200773358345032,
        0.7996912598609924,
        0.8531378507614136
    ]
}