{
    "format": 5,
    "name": "n60k9_32",
    "n": 60,
    "k": 9,
    "optimal_solution": 0.2540879249572754,
    "x_values": [
        0.13596874475479126,
        0.6070522665977478,
        0.30755162239074707,
        0.8231202363967896,
        0.8224069476127625,
        0.3374751806259155,
        0.11695307493209839,
        0.1875157356262207,
        0.772837221622467,
        0.9462416768074036,
        0.510016679763794,
        0.1791057586669922,
        0.3123347759246826,
        0.9005425572395325,
        0.8924978971481323,
        0.6316108703613281,
        0.3974025249481201,
        0.8724737167358398,
        0.5437611937522888,
        0.8763067722320557,
        0.3378148078918457,
        0.06642365455627441,
        0.3033708333969116,
        0.5113037824630737,
        0.032762885093688965,
        0.1333901286125183,
        0.003493368625640869,
        0.6319341659545898,
        0.008395493030548096,
        0.6060473918914795,
        0.6078571081161499,
        0.12074077129364014,
        0.0542752742767334,
        0.7236931920051575,
        0.8841403722763062,
        0.47549641132354736,
        0.5900364518165588,
        0.3615860342979431,
        0.0107574462890625,
        0.33488357067108154,
        0.06876307725906372,
        0.37716418504714966,
        0.029305219650268555,
        0.9091348052024841,
        0.18447786569595337,
        0.4348118305206299,
        0.3971242904663086,
        0.5843101739883423,
        0.4795026183128357,
        0.49518996477127075,
        0.9493175148963928,
        0.008160114288330078,
        0.2482461929321289,
        0.5459266304969788,
        0.027292847633361816,
        0.9041850566864014,
        0.5707709789276123,
        0.44411009550094604,
        0.12727594375610352,
        0.2598534822463989
    ],
    "y_values": [
        0.4184908866882324,
        0.673948347568512,
        0.9844909310340881,
        0.02667236328125,
        0.5340085029602051,
        0.3065941333770752,
        0.5014156103134155,
        0.4010857939720154,
        0.19105398654937744,
        0.19656068086624146,
        0.8659250140190125,
        0.8657825589179993,
        0.2800731658935547,
        0.09322613477706909,
        0.7481906414031982,
        0.40691685676574707,
        0.7889177799224854,
        0.025470614433288574,
        0.4455540180206299,
        0.44347643852233887,
        0.07070505619049072,
        0.9761471748352051,
        0.69398432970047,
        0.521030604839325,
        0.233467698097229,
        0.009635686874389648,
        0.803068220615387,
        0.9188708662986755,
        0.06692731380462646,
        0.9609594345092773,
        0.5573345422744751,
        0.4392305016517639,
        0.5507470965385437,
        0.5277752876281738,
        0.5698164105415344,
        0.3368752598762512,
        0.4390212297439575,
        0.9980212450027466,
        0.8656909465789795,
        0.18465888500213623,
        0.09983676671981812,
        0.5896486639976501,
        0.744824230670929,
        0.6577433347702026,
        0.8298511505126953,
        0.8309220671653748,
        0.43553078174591064,
        0.8342003226280212,
        0.807386577129364,
        0.7826502323150635,
        0.409856379032135,
        0.9080508351325989,
        0.831716775894165,
        0.21920055150985718,
        0.9548091292381287,
        0.7309930920600891,
        0.5044372081756592,
        0.18415212631225586,
        0.7194730043411255,
        0.03683924674987793
    ]
}