{
    "format": 2,
    "name": "n50k9_100",
    "n": 50,
    "k": 9,
    "optimal_solution": 5.875233173370361,
    "x_values": [
        0.7624707818031311,
        0.06650465726852417,
        0.42464184761047363,
        0.16567176580429077,
        0.8085122108459473,
        0.16884267330169678,
        0.39187759160995483,
        0.5163507461547852,
        0.7110053896903992,
        0.7389151453971863,
        0.9215492010116577,
        0.10716378688812256,
        0.08609843254089355,
        0.07288175821304321,
        0.8777927756309509,
        0.7824035882949829,
        0.9642521739006042,
        0.4927492141723633,
        0.4650563597679138,
        0.9296072125434875,
        0.03595387935638428,
        0.2282457947731018,
        0.4230867028236389,
        0.019080758094787598,
        0.34583938121795654,
        0.7791780829429626,
        0.1745903491973877,
        0.8996968865394592,
        0.4351370334625244,
        0.49554502964019775,
        0.5820261836051941,
        0.30629247426986694,
        0.6053670048713684,
        0.7301167249679565,
        0.7777805328369141,
        0.7379195094108582,
        0.013655364513397217,
        0.5511885285377502,
        0.26009875535964966,
        0.08490127325057983,
        0.6899968981742859,
        0.09481644630432129,
        0.04452824592590332,
        0.019344747066497803,
        0.2739914655685425,
        0.5753457546234131,
        0.1795879602432251,
        0.8280761241912842,
        0.6984555721282959,
        0.5354575514793396
    ],
    "y_values": [
        0.19276458024978638,
        0.27658331394195557,
        0.19653302431106567,
        0.218894362449646,
        0.012011587619781494,
        0.3024246096611023,
        0.5221801400184631,
        0.9341975450515747,
        0.06236225366592407,
        0.6623292565345764,
        0.1515215039253235,
        0.35938334465026855,
        0.4479786157608032,
        0.24053293466567993,
        0.6108012199401855,
        0.6772812008857727,
        0.5902475714683533,
        0.1847662329673767,
        0.19918972253799438,
        0.6699168682098389,
        0.6237933039665222,
        0.7281748652458191,
        0.3342965245246887,
        0.27115297317504883,
        0.7405844330787659,
        0.9376111626625061,
        0.9762161374092102,
        0.04140692949295044,
        0.3715987205505371,
        0.3865830898284912,
        0.9418825507164001,
        0.5176424384117126,
        0.38272029161453247,
        0.2564719319343567,
        0.18376010656356812,
        0.8455886840820312,
        0.8046176433563232,
        0.7325118184089661,
        0.8364946246147156,
        0.8924785852432251,
        0.6809478402137756,
        0.039120614528656006,
        0.944125235080719,
        0.7700947523117065,
        0.2725355625152588,
        0.8353461027145386,
        0.3271687626838684,
        0.41175776720046997,
        0.640662431716919,
        0.8476637005805969
    ]
}