{
    "format": 2,
    "name": "n50k9_63",
    "n": 50,
    "k": 9,
    "optimal_solution": 6.179953575134277,
    "x_values": [
        0.7602778673171997,
        0.7369441390037537,
        0.835690975189209,
        0.181488037109375,
        0.6380710005760193,
        0.24043142795562744,
        0.6614423990249634,
        0.23091745376586914,
        0.8723477721214294,
        0.3455038070678711,
        0.7102714776992798,
        0.8144230842590332,
        0.7122907042503357,
        0.23555505275726318,
        0.2670332193374634,
        0.3336588144302368,
        0.04567670822143555,
        0.35550570487976074,
        0.6286495923995972,
        0.5265854001045227,
        0.7335336804389954,
        0.9031872749328613,
        0.03790140151977539,
        0.11420893669128418,
        0.21239489316940308,
        0.40296661853790283,
        0.6081854701042175,
        0.4474251866340637,
        0.05347210168838501,
        0.21073460578918457,
        0.4878232479095459,
        0.0056038498878479,
        0.06480145454406738,
        0.4527651071548462,
        0.9235669374465942,
        0.09705162048339844,
        0.9690004587173462,
        0.8621721863746643,
        0.3175024390220642,
        0.15875965356826782,
        0.24544906616210938,
        0.7788512110710144,
        0.08548563718795776,
        0.15335196256637573,
        0.6017244458198547,
        0.11843752861022949,
        0.06386393308639526,
        0.1326535940170288,
        0.44621533155441284,
        0.8869614005088806
    ],
    "y_values": [
        0.2134827971458435,
        0.7677441239356995,
        0.8351109027862549,
        0.3203301429748535,
        0.790938138961792,
        0.6092752814292908,
        0.06095004081726074,
        0.8230272531509399,
        0.6955509185791016,
        0.747093141078949,
        0.9191277623176575,
        0.5369163751602173,
        0.06953221559524536,
        0.34602290391921997,
        0.643362283706665,
        0.11949819326400757,
        0.08946675062179565,
        0.0636017918586731,
        0.3031618595123291,
        0.17175596952438354,
        0.4312683343887329,
        0.2272176742553711,
        0.42118310928344727,
        0.594304621219635,
        0.879426896572113,
        0.9315364360809326,
        0.6650076508522034,
        0.9705579876899719,
        0.15442514419555664,
        0.5184206962585449,
        0.7012996077537537,
        0.5290567874908447,
        0.13166332244873047,
        0.9640277624130249,
        0.8632640242576599,
        0.7274640798568726,
        0.0869414210319519,
        0.6195065379142761,
        0.965254008769989,
        0.640862226486206,
        0.12428063154220581,
        0.06607532501220703,
        0.8237677216529846,
        0.7948948740959167,
        0.6877628564834595,
        0.03701835870742798,
        0.9271628856658936,
        0.5943350195884705,
        0.1853870153427124,
        0.8285701870918274
    ]
}