{
    "format": 2,
    "name": "n50k9_71",
    "n": 50,
    "k": 9,
    "optimal_solution": 6.095293045043945,
    "x_values": [
        0.9015859365463257,
        0.08843201398849487,
        0.09673136472702026,
        0.26808416843414307,
        0.2330266833305359,
        0.7686255574226379,
        0.5233785510063171,
        0.2282741665840149,
        0.6187990307807922,
        0.6252093315124512,
        0.8799417614936829,
        0.7114509344100952,
        0.009899914264678955,
        0.007182002067565918,
        0.322287380695343,
        0.464735746383667,
        0.14293867349624634,
        0.37633633613586426,
        0.08370792865753174,
        0.0572969913482666,
        0.8090689182281494,
        0.3120236396789551,
        0.5621558427810669,
        0.6554943919181824,
        0.9962902069091797,
        0.4370579123497009,
        0.8106751441955566,
        0.5480481386184692,
        0.08862215280532837,
        0.9682067036628723,
        0.04766058921813965,
        0.13785970211029053,
        0.039001524448394775,
        0.02604353427886963,
        0.5936236381530762,
        0.6020457148551941,
        0.2634506821632385,
        0.4402255415916443,
        0.7955487370491028,
        0.061772167682647705,
        0.6732111573219299,
        0.4430733919143677,
        0.9338683485984802,
        0.8004441261291504,
        0.9547408223152161,
        0.21559667587280273,
        0.6551886796951294,
        0.9527658820152283,
        0.0027933120727539062,
        0.8785905838012695
    ],
    "y_values": [
        0.8135761618614197,
        0.6133226156234741,
        0.8147531747817993,
        0.40790194272994995,
        0.18770021200180054,
        0.11654388904571533,
        0.30758434534072876,
        0.8747985363006592,
        0.08085811138153076,
        0.5855005383491516,
        0.7460464239120483,
        0.7707979083061218,
        0.0029845237731933594,
        0.5693441033363342,
        0.42754828929901123,
        0.025933265686035156,
        0.7425540089607239,
        0.6548933982849121,
        0.8503859639167786,
        0.2092151641845703,
        0.6938783526420593,
        0.5968819260597229,
        0.7528709173202515,
        0.9288586974143982,
        0.44971388578414917,
        0.24213534593582153,
        0.8334943056106567,
        0.9121279716491699,
        0.3302704691886902,
        0.16743457317352295,
        0.20563089847564697,
        0.2632372975349426,
        0.11399644613265991,
        0.9679681658744812,
        0.9186347723007202,
        0.7509192228317261,
        0.8343861699104309,
        0.20039212703704834,
        0.35672497749328613,
        0.5803635716438293,
        0.27424174547195435,
        0.2181084156036377,
        0.5882617235183716,
        0.3749238848686218,
        0.568602442741394,
        0.4309723377227783,
        0.3335282802581787,
        0.5070099234580994,
        0.00640869140625,
        0.5108427405357361
    ]
}