{
    "format": 5,
    "name": "n50k9_81",
    "n": 50,
    "k": 9,
    "optimal_solution": 0.25381189584732056,
    "x_values": [
        0.0787118673324585,
        0.887766420841217,
        0.4453533887863159,
        0.7378362417221069,
        0.7822142243385315,
        0.06317257881164551,
        0.34191596508026123,
        0.9429733157157898,
        0.5800292491912842,
        0.4133574366569519,
        0.470022976398468,
        0.21382665634155273,
        0.9644240736961365,
        0.5531240701675415,
        0.4840891361236572,
        0.6813408732414246,
        0.016927599906921387,
        0.642892062664032,
        0.9647166132926941,
        0.5630787014961243,
        0.5079453587532043,
        0.9399906396865845,
        0.8108355402946472,
        0.3718576431274414,
        0.6622281074523926,
        0.6844601035118103,
        0.3996431827545166,
        0.997349202632904,
        0.13599556684494019,
        0.8059689998626709,
        0.3099941611289978,
        0.7377626299858093,
        0.4997541308403015,
        0.5147784948348999,
        0.5735346674919128,
        0.8951355814933777,
        0.8287004232406616,
        0.48165422677993774,
        0.420504629611969,
        0.6055478453636169,
        0.3574119806289673,
        0.4188624620437622,
        0.8387470841407776,
        0.2078077793121338,
        0.8612534403800964,
        0.7570965886116028,
        0.9523428082466125,
        0.3363560438156128,
        0.5441879034042358,
        0.3685140609741211
    ],
    "y_values": [
        0.533482015132904,
        0.3552905321121216,
        0.4038565158843994,
        0.5446271896362305,
        0.7807526588439941,
        0.17901402711868286,
        0.8925321698188782,
        0.8489201068878174,
        0.6469362378120422,
        0.15731066465377808,
        0.009168744087219238,
        0.34449106454849243,
        0.1368619203567505,
        0.3622211217880249,
        0.24022066593170166,
        0.13787370920181274,
        0.21232151985168457,
        0.14521169662475586,
        0.0361594557762146,
        0.5409137010574341,
        0.6533498764038086,
        0.26250022649765015,
        0.4563220143318176,
        0.1046823263168335,
        0.7255957722663879,
        0.9165276288986206,
        0.3386455178260803,
        0.9085623025894165,
        0.5019896626472473,
        0.0005303621292114258,
        0.693786084651947,
        0.5938231348991394,
        0.8849951028823853,
        0.49837344884872437,
        0.15591782331466675,
        0.4826624393463135,
        0.8171159029006958,
        0.1972854733467102,
        0.3757283687591553,
        0.27126026153564453,
        0.3413603901863098,
        0.3112795352935791,
        0.05360144376754761,
        0.8245902061462402,
        0.40252476930618286,
        0.7108719944953918,
        0.20305770635604858,
        0.5088193416595459,
        0.07409358024597168,
        0.21007615327835083
    ]
}