{
    "format": 2,
    "name": "n50k9_68",
    "n": 50,
    "k": 9,
    "optimal_solution": 6.419305324554443,
    "x_values": [
        0.14874792098999023,
        0.2833521366119385,
        0.7226449251174927,
        0.10506027936935425,
        0.9308507442474365,
        0.4434307813644409,
        0.9287489652633667,
        0.8307956457138062,
        0.05085653066635132,
        0.45445823669433594,
        0.08182823657989502,
        0.5799857974052429,
        0.9615616202354431,
        0.8786677122116089,
        0.5075160264968872,
        0.9978833198547363,
        0.35503172874450684,
        0.7800737023353577,
        0.004852175712585449,
        0.7740840315818787,
        0.35088521242141724,
        0.36318445205688477,
        0.6384679079055786,
        0.6487919092178345,
        0.43438977003097534,
        0.2784880995750427,
        0.8067354559898376,
        0.6935606002807617,
        0.4099072813987732,
        0.5212972164154053,
        0.48424816131591797,
        0.648896336555481,
        0.49181628227233887,
        0.9314960837364197,
        0.768416166305542,
        0.9769818782806396,
        0.8089695572853088,
        0.42501622438430786,
        0.8902042508125305,
        0.6394959092140198,
        0.08158069849014282,
        0.28528261184692383,
        0.8303379416465759,
        0.465204119682312,
        0.22268235683441162,
        0.5528256893157959,
        0.6822115182876587,
        0.11509037017822266,
        0.21535366773605347,
        0.7179660201072693
    ],
    "y_values": [
        0.23215991258621216,
        0.9312569499015808,
        0.9052659869194031,
        0.7550178170204163,
        0.6803101897239685,
        0.6188168525695801,
        0.907309353351593,
        0.795787513256073,
        0.8898307085037231,
        0.6414725184440613,
        0.5437788963317871,
        0.019744455814361572,
        0.21662098169326782,
        0.7028395533561707,
        0.011994659900665283,
        0.44753313064575195,
        0.8251766562461853,
        0.7202076315879822,
        0.6138145923614502,
        0.2544742822647095,
        0.7824827432632446,
        0.2171769142150879,
        0.3943479061126709,
        0.7778130173683167,
        0.20580971240997314,
        0.8070934414863586,
        0.5468528866767883,
        0.03157693147659302,
        0.5344882011413574,
        0.49457812309265137,
        0.2789442539215088,
        0.7037964463233948,
        0.7103703022003174,
        0.33330273628234863,
        0.09392660856246948,
        0.6671233773231506,
        0.10834819078445435,
        0.27544862031936646,
        0.44263672828674316,
        0.14289045333862305,
        0.8610835671424866,
        0.2415512204170227,
        0.9136549830436707,
        0.728569746017456,
        0.5745014548301697,
        0.9545166492462158,
        0.7605003714561462,
        0.12096846103668213,
        0.29276973009109497,
        0.7598639130592346
    ]
}