{
    "format": 2,
    "name": "n80k4_51",
    "n": 80,
    "k": 4,
    "optimal_solution": 18.52150535583496,
    "x_values": [
        0.43748682737350464,
        0.3544514775276184,
        0.5984354615211487,
        0.7758203744888306,
        0.955595076084137,
        0.4417904019355774,
        0.0047373175621032715,
        0.6794963479042053,
        0.5389988422393799,
        0.6944940686225891,
        0.06159400939941406,
        0.83452969789505,
        0.3368840217590332,
        0.5302449464797974,
        0.6256884932518005,
        0.5788323283195496,
        0.3959738612174988,
        0.6217857003211975,
        0.8611011505126953,
        0.582474410533905,
        0.06542199850082397,
        0.6282058954238892,
        0.759293258190155,
        0.29202723503112793,
        0.1997244954109192,
        0.6784560084342957,
        0.1139100193977356,
        0.7024374604225159,
        0.806338906288147,
        0.7267913222312927,
        0.7957912087440491,
        0.8792632818222046,
        0.01083827018737793,
        0.779723584651947,
        0.9918075799942017,
        0.25353074073791504,
        0.3484417796134949,
        0.03545832633972168,
        0.21027904748916626,
        0.492753803730011,
        0.09719210863113403,
        0.11471444368362427,
        0.10582655668258667,
        0.1676650047302246,
        0.40811651945114136,
        0.6634432077407837,
        0.9749051332473755,
        0.07768583297729492,
        0.3382032513618469,
        0.8981762528419495,
        0.21563631296157837,
        0.2561681270599365,
        0.07027596235275269,
        0.03170114755630493,
        0.9616439938545227,
        0.16559314727783203,
        0.8472999334335327,
        0.27988380193710327,
        0.8598088622093201,
        0.09961366653442383,
        0.3713001608848572,
        0.036939799785614014,
        0.25504666566848755,
        0.17934250831604004,
        0.10199153423309326,
        0.16915279626846313,
        0.16512835025787354,
        0.6419665813446045,
        0.39921069145202637,
        0.6725820302963257,
        0.20008909702301025,
        0.013910770416259766,
        0.3518332242965698,
        0.6721996665000916,
        0.5322137475013733,
        0.5370529890060425,
        0.4536340832710266,
        0.9893303513526917,
        0.5220789313316345,
        0.2736949920654297
    ],
    "y_values": [
        0.34839653968811035,
        0.5490572452545166,
        0.8040390610694885,
        0.44522368907928467,
        0.9403342604637146,
        0.03171807527542114,
        0.12324410676956177,
        0.04801797866821289,
        0.5359288454055786,
        0.6321048140525818,
        0.9290539622306824,
        0.029328644275665283,
        0.10440295934677124,
        0.19295400381088257,
        0.3169679641723633,
        0.23339349031448364,
        0.5956850051879883,
        0.4924079179763794,
        0.6548618674278259,
        0.5406652092933655,
        0.29153919219970703,
        0.5427119731903076,
        0.7482041716575623,
        0.9133688807487488,
        0.5764999389648438,
        0.41380608081817627,
        0.8670563697814941,
        0.1285119652748108,
        0.3074829578399658,
        0.4839465022087097,
        0.30481094121932983,
        0.5989328622817993,
        0.1785668134689331,
        0.06168597936630249,
        0.6909248232841492,
        0.6889289617538452,
        0.5971630215644836,
        0.9780464768409729,
        0.2622542381286621,
        0.1180524230003357,
        0.4965701103210449,
        0.46719080209732056,
        0.9342600107192993,
        0.2327062487602234,
        0.21983051300048828,
        0.08878517150878906,
        0.8634990453720093,
        0.24009335041046143,
        0.018166959285736084,
        0.8134945631027222,
        0.38615882396698,
        0.23922938108444214,
        0.06132549047470093,
        0.7255102396011353,
        0.6501201391220093,
        0.20126056671142578,
        0.33622342348098755,
        0.7854580879211426,
        0.0974084734916687,
        0.11610925197601318,
        0.01375722885131836,
        0.6840024590492249,
        0.514950692653656,
        0.3389298915863037,
        0.6036972403526306,
        0.8162925839424133,
        0.9281496405601501,
        0.027430355548858643,
        0.23615097999572754,
        0.5603423714637756,
        0.852966845035553,
        0.4328156113624573,
        0.44256162643432617,
        0.3427293300628662,
        0.16403239965438843,
        0.5478588342666626,
        0.41041499376296997,
        0.13754045963287354,
        0.19959747791290283,
        0.29129481315612793
    ]
}