{
    "format": 5,
    "name": "n50k3_1",
    "n": 50,
    "k": 3,
    "optimal_solution": 0.5245100855827332,
    "x_values": [
        0.05361288785934448,
        0.9717561602592468,
        0.35205090045928955,
        0.1798449158668518,
        0.22230809926986694,
        0.43645167350769043,
        0.9915191531181335,
        0.1314941644668579,
        0.9673911929130554,
        0.012556850910186768,
        0.3017321228981018,
        0.9323920607566833,
        0.7402819991111755,
        0.6240755319595337,
        0.23020875453948975,
        0.8113216161727905,
        0.04695612192153931,
        0.14705616235733032,
        0.493747353553772,
        0.13714182376861572,
        0.8354371786117554,
        0.10005849599838257,
        0.40400731563568115,
        0.18012702465057373,
        0.7177796363830566,
        0.8124122023582458,
        0.18329161405563354,
        0.479811429977417,
        0.7023797035217285,
        0.7778213024139404,
        0.1781977415084839,
        0.2686538100242615,
        0.028928160667419434,
        0.6934970617294312,
        0.6166991591453552,
        0.8231856822967529,
        0.5903382897377014,
        0.24385583400726318,
        0.06574368476867676,
        0.15716463327407837,
        0.6259253025054932,
        0.7650707960128784,
        0.8615246415138245,
        0.6764682531356812,
        0.18951469659805298,
        0.2837132215499878,
        0.7535389065742493,
        0.9460324048995972,
        0.8120715022087097,
        0.4909248352050781
    ],
    "y_values": [
        0.6457383036613464,
        0.16901063919067383,
        0.5162517428398132,
        0.6429696679115295,
        0.35163450241088867,
        0.6657615900039673,
        0.42776602506637573,
        0.7669177651405334,
        0.5270939469337463,
        0.7327805161476135,
        0.6534271240234375,
        0.6393071413040161,
        0.4108029007911682,
        0.681175708770752,
        0.6925517320632935,
        0.11112213134765625,
        0.6818080544471741,
        0.9086134433746338,
        0.9424564838409424,
        0.7745059132575989,
        0.23320317268371582,
        0.33175164461135864,
        0.04218930006027222,
        0.04110407829284668,
        0.5725159049034119,
        0.8817390203475952,
        0.9684708714485168,
        0.8976226449012756,
        0.8084239363670349,
        0.13359349966049194,
        0.3741353750228882,
        0.7450115084648132,
        0.17359280586242676,
        0.08563727140426636,
        0.5903589129447937,
        0.21255385875701904,
        0.5654920935630798,
        0.6184861063957214,
        0.46724265813827515,
        0.4013015031814575,
        0.0008557438850402832,
        0.25724202394485474,
        0.4430587887763977,
        0.6595609188079834,
        0.3732427954673767,
        0.5685176253318787,
        0.4155036211013794,
        0.0985572338104248,
        0.35213375091552734,
        0.5546101331710815
    ]
}