{
    "format": 5,
    "name": "n50k3_8",
    "n": 50,
    "k": 3,
    "optimal_solution": 0.5275423526763916,
    "x_values": [
        0.9222627282142639,
        0.7070477604866028,
        0.9002289175987244,
        0.6612729430198669,
        0.9147031903266907,
        0.8377698063850403,
        0.2562193274497986,
        0.9972730278968811,
        0.7785115242004395,
        0.7993221879005432,
        0.12219536304473877,
        0.32847172021865845,
        0.19692718982696533,
        0.1518164873123169,
        0.6131522059440613,
        0.677374541759491,
        0.644485592842102,
        0.7507035136222839,
        0.20491045713424683,
        0.3139764070510864,
        0.25651705265045166,
        0.871553897857666,
        0.6756260991096497,
        0.9527971148490906,
        0.9025853872299194,
        0.07758307456970215,
        0.5255542993545532,
        0.9246362447738647,
        0.07481366395950317,
        0.47293782234191895,
        0.2611541152000427,
        0.06568646430969238,
        0.6183086633682251,
        0.13248920440673828,
        0.22235071659088135,
        0.13502782583236694,
        0.7225626111030579,
        0.9510624408721924,
        0.19642889499664307,
        0.33312612771987915,
        0.34780585765838623,
        0.09622323513031006,
        0.4930972456932068,
        0.09281694889068604,
        0.955991804599762,
        0.7847962379455566,
        0.6443704962730408,
        0.22299319505691528,
        0.8269545435905457,
        0.6688032746315002
    ],
    "y_values": [
        0.14353662729263306,
        0.2920570969581604,
        0.8293849229812622,
        0.7679845690727234,
        0.7886252999305725,
        0.31491971015930176,
        0.9119260907173157,
        0.9595022201538086,
        0.2677915692329407,
        0.41011619567871094,
        0.4005510210990906,
        0.030816078186035156,
        0.846737265586853,
        0.12258714437484741,
        0.5894795656204224,
        0.7026904821395874,
        0.6040676236152649,
        0.9062307476997375,
        0.5082977414131165,
        0.332935631275177,
        0.1341899037361145,
        0.7025089263916016,
        0.6990362405776978,
        0.9254875183105469,
        0.7020057439804077,
        0.6087759137153625,
        0.1895650029182434,
        0.08967691659927368,
        0.38832569122314453,
        0.954473614692688,
        0.0020685195922851562,
        0.7501577138900757,
        0.4536128044128418,
        0.36897045373916626,
        0.7466333508491516,
        0.8712249398231506,
        0.3486136794090271,
        0.8537548184394836,
        0.7529863715171814,
        0.8073745369911194,
        0.8989693522453308,
        0.9062023162841797,
        0.5250155925750732,
        0.288860023021698,
        0.28666985034942627,
        0.41016143560409546,
        0.434897243976593,
        0.6002169847488403,
        0.3254479169845581,
        0.3864209055900574
    ]
}