{
    "format": 5,
    "name": "n20k8_4",
    "n": 20,
    "k": 8,
    "optimal_solution": 0.21000885963439941,
    "x_values": [
        0.7087382674217224,
        0.2993999123573303,
        0.21922671794891357,
        0.5324327349662781,
        0.9592157602310181,
        0.7688392400741577,
        0.28402554988861084,
        0.10563623905181885,
        0.32742226123809814,
        0.6470287442207336,
        0.23113685846328735,
        0.16631197929382324,
        0.504317581653595,
        0.7234891653060913,
        0.07650560140609741,
        0.48201054334640503,
        0.4723501205444336,
        0.3156422972679138,
        0.20294421911239624,
        0.5646237730979919
    ],
    "y_values": [
        0.21258652210235596,
        0.9703900218009949,
        0.5697842240333557,
        0.27598661184310913,
        0.44543421268463135,
        0.10062932968139648,
        0.04164856672286987,
        0.13692498207092285,
        0.7643725872039795,
        0.2475222945213318,
        0.8474516868591309,
        0.7367227673530579,
        0.34902775287628174,
        0.5826283693313599,
        0.9887746572494507,
        0.37033021450042725,
        0.1260603666305542,
        0.5075055360794067,
        0.07334131002426147,
        0.2145366668701172
    ]
}