{
    "format": 5,
    "name": "n90k10_12",
    "n": 90,
    "k": 10,
    "optimal_solution": 0.24680447578430176,
    "x_values": [
        0.5544177889823914,
        0.8146394491195679,
        0.38942015171051025,
        0.9442429542541504,
        0.2483556866645813,
        0.12577354907989502,
        0.7827383279800415,
        0.8194063901901245,
        0.043247342109680176,
        0.5608281493186951,
        0.7215502262115479,
        0.48399001359939575,
        0.7235320210456848,
        0.7719445824623108,
        0.7213394045829773,
        0.8568349480628967,
        0.4635656476020813,
        0.8641296625137329,
        0.3518717288970947,
        0.48414695262908936,
        0.9678080081939697,
        0.6214148998260498,
        0.424690842628479,
        0.10862356424331665,
        0.8936798572540283,
        0.5824816823005676,
        0.09425663948059082,
        0.5819796919822693,
        0.6684445142745972,
        0.5264250636100769,
        0.7583318948745728,
        0.3930986523628235,
        0.451013445854187,
        0.6952871680259705,
        0.008978128433227539,
        0.9191333055496216,
        0.6290509104728699,
        0.1303722858428955,
        0.21611559391021729,
        0.4223456382751465,
        0.11822134256362915,
        0.22191590070724487,
        0.5883117914199829,
        0.9240024089813232,
        0.9993257522583008,
        0.8902597427368164,
        0.44821274280548096,
        0.6695578694343567,
        0.9878191351890564,
        0.9109897017478943,
        0.22970658540725708,
        0.7839989066123962,
        0.8344781398773193,
        0.25204986333847046,
        0.4351266026496887,
        0.5104178190231323,
        0.38508719205856323,
        0.02361363172531128,
        0.5078599452972412,
        0.9959926605224609,
        0.6401129364967346,
        0.9300765991210938,
        0.16133016347885132,
        0.46116411685943604,
        0.9978678822517395,
        0.010395288467407227,
        0.2927781939506531,
        0.8367916941642761,
        0.2520802617073059,
        0.5968823432922363,
        0.1942911148071289,
        0.39490246772766113,
        0.8424128293991089,
        0.005226612091064453,
        0.9809873104095459,
        0.5503380298614502,
        0.1299392580986023,
        0.7388623952865601,
        0.040435969829559326,
        0.5705500245094299,
        0.6947454214096069,
        0.15134984254837036,
        0.6003667712211609,
        0.4214456081390381,
        0.15083670616149902,
        0.23087835311889648,
        0.2784075140953064,
        0.46564459800720215,
        0.5444508194923401,
        0.5614976286888123
    ],
    "y_values": [
        0.09582853317260742,
        0.7685126662254333,
        0.16631054878234863,
        0.615386426448822,
        0.32832956314086914,
        0.888943612575531,
        0.861867368221283,
        0.45143234729766846,
        0.07401061058044434,
        0.6979038119316101,
        0.3303871154785156,
        0.726520299911499,
        0.7714998722076416,
        0.29373788833618164,
        0.24449151754379272,
        0.7320505976676941,
        0.5804232954978943,
        0.7268410921096802,
        0.15359622240066528,
        0.46559590101242065,
        0.9877573251724243,
        0.33902865648269653,
        0.10913443565368652,
        0.9126012921333313,
        0.9636611342430115,
        0.8640949130058289,
        0.7744191884994507,
        0.9484317302703857,
        0.5463186502456665,
        0.3298758268356323,
        0.9421970844268799,
        0.027001678943634033,
        0.4220725893974304,
        0.008705437183380127,
        0.874157190322876,
        0.2326425313949585,
        0.6868759989738464,
        0.9004994630813599,
        0.9112990498542786,
        0.4124259352684021,
        0.999806821346283,
        0.5742611289024353,
        0.7075076699256897,
        0.20333129167556763,
        0.24467837810516357,
        0.5731025338172913,
        0.08293938636779785,
        0.46774405241012573,
        0.9458171129226685,
        0.4611104726791382,
        0.9926110506057739,
        0.16562682390213013,
        0.6268967986106873,
        0.29751771688461304,
        0.6797834634780884,
        0.6211598515510559,
        0.5531601905822754,
        0.36656469106674194,
        0.731768786907196,
        0.7169975638389587,
        0.7994871735572815,
        0.4152414798736572,
        0.8809124827384949,
        0.5124943852424622,
        0.5556406378746033,
        0.48425352573394775,
        0.6764159202575684,
        0.624729573726654,
        0.08524966239929199,
        0.633202075958252,
        0.35148459672927856,
        0.4758561849594116,
        0.37280797958374023,
        0.211991548538208,
        0.4436212182044983,
        0.20293492078781128,
        0.6846386194229126,
        0.5308588147163391,
        0.19825196266174316,
        0.6154311895370483,
        0.706226110458374,
        0.44710302352905273,
        0.03889632225036621,
        0.5098191499710083,
        0.8262900114059448,
        0.2711740732192993,
        0.23141556978225708,
        0.7215760350227356,
        0.023844122886657715,
        0.433324933052063
    ]
}