{
    "format": 2,
    "name": "n20k8_30",
    "n": 20,
    "k": 8,
    "optimal_solution": 1.8459582328796387,
    "x_values": [
        0.6680808067321777,
        0.6758482456207275,
        0.07737833261489868,
        0.9594776034355164,
        0.953696072101593,
        0.05726426839828491,
        0.5676345229148865,
        0.17142409086227417,
        0.9137542843818665,
        0.739214301109314,
        0.8374966382980347,
        0.15453630685806274,
        0.6292634606361389,
        0.978173553943634,
        0.42166197299957275,
        0.5790231227874756,
        0.1695982813835144,
        0.22969096899032593,
        0.23477625846862793,
        0.3913751244544983
    ],
    "y_values": [
        0.30153995752334595,
        0.11349493265151978,
        0.7316820621490479,
        0.003785431385040283,
        0.9524564146995544,
        0.9689385890960693,
        0.23435604572296143,
        0.13251113891601562,
        0.9360754489898682,
        0.39816737174987793,
        0.45971012115478516,
        0.8754387497901917,
        0.6534828543663025,
        0.925613522529602,
        0.3305248022079468,
        0.7524110674858093,
        0.1602211594581604,
        0.9361390471458435,
        0.6701037287712097,
        0.611366331577301
    ]
}