{
    "format": 2,
    "name": "n20k8_61",
    "n": 20,
    "k": 8,
    "optimal_solution": 1.4929170608520508,
    "x_values": [
        0.6920095682144165,
        0.7320899367332458,
        0.23413550853729248,
        0.17536002397537231,
        0.856428861618042,
        0.5400184392929077,
        0.8357704281806946,
        0.6892948150634766,
        0.6382209062576294,
        0.3733764886856079,
        0.5090577602386475,
        0.26170116662979126,
        0.7950043082237244,
        0.3756030201911926,
        0.6759305000305176,
        0.8783053755760193,
        0.28912246227264404,
        0.5317748188972473,
        0.7657261490821838,
        0.06748229265213013
    ],
    "y_values": [
        0.028000175952911377,
        0.6140422224998474,
        0.645487904548645,
        0.9380933046340942,
        0.057403564453125,
        0.7604261040687561,
        0.9212016463279724,
        0.31872791051864624,
        0.3873932957649231,
        0.937893807888031,
        0.8602542281150818,
        0.3715735077857971,
        0.6561903357505798,
        0.9105968475341797,
        0.30214715003967285,
        0.7464051246643066,
        0.37387382984161377,
        0.06523394584655762,
        0.6786400675773621,
        0.33240681886672974
    ]
}