{
    "format": 8,
    "name": "n80k7_13",
    "n": 80,
    "k": 7,
    "capacity": 12,
    "optimal_solution": 14.225390434265137,
    "x_values": [
        0.37016528844833374,
        0.7771740555763245,
        0.17872685194015503,
        0.3170098066329956,
        0.9339650273323059,
        0.13449275493621826,
        0.1755138635635376,
        0.5976783037185669,
        0.037759363651275635,
        0.784789502620697,
        0.03808075189590454,
        0.44009363651275635,
        0.9025893807411194,
        0.6372973918914795,
        0.3547621965408325,
        0.936952531337738,
        0.041342854499816895,
        0.748995840549469,
        0.7655030488967896,
        0.8630743026733398,
        0.5554247498512268,
        0.796127438545227,
        0.892355740070343,
        0.4431583881378174,
        0.3313707113265991,
        0.7776719331741333,
        0.1560823917388916,
        0.9804949760437012,
        0.45574861764907837,
        0.27509576082229614,
        0.4848173260688782,
        0.04217308759689331,
        0.9070047736167908,
        0.20536887645721436,
        0.4428015351295471,
        0.45081454515457153,
        0.8332984447479248,
        0.7287440299987793,
        0.17349451780319214,
        0.44431835412979126,
        0.06880038976669312,
        0.17549139261245728,
        0.02112334966659546,
        0.8653934597969055,
        0.5305838584899902,
        0.16383576393127441,
        0.9395846724510193,
        0.40087729692459106,
        0.8716019988059998,
        0.009431064128875732,
        0.4303872585296631,
        0.8587806224822998,
        0.47495806217193604,
        0.4847238063812256,
        0.704953670501709,
        0.3651902675628662,
        0.929523229598999,
        0.24529755115509033,
        0.2682971954345703,
        0.0006895661354064941,
        0.3672904372215271,
        0.9213561415672302,
        0.3059672713279724,
        0.879967987537384,
        0.2319663166999817,
        0.15560781955718994,
        0.5264050364494324,
        0.5890472531318665,
        0.3540782332420349,
        0.5801066756248474,
        0.6647908687591553,
        0.8661690354347229,
        0.5926352739334106,
        0.5501444935798645,
        0.4123750925064087,
        0.1031915545463562,
        0.22785604000091553,
        0.2901051640510559,
        0.09433507919311523,
        0.8194292187690735
    ],
    "y_values": [
        0.7857570052146912,
        0.05005335807800293,
        0.4408809542655945,
        0.0004984736442565918,
        0.9501626491546631,
        0.6681205630302429,
        0.012199044227600098,
        0.6136249899864197,
        0.5491906404495239,
        0.7709126472473145,
        0.9601293802261353,
        0.056256115436553955,
        0.14539694786071777,
        0.3909960389137268,
        0.8202133774757385,
        0.6845507025718689,
        0.3083043694496155,
        0.6500098705291748,
        0.7116611003875732,
        0.2533028721809387,
        0.6961320638656616,
        0.5610306859016418,
        0.8253156542778015,
        0.394605815410614,
        0.5464599132537842,
        0.9183804988861084,
        0.8519917726516724,
        0.9984325766563416,
        0.7403004765510559,
        0.15725499391555786,
        0.20837414264678955,
        0.9223265051841736,
        0.6775375008583069,
        0.6160513758659363,
        0.6120259761810303,
        0.9627194404602051,
        0.9587045907974243,
        0.4033290147781372,
        0.35166245698928833,
        0.36211496591567993,
        0.17155665159225464,
        0.1197434663772583,
        0.10315918922424316,
        0.7863957285881042,
        0.44801342487335205,
        0.9139319658279419,
        0.6513473987579346,
        0.7154091000556946,
        0.9001306891441345,
        0.6494181156158447,
        0.0639258623123169,
        0.6721335649490356,
        0.8522686958312988,
        0.9917744994163513,
        0.4363308548927307,
        0.012577712535858154,
        0.9791311025619507,
        0.0038270950317382812,
        0.07605165243148804,
        0.4145890474319458,
        0.8867236375808716,
        0.38900089263916016,
        0.6284250617027283,
        0.061241328716278076,
        0.9246599674224854,
        0.13504445552825928,
        0.27634531259536743,
        0.8137861490249634,
        0.35049372911453247,
        0.16584300994873047,
        0.8997328281402588,
        0.43753135204315186,
        0.6847094297409058,
        0.27355527877807617,
        0.555448591709137,
        0.3819468021392822,
        0.8062602281570435,
        0.22244322299957275,
        0.8668476343154907,
        0.3182900547981262
    ]
}