{
    "format": 8,
    "name": "n80k7_73",
    "n": 80,
    "k": 7,
    "capacity": 12,
    "optimal_solution": 12.84081745147705,
    "x_values": [
        0.39742761850357056,
        0.28124046325683594,
        0.5883181691169739,
        0.8934422731399536,
        0.8105126023292542,
        0.07578206062316895,
        0.21523898839950562,
        0.14873290061950684,
        0.8661842346191406,
        0.3442077040672302,
        0.3309127688407898,
        0.040442585945129395,
        0.5159316062927246,
        0.8567867279052734,
        0.5264928340911865,
        0.5250514149665833,
        0.8442007899284363,
        0.6244453191757202,
        0.8006345629692078,
        0.9111742973327637,
        0.9304080605506897,
        0.26340097188949585,
        0.3698388934135437,
        0.6481389999389648,
        0.7697434425354004,
        0.6878788471221924,
        0.8228403329849243,
        0.591261088848114,
        0.7511928081512451,
        0.11946076154708862,
        0.6362390518188477,
        0.147172212600708,
        0.9766885638237,
        0.9088765978813171,
        0.5962122082710266,
        0.2775939702987671,
        0.9201560020446777,
        0.5017411708831787,
        0.04058641195297241,
        0.8603047728538513,
        0.46424537897109985,
        0.8654598593711853,
        0.8491279482841492,
        0.5268229842185974,
        0.3337633013725281,
        0.9183169603347778,
        0.18962132930755615,
        0.6695335507392883,
        0.7000882029533386,
        0.5890942811965942,
        0.6253013610839844,
        0.3331586718559265,
        0.09417235851287842,
        0.209406316280365,
        0.9758584499359131,
        0.7593196630477905,
        0.8134908080101013,
        0.38294053077697754,
        0.1321730613708496,
        0.5297157764434814,
        0.5594740509986877,
        0.3342556357383728,
        0.9919008016586304,
        0.014041483402252197,
        0.7911529541015625,
        0.03963315486907959,
        0.4896773099899292,
        0.5814669132232666,
        0.18138116598129272,
        0.984166145324707,
        0.09218525886535645,
        0.31890809535980225,
        0.1429244875907898,
        0.2959917187690735,
        0.46186554431915283,
        0.870110273361206,
        0.2103874683380127,
        0.2604508399963379,
        0.4179198741912842,
        0.9736457467079163
    ],
    "y_values": [
        0.8945057988166809,
        0.1713658571243286,
        0.15065550804138184,
        0.7671710252761841,
        0.7750340700149536,
        0.16396760940551758,
        0.6044331192970276,
        0.1918429136276245,
        0.6408017873764038,
        0.9741912484169006,
        0.7815320491790771,
        0.131708025932312,
        0.01846599578857422,
        0.6503706574440002,
        0.7724382877349854,
        0.44573867321014404,
        0.4749995470046997,
        0.7492810487747192,
        0.37825465202331543,
        0.30029183626174927,
        0.9525699615478516,
        0.4310882091522217,
        0.13938307762145996,
        0.6237597465515137,
        0.29672640562057495,
        0.3475220203399658,
        0.798696756362915,
        0.7188137173652649,
        0.05935978889465332,
        0.19250953197479248,
        0.4253671169281006,
        0.5224094390869141,
        0.340073823928833,
        0.12204301357269287,
        0.40170449018478394,
        0.7421934008598328,
        0.1240309476852417,
        0.9867500066757202,
        0.16546225547790527,
        0.9602586030960083,
        0.6360218524932861,
        0.8186222314834595,
        0.20506072044372559,
        0.646232008934021,
        0.01810920238494873,
        0.9310371279716492,
        0.9581604599952698,
        0.7447906732559204,
        0.5325051546096802,
        0.8840247988700867,
        0.740237832069397,
        0.2013961672782898,
        0.4258296489715576,
        0.9926365613937378,
        0.5985432267189026,
        0.8715263605117798,
        0.21022480726242065,
        0.40134382247924805,
        0.10041147470474243,
        0.6494556665420532,
        0.5796331167221069,
        0.47045671939849854,
        0.8080006837844849,
        0.3306194543838501,
        0.8482223749160767,
        0.3581078052520752,
        0.7909683585166931,
        0.07098650932312012,
        0.674352765083313,
        0.34261876344680786,
        0.16896545886993408,
        0.2526501417160034,
        0.12401837110519409,
        0.8571785688400269,
        0.20765942335128784,
        0.7411189079284668,
        0.40706461668014526,
        0.29089123010635376,
        0.6344878077507019,
        0.6730570793151855
    ]
}