{
    "format": 2,
    "name": "n70k5_34",
    "n": 70,
    "k": 5,
    "optimal_solution": 14.156540870666504,
    "x_values": [
        0.5187058448791504,
        0.922614574432373,
        0.3909749984741211,
        0.6921645402908325,
        0.027555644512176514,
        0.6710101366043091,
        0.6077443957328796,
        0.020557045936584473,
        0.13334518671035767,
        0.46114808320999146,
        0.1859336495399475,
        0.020253658294677734,
        0.9282354116439819,
        0.25684231519699097,
        0.09226858615875244,
        0.15550482273101807,
        0.15893560647964478,
        0.7213531136512756,
        0.6073307991027832,
        0.21401578187942505,
        0.596890926361084,
        0.1270352005958557,
        0.21292340755462646,
        0.4418533444404602,
        0.9713249802589417,
        0.35710132122039795,
        0.8570883274078369,
        0.765509843826294,
        0.2754649519920349,
        0.6059691905975342,
        0.08995389938354492,
        0.7764479517936707,
        0.8571197986602783,
        0.028523504734039307,
        0.7651984691619873,
        0.21829438209533691,
        0.8420642614364624,
        0.37384718656539917,
        0.6741707921028137,
        0.009853065013885498,
        0.7343565821647644,
        0.6731891632080078,
        0.6532267928123474,
        0.22992193698883057,
        0.6388501524925232,
        0.6197640299797058,
        0.11214691400527954,
        0.7589594721794128,
        0.8265886306762695,
        0.46192026138305664,
        0.023579657077789307,
        0.5920702815055847,
        0.154862642288208,
        0.2570473551750183,
        0.09229046106338501,
        0.43689674139022827,
        0.5821159482002258,
        0.755410373210907,
        0.12627607583999634,
        0.34391653537750244,
        0.9988023638725281,
        0.7025132775306702,
        0.6040109395980835,
        0.9062219858169556,
        0.9701960682868958,
        0.8333941102027893,
        0.26852869987487793,
        0.2367420792579651,
        0.6694188117980957,
        0.28935861587524414
    ],
    "y_values": [
        0.0031741857528686523,
        0.9897036552429199,
        0.7075136303901672,
        0.20819658041000366,
        0.16271471977233887,
        0.08664470911026001,
        0.9582868814468384,
        0.0638321042060852,
        0.9426684975624084,
        0.012430787086486816,
        0.07309454679489136,
        0.3060764670372009,
        0.464457631111145,
        0.005810260772705078,
        0.0416836142539978,
        0.8620210289955139,
        0.0011308789253234863,
        0.08393937349319458,
        0.5560323596000671,
        0.7286784648895264,
        0.5835177302360535,
        0.4663701057434082,
        0.7191099524497986,
        0.5095321536064148,
        0.1303052306175232,
        0.16677671670913696,
        0.774639368057251,
        0.19088709354400635,
        0.8554457426071167,
        0.8377364277839661,
        0.3918182849884033,
        0.7448759078979492,
        0.9322153329849243,
        0.4805106520652771,
        0.7938331365585327,
        0.5032112002372742,
        0.7462849020957947,
        0.3674904704093933,
        0.19949430227279663,
        0.3794611692428589,
        0.8913715481758118,
        0.3332638144493103,
        0.7046436667442322,
        0.10485196113586426,
        0.8959638476371765,
        0.9576992988586426,
        0.2806357741355896,
        0.2506675124168396,
        0.945090651512146,
        0.4654152989387512,
        0.4877474308013916,
        0.4141542911529541,
        0.40888601541519165,
        0.312385618686676,
        0.725448489189148,
        0.6806595325469971,
        0.9609337449073792,
        0.5266444087028503,
        0.5693057775497437,
        0.3501690626144409,
        0.85536128282547,
        0.4893292188644409,
        0.5223824977874756,
        0.5898895859718323,
        0.9337603449821472,
        0.646112859249115,
        0.42691344022750854,
        0.8854861259460449,
        0.8523622155189514,
        0.9271145462989807
    ]
}