{
    "format": 2,
    "name": "n70k5_99",
    "n": 70,
    "k": 5,
    "optimal_solution": 14.575298309326172,
    "x_values": [
        0.9540390968322754,
        0.0042459964752197266,
        0.6052609086036682,
        0.6695329546928406,
        0.13702452182769775,
        0.9004256129264832,
        0.599419891834259,
        0.6153491139411926,
        0.4997974634170532,
        0.5736522078514099,
        0.33406251668930054,
        0.3309590220451355,
        0.5539623498916626,
        0.6690869927406311,
        0.727591872215271,
        0.602503776550293,
        0.5122915506362915,
        0.8486970663070679,
        0.797818660736084,
        0.38423800468444824,
        0.12988823652267456,
        0.3963544964790344,
        0.7945166826248169,
        0.7110978960990906,
        0.9118762016296387,
        0.7460445761680603,
        0.9069095253944397,
        0.5383733510971069,
        0.30821526050567627,
        0.8015508651733398,
        0.13048523664474487,
        0.8489859104156494,
        0.27202850580215454,
        0.5972946882247925,
        0.2778679132461548,
        0.7560901045799255,
        0.11373752355575562,
        0.3928964138031006,
        0.8762604594230652,
        0.04207730293273926,
        0.12244749069213867,
        0.08073246479034424,
        0.24096107482910156,
        0.07934188842773438,
        0.2383960485458374,
        0.002883434295654297,
        0.774297297000885,
        0.23950308561325073,
        0.1225777268409729,
        0.053984642028808594,
        0.35736924409866333,
        0.8398625254631042,
        0.976327121257782,
        0.19239050149917603,
        0.4842197299003601,
        0.8985294699668884,
        0.5275105834007263,
        0.8580735325813293,
        0.5913835167884827,
        0.1521950364112854,
        0.19574934244155884,
        0.5579742789268494,
        0.2558537721633911,
        0.6391799449920654,
        0.9474713802337646,
        0.19636327028274536,
        0.6196375489234924,
        0.3788418769836426,
        0.18627095222473145,
        0.14864015579223633
    ],
    "y_values": [
        0.5419363379478455,
        0.5209411382675171,
        0.7409079074859619,
        0.8887321949005127,
        0.4171825051307678,
        0.5135817527770996,
        0.7220933437347412,
        0.4964911937713623,
        0.6900875568389893,
        0.030644476413726807,
        0.6572064161300659,
        0.10764360427856445,
        0.03182721138000488,
        0.961078941822052,
        0.08548355102539062,
        0.48598814010620117,
        0.19892162084579468,
        0.7331587076187134,
        0.4537111520767212,
        0.5640743970870972,
        0.4113817811012268,
        0.8276036977767944,
        0.7670513987541199,
        0.3100217580795288,
        0.05772817134857178,
        0.5734879970550537,
        0.30052459239959717,
        0.24089199304580688,
        0.8135691285133362,
        0.7822456359863281,
        0.26409614086151123,
        0.9579987525939941,
        0.2612774968147278,
        0.5101813077926636,
        0.7070809006690979,
        0.3786429166793823,
        0.3476479649543762,
        0.3386231064796448,
        0.7905333042144775,
        0.3576737642288208,
        0.44633662700653076,
        0.45664501190185547,
        0.06346958875656128,
        0.704547643661499,
        0.19614768028259277,
        0.9280615448951721,
        0.1387796401977539,
        0.5014259219169617,
        0.7488422393798828,
        0.25839823484420776,
        0.4572869539260864,
        0.5062468647956848,
        0.8648995161056519,
        0.7056776881217957,
        0.4323679208755493,
        0.7048985362052917,
        0.9788215160369873,
        0.5674839019775391,
        0.9417384266853333,
        0.9585383534431458,
        0.31510043144226074,
        0.3881038427352905,
        0.9761959910392761,
        0.5900091528892517,
        0.06205296516418457,
        0.5625060796737671,
        0.9024714231491089,
        0.06112414598464966,
        0.05249816179275513,
        0.6246366500854492
    ]
}