{
    "format": 2,
    "name": "n70k5_50",
    "n": 70,
    "k": 5,
    "optimal_solution": 14.130446434020996,
    "x_values": [
        0.1122940182685852,
        0.13266539573669434,
        0.08859646320343018,
        0.6656101942062378,
        0.5664911866188049,
        0.1641829013824463,
        0.4496246576309204,
        0.003959000110626221,
        0.9977898001670837,
        0.4280727505683899,
        0.22031563520431519,
        0.012002944946289062,
        0.7295932769775391,
        0.49029839038848877,
        0.7139040231704712,
        0.7395540475845337,
        0.827666163444519,
        0.779350996017456,
        0.2402418851852417,
        0.41521167755126953,
        0.03849613666534424,
        0.6073061227798462,
        0.7232874035835266,
        0.7161840796470642,
        0.5939387679100037,
        0.6344146132469177,
        0.7026740312576294,
        0.6987252831459045,
        0.9731327295303345,
        0.4661824703216553,
        0.8200951218605042,
        0.4967496395111084,
        0.4879530668258667,
        0.33553552627563477,
        0.7659806609153748,
        0.919380784034729,
        0.3143095374107361,
        0.3813202381134033,
        0.4432075619697571,
        0.6633048057556152,
        0.047837018966674805,
        0.9580735564231873,
        0.40329450368881226,
        0.8200621008872986,
        0.22728949785232544,
        0.29483163356781006,
        0.4133616089820862,
        0.3845837116241455,
        0.49885880947113037,
        0.24482113122940063,
        0.6732315421104431,
        0.41474753618240356,
        0.1972532868385315,
        0.9616034626960754,
        0.9322060346603394,
        0.7697651386260986,
        0.8759952187538147,
        0.04001516103744507,
        0.2797445058822632,
        0.19649368524551392,
        0.5670048594474792,
        0.4064149856567383,
        0.5832273960113525,
        0.940669596195221,
        0.25350308418273926,
        0.7481111884117126,
        0.8002791404724121,
        0.5676271319389343,
        0.27145087718963623,
        0.5786298513412476
    ],
    "y_values": [
        0.991733729839325,
        0.6359937191009521,
        0.3669990301132202,
        0.8174999356269836,
        0.099032461643219,
        0.5594592094421387,
        0.2210681438446045,
        0.4377918243408203,
        0.2992454171180725,
        0.5998877286911011,
        0.5607206225395203,
        0.7392868995666504,
        0.236303448677063,
        0.9579194784164429,
        0.19425272941589355,
        0.10423719882965088,
        0.23704516887664795,
        0.4444658160209656,
        0.3376392722129822,
        0.32764673233032227,
        0.4351688623428345,
        0.3430745005607605,
        0.8230910301208496,
        0.5648316144943237,
        0.4898037314414978,
        0.5755525231361389,
        0.07734620571136475,
        0.7615520358085632,
        0.7699771523475647,
        0.5089313387870789,
        0.3478156328201294,
        0.4479391574859619,
        0.9706341624259949,
        0.012962400913238525,
        0.19022834300994873,
        0.7597717642784119,
        0.4506245255470276,
        0.26956361532211304,
        0.2573263645172119,
        0.6372143626213074,
        0.4528512954711914,
        0.6904584765434265,
        0.7374499440193176,
        0.4831380844116211,
        0.03945481777191162,
        0.7580422759056091,
        0.006741762161254883,
        0.5089134573936462,
        0.2656218409538269,
        0.5884863138198853,
        0.06004989147186279,
        0.42289459705352783,
        0.6269832253456116,
        0.2800048589706421,
        0.8319311738014221,
        0.987646222114563,
        0.4900051951408386,
        0.22399002313613892,
        0.027585625648498535,
        0.03655272722244263,
        0.412173330783844,
        0.5974135994911194,
        0.30771511793136597,
        0.4220540523529053,
        0.008948147296905518,
        0.9829134941101074,
        0.15162396430969238,
        0.5094905495643616,
        0.23428404331207275,
        0.9813554883003235
    ]
}