{
    "format": 8,
    "name": "n100k4_65",
    "n": 100,
    "k": 4,
    "capacity": 25,
    "optimal_solution": 23.63712501525879,
    "x_values": [
        0.7590700387954712,
        0.24187064170837402,
        0.42988473176956177,
        0.27715539932250977,
        0.6815956234931946,
        0.18469715118408203,
        0.9982578754425049,
        0.6671842932701111,
        0.0963364839553833,
        0.38231778144836426,
        0.8338992595672607,
        0.736348032951355,
        0.06631839275360107,
        0.3514624834060669,
        0.9169850945472717,
        0.005356013774871826,
        0.7274187207221985,
        0.014074921607971191,
        0.4034900665283203,
        0.6155696511268616,
        0.37921959161758423,
        0.9113248586654663,
        0.37587910890579224,
        0.9943100214004517,
        0.95964515209198,
        0.3670293688774109,
        0.9634313583374023,
        0.7271033525466919,
        0.6402338743209839,
        0.45414257049560547,
        0.3779597282409668,
        0.21738356351852417,
        0.8045876622200012,
        0.3504764437675476,
        0.661598801612854,
        0.7051998376846313,
        0.1082562804222107,
        0.7323839664459229,
        0.29391247034072876,
        0.4996762275695801,
        0.9130218029022217,
        0.5404198169708252,
        0.8834462761878967,
        0.2766548991203308,
        0.36369240283966064,
        0.3755500912666321,
        0.04889410734176636,
        0.2452494502067566,
        0.48785948753356934,
        0.7537710070610046,
        0.4595000147819519,
        0.5682466626167297,
        0.36975038051605225,
        0.5385586023330688,
        0.3987734317779541,
        0.5319077372550964,
        0.4566042423248291,
        0.10862618684768677,
        0.564971387386322,
        0.6390500664710999,
        0.12128084897994995,
        0.25168389081954956,
        0.09960758686065674,
        0.3248567581176758,
        0.513595700263977,
        0.9994075298309326,
        0.16066133975982666,
        0.8306401371955872,
        0.09024202823638916,
        0.24646955728530884,
        0.008851289749145508,
        0.7581677436828613,
        0.5394400358200073,
        0.4746142625808716,
        0.895454466342926,
        0.6639657616615295,
        0.7565508484840393,
        0.10083186626434326,
        0.13155007362365723,
        0.5058140754699707,
        0.9058132767677307,
        0.8794699311256409,
        0.668653130531311,
        0.7806946039199829,
        0.9998124241828918,
        0.18473148345947266,
        0.8951900005340576,
        0.3198072910308838,
        0.3704133629798889,
        0.7896737456321716,
        0.3594302535057068,
        0.33143818378448486,
        0.0035451650619506836,
        0.8920187950134277,
        0.8744911551475525,
        0.6276471018791199,
        0.04415637254714966,
        0.5150371193885803,
        0.7827380299568176,
        0.938146710395813
    ],
    "y_values": [
        0.601699948310852,
        0.31480300426483154,
        0.2701464295387268,
        0.761488139629364,
        0.13590341806411743,
        0.18313544988632202,
        0.6075412631034851,
        0.626576840877533,
        0.7064680457115173,
        0.2539736032485962,
        0.9814032316207886,
        0.7832559943199158,
        0.39849740266799927,
        0.6389220356941223,
        0.3952944278717041,
        0.9648935794830322,
        0.7181078195571899,
        0.2479758858680725,
        0.7624737620353699,
        0.7795736789703369,
        0.7677590250968933,
        0.3828040361404419,
        0.631533145904541,
        0.37147265672683716,
        0.8610243797302246,
        0.22201430797576904,
        0.5576745271682739,
        0.5326986312866211,
        0.5610848069190979,
        0.6222725510597229,
        0.9212350249290466,
        0.1556403636932373,
        0.18854141235351562,
        0.34351634979248047,
        0.8018791079521179,
        0.1897341012954712,
        0.7656190991401672,
        0.5153914093971252,
        0.08316159248352051,
        0.15738141536712646,
        0.7999061942100525,
        0.7059708833694458,
        0.6487579941749573,
        0.6550816893577576,
        0.09988468885421753,
        0.4650108814239502,
        0.13336092233657837,
        0.4317057728767395,
        0.5138188600540161,
        0.11701107025146484,
        0.6867283582687378,
        0.20786046981811523,
        0.5713256597518921,
        0.6793066263198853,
        0.8909458518028259,
        0.21280795335769653,
        0.5367428064346313,
        0.46989500522613525,
        0.7554970383644104,
        0.4607471227645874,
        0.439422070980072,
        0.5223422050476074,
        0.3139759302139282,
        0.8556341528892517,
        0.8828855156898499,
        0.04374176263809204,
        0.14709913730621338,
        0.08766645193099976,
        0.6712729930877686,
        0.8674001097679138,
        0.30554187297821045,
        0.5023704171180725,
        0.9806566834449768,
        0.7663381695747375,
        0.37317144870758057,
        0.9003522992134094,
        0.737707793712616,
        0.4730801582336426,
        0.5675083994865417,
        0.6010001301765442,
        0.4877896308898926,
        0.8903270959854126,
        0.168878972530365,
        0.41321343183517456,
        0.31870484352111816,
        0.8651077747344971,
        0.14133447408676147,
        0.9718859195709229,
        0.7451593279838562,
        0.6140118837356567,
        0.33444154262542725,
        0.5701307654380798,
        0.19478696584701538,
        0.5291203260421753,
        0.4092145562171936,
        0.394553542137146,
        0.85472571849823,
        0.8469228744506836,
        0.4717673659324646,
        0.9452255964279175
    ]
}