{
    "format": 8,
    "name": "n100k4_33",
    "n": 100,
    "k": 4,
    "capacity": 25,
    "optimal_solution": 23.618194580078125,
    "x_values": [
        0.5842638611793518,
        0.3124515414237976,
        0.7977116703987122,
        0.37291455268859863,
        0.1600005030632019,
        0.13754713535308838,
        0.40036672353744507,
        0.9069312214851379,
        0.7148719429969788,
        0.4954459071159363,
        0.24121695756912231,
        0.0603983998298645,
        0.7860969305038452,
        0.4219394326210022,
        0.9986764788627625,
        0.7443913221359253,
        0.780026376247406,
        0.6061463952064514,
        0.5514167547225952,
        0.9492409825325012,
        0.8706808090209961,
        0.544154942035675,
        0.5680692195892334,
        0.2424865961074829,
        0.7216548323631287,
        0.5864676237106323,
        0.7463999390602112,
        0.12226033210754395,
        0.8102619647979736,
        0.36664527654647827,
        0.8817027807235718,
        0.7960380911827087,
        0.43613022565841675,
        0.30273181200027466,
        0.7820548415184021,
        0.8912158012390137,
        0.707385778427124,
        0.6353437900543213,
        0.2326056957244873,
        0.6383553147315979,
        0.751816987991333,
        0.4390937089920044,
        0.9069535136222839,
        0.15317076444625854,
        0.6682831645011902,
        0.6970562934875488,
        0.5452141165733337,
        0.29831743240356445,
        0.6968609094619751,
        0.5942332744598389,
        0.5540568232536316,
        0.023132026195526123,
        0.6558268666267395,
        0.13835370540618896,
        0.3353928327560425,
        0.4184880256652832,
        0.5365657806396484,
        0.9169272780418396,
        0.103568434715271,
        0.9470883011817932,
        0.1798122525215149,
        0.516130805015564,
        0.9004859924316406,
        0.7945135235786438,
        0.5442869067192078,
        0.009455740451812744,
        0.1729857325553894,
        0.9018632173538208,
        0.13753074407577515,
        0.09289300441741943,
        0.7073519229888916,
        0.4710544943809509,
        0.609824538230896,
        0.07971203327178955,
        0.04365664720535278,
        0.5902326107025146,
        0.9753264784812927,
        0.7353416681289673,
        0.7014591693878174,
        0.46799927949905396,
        0.21767020225524902,
        0.18867993354797363,
        0.030520379543304443,
        0.6960194110870361,
        0.018735945224761963,
        0.6860654354095459,
        0.09858971834182739,
        0.1780996322631836,
        0.9549584984779358,
        0.4244999885559082,
        0.42703938484191895,
        0.5541961789131165,
        0.8274577260017395,
        0.039763450622558594,
        0.5308797359466553,
        0.07781684398651123,
        0.8020897507667542,
        0.4008448123931885,
        0.7595550417900085,
        0.3388338088989258
    ],
    "y_values": [
        0.7469003200531006,
        0.8925977945327759,
        0.8881717324256897,
        0.9212847948074341,
        0.7911950349807739,
        0.6703808307647705,
        0.7681427597999573,
        0.800544023513794,
        0.6758697032928467,
        0.8595616221427917,
        0.5950239300727844,
        0.5049944519996643,
        0.06772112846374512,
        0.9896106123924255,
        0.12758761644363403,
        0.45519423484802246,
        0.21244186162948608,
        0.06296104192733765,
        0.36175423860549927,
        0.4215767979621887,
        0.4711873531341553,
        0.7945053577423096,
        0.01300501823425293,
        0.26526570320129395,
        0.66764897108078,
        0.9583065509796143,
        0.45231664180755615,
        0.22949165105819702,
        0.5303907990455627,
        0.4967176914215088,
        0.13711577653884888,
        0.33919090032577515,
        0.4505748152732849,
        0.23985159397125244,
        0.1962619423866272,
        0.5278716087341309,
        0.6966243982315063,
        0.6859501004219055,
        0.6409624218940735,
        0.8368896842002869,
        0.1776827573776245,
        0.20843887329101562,
        0.7451683878898621,
        0.9216881394386292,
        0.3561210036277771,
        0.0847177505493164,
        0.800610363483429,
        0.3496887683868408,
        0.5306967496871948,
        0.016624033451080322,
        0.8396603465080261,
        0.36347126960754395,
        0.8971815705299377,
        0.9427998661994934,
        0.793991208076477,
        0.34505265951156616,
        0.9393042922019958,
        0.1670290231704712,
        0.06233620643615723,
        0.6151412725448608,
        0.27827924489974976,
        0.13956278562545776,
        0.8962261080741882,
        0.591184139251709,
        0.8571273684501648,
        0.4248533248901367,
        0.9912745952606201,
        0.7611538171768188,
        0.3337904214859009,
        0.14344054460525513,
        0.45157676935195923,
        0.0949481725692749,
        0.7151269912719727,
        0.615375280380249,
        0.5602799654006958,
        0.29250597953796387,
        0.9720679521560669,
        0.8105765581130981,
        0.8680051565170288,
        0.8635808229446411,
        0.7663470506668091,
        0.519548237323761,
        0.4882269501686096,
        0.7768499255180359,
        0.9865472912788391,
        0.7288457751274109,
        0.9035239815711975,
        0.040373146533966064,
        0.5864899158477783,
        0.9544448256492615,
        0.6981576085090637,
        0.4422171711921692,
        0.7906242609024048,
        0.41218137741088867,
        0.7644784450531006,
        0.010985136032104492,
        0.5923672914505005,
        0.7112562656402588,
        0.41150790452957153,
        0.33561545610427856
    ]
}