{
    "format": 5,
    "name": "n40k10_82",
    "n": 40,
    "k": 10,
    "optimal_solution": 0.2563050389289856,
    "x_values": [
        0.7136155962944031,
        0.3306344151496887,
        0.9350119829177856,
        0.8841798901557922,
        0.41334331035614014,
        0.1945192813873291,
        0.7276059985160828,
        0.26667535305023193,
        0.6514153480529785,
        0.8542503714561462,
        0.2687770128250122,
        0.4356778860092163,
        0.005132019519805908,
        0.5874683260917664,
        0.18237924575805664,
        0.011586189270019531,
        0.4132668375968933,
        0.5815505385398865,
        0.0017170906066894531,
        0.5258609652519226,
        0.9674710631370544,
        0.4400976300239563,
        0.47211623191833496,
        0.39291077852249146,
        0.8309996724128723,
        0.4203842282295227,
        0.29783743619918823,
        0.21474814414978027,
        0.9419366717338562,
        0.4971436858177185,
        0.9452871680259705,
        0.3893219232559204,
        0.20695209503173828,
        0.648125171661377,
        0.07439881563186646,
        0.04018688201904297,
        0.041512489318847656,
        0.3173854351043701,
        0.17387282848358154,
        0.8196990489959717
    ],
    "y_values": [
        0.5812732577323914,
        0.7454602122306824,
        0.024550437927246094,
        0.7738193869590759,
        0.19507676362991333,
        0.9760377407073975,
        0.35868895053863525,
        0.8535194396972656,
        0.37264907360076904,
        0.2576989531517029,
        0.5628520846366882,
        0.40275639295578003,
        0.006665587425231934,
        0.4497104287147522,
        0.8558639287948608,
        0.12403613328933716,
        0.9192289710044861,
        0.37004655599594116,
        0.26577019691467285,
        0.3953569531440735,
        0.2817956209182739,
        0.9112390279769897,
        0.8786080479621887,
        0.7924970984458923,
        0.542041003704071,
        0.7957320213317871,
        0.23616784811019897,
        0.08867335319519043,
        0.6517799496650696,
        0.7036240696907043,
        0.5159167647361755,
        0.012654602527618408,
        0.48454922437667847,
        0.064372718334198,
        0.7991070747375488,
        0.06806302070617676,
        0.46111416816711426,
        0.6208356022834778,
        0.13056474924087524,
        0.8568102121353149
    ]
}