{
    "format": 5,
    "name": "n40k10_45",
    "n": 40,
    "k": 10,
    "optimal_solution": 0.23226654529571533,
    "x_values": [
        0.15272998809814453,
        0.9803054928779602,
        0.9537952542304993,
        0.9648755192756653,
        0.9027034640312195,
        0.8236569762229919,
        0.33832257986068726,
        0.3957480192184448,
        0.5187690854072571,
        0.25374430418014526,
        0.14099854230880737,
        0.3910786509513855,
        0.22042310237884521,
        0.43331819772720337,
        0.11551368236541748,
        0.8547887206077576,
        0.43891870975494385,
        0.4577831029891968,
        0.4187656044960022,
        0.44445568323135376,
        0.6989548206329346,
        0.7400193214416504,
        0.7057960629463196,
        0.2321874499320984,
        0.7949467301368713,
        0.13087338209152222,
        0.4668525457382202,
        0.7982067465782166,
        0.09357839822769165,
        0.09977525472640991,
        0.29872387647628784,
        0.08238720893859863,
        0.7972261309623718,
        0.8351260423660278,
        0.1453036665916443,
        0.1391521692276001,
        0.41084402799606323,
        0.8332298398017883,
        0.41113829612731934,
        0.6555612087249756
    ],
    "y_values": [
        0.48143184185028076,
        0.4659733176231384,
        0.9008683562278748,
        0.6224067211151123,
        0.16160207986831665,
        0.7975931167602539,
        0.6701368689537048,
        0.9734185338020325,
        0.5150598883628845,
        0.7832316756248474,
        0.2666551470756531,
        0.41700685024261475,
        0.4035930633544922,
        0.7779611945152283,
        0.022240400314331055,
        0.6769455075263977,
        0.6884803771972656,
        0.5958109498023987,
        0.8493576645851135,
        0.7898596525192261,
        0.5901454091072083,
        0.6539607048034668,
        0.40565025806427,
        0.7617379426956177,
        0.7984104752540588,
        0.9349668025970459,
        0.328405499458313,
        0.26053333282470703,
        0.13830292224884033,
        0.38110339641571045,
        0.3073168396949768,
        0.7904554009437561,
        0.6932907700538635,
        0.12781184911727905,
        0.23141896724700928,
        0.6888172030448914,
        0.29607415199279785,
        0.2508864998817444,
        0.9807218313217163,
        0.5337749123573303
    ]
}