{
    "format": 5,
    "name": "n40k10_52",
    "n": 40,
    "k": 10,
    "optimal_solution": 0.2507200241088867,
    "x_values": [
        0.6342377066612244,
        0.4922921657562256,
        0.47883713245391846,
        0.7963394522666931,
        0.771827220916748,
        0.9802070260047913,
        0.7007119059562683,
        0.0747690200805664,
        0.8469420671463013,
        0.7661619782447815,
        0.40598809719085693,
        0.4221092462539673,
        0.5892928242683411,
        0.7099211812019348,
        0.4110187888145447,
        0.7327990531921387,
        0.9464341402053833,
        0.6937426924705505,
        0.12184154987335205,
        0.1790110468864441,
        0.15316534042358398,
        0.9811887741088867,
        0.33208656311035156,
        0.0780295729637146,
        0.7371810674667358,
        0.3803675174713135,
        0.5571336150169373,
        0.3523695468902588,
        0.007673919200897217,
        0.2718472480773926,
        0.930713415145874,
        0.22336888313293457,
        0.16446387767791748,
        0.29068905115127563,
        0.5780468583106995,
        0.43096500635147095,
        0.4229171872138977,
        0.7493237257003784,
        0.18526548147201538,
        0.5204513072967529
    ],
    "y_values": [
        0.098674476146698,
        0.7353747487068176,
        0.16853868961334229,
        0.9436257481575012,
        0.9314515590667725,
        0.3606228828430176,
        0.7278746366500854,
        0.5641587972640991,
        0.19651222229003906,
        0.5600823163986206,
        0.8713461756706238,
        0.3831406831741333,
        0.0315282940864563,
        0.5588159561157227,
        0.7853394150733948,
        0.9353241920471191,
        0.7216657996177673,
        0.07727319002151489,
        0.2595927119255066,
        0.6175951957702637,
        0.7414153218269348,
        0.8227676153182983,
        0.46622610092163086,
        0.7656692862510681,
        0.141937255859375,
        0.672281801700592,
        0.5730668306350708,
        0.6113762855529785,
        0.026272892951965332,
        0.5252184867858887,
        0.17211008071899414,
        0.11040002107620239,
        0.6592949628829956,
        0.6781820058822632,
        0.37334030866622925,
        0.3479354977607727,
        0.5170064568519592,
        0.39781635999679565,
        0.7724817991256714,
        0.3126724362373352
    ]
}