{
    "format": 5,
    "name": "n40k10_77",
    "n": 40,
    "k": 10,
    "optimal_solution": 0.23306572437286377,
    "x_values": [
        0.6852319240570068,
        0.021193504333496094,
        0.40335720777511597,
        0.16395491361618042,
        0.2354438304901123,
        0.3077717423439026,
        0.08331668376922607,
        0.49116379022598267,
        0.11805713176727295,
        0.41276150941848755,
        0.12246084213256836,
        0.7070207595825195,
        0.45803529024124146,
        0.2223992943763733,
        0.6890390515327454,
        0.8562318086624146,
        0.5858153104782104,
        0.1889653205871582,
        0.7332035303115845,
        0.39671385288238525,
        0.7809928059577942,
        0.7345194220542908,
        0.1578938364982605,
        0.9685671925544739,
        0.2691163420677185,
        0.6934331655502319,
        0.20751523971557617,
        0.4643266201019287,
        0.9195436835289001,
        0.5500290393829346,
        0.9970930218696594,
        0.7840466499328613,
        0.02402418851852417,
        0.8929731249809265,
        0.526107907295227,
        0.08798259496688843,
        0.21976733207702637,
        0.5115956664085388,
        0.2278769612312317,
        0.8124053478240967
    ],
    "y_values": [
        0.9590219855308533,
        0.8264419436454773,
        0.9047254920005798,
        0.2302810549736023,
        0.4829457402229309,
        0.6589238047599792,
        0.5547335147857666,
        0.532994270324707,
        0.8666238784790039,
        0.28414005041122437,
        0.8394063115119934,
        0.9654328227043152,
        0.07779425382614136,
        0.5112305283546448,
        0.5766717195510864,
        0.7615299224853516,
        0.5425388216972351,
        0.5796636343002319,
        0.22479945421218872,
        0.09289288520812988,
        0.5138713121414185,
        0.2817552089691162,
        0.6472845077514648,
        0.6270802617073059,
        0.3736696243286133,
        0.6801997423171997,
        0.921769917011261,
        0.42179250717163086,
        0.651168942451477,
        0.33977454900741577,
        0.8619562983512878,
        0.8661308288574219,
        0.9668930768966675,
        0.9419162273406982,
        0.33606743812561035,
        0.9386051893234253,
        0.7522658705711365,
        0.3076738715171814,
        0.6943695545196533,
        0.6307777762413025
    ]
}