{
    "format": 5,
    "name": "n70k10_94",
    "n": 70,
    "k": 10,
    "optimal_solution": 0.2614721655845642,
    "x_values": [
        0.011001050472259521,
        0.2859238386154175,
        0.8426652550697327,
        0.33494991064071655,
        0.2934126853942871,
        0.838731586933136,
        0.6731160879135132,
        0.3241615891456604,
        0.8861619234085083,
        0.1224980354309082,
        0.8194767236709595,
        0.13230133056640625,
        0.25821465253829956,
        0.7183123230934143,
        0.7469255924224854,
        0.687772810459137,
        0.07610374689102173,
        0.29696011543273926,
        0.16767191886901855,
        0.557079017162323,
        0.7401250600814819,
        0.6704813838005066,
        0.7463558316230774,
        0.01805126667022705,
        0.3065112233161926,
        0.19370585680007935,
        0.01999419927597046,
        0.3344807028770447,
        0.5612794756889343,
        0.45492255687713623,
        0.30571961402893066,
        0.8792555332183838,
        0.5787268280982971,
        0.16589033603668213,
        0.29775553941726685,
        0.2246382236480713,
        0.10488384962081909,
        0.4845866560935974,
        0.8150404691696167,
        0.20509541034698486,
        0.26413971185684204,
        0.5582937598228455,
        0.944742739200592,
        0.6368895769119263,
        0.8616245985031128,
        0.7914517521858215,
        0.800793468952179,
        0.8165662288665771,
        0.41037654876708984,
        0.14328289031982422,
        0.2840551733970642,
        0.5633071660995483,
        0.3364909887313843,
        0.7320111989974976,
        0.05640798807144165,
        0.08833110332489014,
        0.24298256635665894,
        0.6681936979293823,
        0.431052029132843,
        0.8766515851020813,
        0.33452367782592773,
        0.18511706590652466,
        0.055341124534606934,
        0.3748897910118103,
        0.5444721579551697,
        0.7327327728271484,
        0.9339119791984558,
        0.3938191533088684,
        0.6535581350326538,
        0.181871235370636
    ],
    "y_values": [
        0.22353863716125488,
        0.5199609398841858,
        0.5381875038146973,
        0.6363685727119446,
        0.7578530311584473,
        0.5249563455581665,
        0.16768288612365723,
        0.8906758427619934,
        0.8292627930641174,
        0.8520428538322449,
        0.9783823490142822,
        0.7966848015785217,
        0.7573333978652954,
        0.6557531952857971,
        0.2369571328163147,
        0.41913938522338867,
        0.5648329854011536,
        0.7522948384284973,
        0.8707011342048645,
        0.12832462787628174,
        0.3616601824760437,
        0.6513592004776001,
        0.7355738878250122,
        0.7468878030776978,
        0.3837834596633911,
        0.08197349309921265,
        0.6202195882797241,
        0.8802105188369751,
        0.4814106822013855,
        0.7744449973106384,
        0.2081538438796997,
        0.3508298993110657,
        0.30467522144317627,
        0.08843684196472168,
        0.0029842257499694824,
        0.7058132290840149,
        0.9801881313323975,
        0.7861506938934326,
        0.5091670751571655,
        0.0801200270652771,
        0.8428827524185181,
        0.2681058645248413,
        0.012499809265136719,
        0.17412203550338745,
        0.6675626039505005,
        0.9721004962921143,
        0.3332374691963196,
        0.3446798324584961,
        0.09556609392166138,
        0.7622931599617004,
        0.39322036504745483,
        0.32961249351501465,
        0.9013205170631409,
        0.3540225625038147,
        0.6338793635368347,
        0.9638784527778625,
        0.30855220556259155,
        0.8092439770698547,
        0.2875107526779175,
        0.40918004512786865,
        0.7188010215759277,
        0.6214026212692261,
        0.845609724521637,
        0.2851215600967407,
        0.8234025239944458,
        0.06206619739532471,
        0.3586645722389221,
        0.827003538608551,
        0.013220429420471191,
        0.7766454219818115
    ]
}