{
    "format": 2,
    "name": "n50k3_40",
    "n": 50,
    "k": 3,
    "optimal_solution": 12.360721588134766,
    "x_values": [
        0.8650675415992737,
        0.9501609206199646,
        0.27971750497817993,
        0.43268418312072754,
        0.939799427986145,
        0.9718742966651917,
        0.23137444257736206,
        0.1481148600578308,
        0.8982527852058411,
        0.8169776797294617,
        0.41565340757369995,
        0.9200190305709839,
        0.6754900813102722,
        0.4728432893753052,
        0.7547482848167419,
        0.315535306930542,
        0.16637152433395386,
        0.19060856103897095,
        0.8874157667160034,
        0.15564221143722534,
        0.24524247646331787,
        0.5053274035453796,
        0.84194415807724,
        0.7292757034301758,
        0.4007399082183838,
        0.9566864967346191,
        0.54634028673172,
        0.7450785040855408,
        0.22858399152755737,
        0.7658896446228027,
        0.2897130250930786,
        0.39307916164398193,
        0.22591650485992432,
        0.7404178380966187,
        0.30825531482696533,
        0.35220736265182495,
        0.6336312890052795,
        0.6671321988105774,
        0.6310771107673645,
        0.8667372465133667,
        0.4897778630256653,
        0.8329824805259705,
        0.45660459995269775,
        0.9364097714424133,
        0.9303052425384521,
        0.49455171823501587,
        0.5306940078735352,
        0.8815386295318604,
        0.18724298477172852,
        0.19918382167816162
    ],
    "y_values": [
        0.13796263933181763,
        0.24215948581695557,
        0.8709090352058411,
        0.7968586087226868,
        0.6424855589866638,
        0.8073695302009583,
        0.42098456621170044,
        0.6257614493370056,
        0.20834660530090332,
        0.8870964050292969,
        0.7413021326065063,
        0.9877797365188599,
        0.5283502340316772,
        0.9592499732971191,
        0.012180566787719727,
        0.7228593826293945,
        0.6156058311462402,
        0.591999351978302,
        0.8536018133163452,
        0.6582528352737427,
        0.2691224217414856,
        0.6443143486976624,
        0.8759401440620422,
        0.24838382005691528,
        0.5834079384803772,
        0.41912126541137695,
        0.38208073377609253,
        0.8709162473678589,
        0.8164750337600708,
        0.1299191117286682,
        0.6403777599334717,
        0.8128019571304321,
        0.5448212623596191,
        0.013088881969451904,
        0.934604823589325,
        0.993405818939209,
        0.562736451625824,
        0.9915051460266113,
        0.49801743030548096,
        0.07881343364715576,
        0.8846595883369446,
        0.9722304344177246,
        0.47437340021133423,
        0.24515551328659058,
        0.9205118417739868,
        0.9392130374908447,
        0.7402044534683228,
        0.5460000038146973,
        0.8890384435653687,
        0.06525915861129761
    ]
}