{
    "format": 2,
    "name": "n50k3_68",
    "n": 50,
    "k": 3,
    "optimal_solution": 13.345178604125977,
    "x_values": [
        0.1773720383644104,
        0.5060186386108398,
        0.1487051248550415,
        0.6724411249160767,
        0.4490560293197632,
        0.052686214447021484,
        0.6532641053199768,
        0.5154304504394531,
        0.8983378410339355,
        0.5399690866470337,
        0.9105414152145386,
        0.8789981007575989,
        0.5708044171333313,
        0.33849817514419556,
        0.6771671175956726,
        0.6482048630714417,
        0.4880164861679077,
        0.8734967708587646,
        0.1628636121749878,
        0.4441900849342346,
        0.35462236404418945,
        0.684828519821167,
        0.2381284236907959,
        0.21909350156784058,
        0.0511968731880188,
        0.4068443179130554,
        0.16733497381210327,
        0.6935020685195923,
        0.39402633905410767,
        0.8331159353256226,
        0.16618919372558594,
        0.6077142357826233,
        0.8153103590011597,
        0.028873085975646973,
        0.4492211937904358,
        0.8471274375915527,
        0.5591009259223938,
        0.46992987394332886,
        0.6744605302810669,
        0.09848111867904663,
        0.4927177429199219,
        0.05494534969329834,
        0.0508841872215271,
        0.5587987303733826,
        0.8256939649581909,
        0.3528258800506592,
        0.12343037128448486,
        0.9802843928337097,
        0.6695831418037415,
        0.9224503040313721
    ],
    "y_values": [
        0.9098049402236938,
        0.9783594608306885,
        0.8126421570777893,
        0.8070414662361145,
        0.8238369822502136,
        0.28436583280563354,
        0.8033736348152161,
        0.26278209686279297,
        0.5685849785804749,
        0.7202965617179871,
        0.4892892837524414,
        0.3038517236709595,
        0.4676888585090637,
        0.8649812936782837,
        0.9674118757247925,
        0.8851112127304077,
        0.4771244525909424,
        0.6939043402671814,
        0.9602554440498352,
        0.5556231141090393,
        0.7705845236778259,
        0.7237749099731445,
        0.030479490756988525,
        0.5135435461997986,
        0.7771292924880981,
        0.2140113115310669,
        0.5624209642410278,
        0.42045092582702637,
        0.09867852926254272,
        0.2814766764640808,
        0.45369577407836914,
        0.496052622795105,
        0.67018061876297,
        0.33045482635498047,
        0.02229487895965576,
        0.14287787675857544,
        0.22049081325531006,
        0.5645296573638916,
        0.5328673720359802,
        0.903995931148529,
        0.3929750323295593,
        0.9751449823379517,
        0.9701175093650818,
        0.35169273614883423,
        0.2198641300201416,
        0.8295308351516724,
        0.8984479904174805,
        0.014831006526947021,
        0.37991636991500854,
        0.4496879577636719
    ]
}