{
    "format": 5,
    "name": "n20k4_7",
    "n": 20,
    "k": 4,
    "optimal_solution": 0.41140925884246826,
    "x_values": [
        0.2027086615562439,
        0.2649773955345154,
        0.4692891240119934,
        0.9038940072059631,
        0.5954999923706055,
        0.18795251846313477,
        0.11563515663146973,
        0.26146167516708374,
        0.8510569930076599,
        0.23585689067840576,
        0.011999785900115967,
        0.12436383962631226,
        0.9833859801292419,
        0.6914750337600708,
        0.12649309635162354,
        0.7392072081565857,
        0.3365035057067871,
        0.6894243359565735,
        0.34834128618240356,
        0.621062159538269
    ],
    "y_values": [
        0.6853423714637756,
        0.8254176378250122,
        0.34917277097702026,
        0.33322054147720337,
        0.07946908473968506,
        0.14692676067352295,
        0.15301793813705444,
        0.4639747738838196,
        0.36598098278045654,
        0.15067273378372192,
        0.7611552476882935,
        0.35810476541519165,
        0.814970076084137,
        0.8141750693321228,
        0.5248023271560669,
        0.8058792352676392,
        0.23188185691833496,
        0.4199289083480835,
        0.6097778081893921,
        0.512373149394989
    ]
}