{
    "format": 5,
    "name": "n20k4_69",
    "n": 20,
    "k": 4,
    "optimal_solution": 0.39937055110931396,
    "x_values": [
        0.5790383815765381,
        0.46333473920822144,
        0.4942471385002136,
        0.5767157077789307,
        0.9937310814857483,
        0.7735109925270081,
        0.32008975744247437,
        0.5524876117706299,
        0.22543227672576904,
        0.6822401285171509,
        0.5312698483467102,
        0.5928959846496582,
        0.43352532386779785,
        0.5524840354919434,
        0.3051815629005432,
        0.06588441133499146,
        0.9408002495765686,
        0.8218994736671448,
        0.2728734612464905,
        0.07422423362731934
    ],
    "y_values": [
        0.736577570438385,
        0.21503061056137085,
        0.7854108214378357,
        0.0671730637550354,
        0.8263075351715088,
        0.5690020322799683,
        0.25417017936706543,
        0.8675588965415955,
        0.371698260307312,
        0.6909507513046265,
        0.4148882031440735,
        0.056981682777404785,
        0.13555258512496948,
        0.8035703301429749,
        0.6805042028427124,
        0.4800024628639221,
        0.8376471400260925,
        0.9199841022491455,
        0.9111983180046082,
        0.20768088102340698
    ]
}