{
    "format": 2,
    "name": "n80k3_96",
    "n": 80,
    "k": 3,
    "optimal_solution": 21.89708709716797,
    "x_values": [
        0.2757861614227295,
        0.28774839639663696,
        0.19304269552230835,
        0.3396793603897095,
        0.7522045969963074,
        0.919338047504425,
        0.6704433560371399,
        0.06705182790756226,
        0.4231402277946472,
        0.04425203800201416,
        0.7861643433570862,
        0.7428644895553589,
        0.26635175943374634,
        0.7538834810256958,
        0.9283141493797302,
        0.8628123998641968,
        0.2405703067779541,
        0.06953400373458862,
        0.7315041422843933,
        0.9105243682861328,
        0.6635210514068604,
        0.7524098753929138,
        0.8970969915390015,
        0.8297997713088989,
        0.06240910291671753,
        0.47118914127349854,
        0.7867525219917297,
        0.0896952748298645,
        0.9454723596572876,
        0.3059648871421814,
        0.04275178909301758,
        0.6996152997016907,
        0.7703296542167664,
        0.5751076340675354,
        0.9082057476043701,
        0.7625747323036194,
        0.8355497121810913,
        0.8661519885063171,
        0.7096707820892334,
        0.19713443517684937,
        0.6057573556900024,
        0.7503073811531067,
        0.0948832631111145,
        0.044943809509277344,
        0.6438217163085938,
        0.5578295588493347,
        0.9918219447135925,
        0.5799631476402283,
        0.714116632938385,
        0.5201282501220703,
        0.2958848476409912,
        0.3874819874763489,
        0.6587451696395874,
        0.6604994535446167,
        0.22355389595031738,
        0.6676219701766968,
        0.5847311615943909,
        0.21040409803390503,
        0.430022656917572,
        0.8756664991378784,
        0.1010662317276001,
        0.67597895860672,
        0.6473314762115479,
        0.48753368854522705,
        0.9083041548728943,
        0.9270915389060974,
        0.646185040473938,
        0.28375476598739624,
        0.10952901840209961,
        0.44560545682907104,
        0.6790250539779663,
        0.7868125438690186,
        0.04010277986526489,
        0.2933017611503601,
        0.15509837865829468,
        0.0732603669166565,
        0.16616618633270264,
        0.572009801864624,
        0.9967568516731262,
        0.18853533267974854
    ],
    "y_values": [
        0.7013776302337646,
        0.5512815713882446,
        0.4694477319717407,
        0.1968976855278015,
        0.6398305296897888,
        0.6350350975990295,
        0.4066733121871948,
        0.7720069289207458,
        0.17324918508529663,
        0.6186186075210571,
        0.45038944482803345,
        0.7896489500999451,
        0.5932458639144897,
        0.5598626732826233,
        0.6251275539398193,
        0.8066829442977905,
        0.26931232213974,
        0.15442270040512085,
        0.7913028597831726,
        0.08987408876419067,
        0.678063690662384,
        0.9758375287055969,
        0.6188604235649109,
        0.14293628931045532,
        0.9093949198722839,
        0.3009503483772278,
        0.44533801078796387,
        0.17370808124542236,
        0.012535929679870605,
        0.6826319694519043,
        0.9275031685829163,
        0.5691843032836914,
        0.26239919662475586,
        0.9250039458274841,
        0.6297706961631775,
        0.9377550482749939,
        0.16376370191574097,
        0.39743953943252563,
        0.5396081209182739,
        0.12477225065231323,
        0.9843083620071411,
        0.7791734933853149,
        0.2703735828399658,
        0.8975570201873779,
        0.8245295286178589,
        0.4926794171333313,
        0.5571288466453552,
        0.07849472761154175,
        0.30973702669143677,
        0.08540922403335571,
        0.9447314739227295,
        0.9844960570335388,
        0.3831889033317566,
        0.038074612617492676,
        0.6421382427215576,
        0.34569382667541504,
        0.36305803060531616,
        0.4166986346244812,
        0.8616253137588501,
        0.7936863899230957,
        0.2961699366569519,
        0.8411701321601868,
        0.6540006399154663,
        0.4913543462753296,
        0.7660754919052124,
        0.5632814764976501,
        0.9800149202346802,
        0.4970000982284546,
        0.42745333909988403,
        0.931053638458252,
        0.5635795593261719,
        0.9431390166282654,
        0.90486079454422,
        0.10464513301849365,
        0.5860792994499207,
        0.7774261236190796,
        0.7979233860969543,
        0.17905616760253906,
        0.342438280582428,
        0.5452799201011658
    ]
}