{
    "format": 2,
    "name": "n80k3_42",
    "n": 80,
    "k": 3,
    "optimal_solution": 23.3463191986084,
    "x_values": [
        0.6747076511383057,
        0.029819071292877197,
        0.1342148780822754,
        0.13455522060394287,
        0.4400408864021301,
        0.2513505220413208,
        0.11665493249893188,
        0.8523014187812805,
        0.8562990427017212,
        0.6686550378799438,
        0.9498321413993835,
        0.791770875453949,
        0.08570671081542969,
        0.8687875270843506,
        0.9897509217262268,
        0.9893354773521423,
        0.9616926312446594,
        0.3629165291786194,
        0.16427886486053467,
        0.7502915263175964,
        0.9463495016098022,
        0.39344608783721924,
        0.33455926179885864,
        0.1684747338294983,
        0.6991317272186279,
        0.7911120653152466,
        0.5576069951057434,
        0.9817617535591125,
        0.4664127230644226,
        0.2519873380661011,
        0.5401906967163086,
        0.16437315940856934,
        0.46125882863998413,
        0.5118082761764526,
        0.6045898795127869,
        0.5138133764266968,
        0.6700154542922974,
        0.07756215333938599,
        0.7971193790435791,
        0.001918017864227295,
        0.13207638263702393,
        0.13706141710281372,
        0.247012197971344,
        0.47260284423828125,
        0.9665783047676086,
        0.705623209476471,
        0.10487931966781616,
        0.05361455678939819,
        0.7702721357345581,
        0.08311015367507935,
        0.9529894590377808,
        0.5858169794082642,
        0.09696650505065918,
        0.5071232914924622,
        0.7753403186798096,
        0.15861040353775024,
        0.7454627752304077,
        0.6327547430992126,
        0.022967040538787842,
        0.916526198387146,
        0.5119588971138,
        0.8536992073059082,
        0.35577845573425293,
        0.250296950340271,
        0.09076893329620361,
        0.030567169189453125,
        0.5481356978416443,
        0.7846390008926392,
        0.35316532850265503,
        0.7154549360275269,
        0.5711706280708313,
        0.7829581499099731,
        0.7529661059379578,
        0.26203858852386475,
        0.002849280834197998,
        0.6670131087303162,
        0.9835101962089539,
        0.3335988521575928,
        0.050317347049713135,
        0.6108652353286743
    ],
    "y_values": [
        0.8981356024742126,
        0.8875847458839417,
        0.5332842469215393,
        0.9649226665496826,
        0.08338040113449097,
        0.5046875476837158,
        0.9086480736732483,
        0.9130171537399292,
        0.16661882400512695,
        0.8911378979682922,
        0.5260109901428223,
        0.616930365562439,
        0.9277445673942566,
        0.48698943853378296,
        0.019621193408966064,
        0.5328954458236694,
        0.0941321849822998,
        0.17103058099746704,
        0.24369418621063232,
        0.33850574493408203,
        0.05531877279281616,
        0.5153717994689941,
        0.957859992980957,
        0.6705278754234314,
        0.01494145393371582,
        0.5947378873825073,
        0.5001037120819092,
        0.3209705352783203,
        0.5217213034629822,
        0.9255349040031433,
        0.6557820439338684,
        0.17294490337371826,
        0.7942482829093933,
        0.3061012029647827,
        0.8058298230171204,
        0.33959299325942993,
        0.8125171661376953,
        0.4134666919708252,
        0.5289226174354553,
        0.8119408488273621,
        0.6635193228721619,
        0.19284570217132568,
        0.3851747512817383,
        0.818289041519165,
        0.13017821311950684,
        0.6692640781402588,
        0.9823634028434753,
        0.6935315728187561,
        0.3713340163230896,
        0.19474709033966064,
        0.9416515827178955,
        0.7357529401779175,
        0.036932170391082764,
        0.9977965950965881,
        0.32094550132751465,
        0.596781313419342,
        0.8157947659492493,
        0.8763639330863953,
        0.4299878478050232,
        0.9738750457763672,
        0.6133579015731812,
        0.8195967674255371,
        0.2669789791107178,
        0.7589664459228516,
        0.18260818719863892,
        0.9283767342567444,
        0.5001501441001892,
        0.8663917779922485,
        0.05743926763534546,
        0.17951393127441406,
        0.9085908532142639,
        0.35785287618637085,
        0.6243138909339905,
        0.19159364700317383,
        0.5292133688926697,
        0.7720595598220825,
        0.4491994380950928,
        0.12020498514175415,
        0.6160507798194885,
        0.9386591911315918
    ]
}