{
    "format": 2,
    "name": "n80k3_29",
    "n": 80,
    "k": 3,
    "optimal_solution": 21.749277114868164,
    "x_values": [
        0.17514973878860474,
        0.3723996877670288,
        0.5830726027488708,
        0.709324061870575,
        0.24375849962234497,
        0.48074740171432495,
        0.8829139471054077,
        0.17011022567749023,
        0.9076395034790039,
        0.6589930653572083,
        0.8999274969100952,
        0.07225829362869263,
        0.8270162343978882,
        0.21647971868515015,
        0.7762624621391296,
        0.8321399092674255,
        0.4250519871711731,
        0.9308762550354004,
        0.4721302390098572,
        0.9551272392272949,
        0.32894080877304077,
        0.5654365420341492,
        0.6085088849067688,
        0.9850993752479553,
        0.347029447555542,
        0.04016876220703125,
        0.5886877775192261,
        0.1961742639541626,
        0.28186237812042236,
        0.9059842824935913,
        0.4673221707344055,
        0.5743867754936218,
        0.4872593283653259,
        0.851675271987915,
        0.22126281261444092,
        0.5283288359642029,
        0.5833092331886292,
        0.4005013108253479,
        0.683413565158844,
        0.39090263843536377,
        0.7114347219467163,
        0.44851231575012207,
        0.8216155171394348,
        0.6041005253791809,
        0.14292234182357788,
        0.4084773659706116,
        0.3561118245124817,
        0.6989632844924927,
        0.64891117811203,
        0.45046180486679077,
        0.4325907230377197,
        0.8283107280731201,
        0.22558408975601196,
        0.8724537491798401,
        0.4300972819328308,
        0.7478057742118835,
        0.539066731929779,
        0.7281701564788818,
        0.03183948993682861,
        0.41569972038269043,
        0.03208780288696289,
        0.4398820996284485,
        0.6181881427764893,
        0.9205936789512634,
        0.4475385546684265,
        0.5382732152938843,
        0.5024799108505249,
        0.9117467403411865,
        0.32258540391921997,
        0.5407161116600037,
        0.05041944980621338,
        0.7244576811790466,
        0.6012653708457947,
        0.24302834272384644,
        0.03937011957168579,
        0.4411241412162781,
        0.9130920171737671,
        0.5538181662559509,
        0.1688232421875,
        0.03581571578979492
    ],
    "y_values": [
        0.3059588670730591,
        0.8229219317436218,
        0.12909114360809326,
        0.5070112943649292,
        0.33409786224365234,
        0.38204455375671387,
        0.20874369144439697,
        0.44319766759872437,
        0.29964953660964966,
        0.7326391935348511,
        0.18257272243499756,
        0.8240970969200134,
        0.14345455169677734,
        0.570711076259613,
        0.38710933923721313,
        0.26034557819366455,
        0.21451765298843384,
        0.20585638284683228,
        0.7607231140136719,
        0.8298999071121216,
        0.9921198487281799,
        0.8627588152885437,
        0.5243359208106995,
        0.6771564483642578,
        0.3577413558959961,
        0.7875675559043884,
        0.8901134729385376,
        0.5349858403205872,
        0.29844844341278076,
        0.017996549606323242,
        0.23691338300704956,
        0.9255864024162292,
        0.08807218074798584,
        0.01972860097885132,
        0.3971754312515259,
        0.2608194947242737,
        0.5748600959777832,
        0.5378230214118958,
        0.125139057636261,
        0.47868847846984863,
        0.3213847875595093,
        0.1536099910736084,
        0.7809245586395264,
        0.40478336811065674,
        0.7337056994438171,
        0.5507383942604065,
        0.8245459794998169,
        0.6062761545181274,
        0.49495142698287964,
        0.5780531167984009,
        0.9964457750320435,
        0.9783801436424255,
        0.16785520315170288,
        0.8357647061347961,
        0.28582972288131714,
        0.679408609867096,
        0.601842999458313,
        0.32075172662734985,
        0.02728933095932007,
        0.16558486223220825,
        0.6152978539466858,
        0.6411521434783936,
        0.880893349647522,
        0.3215142488479614,
        0.49692678451538086,
        0.9791063070297241,
        0.6712201833724976,
        0.6466545462608337,
        0.34695130586624146,
        0.23347324132919312,
        0.32837074995040894,
        0.2531388998031616,
        0.6062262654304504,
        0.6672382354736328,
        0.9425323009490967,
        0.7625002861022949,
        0.0021698474884033203,
        0.9143039584159851,
        0.23797404766082764,
        0.12958508729934692
    ]
}