{
    "format": 2,
    "name": "n80k8_7",
    "n": 80,
    "k": 8,
    "optimal_solution": 11.414839744567871,
    "x_values": [
        0.8711346387863159,
        0.5585601329803467,
        0.6739121079444885,
        0.7913753390312195,
        0.9761834144592285,
        0.23045450448989868,
        0.9136421084403992,
        0.29394280910491943,
        0.02689218521118164,
        0.6975778341293335,
        0.4444127678871155,
        0.7720739245414734,
        0.6360769867897034,
        0.006644546985626221,
        0.9439182281494141,
        0.6434828639030457,
        0.32614558935165405,
        0.11657828092575073,
        0.8670384883880615,
        0.2615416646003723,
        0.9769792556762695,
        0.05267131328582764,
        0.5064523220062256,
        0.07318532466888428,
        0.3489537239074707,
        0.17274844646453857,
        0.1760237216949463,
        0.8473976850509644,
        0.6974964737892151,
        0.8263421058654785,
        0.2840280532836914,
        0.4920917749404907,
        0.3434354066848755,
        0.8444353342056274,
        0.6110495924949646,
        0.6386062502861023,
        0.7242009043693542,
        0.6448106169700623,
        0.999734103679657,
        0.011977553367614746,
        0.6200534701347351,
        0.8714064359664917,
        0.7891197204589844,
        0.5610153079032898,
        0.6544110178947449,
        0.11643308401107788,
        0.34958046674728394,
        0.633709192276001,
        0.8780535459518433,
        0.6320680975914001,
        0.7227991819381714,
        0.12916898727416992,
        0.13690173625946045,
        0.9857677221298218,
        0.3923717141151428,
        0.47011345624923706,
        0.5923998355865479,
        0.2833596467971802,
        0.3749045729637146,
        0.7847499251365662,
        0.9158343076705933,
        0.1072421669960022,
        0.9847604036331177,
        0.5947506427764893,
        0.6964825391769409,
        0.6988614201545715,
        0.6252470016479492,
        0.8582597970962524,
        0.43612992763519287,
        0.05358731746673584,
        0.023719370365142822,
        0.46401911973953247,
        0.8454586267471313,
        0.6677578091621399,
        0.875683605670929,
        0.08232593536376953,
        0.4518890380859375,
        0.9678630232810974,
        0.9697316884994507,
        0.4284827709197998
    ],
    "y_values": [
        0.1252046823501587,
        0.9489319324493408,
        0.12710964679718018,
        0.08686906099319458,
        0.45952898263931274,
        0.08531135320663452,
        0.16199856996536255,
        0.7573871612548828,
        0.3467136025428772,
        0.73907870054245,
        0.7890697717666626,
        0.8942731022834778,
        0.8694618940353394,
        0.895521879196167,
        0.8866095542907715,
        0.8700025081634521,
        0.7476679086685181,
        0.25633805990219116,
        0.5260680913925171,
        0.2434607744216919,
        0.28650152683258057,
        0.2896462082862854,
        0.43409013748168945,
        0.8968841433525085,
        0.531296968460083,
        0.8733596801757812,
        0.14773565530776978,
        0.20899546146392822,
        0.9937215447425842,
        0.31889277696609497,
        0.32534778118133545,
        0.2489098310470581,
        0.3964868187904358,
        0.2436622977256775,
        0.37044209241867065,
        0.8770200610160828,
        0.37558621168136597,
        0.5426371097564697,
        0.8828427195549011,
        0.10675042867660522,
        0.30895525217056274,
        0.7972474098205566,
        0.15714186429977417,
        0.8710285425186157,
        0.7825247049331665,
        0.7548234462738037,
        0.050127267837524414,
        0.2874682545661926,
        0.9249322414398193,
        0.2068435549736023,
        0.32414329051971436,
        0.1643093228340149,
        0.8552171587944031,
        0.5034717917442322,
        0.4785250425338745,
        0.5047493577003479,
        0.3599662184715271,
        0.3993040919303894,
        0.0795290470123291,
        0.8881266117095947,
        0.6036830544471741,
        0.7538385987281799,
        0.2994087338447571,
        0.5282913446426392,
        0.12189972400665283,
        0.563684344291687,
        0.3831186294555664,
        0.02795100212097168,
        0.9661508202552795,
        0.27170389890670776,
        0.47533851861953735,
        0.3347529172897339,
        0.997397243976593,
        0.931354820728302,
        0.36217260360717773,
        0.6682645082473755,
        0.9027235507965088,
        0.04125106334686279,
        0.6324695944786072,
        0.48047226667404175
    ]
}