{
    "format": 5,
    "name": "n80k8_73",
    "n": 80,
    "k": 8,
    "optimal_solution": 0.2899555563926697,
    "x_values": [
        0.13243001699447632,
        0.2037619948387146,
        0.9488365054130554,
        0.7827084064483643,
        0.5146429538726807,
        0.9615091681480408,
        0.2526733875274658,
        0.4491909146308899,
        0.0172654390335083,
        0.3489317297935486,
        0.9657520055770874,
        0.3136522173881531,
        0.536051332950592,
        0.896514356136322,
        0.2016294002532959,
        0.9669761061668396,
        0.761000394821167,
        0.9604495167732239,
        0.6917195320129395,
        0.2342684268951416,
        0.4317857623100281,
        0.9537523984909058,
        0.226318359375,
        0.37791329622268677,
        0.4994576573371887,
        0.31871962547302246,
        0.32293838262557983,
        0.19294655323028564,
        0.997957170009613,
        0.7170512080192566,
        0.21920418739318848,
        0.9049254655838013,
        0.09213227033615112,
        0.48274165391921997,
        0.6290947198867798,
        0.7209064364433289,
        0.819168210029602,
        0.2785627841949463,
        0.06648391485214233,
        0.7430135607719421,
        0.0885358452796936,
        0.18629354238510132,
        0.09909754991531372,
        0.7044488191604614,
        0.3517194390296936,
        0.34833449125289917,
        0.6548124551773071,
        0.28076571226119995,
        0.310219943523407,
        0.1007571816444397,
        0.7214893102645874,
        0.41894328594207764,
        0.5378744602203369,
        0.5441849231719971,
        0.7096835374832153,
        0.02918905019760132,
        0.8286277055740356,
        0.6730344295501709,
        0.2542680501937866,
        0.00033527612686157227,
        0.2522910237312317,
        0.6843538284301758,
        0.6860061287879944,
        0.2942878007888794,
        0.6173090934753418,
        0.5656248331069946,
        0.07667863368988037,
        0.5607594847679138,
        0.7449620962142944,
        0.31533849239349365,
        0.4899566173553467,
        0.9838331341743469,
        0.7954388856887817,
        0.5457882881164551,
        0.655030369758606,
        0.5024811625480652,
        0.17409557104110718,
        0.024136781692504883,
        0.6482478976249695,
        0.7401744723320007
    ],
    "y_values": [
        0.36043989658355713,
        0.29469001293182373,
        0.7768023014068604,
        0.822744607925415,
        0.6459673643112183,
        0.09238570928573608,
        0.6239238381385803,
        0.4503026604652405,
        0.502339243888855,
        0.35886454582214355,
        0.6385249495506287,
        0.31711041927337646,
        0.8942806124687195,
        0.81182861328125,
        0.9700431823730469,
        0.09263330698013306,
        0.3338441848754883,
        0.17799729108810425,
        0.14367592334747314,
        0.5125323534011841,
        0.17822176218032837,
        0.34262579679489136,
        0.00595247745513916,
        0.2728530168533325,
        0.5656209588050842,
        0.6462644338607788,
        0.18522226810455322,
        0.13255995512008667,
        0.2883620262145996,
        0.6480629444122314,
        0.8845196962356567,
        0.4821264147758484,
        0.2681252956390381,
        0.7929750084877014,
        0.6251680254936218,
        0.24610024690628052,
        0.6070850491523743,
        0.6359289288520813,
        0.5264480710029602,
        0.5239308476448059,
        0.9000325798988342,
        0.6461499333381653,
        0.5509935021400452,
        0.29484766721725464,
        0.5514910817146301,
        0.4738113284111023,
        0.9355800151824951,
        0.5826659798622131,
        0.2529030442237854,
        0.9984478950500488,
        0.6492617726325989,
        0.6958070993423462,
        0.7907054424285889,
        0.9305850863456726,
        0.8061281442642212,
        0.6250616312026978,
        0.3801884055137634,
        0.538462221622467,
        0.21784961223602295,
        0.0354313850402832,
        0.8846634030342102,
        0.6664045453071594,
        0.7552292346954346,
        0.49717628955841064,
        0.14284932613372803,
        0.43444520235061646,
        0.3328322172164917,
        0.23396950960159302,
        0.7509105205535889,
        0.2207108736038208,
        0.29466718435287476,
        0.24146819114685059,
        0.4659051299095154,
        0.4497371315956116,
        0.46619129180908203,
        0.34843868017196655,
        0.11049824953079224,
        0.38291680812835693,
        0.22218680381774902,
        0.9196241497993469
    ]
}