{
    "format": 5,
    "name": "n80k10_83",
    "n": 80,
    "k": 10,
    "optimal_solution": 0.2513657808303833,
    "x_values": [
        0.026242733001708984,
        0.6591857671737671,
        0.6249412894248962,
        0.6412538886070251,
        0.1849813461303711,
        0.36814361810684204,
        0.9447616934776306,
        0.8996128439903259,
        0.0707126259803772,
        0.2720845937728882,
        0.11151468753814697,
        0.35581815242767334,
        0.8847165703773499,
        0.14563143253326416,
        0.6307673454284668,
        0.0025734305381774902,
        0.17700785398483276,
        0.5189043879508972,
        0.49386507272720337,
        0.8876659870147705,
        0.7175983190536499,
        0.045927226543426514,
        0.3140125870704651,
        0.040863990783691406,
        0.8193163871765137,
        0.8191677331924438,
        0.7477662563323975,
        0.9314297437667847,
        0.6045562624931335,
        0.000995039939880371,
        0.9234382510185242,
        0.7138413786888123,
        0.15757393836975098,
        0.9563523530960083,
        0.6574254631996155,
        0.44784289598464966,
        0.42144495248794556,
        0.5435518622398376,
        0.23234671354293823,
        0.914361298084259,
        0.7098838686943054,
        0.0801393985748291,
        0.5313937664031982,
        0.19110602140426636,
        0.4230142831802368,
        0.341716468334198,
        0.9883012771606445,
        0.2833958864212036,
        0.7431044578552246,
        0.110850989818573,
        0.8581331968307495,
        0.9529798626899719,
        0.7729681134223938,
        0.2847774028778076,
        0.029011130332946777,
        0.5191318988800049,
        0.2927277684211731,
        0.7732016444206238,
        0.00018131732940673828,
        0.2872235178947449,
        0.7442875504493713,
        0.5195521712303162,
        0.46614450216293335,
        0.0506553053855896,
        0.18325310945510864,
        0.971770167350769,
        0.38953453302383423,
        0.2928348183631897,
        0.5935704708099365,
        0.5838159918785095,
        0.8367159366607666,
        0.009408771991729736,
        0.16131901741027832,
        0.199823796749115,
        0.6494377851486206,
        0.22730529308319092,
        0.7805270552635193,
        0.2815368175506592,
        0.41982823610305786,
        0.5626190900802612
    ],
    "y_values": [
        0.7746715545654297,
        0.4210824966430664,
        0.824937105178833,
        0.2107897400856018,
        0.9946572780609131,
        0.2304028868675232,
        0.7327226996421814,
        0.8979706764221191,
        0.38956207036972046,
        0.07558202743530273,
        0.836958110332489,
        0.7553707957267761,
        0.8588579893112183,
        0.8962786197662354,
        0.5738688707351685,
        0.08657264709472656,
        0.11295950412750244,
        0.4504542946815491,
        0.661072313785553,
        0.32895779609680176,
        0.858805775642395,
        0.6436560750007629,
        0.6038736701011658,
        0.22701406478881836,
        0.7073891758918762,
        0.1832258105278015,
        0.43900513648986816,
        0.2975386381149292,
        0.0014192461967468262,
        0.894852340221405,
        0.4091808795928955,
        0.6933470368385315,
        0.06528174877166748,
        0.3941584825515747,
        0.5086798071861267,
        0.9544560313224792,
        0.7158716917037964,
        0.20997071266174316,
        0.8173002600669861,
        0.6317847371101379,
        0.5431238412857056,
        0.45249831676483154,
        0.6203409433364868,
        0.8395583033561707,
        0.7906030416488647,
        0.19256895780563354,
        0.5436990261077881,
        0.7810308337211609,
        0.9344845414161682,
        0.2943745255470276,
        0.9616947770118713,
        0.8147473931312561,
        0.9341921210289001,
        0.7648249268531799,
        0.8066224455833435,
        0.9982516169548035,
        0.6689792275428772,
        0.3617527484893799,
        0.6097564697265625,
        0.6144216656684875,
        0.6128416061401367,
        0.3817130923271179,
        0.5039019584655762,
        0.7420821189880371,
        0.8658408522605896,
        0.8973082900047302,
        0.8098618388175964,
        0.5670619010925293,
        0.8502036333084106,
        0.8626604080200195,
        0.6390025019645691,
        0.1832500696182251,
        0.8244077563285828,
        0.7224031090736389,
        0.22217780351638794,
        0.15246540307998657,
        0.8523909449577332,
        0.8512368202209473,
        0.29885244369506836,
        0.14247214794158936
    ]
}