{
    "format": 5,
    "name": "n80k10_19",
    "n": 80,
    "k": 10,
    "optimal_solution": 0.26315027475357056,
    "x_values": [
        0.09668910503387451,
        0.8862218260765076,
        0.8223016262054443,
        0.7898857593536377,
        0.3910204768180847,
        0.5292755961418152,
        0.02874809503555298,
        0.24400055408477783,
        0.12272512912750244,
        0.23051005601882935,
        0.4735673666000366,
        0.7378725409507751,
        0.8076760172843933,
        0.69822096824646,
        0.8055803775787354,
        0.0776633620262146,
        0.8983221650123596,
        0.18393290042877197,
        0.435286283493042,
        0.5777351260185242,
        0.4888722896575928,
        0.8226572871208191,
        0.592637836933136,
        0.33923619985580444,
        0.5514307022094727,
        0.10573118925094604,
        0.423933744430542,
        0.4821428060531616,
        0.22728437185287476,
        0.8516942262649536,
        0.7325600981712341,
        0.7416279315948486,
        0.3672271966934204,
        0.7934451699256897,
        0.49558478593826294,
        0.16961735486984253,
        0.4385033845901489,
        0.61961829662323,
        0.5937992334365845,
        0.17064791917800903,
        0.4305275082588196,
        0.3719692826271057,
        0.9829136729240417,
        0.5532940030097961,
        0.3877178430557251,
        0.7553437352180481,
        0.16121983528137207,
        0.5850368738174438,
        0.758479654788971,
        0.9233887195587158,
        0.8075243234634399,
        0.7544217109680176,
        0.5983519554138184,
        0.654466986656189,
        0.269106388092041,
        0.05760318040847778,
        0.4616703987121582,
        0.14550304412841797,
        0.46581166982650757,
        0.5597425699234009,
        0.5417212247848511,
        0.3473852276802063,
        0.9725909233093262,
        0.36443889141082764,
        0.839073121547699,
        0.6767125129699707,
        0.3903689980506897,
        0.2650453448295593,
        0.562764585018158,
        0.22595953941345215,
        0.0016663074493408203,
        0.3238562345504761,
        0.1582554578781128,
        0.851727306842804,
        0.0025165677070617676,
        0.9127907752990723,
        0.4268549680709839,
        0.40005773305892944,
        0.09912741184234619,
        0.5790048837661743
    ],
    "y_values": [
        0.4400038719177246,
        0.676140546798706,
        0.43321162462234497,
        0.903954267501831,
        0.8663039207458496,
        0.5176079869270325,
        0.8068384528160095,
        0.37267255783081055,
        0.4649249315261841,
        0.9630160927772522,
        0.6945762634277344,
        0.6119328141212463,
        0.14763641357421875,
        0.09072631597518921,
        0.38353824615478516,
        0.8290039896965027,
        0.0058814287185668945,
        0.7760682106018066,
        0.6119357347488403,
        0.5795095562934875,
        0.48724859952926636,
        0.16439098119735718,
        0.9410824179649353,
        0.5164994597434998,
        0.8445507287979126,
        0.06688499450683594,
        0.2810790538787842,
        0.24734818935394287,
        0.03939634561538696,
        0.09781002998352051,
        0.5616521835327148,
        0.8022090792655945,
        0.973325788974762,
        0.7779422402381897,
        0.028442740440368652,
        0.31968754529953003,
        0.18646669387817383,
        0.9234806895256042,
        0.4412674307823181,
        0.9297995567321777,
        0.06575679779052734,
        0.1919298768043518,
        0.34556955099105835,
        0.5515813827514648,
        0.3196297287940979,
        0.5169835090637207,
        0.06181955337524414,
        0.17016232013702393,
        0.39943504333496094,
        0.6175099015235901,
        0.012541115283966064,
        0.22748279571533203,
        0.3994854688644409,
        0.6286527514457703,
        0.5253535509109497,
        0.032065629959106445,
        0.7969555854797363,
        0.29266083240509033,
        0.6939620971679688,
        0.2944633960723877,
        0.33077114820480347,
        0.366033136844635,
        0.8726199865341187,
        0.5456460118293762,
        0.8188972473144531,
        0.4643663763999939,
        0.4521558880805969,
        0.5172877907752991,
        0.8563995957374573,
        0.7521277070045471,
        0.42452043294906616,
        0.806413471698761,
        0.5946804285049438,
        0.7830804586410522,
        0.26120585203170776,
        0.8821260929107666,
        0.31354254484176636,
        0.5299044847488403,
        0.8705446124076843,
        0.6138126254081726
    ]
}