{
    "format": 5,
    "name": "n30k8_40",
    "n": 30,
    "k": 8,
    "optimal_solution": 0.2990913987159729,
    "x_values": [
        0.28745293617248535,
        0.03117084503173828,
        0.2087833285331726,
        0.8733744025230408,
        0.05340760946273804,
        0.022217154502868652,
        0.9904525279998779,
        0.06502211093902588,
        0.5200397372245789,
        0.5741953253746033,
        0.5986770391464233,
        0.19813865423202515,
        0.8300336003303528,
        0.5982215404510498,
        0.31613558530807495,
        0.9237267374992371,
        0.38704538345336914,
        0.270366907119751,
        0.9879120588302612,
        0.545028805732727,
        0.04866468906402588,
        0.6903682947158813,
        0.77698814868927,
        0.055832743644714355,
        0.5115278959274292,
        0.7973349094390869,
        0.7968836426734924,
        0.9007188677787781,
        0.17995738983154297,
        0.07622355222702026
    ],
    "y_values": [
        0.8936362266540527,
        0.47331923246383667,
        0.028776228427886963,
        0.08754181861877441,
        0.28710711002349854,
        0.8190934062004089,
        0.5389628410339355,
        0.49274176359176636,
        0.35302412509918213,
        0.9829726815223694,
        0.16282439231872559,
        0.9422633051872253,
        0.253425657749176,
        0.5561972856521606,
        0.12773770093917847,
        0.36693596839904785,
        0.4534950256347656,
        0.4526992440223694,
        0.33044832944869995,
        0.25019508600234985,
        0.035980403423309326,
        0.24241876602172852,
        0.44022566080093384,
        0.20909416675567627,
        0.5155653357505798,
        0.2535909414291382,
        0.6625386476516724,
        0.8553112149238586,
        0.23012644052505493,
        0.4463403820991516
    ]
}