{
    "format": 10,
    "name": "n50k3_34",
    "n": 50,
    "k": 3,
    "optimal_solution": 34.344322233594546,
    "x_values": [
        0.86824879895763,
        0.10645556070158269,
        0.12423881970628237,
        0.2791593488029037,
        0.8536673069687111,
        0.7905274356585118,
        0.9878447533958324,
        0.3559461498020866,
        0.7377693660178841,
        0.5528919444964159,
        0.5345371563949405,
        0.10200548168197932,
        0.9404858119143981,
        0.9679005966291812,
        0.43266855982668306,
        0.49251601257368405,
        0.6318425595819106,
        0.6847113509040769,
        0.9575688083861571,
        0.7065658667190602,
        0.4063822840271186,
        0.24325398426289024,
        0.9931534261102574,
        0.2001162605664918,
        0.09411838030936537,
        0.596377681650209,
        0.981069825255007,
        0.3665233539998758,
        0.3523990992354701,
        0.8179760961086189,
        0.7448464175070377,
        0.7532944710136781,
        0.10335574610942899,
        0.5966834895691893,
        0.6088024259397441,
        0.21791860079767966,
        0.913855951730562,
        0.5071165715979828,
        0.08867995868592504,
        0.8391802004846705,
        0.211259152930645,
        0.852945601118665,
        0.7105273424832331,
        0.6482702536937742,
        0.8870594545099691,
        0.053551967382161725,
        0.5304012743981912,
        0.9477595401308659,
        0.6976993907046403,
        0.11382864984579233
    ],
    "y_values": [
        0.20718148829789407,
        0.823298186160386,
        0.499591082907168,
        0.4260182454519581,
        0.49375162532969574,
        0.18852513131010984,
        0.6832677922815631,
        0.17174054022818253,
        0.3890174718335523,
        0.802475727972907,
        0.6910531162803616,
        0.4215916985342145,
        0.12053433658428803,
        0.837578566685892,
        0.07688174002026349,
        0.6139202331079753,
        0.5268834034310499,
        0.2677608771502651,
        0.03663096393877985,
        0.8478847223923279,
        0.3104722923729353,
        0.6020512941091791,
        0.05628232838714575,
        0.47622162604745755,
        0.16334219724965537,
        0.3572571482489636,
        0.29585353561916583,
        0.5158885253706941,
        0.3329082764947574,
        0.22490745292414993,
        0.6948445917747763,
        0.9038053674078426,
        0.820328897741249,
        0.23442001402439527,
        0.5977019512434995,
        0.5859965946388148,
        0.7585044118081408,
        0.12366235370299661,
        0.48182909079351566,
        0.278451658779312,
        0.7325178773539308,
        0.6037566410907922,
        0.15412715185806092,
        0.9107760512989509,
        0.7771957141240989,
        0.8919761355372201,
        0.10584139405150228,
        0.8087219765210827,
        0.06973984713574388,
        0.6001988850575974
    ],
    "costs": [
        38.28949997791294,
        19.520206750141945,
        44.62630752114606,
        8.004599014824349,
        38.25742869032116,
        49.165467512944964,
        47.69060457062917,
        16.43273549112092,
        27.208896123201278,
        23.94373279371383,
        13.077686657809938,
        47.07762434917104,
        41.85052187476066,
        49.615596929184136,
        36.80007870088616,
        23.261723119761154,
        6.679519530148375,
        36.329607623741026,
        22.782423574456523,
        30.71517454028529,
        16.750406780170927,
        16.6193599953879,
        42.11665719267661,
        37.54975497547698,
        29.968642565056758,
        19.325256314269737,
        9.221720987020486,
        22.532530872473583,
        39.91913905272228,
        32.139848514692964,
        5.390463212609537,
        39.73156102779573,
        26.163201309008233,
        22.997426863456063,
        34.766488694843105,
        20.195370799918862,
        48.10699230417093,
        7.076365607064574,
        31.42144772625867,
        36.30935832688274,
        18.7634230874949,
        44.68681779110206,
        31.06826822628878,
        25.916625679303042,
        33.33369875319622,
        46.15999022738703,
        6.444970222623274,
        49.33721701589692,
        32.50755300552268,
        43.98096444392867
    ]
}