{
    "format": 10,
    "name": "n50k3_14",
    "n": 50,
    "k": 3,
    "optimal_solution": 42.824323126694864,
    "x_values": [
        0.16533790111017266,
        0.47339776097570496,
        0.2367570893611718,
        0.9330520459198103,
        0.15945365446682547,
        0.7209300513186863,
        0.867466191486625,
        0.6517055641166222,
        0.04673409563795239,
        0.23829847340293608,
        0.182360887689077,
        0.5752316496813351,
        0.25136218733146665,
        0.9915753081450834,
        0.06525866257607804,
        0.616847337699673,
        0.22795319379229373,
        0.7983762485920427,
        0.5162656924046598,
        0.29333508117720564,
        0.2124178183192562,
        0.2969224340814651,
        0.6598429089084424,
        0.6046499579473558,
        0.525271238009265,
        0.8894579902895383,
        0.00909279137622876,
        0.6726678496842936,
        0.3313994245222083,
        0.3210821215958721,
        0.08410370594453564,
        0.8427411263341382,
        0.6900435562588014,
        0.1268377296380635,
        0.38900402231200737,
        0.9148387456385857,
        0.4425655702025253,
        0.4364175093799383,
        0.6897261858683215,
        0.6223357325005534,
        0.20173950903947746,
        0.9593983011032434,
        0.12431710235368054,
        0.0037801766143813476,
        0.8323382764559064,
        0.7886024213161021,
        0.9846813250024236,
        0.21344408894654088,
        0.15472546357143702,
        0.7734568175551896
    ],
    "y_values": [
        0.43249596650075317,
        0.6254168132298167,
        0.779082619775443,
        0.9136109585186912,
        0.49276313520521153,
        0.4674394165490726,
        0.21834392997437735,
        0.9392334451931136,
        0.41416747038590007,
        0.7259765677618386,
        0.6998434287316387,
        0.03376991268203866,
        0.3984257608786902,
        0.928579787155522,
        0.7301132565598373,
        0.028277150731631284,
        0.8026550072651344,
        0.003449009413535653,
        0.5585116919987367,
        0.05235994784563924,
        0.3784521430549804,
        0.0345532025028622,
        0.6143626743047829,
        0.1694657178514073,
        0.503423361451543,
        0.30423548918420107,
        0.6301744974230523,
        0.08481434529964715,
        0.8240915837704655,
        0.6403131818243619,
        0.791085404962744,
        0.297511173247729,
        0.053645745905313014,
        0.8978068567518814,
        0.2702486367412107,
        0.6753975052237791,
        0.8685421528989734,
        0.47324283258245303,
        0.7586107653887859,
        0.5063395512625908,
        0.42802763323070925,
        0.4202479953894026,
        0.37125026858728116,
        0.9260037243546572,
        0.8418573582615444,
        0.4296999263048653,
        0.15990103046442117,
        0.8427696305514113,
        0.24511026372453937,
        0.4048379673876633
    ],
    "costs": [
        41.21826144215501,
        34.80618815269347,
        21.057357963496248,
        43.112728228596694,
        41.430767643993,
        23.159299975162128,
        47.98397888091101,
        16.806746777623083,
        23.523036970211436,
        8.193819692154246,
        30.8154468622189,
        17.02696062011836,
        31.775567396406487,
        34.05599930419703,
        14.398959984644675,
        28.52233802258236,
        14.791520343291074,
        31.41835657100548,
        39.65335947038964,
        35.57260104863522,
        38.6852724540546,
        42.73892845493372,
        36.863035876310136,
        42.895109615299944,
        31.917061399904682,
        8.482406263023133,
        31.943394363859788,
        36.77295664529409,
        24.226219740116417,
        31.51747896003855,
        32.90993843222769,
        19.174732950508908,
        19.11122132569009,
        44.00489347200322,
        31.87469252645233,
        41.019606365134926,
        14.339171546932384,
        42.05957247884994,
        39.87848977936579,
        24.64333719273618,
        14.741520998926118,
        10.930463288266735,
        15.009428030931836,
        31.571492117469727,
        45.19347319115155,
        9.564317136140936,
        9.53799361037225,
        37.337046672868496,
        31.35757235195483,
        47.05521642881188
    ]
}