{
    "format": 10,
    "name": "n50k3_6",
    "n": 50,
    "k": 3,
    "optimal_solution": 40.1782633840291,
    "x_values": [
        0.10288561804070395,
        0.9057062427838669,
        0.701219521652198,
        0.8903562323809476,
        0.4257234418426865,
        0.44856887168177617,
        0.7664525451404499,
        0.026449702713709056,
        0.5710818960747979,
        0.15833919241908756,
        0.7418266972851716,
        0.533046103286637,
        0.26857969399843395,
        0.8745599250303847,
        0.2704821159026356,
        0.19105186437230803,
        0.7051505379817986,
        0.06279459859306269,
        0.6910832392444588,
        0.8600598449398942,
        0.3546257317806265,
        0.3177950538254316,
        0.27090577937575966,
        0.7197953445605415,
        0.1395740143982135,
        0.5818866911519114,
        0.10506746396059308,
        0.23776278396092632,
        0.8413162160617811,
        0.517424723888579,
        0.4416165984057967,
        0.9173253967708326,
        0.46099548516952427,
        0.1396575589547181,
        0.4661377638985561,
        0.9738247553024426,
        0.37436173627096514,
        0.7412489969382008,
        0.8599695424086771,
        0.15332542338034383,
        0.09342431650845984,
        0.5452561917622908,
        0.7081959830123075,
        0.2543723406514715,
        0.7978950118676265,
        0.32133608088204235,
        0.9317708651699171,
        0.7912169256021181,
        0.5907007618273249,
        0.735953770039014
    ],
    "y_values": [
        0.9691271707968686,
        0.30251111665115327,
        0.5427315420143494,
        0.4926381710279535,
        0.43142205843857895,
        0.6340473546251938,
        0.8295148132337712,
        0.19827426941426407,
        0.20896959960928263,
        0.23447815893257917,
        0.1701555295952536,
        0.589567780391703,
        0.5581900211423514,
        0.3542901508158073,
        0.3579684411928584,
        0.6175112198498549,
        0.05715979759342338,
        0.34029330661348955,
        0.7164116467751689,
        0.6655121690767714,
        0.9600350069499834,
        0.27493711603678794,
        0.8834204116446176,
        0.3335435363392517,
        0.5034561811805527,
        0.7843879711574112,
        0.735240888053862,
        0.5304048075683819,
        0.8295423294515707,
        0.5414858696743565,
        0.9726605249556715,
        0.32063901200496203,
        0.43724311672599203,
        0.7937347104983474,
        0.13497568223275824,
        0.7885361103110096,
        0.017989462164462067,
        0.5079153795996717,
        0.39789858074676254,
        0.12532929076598687,
        0.5845010636666316,
        0.16828175159106096,
        0.3051435643730891,
        0.21670646862882026,
        0.7801394584599729,
        0.8748959028637567,
        0.7371138213070643,
        0.0801530985961526,
        0.5856022342427828,
        0.16877300706095355
    ],
    "costs": [
        12.156079059597907,
        13.260510706386992,
        20.766337740332098,
        38.974189458661,
        28.99776368030009,
        20.870093873293136,
        40.811648665860076,
        47.02217957826949,
        23.258075099886348,
        39.06198311397086,
        49.49856816600567,
        25.12499584067352,
        29.861178573247134,
        13.491632539810292,
        39.221556904448875,
        44.636534885410995,
        34.07535862603826,
        9.078785242875469,
        47.55937995485006,
        40.68135147775438,
        16.05577451357704,
        17.308713524963913,
        17.93630801616551,
        30.802895373665834,
        31.730974171422492,
        40.46274535808722,
        32.24680410025607,
        34.480591593591456,
        22.748854701674293,
        42.41638750741692,
        24.95228098175738,
        11.047049413963558,
        22.932586297475563,
        16.802429082507153,
        42.39698682079822,
        20.421101505021785,
        42.76145582920084,
        48.32928740331575,
        21.258792797952037,
        13.739238853231216,
        8.003898907263814,
        42.61792419721793,
        34.11571582235556,
        5.844337510115949,
        15.421969426077197,
        8.36920289133192,
        38.17957251676633,
        8.798098682399369,
        14.88227096239078,
        21.683099264917512
    ]
}