{
    "format": 8,
    "name": "n70k10_31",
    "n": 70,
    "k": 10,
    "capacity": 7,
    "optimal_solution": 8.885986328125,
    "x_values": [
        0.6110142469406128,
        0.2796937823295593,
        0.16414743661880493,
        0.5299264788627625,
        0.4631730914115906,
        0.7042768001556396,
        0.6161522269248962,
        0.9942261576652527,
        0.9133870005607605,
        0.09415555000305176,
        0.6282702684402466,
        0.2782973051071167,
        0.049330294132232666,
        0.237859845161438,
        0.3000754117965698,
        0.17926043272018433,
        0.71767657995224,
        0.08924496173858643,
        0.49017518758773804,
        0.9382950067520142,
        0.3951776623725891,
        0.9972081780433655,
        0.3212020993232727,
        0.1222962737083435,
        0.9211772084236145,
        0.7578958868980408,
        0.11749696731567383,
        0.1820828914642334,
        0.6853147149085999,
        0.9042315483093262,
        0.7238878011703491,
        0.7757248878479004,
        0.44536906480789185,
        0.1691122055053711,
        0.7035009860992432,
        0.12809205055236816,
        0.41724586486816406,
        0.8263568878173828,
        0.44624048471450806,
        0.4023861289024353,
        0.9358943104743958,
        0.8121679425239563,
        0.6698695421218872,
        0.39659935235977173,
        0.9989171624183655,
        0.6971640586853027,
        0.8413320779800415,
        0.8194444179534912,
        0.16595864295959473,
        0.06623542308807373,
        0.10560417175292969,
        0.3726924657821655,
        0.39681321382522583,
        0.1681135892868042,
        0.6659374237060547,
        0.4253990650177002,
        0.9490432143211365,
        0.4088350534439087,
        0.03930997848510742,
        0.3830309510231018,
        0.9048165082931519,
        0.5975301861763,
        0.4802277088165283,
        0.2500372529029846,
        0.5837600231170654,
        0.7573692798614502,
        0.5899294018745422,
        0.32602953910827637,
        0.29239755868911743,
        0.25785011053085327
    ],
    "y_values": [
        0.35332930088043213,
        0.2629430294036865,
        0.230688214302063,
        0.36655867099761963,
        0.3613967299461365,
        0.15464603900909424,
        0.06113874912261963,
        0.30792468786239624,
        0.09292089939117432,
        0.9459134340286255,
        0.14030355215072632,
        0.8224367499351501,
        0.08786249160766602,
        0.26356208324432373,
        0.8772828578948975,
        0.4935194253921509,
        0.7742743492126465,
        0.01740741729736328,
        0.979921281337738,
        0.9472265243530273,
        0.4306374788284302,
        0.7706848382949829,
        0.7348425388336182,
        0.018618226051330566,
        0.5667887330055237,
        0.48166948556900024,
        0.34805601835250854,
        0.5895372033119202,
        0.9679563045501709,
        0.7458181381225586,
        0.8652000427246094,
        0.7356379628181458,
        0.7296234965324402,
        0.1447572112083435,
        0.6862508058547974,
        0.13802385330200195,
        0.179732084274292,
        0.3782275319099426,
        0.7202886343002319,
        0.4007893204689026,
        0.23040014505386353,
        0.6165021657943726,
        0.6220514178276062,
        0.35977357625961304,
        0.02106577157974243,
        0.498266339302063,
        0.23290765285491943,
        0.8194186687469482,
        0.29018068313598633,
        0.27765148878097534,
        0.6812009215354919,
        0.7953947186470032,
        0.3804158568382263,
        0.8947250843048096,
        0.6441112160682678,
        0.023069381713867188,
        0.6992555856704712,
        0.8263125419616699,
        0.4367085099220276,
        0.6784572601318359,
        0.47944027185440063,
        0.20130044221878052,
        0.1114652156829834,
        0.36879754066467285,
        0.059838950634002686,
        0.32482051849365234,
        0.7141649723052979,
        0.5348508954048157,
        0.8350830674171448,
        0.7152661681175232
    ]
}