{
    "format": 8,
    "name": "n80k2_20",
    "n": 80,
    "k": 2,
    "capacity": 40,
    "optimal_solution": 27.192956924438477,
    "x_values": [
        0.2980508804321289,
        0.4070100784301758,
        0.3820412755012512,
        0.48630291223526,
        0.28997862339019775,
        0.4466269612312317,
        0.6607626676559448,
        0.009204089641571045,
        0.15003079175949097,
        0.7882234454154968,
        0.40583109855651855,
        0.19283896684646606,
        0.22306907176971436,
        0.2954561114311218,
        0.5966930389404297,
        0.48079973459243774,
        0.6384036540985107,
        0.18706244230270386,
        0.5809431672096252,
        0.04352998733520508,
        0.43554162979125977,
        0.2714306116104126,
        0.14920073747634888,
        0.37600260972976685,
        0.4355012774467468,
        0.6404707431793213,
        0.863864541053772,
        0.6654242873191833,
        0.06564801931381226,
        0.046350717544555664,
        0.831432580947876,
        0.5355761647224426,
        0.39196598529815674,
        0.2163701057434082,
        0.4577210545539856,
        0.5724890232086182,
        0.062250375747680664,
        0.696448802947998,
        0.36957502365112305,
        0.44353461265563965,
        0.6638876795768738,
        0.5637758374214172,
        0.036176979541778564,
        0.3295150399208069,
        0.19535726308822632,
        0.2626879811286926,
        0.0701330304145813,
        0.9167792201042175,
        0.14939093589782715,
        0.14627861976623535,
        0.08219212293624878,
        0.9436206817626953,
        0.6419758796691895,
        0.6014847755432129,
        0.538788914680481,
        0.19261962175369263,
        0.03814786672592163,
        0.010826170444488525,
        0.43065446615219116,
        0.3154376745223999,
        0.08169835805892944,
        0.4175376892089844,
        0.6591663360595703,
        0.48812776803970337,
        0.8113111853599548,
        0.5946432948112488,
        0.4397994875907898,
        0.0747988224029541,
        0.34537720680236816,
        0.7443978786468506,
        0.5538695454597473,
        0.04402029514312744,
        0.9919565916061401,
        0.496534526348114,
        0.16969138383865356,
        0.5665686130523682,
        0.858553409576416,
        0.16912603378295898,
        0.7857730984687805,
        0.5448670387268066
    ],
    "y_values": [
        0.542890191078186,
        0.7102230191230774,
        0.7651833295822144,
        0.1282842755317688,
        0.9445116519927979,
        0.23887848854064941,
        0.4216724634170532,
        0.15528839826583862,
        0.3567483425140381,
        0.7028170824050903,
        0.5279207229614258,
        0.17926055192947388,
        0.04264146089553833,
        0.715357780456543,
        0.4037923812866211,
        0.5519993901252747,
        0.001034855842590332,
        0.2865872383117676,
        0.5332671999931335,
        0.6524114608764648,
        0.12467718124389648,
        0.5636692643165588,
        0.7798614501953125,
        0.08022814989089966,
        0.3708217144012451,
        0.7144557237625122,
        0.83456951379776,
        0.8650412559509277,
        0.8944212794303894,
        0.878036379814148,
        0.420989990234375,
        0.5315280556678772,
        0.31985193490982056,
        0.004549801349639893,
        0.316490113735199,
        0.07958000898361206,
        0.4174090623855591,
        0.5195758938789368,
        0.06964302062988281,
        0.3449803590774536,
        0.64273601770401,
        0.8510136008262634,
        0.4124906659126282,
        0.7961329817771912,
        0.5059764385223389,
        0.2965887784957886,
        0.13122493028640747,
        0.471591055393219,
        0.07870674133300781,
        0.31653839349746704,
        0.6432992219924927,
        0.2634965181350708,
        0.34347760677337646,
        0.07933056354522705,
        0.7026026248931885,
        0.5299678444862366,
        0.07182371616363525,
        0.6536718010902405,
        0.4994683265686035,
        0.02650660276412964,
        0.7812463045120239,
        0.3338935375213623,
        0.8034929633140564,
        0.0022313594818115234,
        0.8584979772567749,
        0.4467352032661438,
        0.7770670652389526,
        0.810392439365387,
        0.5805773735046387,
        0.9162778854370117,
        0.8405783176422119,
        0.6674315929412842,
        0.6124697923660278,
        0.931881844997406,
        0.6095066666603088,
        0.2436591386795044,
        0.7371461987495422,
        0.8949505090713501,
        0.8689844608306885,
        0.7735438942909241
    ]
}