{
    "format": 10,
    "name": "n100k2_16",
    "n": 100,
    "k": 2,
    "optimal_solution": 52.7586968803003,
    "x_values": [
        0.6842756915130654,
        0.8027791578214016,
        0.7189475690834897,
        0.976116080560983,
        0.891251526903812,
        0.458023290011776,
        0.8034075217369584,
        0.3484272889894421,
        0.2003046982996204,
        0.24827076688931216,
        0.9360281405277339,
        0.41322961572010597,
        0.8215358299409575,
        0.21616608814171878,
        0.30197819074027277,
        0.6005970338374824,
        0.4219576704934681,
        0.33071757188882145,
        0.3346557743279869,
        0.5318915482873264,
        0.15486257303471185,
        0.9526370457199679,
        0.2136577803334695,
        0.05271379347088778,
        0.8224457352446165,
        0.29933566217823704,
        0.40111405429501534,
        0.34214283203759244,
        0.4269042569955457,
        0.40828619137754574,
        0.7395660640230475,
        0.36403145395217407,
        0.7627841191943379,
        0.08375527834723029,
        0.27316132608475896,
        0.9153515960885452,
        0.6834004165119433,
        0.2301435826249787,
        0.9212770335266848,
        0.258241415751144,
        0.31225908832170823,
        0.4857584968119587,
        0.5800091910609795,
        0.38445925400740943,
        0.731981871562628,
        0.7756299391738268,
        0.5092497362724195,
        0.14972946324666148,
        0.6722453397885503,
        0.8477108449870975,
        0.10092176353513005,
        0.2862621370152676,
        0.5954115258434849,
        0.925745922874206,
        0.9556905121594774,
        0.7535409058543916,
        0.6391744215198111,
        0.657833257016224,
        0.6131240356541617,
        0.519247248279879,
        0.2246904379430792,
        0.7605443651493632,
        0.08026666717078934,
        0.39078638470472327,
        0.6593040489754244,
        0.42181005662442994,
        0.6898267884845047,
        0.8857693733721265,
        0.26359940155331607,
        0.8197432119251399,
        0.5241724773265064,
        0.43683088446966767,
        0.5257547342541881,
        0.45040105431830935,
        0.13115533443725036,
        0.4575123791643273,
        0.5318952432771027,
        0.9756644598925827,
        0.4039240376438207,
        0.25325708278281234,
        0.8371294968921023,
        0.6631643365962206,
        0.9851669158271076,
        0.3938903641172564,
        0.6028232164539967,
        0.9420686360554467,
        0.6692639073887027,
        0.504348156712548,
        0.7625659440974764,
        0.6865210835402807,
        0.7135051869891778,
        0.34283401242109934,
        0.7200811845920068,
        0.5561023926233449,
        0.46230258992413087,
        0.9523585276184824,
        0.02095549069897229,
        0.7515311708440361,
        0.07724498642731326,
        0.06458685981456258
    ],
    "y_values": [
        0.8060205642548894,
        0.7618529691235116,
        0.5830655492784881,
        0.7177921152684705,
        0.6982681125519843,
        0.5342069613403174,
        0.3183810759830126,
        0.7885181689365485,
        0.8465164461892457,
        0.9151388293581945,
        0.28865765905883145,
        0.39047624975366213,
        0.31150418617602926,
        0.14186026822032494,
        0.4438885696999413,
        0.028449761097428694,
        0.35787440897433087,
        0.9854300332652337,
        0.8346726906779275,
        0.5238535752870062,
        0.329067244024435,
        0.8425253692764461,
        0.8019487895179556,
        0.5657108772063725,
        0.77726708284748,
        0.218660366905846,
        0.46019525103236203,
        0.559588366115627,
        0.04945467966265438,
        0.23589895923184057,
        0.4528896188996028,
        0.27608819472625845,
        0.9086795679280428,
        0.5565650579819091,
        0.9809372135741969,
        0.03703682146655907,
        0.3113883856384678,
        0.8682993395804832,
        0.9288623122828878,
        0.2552178085000667,
        0.03650170441069289,
        0.7578236693182402,
        0.8889506001941996,
        0.9633501630328333,
        0.5420731650791477,
        0.35876959755685256,
        0.6675204087404533,
        0.5695435671129897,
        0.7261002570159653,
        0.9555829885580656,
        0.45756881610374567,
        0.17869527936241048,
        0.7746682679048975,
        0.22797126397651568,
        0.652338648847838,
        0.05258679026356239,
        0.07129542535454025,
        0.5536074000210801,
        0.4374534818705844,
        0.8407417316197334,
        0.2685545901091865,
        0.6759889928551964,
        0.12930241776495832,
        0.5781449553298533,
        0.825484727972549,
        0.4489543482569701,
        0.018453970347103943,
        0.21292504908291277,
        0.2786992912795584,
        0.04606979958880486,
        0.8344974323165103,
        0.2708600547143154,
        0.7456063080812099,
        0.5282401975896098,
        0.22221457103089992,
        0.3599087936318637,
        0.8485287465218521,
        0.27990258342287055,
        0.5327979885244956,
        0.9105815774592058,
        0.398404135912636,
        0.6229938467057794,
        0.07869670940728635,
        0.7180607676508249,
        0.41867447855009543,
        0.9660347161070741,
        0.951104018974261,
        0.693962700159681,
        0.28245844748514937,
        0.9906955150941245,
        0.0804789226399012,
        0.2378603538998738,
        0.5694860397247871,
        0.03493269048757408,
        0.6022561557217838,
        0.6431777343469951,
        0.7572045363467588,
        0.0423488595042546,
        0.3918759610221917,
        0.4638505216181057
    ],