{
    "format": 2,
    "name": "n50k4_22",
    "n": 50,
    "k": 4,
    "optimal_solution": 10.304120063781738,
    "x_values": [
        0.7897655367851257,
        0.8408792614936829,
        0.3652397394180298,
        0.38317930698394775,
        0.6054709553718567,
        0.9247956871986389,
        0.2095271348953247,
        0.12610119581222534,
        0.25100940465927124,
        0.8987367153167725,
        0.9881786108016968,
        0.25659841299057007,
        0.20966112613677979,
        0.4944814443588257,
        0.7270787358283997,
        0.951828122138977,
        0.4593178629875183,
        0.7502796053886414,
        0.21041744947433472,
        0.4234272837638855,
        0.5842613577842712,
        0.2719118595123291,
        0.40874814987182617,
        0.16211849451065063,
        0.357005774974823,
        0.5321931838989258,
        0.04532855749130249,
        0.431399941444397,
        0.9692752957344055,
        0.5131930112838745,
        0.8940404653549194,
        0.7570464015007019,
        0.2186076045036316,
        0.9576181769371033,
        0.7716370820999146,
        0.8142677545547485,
        0.49227648973464966,
        0.7750934362411499,
        0.7784681916236877,
        0.8194884061813354,
        0.15516209602355957,
        0.37088310718536377,
        0.9231454730033875,
        0.6153008937835693,
        0.3064858317375183,
        0.052552223205566406,
        0.09589862823486328,
        0.6742674708366394,
        0.788940966129303,
        0.2965966463088989
    ],
    "y_values": [
        0.9985957145690918,
        0.8441875576972961,
        0.15349459648132324,
        0.3029049038887024,
        0.17366427183151245,
        0.7770071029663086,
        0.8969575762748718,
        0.23141628503799438,
        0.5963255763053894,
        0.08402997255325317,
        0.16991519927978516,
        0.6091071963310242,
        0.8105530142784119,
        0.561417281627655,
        0.1338745355606079,
        0.9368139505386353,
        0.4814780354499817,
        0.6613978147506714,
        0.7882554531097412,
        0.9033880233764648,
        0.2707785964012146,
        0.03965979814529419,
        0.7182632088661194,
        0.3219906687736511,
        0.007024824619293213,
        0.8552461862564087,
        0.2640630602836609,
        0.8513555526733398,
        0.2844471335411072,
        0.6046169996261597,
        0.8500432968139648,
        0.8174741268157959,
        0.7036086916923523,
        0.9670051336288452,
        0.5975619554519653,
        0.9075266718864441,
        0.41171735525131226,
        0.8206185698509216,
        0.2796283960342407,
        0.20854634046554565,
        0.16923201084136963,
        0.8287779688835144,
        0.4154042601585388,
        0.23648279905319214,
        0.942159116268158,
        0.4512519836425781,
        0.12363433837890625,
        0.3348947763442993,
        0.07884091138839722,
        0.7422619462013245
    ]
}