{
    "format": 5,
    "name": "n70k6_27",
    "n": 70,
    "k": 6,
    "optimal_solution": 0.35827672481536865,
    "x_values": [
        0.45802003145217896,
        0.9880126118659973,
        0.005928397178649902,
        0.9277888536453247,
        0.2675497531890869,
        0.08756417036056519,
        0.5263100266456604,
        0.301350474357605,
        0.287639319896698,
        0.8602743744850159,
        0.4962364435195923,
        0.19153845310211182,
        0.7040010094642639,
        0.5272812247276306,
        0.9405310153961182,
        0.5119942426681519,
        0.7207028865814209,
        0.5381754040718079,
        0.9827823042869568,
        0.19103187322616577,
        0.40260833501815796,
        0.8776905536651611,
        0.007182717323303223,
        0.9228650331497192,
        0.5845218896865845,
        0.1928977370262146,
        0.2833595871925354,
        0.7658210396766663,
        0.29715418815612793,
        0.965670108795166,
        0.009417951107025146,
        0.7621622681617737,
        0.9822105765342712,
        0.4192727208137512,
        0.1150628924369812,
        0.5702612400054932,
        0.6238075494766235,
        0.49997639656066895,
        0.5783748030662537,
        0.31518179178237915,
        0.9028061628341675,
        0.531044602394104,
        0.9098809361457825,
        0.7047545909881592,
        0.9115037322044373,
        0.5904650092124939,
        0.5441543459892273,
        0.57814621925354,
        0.10840266942977905,
        0.8343207240104675,
        0.6694473028182983,
        0.7019705772399902,
        0.9481644630432129,
        0.10869616270065308,
        0.31237906217575073,
        0.4331687092781067,
        0.7022684216499329,
        0.4656531810760498,
        0.39787036180496216,
        0.8149787783622742,
        0.777866005897522,
        0.3128032088279724,
        0.8674558401107788,
        0.5707674026489258,
        0.4337463974952698,
        0.4694172739982605,
        0.894415020942688,
        0.5961862802505493,
        0.04898178577423096,
        0.49143701791763306
    ],
    "y_values": [
        0.22130340337753296,
        0.37693047523498535,
        0.5834835171699524,
        0.898955225944519,
        0.48966890573501587,
        0.7113190293312073,
        0.22485369443893433,
        0.5112181305885315,
        0.3476751446723938,
        0.7935673594474792,
        0.31168246269226074,
        0.37227606773376465,
        0.6970817446708679,
        0.4222910404205322,
        0.14143919944763184,
        0.7835876941680908,
        0.05255037546157837,
        0.780830979347229,
        0.9516847133636475,
        0.9398444294929504,
        0.23368990421295166,
        0.2538394331932068,
        0.6276871562004089,
        0.33855921030044556,
        0.008817851543426514,
        0.28446781635284424,
        0.9268230199813843,
        0.41674119234085083,
        0.7760583162307739,
        0.2770445942878723,
        0.7251948714256287,
        0.4431660771369934,
        0.483504056930542,
        0.6137736439704895,
        0.5504454970359802,
        0.7365215420722961,
        0.10867619514465332,
        0.6479048132896423,
        0.35096192359924316,
        0.5914954543113708,
        0.4097636342048645,
        0.027309000492095947,
        0.04883795976638794,
        0.18962371349334717,
        0.01981484889984131,
        0.15043842792510986,
        0.5814592838287354,
        0.2873377203941345,
        0.020754694938659668,
        0.5035223364830017,
        0.46731966733932495,
        0.498599112033844,
        0.5302737355232239,
        0.726512610912323,
        0.51321941614151,
        0.7244071364402771,
        0.3004356026649475,
        0.5476585030555725,
        0.7855584621429443,
        0.5707362294197083,
        0.041117191314697266,
        0.2588478922843933,
        0.9308627843856812,
        0.1710515022277832,
        0.23916596174240112,
        0.695322573184967,
        0.9119395613670349,
        0.3904242515563965,
        0.6296440958976746,
        0.7823408842086792
    ]
}