{
    "format": 8,
    "name": "n50k6_17",
    "n": 50,
    "k": 6,
    "capacity": 9,
    "optimal_solution": 8.303635597229004,
    "x_values": [
        0.20674139261245728,
        0.07658308744430542,
        0.26332831382751465,
        0.32614290714263916,
        0.653204619884491,
        0.5048051476478577,
        0.1091117262840271,
        0.2530520558357239,
        0.4183540344238281,
        0.2309831976890564,
        0.9513822197914124,
        0.8299028277397156,
        0.5323313474655151,
        0.9388457536697388,
        0.7712729573249817,
        0.5636208057403564,
        0.3298942446708679,
        0.6577237844467163,
        0.8318231701850891,
        0.2894512414932251,
        0.6404554843902588,
        0.9903489351272583,
        0.20580917596817017,
        0.9120880961418152,
        0.9463472366333008,
        0.9531679749488831,
        0.4357954263687134,
        0.2910962700843811,
        0.3427324891090393,
        0.09897828102111816,
        0.5465102791786194,
        0.29050254821777344,
        0.5227692723274231,
        0.9556005001068115,
        0.977321445941925,
        0.10115194320678711,
        0.6687926054000854,
        0.25308215618133545,
        0.8032869696617126,
        0.7035594582557678,
        0.31811225414276123,
        0.6031543612480164,
        0.8792340159416199,
        0.949000895023346,
        0.7597538828849792,
        0.9566612839698792,
        0.683523952960968,
        0.4730514883995056,
        0.21292245388031006,
        0.3959781527519226
    ],
    "y_values": [
        0.8993118405342102,
        0.2576712965965271,
        0.21538448333740234,
        0.30572474002838135,
        0.7962964177131653,
        0.25022459030151367,
        0.9000584483146667,
        0.7492363452911377,
        0.8777378797531128,
        0.5863524675369263,
        0.2655654549598694,
        0.9438496828079224,
        0.20024007558822632,
        0.9426431059837341,
        0.19679802656173706,
        0.8834468126296997,
        0.4222698211669922,
        0.30742067098617554,
        0.7253491878509521,
        0.14010655879974365,
        0.1345387101173401,
        0.4551212191581726,
        0.2059761881828308,
        0.5728327035903931,
        0.2845659852027893,
        0.4718691110610962,
        0.9989593029022217,
        0.6667311191558838,
        0.32794642448425293,
        0.26554590463638306,
        0.3831360340118408,
        0.8276932835578918,
        0.3993076682090759,
        0.8684876561164856,
        0.30583125352859497,
        0.31214290857315063,
        0.7471461892127991,
        0.17178267240524292,
        0.2472625970840454,
        0.3999605178833008,
        0.00435250997543335,
        0.6257247924804688,
        0.849696159362793,
        0.6643145084381104,
        0.07985591888427734,
        0.6438075304031372,
        0.9660787582397461,
        0.53419029712677,
        0.8822677135467529,
        0.9290093183517456
    ]
}