{
    "format": 2,
    "name": "n90k2_43",
    "n": 90,
    "k": 2,
    "optimal_solution": 31.058752059936523,
    "x_values": [
        0.09871476888656616,
        0.06620931625366211,
        0.48623400926589966,
        0.45833104848861694,
        0.8520137071609497,
        0.4852033853530884,
        0.0546191930770874,
        0.3118428587913513,
        0.3046882748603821,
        0.31492888927459717,
        0.28606802225112915,
        0.4834051728248596,
        0.1041225790977478,
        0.9419718980789185,
        0.36069101095199585,
        0.36936283111572266,
        0.5258273482322693,
        0.156430184841156,
        0.7650931477546692,
        0.1813555359840393,
        0.9963595271110535,
        0.38043755292892456,
        0.32831746339797974,
        0.8747228384017944,
        0.09190237522125244,
        0.14091116189956665,
        0.5914670825004578,
        0.15211856365203857,
        0.4591171145439148,
        0.5324547290802002,
        0.5273237228393555,
        0.3975115418434143,
        0.853115975856781,
        0.1529930830001831,
        0.559221088886261,
        0.43273645639419556,
        0.0029792189598083496,
        0.5114076137542725,
        0.6409749984741211,
        0.11192619800567627,
        0.25860291719436646,
        0.6932691931724548,
        0.005184352397918701,
        0.32823485136032104,
        0.3968271017074585,
        0.7442566156387329,
        0.5787141919136047,
        0.17016297578811646,
        0.4163563847541809,
        0.2168859839439392,
        0.22643792629241943,
        0.9825170636177063,
        0.12079936265945435,
        0.1877690553665161,
        0.2642372250556946,
        0.19060814380645752,
        0.014011859893798828,
        0.7094107270240784,
        0.20681089162826538,
        0.5742812156677246,
        0.35812634229660034,
        0.09270727634429932,
        0.06356662511825562,
        0.0008748769760131836,
        0.41428542137145996,
        0.17981946468353271,
        0.8588083386421204,
        0.6126822233200073,
        0.5022228360176086,
        0.4371819496154785,
        0.48129594326019287,
        0.4642717242240906,
        0.49728894233703613,
        0.027026832103729248,
        0.9344868063926697,
        0.28098028898239136,
        0.7022419571876526,
        0.37107592821121216,
        0.1511998176574707,
        0.7161102294921875,
        0.8671712279319763,
        0.9469925165176392,
        0.45730870962142944,
        0.10788834095001221,
        0.4124671220779419,
        0.8612592816352844,
        0.2426077127456665,
        0.9028968214988708,
        0.7575018405914307,
        0.5890637040138245
    ],
    "y_values": [
        0.19751888513565063,
        0.40032851696014404,
        0.9638927578926086,
        0.7603898644447327,
        0.02997303009033203,
        0.9579587578773499,
        0.1760839819908142,
        0.8817856907844543,
        0.44994592666625977,
        0.18642717599868774,
        0.5490937829017639,
        0.4206535220146179,
        0.8984007835388184,
        0.5879749059677124,
        0.6596702933311462,
        0.24687844514846802,
        0.009787201881408691,
        0.9995219111442566,
        0.6694835424423218,
        0.9212905168533325,
        0.3918148875236511,
        0.4936954379081726,
        0.631091296672821,
        0.5232627987861633,
        0.24233359098434448,
        0.5358682870864868,
        0.34852802753448486,
        0.29968899488449097,
        0.20259785652160645,
        0.5202033519744873,
        0.9578204154968262,
        0.24317294359207153,
        0.19652587175369263,
        0.7931339740753174,
        0.9239153265953064,
        0.20900583267211914,
        0.5850628614425659,
        0.47755998373031616,
        0.7281922101974487,
        0.14026421308517456,
        0.1693289875984192,
        0.1736251711845398,
        0.9892492294311523,
        0.38302046060562134,
        0.2842508554458618,
        0.44488590955734253,
        0.9897214770317078,
        0.9370805621147156,
        0.7475172877311707,
        0.7576056122779846,
        0.3770473599433899,
        0.7423915863037109,
        0.6283107399940491,
        0.5512915253639221,
        0.34771639108657837,
        0.2733273506164551,
        0.7560036182403564,
        0.11096304655075073,
        0.018356263637542725,
        0.49659085273742676,
        0.6067898869514465,
        0.2833365797996521,
        0.2242295742034912,
        0.4073578119277954,
        0.20667195320129395,
        0.17327594757080078,
        0.047232210636138916,
        0.0689014196395874,
        0.2704225778579712,
        0.8024075627326965,
        0.6978163123130798,
        0.24610036611557007,
        0.1231570839881897,
        0.1131177544593811,
        0.49198973178863525,
        0.5067684054374695,
        0.2928186058998108,
        0.48626160621643066,
        0.3516184687614441,
        0.3078422546386719,
        0.7887294292449951,
        0.5930712223052979,
        0.6493666768074036,
        0.707621693611145,
        0.6725833415985107,
        0.46002066135406494,
        0.9309622049331665,
        0.8693658113479614,
        0.21475982666015625,
        0.2271862030029297
    ]
}