{
    "format": 2,
    "name": "n80k10_1",
    "n": 80,
    "k": 10,
    "optimal_solution": 10.651260375976562,
    "x_values": [
        0.9887458086013794,
        0.9958842396736145,
        0.9984527230262756,
        0.6601095795631409,
        0.9502370357513428,
        0.17824381589889526,
        0.5060369968414307,
        0.7989611625671387,
        0.8049754500389099,
        0.9978429079055786,
        0.715115487575531,
        0.4543765187263489,
        0.6734676957130432,
        0.1445031762123108,
        0.36763250827789307,
        0.7776849269866943,
        0.8641536831855774,
        0.4874287247657776,
        0.5283352136611938,
        0.5527238249778748,
        0.3482591509819031,
        0.654166042804718,
        0.837825357913971,
        0.9284433722496033,
        0.45121848583221436,
        0.02495044469833374,
        0.36126577854156494,
        0.6438145041465759,
        0.5303508043289185,
        0.011950552463531494,
        0.3612052798271179,
        0.6309118270874023,
        0.3480607867240906,
        0.6122101545333862,
        0.5200255513191223,
        0.35006439685821533,
        0.03752535581588745,
        0.9766039848327637,
        0.8126903176307678,
        0.9520286321640015,
        0.02653372287750244,
        0.44285404682159424,
        0.4755348563194275,
        0.48065847158432007,
        0.44532859325408936,
        0.43308937549591064,
        0.2029508352279663,
        0.20541179180145264,
        0.3231852054595947,
        0.9429325461387634,
        0.6412664651870728,
        0.5405968427658081,
        0.7199293375015259,
        0.6372320055961609,
        0.07532823085784912,
        0.28057587146759033,
        0.2551862597465515,
        0.6245645880699158,
        0.05231833457946777,
        0.29199016094207764,
        0.9535558223724365,
        0.7660817503929138,
        0.770330548286438,
        0.900854229927063,
        0.8665631413459778,
        0.8618947863578796,
        0.6385998129844666,
        0.07265657186508179,
        0.30161625146865845,
        0.921320915222168,
        0.8500175476074219,
        0.010479390621185303,
        0.08199185132980347,
        0.7994993329048157,
        0.23935562372207642,
        0.8460996747016907,
        0.5145895481109619,
        0.43192076683044434,
        0.3484545946121216,
        0.9089788794517517
    ],
    "y_values": [
        0.29469966888427734,
        0.5353936553001404,
        0.7394684553146362,
        0.22608715295791626,
        0.7569180727005005,
        0.6983991861343384,
        0.07332664728164673,
        0.36781245470046997,
        0.9410244226455688,
        0.37152403593063354,
        0.6815820932388306,
        0.5861203670501709,
        0.21861451864242554,
        0.37647420167922974,
        0.16977035999298096,
        0.04069042205810547,
        0.035165607929229736,
        0.7582086324691772,
        0.4599177837371826,
        0.7815732359886169,
        0.23914092779159546,
        0.9794479608535767,
        0.20500993728637695,
        0.21050238609313965,
        0.34260427951812744,
        0.7174903154373169,
        0.415948748588562,
        0.620547354221344,
        0.422712504863739,
        0.32011234760284424,
        0.6975721120834351,
        0.7975795865058899,
        0.9976438879966736,
        0.775242805480957,
        0.5637155771255493,
        0.3294970989227295,
        0.6912144422531128,
        0.6153120994567871,
        0.3376317620277405,
        0.25140780210494995,
        0.7139279246330261,
        0.19097673892974854,
        0.802574634552002,
        0.31919747591018677,
        0.9749717116355896,
        0.6779663562774658,
        0.9784556031227112,
        0.3749643564224243,
        0.8760973811149597,
        0.5664252042770386,
        0.02104330062866211,
        0.8257730603218079,
        0.5256972312927246,
        0.3508857488632202,
        0.9763643741607666,
        0.8250969052314758,
        0.7993432283401489,
        0.6262674927711487,
        0.6267443895339966,
        0.22958803176879883,
        0.76429283618927,
        0.48877841234207153,
        0.7059940695762634,
        0.9797704219818115,
        0.38468581438064575,
        0.7960813045501709,
        0.025968551635742188,
        0.22784870862960815,
        0.8720625638961792,
        0.8602433204650879,
        0.6244953870773315,
        0.37925243377685547,
        0.12953674793243408,
        0.8373597264289856,
        0.9935593008995056,
        0.3333777189254761,
        0.9422376155853271,
        0.12345808744430542,
        0.3646482229232788,
        0.44311267137527466
    ]
}