{
    "format": 2,
    "name": "n80k10_29",
    "n": 80,
    "k": 10,
    "optimal_solution": 10.11122989654541,
    "x_values": [
        0.7832722663879395,
        0.024702489376068115,
        0.3341246247291565,
        0.45055896043777466,
        0.31546956300735474,
        0.9368002414703369,
        0.17041796445846558,
        0.5657951235771179,
        0.0027875304222106934,
        0.9876742959022522,
        0.4284290671348572,
        0.31290990114212036,
        0.7140301465988159,
        0.8702248334884644,
        0.9617571234703064,
        0.5679633617401123,
        0.2470434308052063,
        0.004455685615539551,
        0.7623766660690308,
        0.8362176418304443,
        0.9011580944061279,
        0.9161822199821472,
        0.916547417640686,
        0.8155781030654907,
        0.8013754487037659,
        0.4079815745353699,
        0.7380127310752869,
        0.9770435094833374,
        0.5892894864082336,
        0.11992532014846802,
        0.9681154489517212,
        0.8058063983917236,
        0.7708780765533447,
        0.34489548206329346,
        0.586653470993042,
        0.5864155292510986,
        0.8495204448699951,
        0.9097181558609009,
        0.3769354224205017,
        0.9818950295448303,
        0.9423984885215759,
        0.3674378991127014,
        0.5823602676391602,
        0.05231654644012451,
        0.8863400220870972,
        0.5525292158126831,
        0.8138729929924011,
        0.3916855454444885,
        0.9380903840065002,
        0.8702970147132874,
        0.25418758392333984,
        0.17911016941070557,
        0.9921237230300903,
        0.16333931684494019,
        0.07447952032089233,
        0.6539006233215332,
        0.9364768862724304,
        0.5146477222442627,
        0.7340543866157532,
        0.2310602068901062,
        0.9134686589241028,
        0.4112842082977295,
        0.4760023355484009,
        0.2662144899368286,
        0.10482192039489746,
        0.2650552988052368,
        0.6886823773384094,
        0.02665764093399048,
        0.12919163703918457,
        0.7413809299468994,
        0.7219753861427307,
        0.1500735878944397,
        0.6709282398223877,
        0.8294843435287476,
        0.16715437173843384,
        0.7126634120941162,
        0.8365320563316345,
        0.3057518005371094,
        0.05113828182220459,
        0.7794376611709595
    ],
    "y_values": [
        0.8911833763122559,
        0.13064974546432495,
        0.010149538516998291,
        0.7901732325553894,
        0.404541552066803,
        0.026199638843536377,
        0.8134080767631531,
        0.09192276000976562,
        0.29706287384033203,
        0.2705838680267334,
        0.35097742080688477,
        0.06396085023880005,
        0.1800307035446167,
        0.7884418368339539,
        0.9190341830253601,
        0.14668244123458862,
        0.6391835808753967,
        0.08690887689590454,
        0.7365169525146484,
        0.3203091025352478,
        0.1352919340133667,
        0.048374712467193604,
        0.3368643522262573,
        0.49146950244903564,
        0.7194415926933289,
        0.6603152751922607,
        0.7579389214515686,
        0.726953387260437,
        0.5374991297721863,
        0.8342723250389099,
        0.36285072565078735,
        0.9073473811149597,
        0.623117983341217,
        0.17090755701065063,
        0.14870798587799072,
        0.4495176076889038,
        0.41636455059051514,
        0.6471073031425476,
        0.6762806177139282,
        0.662614107131958,
        0.5081823468208313,
        0.08519649505615234,
        0.4119674563407898,
        0.09378206729888916,
        0.206007719039917,
        0.4120965003967285,
        0.6142470240592957,
        0.8904933333396912,
        0.7812692523002625,
        0.5433887243270874,
        0.4596136212348938,
        0.06853067874908447,
        0.7551628947257996,
        0.7679339647293091,
        0.8292433619499207,
        0.3680983781814575,
        0.5460729002952576,
        0.8850842118263245,
        0.6798049807548523,
        0.8836592435836792,
        0.47405344247817993,
        0.18221330642700195,
        0.021033763885498047,
        0.14334821701049805,
        0.9251036047935486,
        0.8330991268157959,
        0.6648975014686584,
        0.48820894956588745,
        0.2162342667579651,
        0.8572947382926941,
        0.4992435574531555,
        0.7225503921508789,
        0.02575397491455078,
        0.3371303081512451,
        0.9427924752235413,
        0.40646642446517944,
        0.2580839991569519,
        0.38105952739715576,
        0.673250675201416,
        0.8251662254333496
    ]
}