{
    "format": 2,
    "name": "n20k5_85",
    "n": 20,
    "k": 5,
    "optimal_solution": 3.0036187171936035,
    "x_values": [
        0.005124807357788086,
        0.7650927901268005,
        0.46477168798446655,
        0.3565376400947571,
        0.2346658706665039,
        0.1791331171989441,
        0.6096905469894409,
        0.3608645796775818,
        0.7835700511932373,
        0.9171915650367737,
        0.6710218191146851,
        0.9752640128135681,
        0.9695015549659729,
        0.35040682554244995,
        0.11670398712158203,
        0.11194038391113281,
        0.24263638257980347,
        0.6254715919494629,
        0.7233771681785583,
        0.44924890995025635
    ],
    "y_values": [
        0.001150369644165039,
        0.14616626501083374,
        0.29631948471069336,
        0.777134358882904,
        0.05634266138076782,
        0.013571202754974365,
        0.3380815386772156,
        0.2376917004585266,
        0.23735827207565308,
        0.8821477293968201,
        0.8152489066123962,
        0.7194710969924927,
        0.8743788599967957,
        0.21492034196853638,
        0.5098646879196167,
        0.34392815828323364,
        0.03219330310821533,
        0.6885163187980652,
        0.053549349308013916,
        0.04219156503677368
    ]
}