{
    "format": 2,
    "name": "n90k8_1",
    "n": 90,
    "k": 8,
    "optimal_solution": 13.8485746383667,
    "x_values": [
        0.9954319596290588,
        0.1447858214378357,
        0.3168739080429077,
        0.2803632616996765,
        0.5048109292984009,
        0.4977201223373413,
        0.8050280809402466,
        0.03465002775192261,
        0.9098991751670837,
        0.4366556406021118,
        0.3356969952583313,
        0.7442601323127747,
        0.9470993280410767,
        0.5355706810951233,
        0.10942071676254272,
        0.6103872060775757,
        0.7093362212181091,
        0.13139641284942627,
        0.9693678021430969,
        0.038284897804260254,
        0.9138569235801697,
        0.2306762933731079,
        0.21293622255325317,
        0.9904330372810364,
        0.8074488639831543,
        0.010544776916503906,
        0.4610079526901245,
        0.9503415822982788,
        0.10733097791671753,
        0.3639003038406372,
        0.43253958225250244,
        0.6328573226928711,
        0.22314214706420898,
        0.8639273047447205,
        0.7041370272636414,
        0.7767502069473267,
        0.5458440780639648,
        0.9401408433914185,
        0.9675977230072021,
        0.4559757113456726,
        0.00430452823638916,
        0.20604634284973145,
        0.43226391077041626,
        0.6905000805854797,
        0.8633283376693726,
        0.5671074986457825,
        0.4654509425163269,
        0.8107988238334656,
        0.525982141494751,
        0.2619505524635315,
        0.15634167194366455,
        0.14881187677383423,
        0.2530292868614197,
        0.40315353870391846,
        0.0881812572479248,
        0.43230772018432617,
        0.46362370252609253,
        0.08771723508834839,
        0.17200225591659546,
        0.7217938899993896,
        0.9473837018013,
        0.5104111433029175,
        0.25117987394332886,
        0.9141311645507812,
        0.1932780146598816,
        0.19855046272277832,
        0.7524692416191101,
        0.7871950268745422,
        0.3562352657318115,
        0.8486055731773376,
        0.9315326809883118,
        0.665536105632782,
        0.016422748565673828,
        0.5145379304885864,
        0.2113296389579773,
        0.23264789581298828,
        0.6227185726165771,
        0.7048352360725403,
        0.9155521988868713,
        0.5614772439002991,
        0.20336145162582397,
        0.6646256446838379,
        0.5325894951820374,
        0.667659342288971,
        0.27475208044052124,
        0.5477495789527893,
        0.9191891551017761,
        0.17555582523345947,
        0.45154404640197754,
        0.1525280475616455
    ],
    "y_values": [
        0.22656482458114624,
        0.46962785720825195,
        0.4808860421180725,
        0.7583188414573669,
        0.6303843259811401,
        0.4980490207672119,
        0.05230915546417236,
        0.5827733874320984,
        0.40575307607650757,
        0.4261493682861328,
        0.5382260680198669,
        0.11997455358505249,
        0.5736662149429321,
        0.8662850260734558,
        0.1476239562034607,
        0.9749333262443542,
        0.38900226354599,
        0.4308816194534302,
        0.08840805292129517,
        0.2375202178955078,
        0.4593724012374878,
        0.5014962553977966,
        0.5614771842956543,
        0.1190914511680603,
        0.6264344453811646,
        0.3778979182243347,
        0.8072662949562073,
        0.94376540184021,
        0.9744210243225098,
        0.4169652462005615,
        0.9997022747993469,
        0.7296297550201416,
        0.26148343086242676,
        0.4218180179595947,
        0.059428513050079346,
        0.3126717209815979,
        0.2695813775062561,
        0.3608085513114929,
        0.7180476784706116,
        0.045133769512176514,
        0.430036723613739,
        0.3438471555709839,
        0.7278821468353271,
        0.604245662689209,
        0.7677335739135742,
        0.6232417821884155,
        0.11434847116470337,
        0.7306702733039856,
        0.9318421483039856,
        0.7270923256874084,
        0.22772502899169922,
        0.6874523758888245,
        0.18493449687957764,
        0.002400338649749756,
        0.9816703200340271,
        0.01709270477294922,
        0.17838352918624878,
        0.7782399654388428,
        0.22829961776733398,
        0.8680698871612549,
        0.40808939933776855,
        0.79875248670578,
        0.2251567244529724,
        0.43472546339035034,
        0.6331837177276611,
        0.6046094298362732,
        0.7319539189338684,
        0.2979821562767029,
        0.34154611825942993,
        0.5978286862373352,
        0.9466142058372498,
        0.39111995697021484,
        0.9005493521690369,
        0.2584342956542969,
        0.9633960127830505,
        0.7274768948554993,
        0.3235652446746826,
        0.2042800784111023,
        0.08481663465499878,
        0.2961627244949341,
        0.47284746170043945,
        0.10790395736694336,
        0.31481045484542847,
        0.606484591960907,
        0.818831205368042,
        0.8453963398933411,
        0.7575803399085999,
        0.21612757444381714,
        0.8708874583244324,
        0.9213935136795044
    ]
}