{
    "format": 2,
    "name": "n90k8_51",
    "n": 90,
    "k": 8,
    "optimal_solution": 13.379616737365723,
    "x_values": [
        0.10185980796813965,
        0.027873694896697998,
        0.2924368977546692,
        0.5622382164001465,
        0.45122992992401123,
        0.2504158020019531,
        0.20220071077346802,
        0.37055420875549316,
        0.8421299457550049,
        0.8413021564483643,
        0.6113675236701965,
        0.412523090839386,
        0.6130133271217346,
        0.3068639636039734,
        0.3059026598930359,
        0.23511260747909546,
        0.3928171992301941,
        0.02043694257736206,
        0.36293065547943115,
        0.8766740560531616,
        0.3842991590499878,
        0.29821646213531494,
        0.23297619819641113,
        0.1851368546485901,
        0.6231067776679993,
        0.19010823965072632,
        0.040636301040649414,
        0.05718791484832764,
        0.48589378595352173,
        0.048564255237579346,
        0.6912342309951782,
        0.0838313102722168,
        0.2372317910194397,
        0.569675087928772,
        0.4146794080734253,
        0.6252185106277466,
        0.734891414642334,
        0.3111637830734253,
        0.18390613794326782,
        0.23711711168289185,
        0.0627698302268982,
        0.5737215876579285,
        0.35347068309783936,
        0.30742281675338745,
        0.2337448000907898,
        0.9428297877311707,
        0.6607062816619873,
        0.23751521110534668,
        0.45213782787323,
        0.5028542280197144,
        0.6118287444114685,
        0.9304555058479309,
        0.30260515213012695,
        0.3601532578468323,
        0.11887365579605103,
        0.9351655840873718,
        0.6885885000228882,
        0.6180595755577087,
        0.8398773670196533,
        0.13101494312286377,
        0.040233492851257324,
        0.8748611807823181,
        0.9368671774864197,
        0.030403614044189453,
        0.7365612387657166,
        0.8846384882926941,
        0.23454183340072632,
        0.7716203331947327,
        0.01991128921508789,
        0.2510518431663513,
        0.07866740226745605,
        0.8535975813865662,
        0.5277349352836609,
        0.08999145030975342,
        0.9552999138832092,
        0.252754271030426,
        0.1377127766609192,
        0.4752122759819031,
        0.32006120681762695,
        0.5065171122550964,
        0.3840559720993042,
        0.7084357738494873,
        0.3053765296936035,
        0.6024088263511658,
        0.2397291660308838,
        0.6727467179298401,
        0.3767428398132324,
        0.13400733470916748,
        0.003699362277984619,
        0.9062716960906982
    ],
    "y_values": [
        0.8214780688285828,
        0.42299097776412964,
        0.7633336186408997,
        0.025951504707336426,
        0.41365188360214233,
        0.8558727502822876,
        0.2945234775543213,
        0.22054195404052734,
        0.23038703203201294,
        0.15104007720947266,
        0.9771388173103333,
        0.8341518640518188,
        0.2947598695755005,
        0.5978051424026489,
        0.6270328760147095,
        0.2201554775238037,
        0.14757925271987915,
        0.7883706092834473,
        0.8254203796386719,
        0.9590080380439758,
        0.13493722677230835,
        0.3909369707107544,
        0.7184086441993713,
        0.47881245613098145,
        0.36807960271835327,
        0.6550352573394775,
        0.08675181865692139,
        0.4427971839904785,
        0.1254904866218567,
        0.4206675887107849,
        0.11680710315704346,
        0.9463656544685364,
        0.314708948135376,
        0.7203740477561951,
        0.825404167175293,
        0.7997563481330872,
        0.13700079917907715,
        0.5160695314407349,
        0.6133332252502441,
        0.117317795753479,
        0.2914273142814636,
        0.7640970349311829,
        0.8633289933204651,
        0.7342393398284912,
        0.5343547463417053,
        0.639098584651947,
        0.457359254360199,
        0.13282018899917603,
        0.8455635905265808,
        0.04816955327987671,
        0.6994885206222534,
        0.38482725620269775,
        0.3483607769012451,
        0.6352185606956482,
        0.8176192045211792,
        0.26414620876312256,
        0.3973087668418884,
        0.03635066747665405,
        0.8079116940498352,
        0.2928764820098877,
        0.8735936284065247,
        0.36871033906936646,
        0.9653055667877197,
        0.685642421245575,
        0.4319400191307068,
        0.3090285658836365,
        0.39753788709640503,
        0.07786381244659424,
        0.6660058498382568,
        0.7004643678665161,
        0.7713820338249207,
        0.40888428688049316,
        0.33813196420669556,
        0.6058127880096436,
        0.15656143426895142,
        0.26666224002838135,
        0.4732319116592407,
        0.12084394693374634,
        0.09569370746612549,
        0.5827065110206604,
        0.7667859792709351,
        0.9066912531852722,
        0.04323756694793701,
        0.31643664836883545,
        0.9807277917861938,
        0.3706079125404358,
        0.752768874168396,
        0.5235622525215149,
        0.6364784836769104,
        0.6378610730171204
    ]
}