{
    "format": 8,
    "name": "n80k8_48",
    "n": 80,
    "k": 8,
    "capacity": 10,
    "optimal_solution": 11.270225524902344,
    "x_values": [
        0.4804297089576721,
        0.9405786395072937,
        0.9940775036811829,
        0.3185077905654907,
        0.7640111446380615,
        0.0817674994468689,
        0.25547516345977783,
        0.36279404163360596,
        0.3383015990257263,
        0.17090445756912231,
        0.13868290185928345,
        0.6692522168159485,
        0.6270608901977539,
        0.26505106687545776,
        0.0646856427192688,
        0.1448115110397339,
        0.3934486508369446,
        0.007872939109802246,
        0.6373435258865356,
        0.3140312433242798,
        0.4967738389968872,
        0.37644147872924805,
        0.1717856526374817,
        0.849331796169281,
        0.2093767523765564,
        0.5897563695907593,
        0.42474204301834106,
        0.8652393817901611,
        0.9783408045768738,
        0.513378918170929,
        0.6622393727302551,
        0.015385091304779053,
        0.39764297008514404,
        0.24797040224075317,
        0.24092495441436768,
        0.01259613037109375,
        0.4217931032180786,
        0.2835094928741455,
        0.14084285497665405,
        0.09960609674453735,
        0.16348987817764282,
        0.30991876125335693,
        0.1351146697998047,
        0.6443979740142822,
        0.9915984272956848,
        0.6774301528930664,
        0.8331491351127625,
        0.6885643005371094,
        0.342584490776062,
        0.18874919414520264,
        0.3483087420463562,
        0.6749736070632935,
        0.8376205563545227,
        0.4284505248069763,
        0.7625534534454346,
        0.1455085277557373,
        0.19866633415222168,
        0.31943124532699585,
        0.6214944124221802,
        0.36528950929641724,
        0.6896315813064575,
        0.8930221199989319,
        0.6135601997375488,
        0.9004560112953186,
        0.5957685112953186,
        0.7091359496116638,
        0.013653993606567383,
        0.9036425352096558,
        0.579656183719635,
        0.6780341267585754,
        0.6572235822677612,
        0.55850750207901,
        0.6980001926422119,
        0.9434418082237244,
        0.212510883808136,
        0.750147819519043,
        0.7825970649719238,
        0.5882813334465027,
        0.6579357981681824,
        0.07335305213928223
    ],
    "y_values": [
        0.18156778812408447,
        0.7585822343826294,
        0.26990991830825806,
        0.7352333664894104,
        0.573145866394043,
        0.5353278517723083,
        0.9438184499740601,
        0.30498677492141724,
        0.2023102045059204,
        0.8209962844848633,
        0.5117906928062439,
        0.0886160135269165,
        0.44971907138824463,
        0.9132762551307678,
        0.6243961453437805,
        0.5601006746292114,
        0.3603181838989258,
        0.0626152753829956,
        0.7388513684272766,
        0.9166313409805298,
        0.5962362885475159,
        0.41442131996154785,
        0.6349528431892395,
        0.19747400283813477,
        0.3908023238182068,
        0.26644253730773926,
        0.7030234932899475,
        0.9610493779182434,
        0.4907786250114441,
        0.37536704540252686,
        0.4693946838378906,
        0.3218725323677063,
        0.6914406418800354,
        0.13743102550506592,
        0.8933125138282776,
        0.4626443386077881,
        0.8070927858352661,
        0.6648275852203369,
        0.5830633044242859,
        0.268599271774292,
        0.9856930375099182,
        0.28539323806762695,
        0.8062626123428345,
        0.9572216272354126,
        0.16472506523132324,
        0.8530846238136292,
        0.4952569007873535,
        0.8439124226570129,
        0.6532447338104248,
        0.9932075142860413,
        0.666342556476593,
        0.8172967433929443,
        0.5488765835762024,
        0.8869313597679138,
        0.6400747299194336,
        0.3466978669166565,
        0.37559974193573,
        0.8400646448135376,
        0.48451387882232666,
        0.31415867805480957,
        0.002018570899963379,
        0.2596002221107483,
        0.9206449389457703,
        0.2443103790283203,
        0.42860472202301025,
        0.15273231267929077,
        0.49853241443634033,
        0.097165048122406,
        0.1536865234375,
        0.6852576732635498,
        0.09981787204742432,
        0.9083810448646545,
        0.053245604038238525,
        0.930475115776062,
        0.7877599000930786,
        0.13473117351531982,
        0.4702486991882324,
        0.7825415730476379,
        0.7360729575157166,
        0.7112603187561035
    ]
}