{
    "format": 5,
    "name": "n60k6_71",
    "n": 60,
    "k": 6,
    "optimal_solution": 0.3414425849914551,
    "x_values": [
        0.989771842956543,
        0.7683877348899841,
        0.22188884019851685,
        0.2584611177444458,
        0.593861997127533,
        0.2476339340209961,
        0.33388423919677734,
        0.9899749755859375,
        0.7110718488693237,
        0.3978191018104553,
        0.4585908055305481,
        0.6138714551925659,
        0.47451674938201904,
        0.9156860113143921,
        0.2251201868057251,
        0.6322031021118164,
        0.5422016382217407,
        0.22376948595046997,
        0.6723531484603882,
        0.13249081373214722,
        0.14223706722259521,
        0.7179908156394958,
        0.5318424105644226,
        0.16128695011138916,
        0.556213915348053,
        0.13165909051895142,
        0.30043870210647583,
        0.8997551202774048,
        0.27170032262802124,
        0.9073429703712463,
        0.8899816870689392,
        0.5615667700767517,
        0.8403393626213074,
        0.01904463768005371,
        0.05951052904129028,
        0.8002468347549438,
        0.03913521766662598,
        0.3572341799736023,
        0.36057955026626587,
        0.2633451223373413,
        0.7587723135948181,
        0.6129817366600037,
        0.009177982807159424,
        0.40193885564804077,
        0.2888783812522888,
        0.3370356559753418,
        0.8632239103317261,
        0.09604763984680176,
        0.22309303283691406,
        0.850928544998169,
        0.5782259106636047,
        0.16029471158981323,
        0.623680591583252,
        0.532866358757019,
        0.5332671999931335,
        0.7485496997833252,
        0.9726161360740662,
        0.6037372946739197,
        0.6998656988143921,
        0.26367074251174927
    ],
    "y_values": [
        0.23102891445159912,
        0.5100115537643433,
        0.8663428425788879,
        0.7835753560066223,
        0.02788865566253662,
        0.5665634274482727,
        0.7431827783584595,
        0.334675669670105,
        0.18657523393630981,
        0.40512531995773315,
        0.9091479182243347,
        0.5798054337501526,
        0.7713586091995239,
        0.11527001857757568,
        0.4453214406967163,
        0.25776535272598267,
        0.838956356048584,
        0.8370353579521179,
        0.05569952726364136,
        0.6646721959114075,
        0.08306610584259033,
        0.021451056003570557,
        0.7316387295722961,
        0.5680444836616516,
        0.1742423176765442,
        0.5077198147773743,
        0.07155925035476685,
        0.9119629859924316,
        0.0990142822265625,
        0.6254442930221558,
        0.8891225457191467,
        0.5634035468101501,
        0.4438157081604004,
        0.05118894577026367,
        0.6565985083580017,
        0.6272338032722473,
        0.23758655786514282,
        0.6283462047576904,
        0.44808149337768555,
        0.49315881729125977,
        0.4633291959762573,
        0.6722392439842224,
        0.718809187412262,
        0.7539018988609314,
        0.17066895961761475,
        0.8456214666366577,
        0.7233097553253174,
        0.5782613158226013,
        0.10938704013824463,
        0.249803364276886,
        0.9978790283203125,
        0.34322667121887207,
        0.3307129144668579,
        0.7770975828170776,
        0.9780337810516357,
        0.9606316089630127,
        0.2004033923149109,
        0.027023017406463623,
        0.1787746548652649,
        0.401877224445343
    ]
}