{
    "format": 2,
    "name": "n60k6_86",
    "n": 60,
    "k": 6,
    "optimal_solution": 9.492731094360352,
    "x_values": [
        0.1664089560508728,
        0.11915719509124756,
        0.2883244752883911,
        0.520397961139679,
        0.48451900482177734,
        0.326446533203125,
        0.6415461301803589,
        0.12819010019302368,
        0.4623480439186096,
        0.9272943735122681,
        0.08202701807022095,
        0.918597400188446,
        0.9919677972793579,
        0.8968119025230408,
        0.5925122499465942,
        0.9876940250396729,
        0.6713439226150513,
        0.7236449718475342,
        0.6020194888114929,
        0.09078395366668701,
        0.44004857540130615,
        0.16523903608322144,
        0.56619793176651,
        0.8150301575660706,
        0.7765215039253235,
        0.5643877983093262,
        0.7872486710548401,
        0.1733710765838623,
        0.6957526206970215,
        0.8803393244743347,
        0.7549843788146973,
        0.8686435222625732,
        0.22091269493103027,
        0.8432936072349548,
        0.2007043957710266,
        0.7252053618431091,
        0.13910984992980957,
        0.45924484729766846,
        0.4826679229736328,
        0.2758253812789917,
        0.9060418009757996,
        0.45353925228118896,
        0.7933230996131897,
        0.4786221385002136,
        0.6977458000183105,
        0.5651742815971375,
        0.8731085062026978,
        0.6571900844573975,
        0.6620679497718811,
        0.5790857076644897,
        0.37601953744888306,
        0.7803971171379089,
        0.15537846088409424,
        0.5963870882987976,
        0.37083834409713745,
        0.23036235570907593,
        0.15707248449325562,
        0.05336552858352661,
        0.4238743782043457,
        0.15073490142822266
    ],
    "y_values": [
        0.9096089005470276,
        0.16467124223709106,
        0.1830601692199707,
        0.9078230261802673,
        0.16213560104370117,
        0.08770102262496948,
        0.6322623491287231,
        0.6351133584976196,
        0.9413278698921204,
        0.8281804919242859,
        0.7848628163337708,
        0.631232500076294,
        0.382479190826416,
        0.2127528190612793,
        0.2562682628631592,
        0.4315067529678345,
        0.014170408248901367,
        0.2797201871871948,
        0.46008551120758057,
        0.5184867978096008,
        0.90390545129776,
        0.3192603588104248,
        0.21966546773910522,
        0.3848494291305542,
        0.04232990741729736,
        0.23194193840026855,
        0.6214981079101562,
        0.003038763999938965,
        0.6616344451904297,
        0.5088561773300171,
        0.6285635232925415,
        0.3807082176208496,
        0.2005772590637207,
        0.24837368726730347,
        0.25017213821411133,
        0.6852333545684814,
        0.3935147523880005,
        0.0026142001152038574,
        0.137631356716156,
        0.5443276166915894,
        0.5172399878501892,
        0.6498199105262756,
        0.40320885181427,
        0.4797148108482361,
        0.3796996474266052,
        0.09337222576141357,
        0.7487054467201233,
        0.08215540647506714,
        0.3934366703033447,
        0.7601380944252014,
        0.1382150650024414,
        0.5136297345161438,
        0.5292540788650513,
        0.5484758615493774,
        0.1901276707649231,
        0.5137509703636169,
        0.23533254861831665,
        0.8286094069480896,
        0.3303154706954956,
        0.49203598499298096
    ]
}