{
    "format": 5,
    "name": "n60k6_38",
    "n": 60,
    "k": 6,
    "optimal_solution": 0.32617896795272827,
    "x_values": [
        0.465976357460022,
        0.1380833387374878,
        0.609997570514679,
        0.96613609790802,
        0.7065085172653198,
        0.1555994153022766,
        0.1528109312057495,
        0.5764340162277222,
        0.2181718945503235,
        0.10721194744110107,
        0.687809407711029,
        0.028324782848358154,
        0.3240779638290405,
        0.2167317271232605,
        0.07434618473052979,
        0.36999374628067017,
        0.9991126656532288,
        0.554558515548706,
        0.0903814435005188,
        0.5375475287437439,
        0.9653231501579285,
        0.97182697057724,
        0.005710303783416748,
        0.3410950303077698,
        0.4582088589668274,
        0.5104868412017822,
        0.7804836630821228,
        0.06875330209732056,
        0.9547834396362305,
        0.22901326417922974,
        0.0056462883949279785,
        0.9450803399085999,
        0.9814112782478333,
        0.6392489075660706,
        0.5229247212409973,
        0.2104986310005188,
        0.6863382458686829,
        0.24060958623886108,
        0.6807476282119751,
        0.22571051120758057,
        0.8517141342163086,
        0.5457510948181152,
        0.8662524819374084,
        0.9993672966957092,
        0.39875543117523193,
        0.13725262880325317,
        0.9025706052780151,
        0.15242838859558105,
        0.4231465458869934,
        0.7192022204399109,
        0.8927538394927979,
        0.45040833950042725,
        0.34785211086273193,
        0.9344183802604675,
        0.6708928942680359,
        0.9987857937812805,
        0.4734550714492798,
        0.4244518280029297,
        0.4448309540748596,
        0.01569420099258423
    ],
    "y_values": [
        0.5190291404724121,
        0.25165969133377075,
        0.4141356945037842,
        0.8374190330505371,
        0.8833337426185608,
        0.8948670625686646,
        0.46434491872787476,
        0.5061216354370117,
        0.1989489197731018,
        0.33963215351104736,
        0.7747628092765808,
        0.711509108543396,
        0.45523250102996826,
        0.10046219825744629,
        0.5527016520500183,
        0.6882051229476929,
        0.868807315826416,
        0.9335199594497681,
        0.3039044141769409,
        0.1353932023048401,
        0.6426635384559631,
        0.44616758823394775,
        0.3710606098175049,
        0.5058227777481079,
        0.6456500887870789,
        0.7018578052520752,
        0.9069914817810059,
        0.5093310475349426,
        0.5069726705551147,
        0.796593964099884,
        0.3987768888473511,
        0.8201611638069153,
        0.6566014289855957,
        0.25367289781570435,
        0.9960622191429138,
        0.36614900827407837,
        0.1491040587425232,
        0.5896225571632385,
        0.4498196244239807,
        0.45496243238449097,
        0.27024245262145996,
        0.6321442723274231,
        0.05104207992553711,
        0.49081772565841675,
        0.33329492807388306,
        0.8787067532539368,
        0.1460968255996704,
        0.7379524111747742,
        0.32356947660446167,
        0.9820635914802551,
        0.9329400658607483,
        0.38809269666671753,
        0.6992116570472717,
        0.4745815396308899,
        0.7129166722297668,
        0.6685057282447815,
        0.5170515775680542,
        0.9274560213088989,
        0.23644542694091797,
        0.09940540790557861
    ]
}