{
    "format": 2,
    "name": "n40k9_67",
    "n": 40,
    "k": 9,
    "optimal_solution": 4.620210647583008,
    "x_values": [
        0.9857481718063354,
        0.2303835153579712,
        0.8294842839241028,
        0.596563994884491,
        0.943122148513794,
        0.542609453201294,
        0.5597236156463623,
        0.11904323101043701,
        0.2220839262008667,
        0.5322494506835938,
        0.8739375472068787,
        0.5264860391616821,
        0.9681819081306458,
        0.320732057094574,
        0.982619047164917,
        0.3419097065925598,
        0.9068687558174133,
        0.8999441862106323,
        0.485146701335907,
        0.15861189365386963,
        0.5106258988380432,
        0.45397162437438965,
        0.4619626998901367,
        0.3226134777069092,
        0.6888594031333923,
        0.2795419692993164,
        0.2257823348045349,
        0.3245551586151123,
        0.22576040029525757,
        0.10816890001296997,
        0.8098422288894653,
        0.47227340936660767,
        0.878359317779541,
        0.6499334573745728,
        0.43852078914642334,
        0.25647449493408203,
        0.10531580448150635,
        0.8409479260444641,
        0.24872279167175293,
        0.7187063694000244
    ],
    "y_values": [
        0.7461938261985779,
        0.7120863199234009,
        0.6086459755897522,
        0.8430438041687012,
        0.7520981431007385,
        0.17663496732711792,
        0.75848788022995,
        0.6372882723808289,
        0.25713515281677246,
        0.6994336247444153,
        0.17248284816741943,
        0.5835280418395996,
        0.2708110809326172,
        0.3904046416282654,
        0.024952352046966553,
        0.6125475168228149,
        0.7335346341133118,
        0.15257245302200317,
        0.6761013865470886,
        0.9492741823196411,
        0.493105947971344,
        0.5256676077842712,
        0.9545356035232544,
        0.288730263710022,
        0.09837430715560913,
        0.7163743376731873,
        0.3575071692466736,
        0.3638250231742859,
        0.12217342853546143,
        0.47592437267303467,
        0.32034987211227417,
        0.2348576784133911,
        0.6160961389541626,
        0.5729303956031799,
        0.357795774936676,
        0.005401730537414551,
        0.3026309013366699,
        0.08862751722335815,
        0.4043339490890503,
        0.37012678384780884
    ]
}