{
    "format": 2,
    "name": "n40k9_24",
    "n": 40,
    "k": 9,
    "optimal_solution": 4.576690673828125,
    "x_values": [
        0.3025451898574829,
        0.25936228036880493,
        0.7477360367774963,
        0.10125726461410522,
        0.13560128211975098,
        0.34093737602233887,
        0.2603059411048889,
        0.7419713139533997,
        0.2775442600250244,
        0.1804683804512024,
        0.4271995425224304,
        0.9304735660552979,
        0.07422351837158203,
        0.4714105725288391,
        0.7973986864089966,
        0.2511095404624939,
        0.01173335313796997,
        0.5958679914474487,
        0.5037381649017334,
        0.9233309626579285,
        0.6939651966094971,
        0.2660441994667053,
        0.6054529547691345,
        0.7813417315483093,
        0.43571215867996216,
        0.3074303865432739,
        0.4986177682876587,
        0.08479684591293335,
        0.7460977435112,
        0.7102868556976318,
        0.44419121742248535,
        0.0495111346244812,
        0.426199734210968,
        0.8316706418991089,
        0.44841498136520386,
        0.39387887716293335,
        0.32382798194885254,
        0.24033743143081665,
        0.5115481615066528,
        0.6659260392189026
    ],
    "y_values": [
        0.5972785353660583,
        0.9236292243003845,
        0.08763927221298218,
        0.9399623870849609,
        0.31156039237976074,
        0.3514895439147949,
        0.1668521761894226,
        0.14361214637756348,
        0.7632665038108826,
        0.639106035232544,
        0.4106603264808655,
        0.5688254237174988,
        0.32008105516433716,
        0.5864720940589905,
        0.3126750588417053,
        0.045456886291503906,
        0.6613634824752808,
        0.8357502222061157,
        0.7303705811500549,
        0.5312085151672363,
        0.6448527574539185,
        0.7145012617111206,
        0.7365906238555908,
        0.9607410430908203,
        0.3727015256881714,
        0.7925199270248413,
        0.9261955618858337,
        0.5644667744636536,
        0.7562633156776428,
        0.10958260297775269,
        0.6578323841094971,
        0.13893073797225952,
        0.26662272214889526,
        0.19161510467529297,
        0.8253684639930725,
        0.09998178482055664,
        0.9139226078987122,
        0.45998257398605347,
        0.6628621816635132,
        0.0341758131980896
    ]
}