{
    "format": 2,
    "name": "n40k9_44",
    "n": 40,
    "k": 9,
    "optimal_solution": 4.666623592376709,
    "x_values": [
        0.7618865370750427,
        0.9592016339302063,
        0.06701111793518066,
        0.7007799744606018,
        0.012273967266082764,
        0.9217501282691956,
        0.07709246873855591,
        0.7360272407531738,
        0.11911231279373169,
        0.742169976234436,
        0.3475014567375183,
        0.09264993667602539,
        0.8399603962898254,
        0.5174030065536499,
        0.9585158228874207,
        0.6056443452835083,
        0.942236065864563,
        0.7635136842727661,
        0.6570602059364319,
        0.6190374493598938,
        0.16287028789520264,
        0.9839828610420227,
        0.01680988073348999,
        0.3770170211791992,
        0.07633012533187866,
        0.043035924434661865,
        0.8039441108703613,
        0.9347438812255859,
        0.061004459857940674,
        0.35219240188598633,
        0.6780591607093811,
        0.5887706279754639,
        0.006331324577331543,
        0.3808109760284424,
        0.5611607432365417,
        0.7982235550880432,
        0.1431306004524231,
        0.3678267002105713,
        0.20358353853225708,
        0.752069890499115
    ],
    "y_values": [
        0.4630421996116638,
        0.1743965744972229,
        0.7735021710395813,
        0.4497203826904297,
        0.7787880897521973,
        0.5560287833213806,
        0.4574255347251892,
        0.7476922273635864,
        0.29427242279052734,
        0.5307489037513733,
        0.13340646028518677,
        0.3713657855987549,
        0.01680654287338257,
        0.8423972725868225,
        0.7963209748268127,
        0.8640732765197754,
        0.33634209632873535,
        0.07090085744857788,
        0.20675766468048096,
        0.10428494215011597,
        0.8693442344665527,
        0.47347354888916016,
        0.16201066970825195,
        0.5767568349838257,
        0.5474003553390503,
        0.6021749377250671,
        0.3030269145965576,
        0.26197701692581177,
        0.7087211608886719,
        0.6353075504302979,
        0.5009278655052185,
        0.9459354281425476,
        0.10826027393341064,
        0.6221863627433777,
        0.3239288330078125,
        0.02928072214126587,
        0.939120888710022,
        0.05324643850326538,
        0.2544102668762207,
        0.19473916292190552
    ]
}