{
    "format": 2,
    "name": "n40k2_59",
    "n": 40,
    "k": 2,
    "optimal_solution": 14.282418251037598,
    "x_values": [
        0.09456843137741089,
        0.36166059970855713,
        0.9032959938049316,
        0.33311277627944946,
        0.8295068740844727,
        0.22973531484603882,
        0.3592637777328491,
        0.4237605333328247,
        0.3575472831726074,
        0.7243248224258423,
        0.34224408864974976,
        0.04750978946685791,
        0.5069183707237244,
        0.40936267375946045,
        0.7921154499053955,
        0.9217259287834167,
        0.21381080150604248,
        0.687934160232544,
        0.47038042545318604,
        0.855498194694519,
        0.26098787784576416,
        0.5404000878334045,
        0.8083497285842896,
        0.35348784923553467,
        0.5591563582420349,
        0.8875805139541626,
        0.023579120635986328,
        0.26921939849853516,
        0.978685736656189,
        0.1167604923248291,
        0.4876372218132019,
        0.21146386861801147,
        0.014964580535888672,
        0.814746081829071,
        0.08675533533096313,
        0.13611841201782227,
        0.5181788802146912,
        0.8570625185966492,
        0.9360387921333313,
        0.4463426470756531
    ],
    "y_values": [
        0.907431423664093,
        0.0866156816482544,
        0.7109920382499695,
        0.24275684356689453,
        0.9087525010108948,
        0.9916555881500244,
        0.9554913640022278,
        0.11572813987731934,
        0.7614744901657104,
        0.7702633738517761,
        0.05567449331283569,
        0.10264110565185547,
        0.3260940909385681,
        0.33583247661590576,
        0.23999065160751343,
        0.6117092370986938,
        0.04610353708267212,
        0.7676387429237366,
        0.10645556449890137,
        0.8167704343795776,
        0.17810100317001343,
        0.8758905529975891,
        0.858526349067688,
        0.7793500423431396,
        0.13345873355865479,
        0.39369070529937744,
        0.19255059957504272,
        0.28943246603012085,
        0.4954317808151245,
        0.7481503486633301,
        0.3145045042037964,
        0.22565239667892456,
        0.8246495127677917,
        0.1550893783569336,
        0.42016303539276123,
        0.7005448937416077,
        0.47571247816085815,
        0.17910516262054443,
        0.12223446369171143,
        0.5906944274902344
    ]
}