{
    "format": 2,
    "name": "n40k2_3",
    "n": 40,
    "k": 2,
    "optimal_solution": 11.987353324890137,
    "x_values": [
        0.1610371470451355,
        0.6961680054664612,
        0.41229307651519775,
        0.473291277885437,
        0.24578481912612915,
        0.38969671726226807,
        0.6581294536590576,
        0.6313080787658691,
        0.4851767420768738,
        0.2034880518913269,
        0.2624055743217468,
        0.8070131540298462,
        0.5862293243408203,
        0.17162436246871948,
        0.08671653270721436,
        0.2188538908958435,
        0.798130452632904,
        0.7643503546714783,
        0.46996939182281494,
        0.975418210029602,
        0.04059123992919922,
        0.40397167205810547,
        0.6982380747795105,
        0.7285996675491333,
        0.7667794823646545,
        0.6333003640174866,
        0.31411850452423096,
        0.697760820388794,
        0.12803798913955688,
        0.36610519886016846,
        0.49193352460861206,
        0.5665004253387451,
        0.5960553884506226,
        0.6695955991744995,
        0.21027374267578125,
        0.4698423147201538,
        0.7734778523445129,
        0.08763951063156128,
        0.5480135083198547,
        0.9117215275764465
    ],
    "y_values": [
        0.92527174949646,
        0.2382095456123352,
        0.7804989218711853,
        0.014718830585479736,
        0.014207243919372559,
        0.2703303098678589,
        0.32180720567703247,
        0.035863399505615234,
        0.9068127870559692,
        0.3561169505119324,
        0.23999077081680298,
        0.7176942229270935,
        0.5593531131744385,
        0.8659350872039795,
        0.8720704913139343,
        0.014273524284362793,
        0.9766371846199036,
        0.8597925901412964,
        0.12124717235565186,
        0.9010611176490784,
        0.5100637078285217,
        0.5692231059074402,
        0.860313892364502,
        0.9938151836395264,
        0.8875237107276917,
        0.8776829838752747,
        0.7033268809318542,
        0.8598833084106445,
        0.46836841106414795,
        0.9405936598777771,
        0.3374585509300232,
        0.9139074683189392,
        0.9581710696220398,
        0.9308631420135498,
        0.4291001558303833,
        0.6461581587791443,
        0.4636176824569702,
        0.3096544146537781,
        0.5893060564994812,
        0.8334208726882935
    ]
}