{
    "format": 2,
    "name": "n40k2_76",
    "n": 40,
    "k": 2,
    "optimal_solution": 13.333847045898438,
    "x_values": [
        0.5093802809715271,
        0.6218597888946533,
        0.45250463485717773,
        0.5029823184013367,
        0.6273441910743713,
        0.2879568338394165,
        0.10800421237945557,
        0.820547342300415,
        0.39571672677993774,
        0.12902867794036865,
        0.7170220613479614,
        0.7121440768241882,
        0.45245832204818726,
        0.8093769550323486,
        0.2430095672607422,
        0.15941834449768066,
        0.3228781819343567,
        0.8795203566551208,
        0.4048611521720886,
        0.8522645235061646,
        0.5292567014694214,
        0.0306854248046875,
        0.6755195260047913,
        0.8191304206848145,
        0.5001705884933472,
        0.6118103265762329,
        0.33126646280288696,
        0.09983474016189575,
        0.8543652296066284,
        0.2457919716835022,
        0.714393675327301,
        0.9348816871643066,
        0.26844626665115356,
        0.12594032287597656,
        0.857507586479187,
        0.2343999743461609,
        0.5033224821090698,
        0.6823883652687073,
        0.5978806018829346,
        0.8378515839576721
    ],
    "y_values": [
        0.05949920415878296,
        0.6572175621986389,
        0.4023321270942688,
        0.20539718866348267,
        0.028945207595825195,
        0.19262021780014038,
        0.8208252787590027,
        0.09533679485321045,
        0.3255743980407715,
        0.7567773461341858,
        0.42199474573135376,
        0.34979426860809326,
        0.10235613584518433,
        0.8101496696472168,
        0.8563727140426636,
        0.3886825442314148,
        0.9372467398643494,
        0.2741925120353699,
        0.30057406425476074,
        0.37387317419052124,
        0.9918426275253296,
        0.7061454057693481,
        0.9773759841918945,
        0.34014761447906494,
        0.6800956726074219,
        0.7583606243133545,
        0.6367961764335632,
        0.3098166584968567,
        0.5808605551719666,
        0.10948300361633301,
        0.5975285768508911,
        0.8632418513298035,
        0.3280969262123108,
        0.896378755569458,
        0.8389712572097778,
        0.1490696668624878,
        0.013359785079956055,
        0.6302402019500732,
        0.8259865045547485,
        0.0691482424736023
    ]
}