{
    "format": 2,
    "name": "n80k5_24",
    "n": 80,
    "k": 5,
    "optimal_solution": 16.13272476196289,
    "x_values": [
        0.27021950483322144,
        0.09242630004882812,
        0.004878103733062744,
        0.4679366946220398,
        0.5484130382537842,
        0.22406286001205444,
        0.6781207919120789,
        0.23060911893844604,
        0.4919751286506653,
        0.5070182085037231,
        0.5471039414405823,
        0.40648138523101807,
        0.793839693069458,
        0.5321042537689209,
        0.19060498476028442,
        0.15616852045059204,
        0.9533529281616211,
        0.7579262852668762,
        0.5487360954284668,
        0.637533962726593,
        0.2336411476135254,
        0.5926932096481323,
        0.7144100069999695,
        0.8430249094963074,
        0.8594067692756653,
        0.5584208369255066,
        0.5982028841972351,
        0.29768431186676025,
        0.2458752989768982,
        0.7364556193351746,
        0.5181048512458801,
        0.5927237272262573,
        0.595795214176178,
        0.8483922481536865,
        0.23059654235839844,
        0.3992982506752014,
        0.37588202953338623,
        0.9569100737571716,
        0.10133004188537598,
        0.49880701303482056,
        0.6232393383979797,
        0.9815463423728943,
        0.9618314504623413,
        0.0696985125541687,
        0.6909170150756836,
        0.11241912841796875,
        0.6354291439056396,
        0.06240081787109375,
        0.4345434904098511,
        0.8214027881622314,
        0.3866586685180664,
        0.8102379441261292,
        0.8316960334777832,
        0.01178663969039917,
        0.4790659546852112,
        0.22776758670806885,
        0.4767571687698364,
        0.04665029048919678,
        0.4612538814544678,
        0.6028458476066589,
        0.336578905582428,
        0.503697395324707,
        0.6578444838523865,
        0.7245952486991882,
        0.5080770254135132,
        0.1894007921218872,
        0.5305200219154358,
        0.12270700931549072,
        0.5867758989334106,
        0.9609623551368713,
        0.5809235572814941,
        0.5831525921821594,
        0.7674968838691711,
        0.8976075649261475,
        0.9092979431152344,
        0.3982428312301636,
        0.08781611919403076,
        0.9021662473678589,
        0.11544936895370483,
        0.8924409747123718
    ],
    "y_values": [
        0.319108784198761,
        0.9769518971443176,
        0.08354002237319946,
        0.262092649936676,
        0.7229253053665161,
        0.6381615400314331,
        0.3030797243118286,
        0.47620469331741333,
        0.7282326817512512,
        0.1331092119216919,
        0.4729374647140503,
        0.8900424242019653,
        0.8088632822036743,
        0.8790608048439026,
        0.3409964442253113,
        0.8085592985153198,
        0.8908907771110535,
        0.5267567038536072,
        0.984093427658081,
        0.3203660249710083,
        0.9599339962005615,
        0.916732668876648,
        0.1034393310546875,
        0.41065436601638794,
        0.860532820224762,
        0.8677249550819397,
        0.7823110222816467,
        0.5827142000198364,
        0.5954012274742126,
        0.9197947382926941,
        0.7263914942741394,
        0.6790740489959717,
        0.5304279327392578,
        0.5263254642486572,
        0.9775158762931824,
        0.584593653678894,
        0.6890983581542969,
        0.5811995267868042,
        0.1773177981376648,
        0.8999872207641602,
        0.1171981692314148,
        0.01907181739807129,
        0.07592743635177612,
        0.8233162760734558,
        0.3112606406211853,
        0.8102989196777344,
        0.8158726096153259,
        0.8618833422660828,
        0.9772670269012451,
        0.7390910983085632,
        0.5033851265907288,
        0.14671963453292847,
        0.2965819239616394,
        0.22747433185577393,
        0.817865788936615,
        0.5515320897102356,
        0.5609197616577148,
        0.17375999689102173,
        0.29028481245040894,
        0.039713919162750244,
        0.6859328746795654,
        0.965717077255249,
        0.08327627182006836,
        0.15921872854232788,
        0.981483519077301,
        0.3301248550415039,
        0.34574198722839355,
        0.15358573198318481,
        0.025264084339141846,
        0.07446509599685669,
        0.7488293051719666,
        0.11534523963928223,
        0.2681189775466919,
        0.003417670726776123,
        0.6672909259796143,
        0.34465765953063965,
        0.9803097248077393,
        0.9148791432380676,
        0.9661542773246765,
        0.7485302090644836
    ]
}