{
    "format": 2,
    "name": "n30k9_5",
    "n": 30,
    "k": 9,
    "optimal_solution": 3.0049071311950684,
    "x_values": [
        0.7661857604980469,
        0.29888302087783813,
        0.6262509226799011,
        0.3979620933532715,
        0.8914324641227722,
        0.8119588494300842,
        0.31198203563690186,
        0.09806299209594727,
        0.5336083173751831,
        0.1372963786125183,
        0.23012053966522217,
        0.9082112908363342,
        0.10739320516586304,
        0.6031671166419983,
        0.4560057520866394,
        0.5090360045433044,
        0.7421685457229614,
        0.545615553855896,
        0.6034955978393555,
        0.08814394474029541,
        0.8412189483642578,
        0.5722846984863281,
        0.31385213136672974,
        0.799694299697876,
        0.1343170404434204,
        0.7454026937484741,
        0.7472802996635437,
        0.925858736038208,
        0.8169522881507874,
        0.9417805075645447
    ],
    "y_values": [
        0.3670305013656616,
        0.6346247792243958,
        0.5770414471626282,
        0.11193019151687622,
        0.8027207851409912,
        0.3192906379699707,
        0.4491126537322998,
        0.11042898893356323,
        0.24449706077575684,
        0.49988311529159546,
        0.8326237201690674,
        0.39994674921035767,
        0.5657603144645691,
        0.41510456800460815,
        0.7172471880912781,
        0.8470373749732971,
        0.2891997694969177,
        0.4813452959060669,
        0.6430734992027283,
        0.3558807373046875,
        0.9918606877326965,
        0.5399734377861023,
        0.8398745059967041,
        0.8858200907707214,
        0.6204596161842346,
        0.9381741881370544,
        0.2826912999153137,
        0.3083381652832031,
        0.4805797338485718,
        0.18518710136413574
    ]
}