{
    "format": 8,
    "name": "n60k8_59",
    "n": 60,
    "k": 8,
    "capacity": 8,
    "optimal_solution": 8.316376686096191,
    "x_values": [
        0.462899386882782,
        0.5448920130729675,
        0.30746525526046753,
        0.2977721691131592,
        0.09887248277664185,
        0.6487645506858826,
        0.21130484342575073,
        0.6662607789039612,
        0.5515615940093994,
        0.22590970993041992,
        0.2796582579612732,
        0.31783294677734375,
        0.6109483242034912,
        0.5503937602043152,
        0.2740163207054138,
        0.16408509016036987,
        0.7007704377174377,
        0.8598151206970215,
        0.8746570348739624,
        0.15964341163635254,
        0.08665961027145386,
        0.5268456339836121,
        0.4791662096977234,
        0.03370177745819092,
        0.21703344583511353,
        0.04396378993988037,
        0.3316752314567566,
        0.2056552767753601,
        0.8248296976089478,
        0.6968899369239807,
        0.22503501176834106,
        0.3603614568710327,
        0.7064267992973328,
        0.2743189334869385,
        0.13661569356918335,
        0.04457676410675049,
        0.7025876641273499,
        0.48234403133392334,
        0.8590495586395264,
        0.5442946553230286,
        0.739168107509613,
        0.7646881937980652,
        0.09993505477905273,
        0.06844359636306763,
        0.24567991495132446,
        0.8748131394386292,
        0.5074500441551208,
        0.4495713710784912,
        0.7813026309013367,
        0.03516364097595215,
        0.19446265697479248,
        0.07738864421844482,
        0.11799240112304688,
        0.45640116930007935,
        0.7440862655639648,
        0.13514524698257446,
        0.8322489857673645,
        0.4188031554222107,
        0.46848177909851074,
        0.45834141969680786
    ],
    "y_values": [
        0.49399036169052124,
        0.5844504237174988,
        0.9047943353652954,
        0.5788538455963135,
        0.7988876104354858,
        0.7282761931419373,
        0.37813860177993774,
        0.1470465064048767,
        0.11529135704040527,
        0.7445439696311951,
        0.06536215543746948,
        0.497641921043396,
        0.7256739735603333,
        0.6539134979248047,
        0.6367583870887756,
        0.5755783319473267,
        0.27949774265289307,
        0.00819772481918335,
        0.20209836959838867,
        0.3648582696914673,
        0.8641818165779114,
        0.10174435377120972,
        0.580054759979248,
        0.6371082067489624,
        0.8726778626441956,
        0.9015129208564758,
        0.16329741477966309,
        0.27181774377822876,
        0.3359476327896118,
        0.22639143466949463,
        0.1455397605895996,
        0.35373109579086304,
        0.6132696270942688,
        0.9324082732200623,
        0.2376645803451538,
        0.9171765446662903,
        0.7421442270278931,
        0.6794946789741516,
        0.08631080389022827,
        0.491585373878479,
        0.23047161102294922,
        0.7881258726119995,
        0.1349548101425171,
        0.42843377590179443,
        0.8043220043182373,
        0.9953128695487976,
        0.8634247779846191,
        0.9484876394271851,
        0.8929768204689026,
        0.5419490933418274,
        0.9205830693244934,
        0.7225401401519775,
        0.3104444742202759,
        0.48454421758651733,
        0.5508882403373718,
        0.7701550722122192,
        0.6113358736038208,
        0.9392606019973755,
        0.9817516803741455,
        0.2048092484474182
    ]
}