{
    "format": 8,
    "name": "n60k8_12",
    "n": 60,
    "k": 8,
    "capacity": 8,
    "optimal_solution": 8.182988166809082,
    "x_values": [
        0.04988163709640503,
        0.5027782917022705,
        0.831398606300354,
        0.23174458742141724,
        0.09790515899658203,
        0.34473127126693726,
        0.6404374837875366,
        0.9780325889587402,
        0.036774635314941406,
        0.9218975305557251,
        0.9661936163902283,
        0.2957439422607422,
        0.8630070686340332,
        0.576239287853241,
        0.06341797113418579,
        0.6340430974960327,
        0.6595383286476135,
        0.8517818450927734,
        0.32549959421157837,
        0.7106974124908447,
        0.7384979128837585,
        0.6851961016654968,
        0.6727399230003357,
        0.30077701807022095,
        0.07272452116012573,
        0.534138023853302,
        0.438584566116333,
        0.13709169626235962,
        0.6816636919975281,
        0.7988801598548889,
        0.7629632949829102,
        0.12244361639022827,
        0.20672810077667236,
        0.6509779691696167,
        0.4897441267967224,
        0.39594948291778564,
        0.549129068851471,
        0.8333521485328674,
        0.04804790019989014,
        0.7365595102310181,
        0.8003455996513367,
        0.39653700590133667,
        0.8065506219863892,
        0.6497927904129028,
        0.8709995746612549,
        0.9137350916862488,
        0.6308258175849915,
        0.18875378370285034,
        0.2738475799560547,
        0.2421666979789734,
        0.17532145977020264,
        0.677652895450592,
        0.5437222719192505,
        0.8453829288482666,
        0.38463205099105835,
        0.3385241627693176,
        0.35336703062057495,
        0.5725448131561279,
        0.7036952972412109,
        0.5751561522483826
    ],
    "y_values": [
        0.10048568248748779,
        0.5979518890380859,
        0.6009700298309326,
        0.19584870338439941,
        0.8000927567481995,
        0.054421186447143555,
        0.6467792391777039,
        0.8898230791091919,
        0.9972361922264099,
        0.9899319410324097,
        0.7439270615577698,
        0.86710125207901,
        0.19260543584823608,
        0.4648005962371826,
        0.564624011516571,
        0.39608752727508545,
        0.7365359663963318,
        0.7967917919158936,
        0.05825525522232056,
        0.8985106945037842,
        0.1586272120475769,
        0.4036043882369995,
        0.8906810879707336,
        0.3182711601257324,
        0.2840564250946045,
        0.05181652307510376,
        0.3010265827178955,
        0.8147465586662292,
        0.549099326133728,
        0.2482014298439026,
        0.18282932043075562,
        0.5579023957252502,
        0.8097077012062073,
        0.7719981670379639,
        0.3178601861000061,
        0.3383837938308716,
        0.9652523994445801,
        0.30514460802078247,
        0.6504961848258972,
        0.17638874053955078,
        0.5852580070495605,
        0.08986014127731323,
        0.7883837819099426,
        0.9695440530776978,
        0.20832031965255737,
        0.9428213238716125,
        0.21271079778671265,
        0.019783616065979004,
        0.42654919624328613,
        0.7919856309890747,
        0.7070390582084656,
        0.41657280921936035,
        0.3126457929611206,
        0.30919569730758667,
        0.10926699638366699,
        0.2808035612106323,
        0.9044097661972046,
        0.24376410245895386,
        0.48339056968688965,
        0.16645210981369019
    ]
}