{
    "format": 2,
    "name": "n80k4_10",
    "n": 80,
    "k": 4,
    "optimal_solution": 17.991432189941406,
    "x_values": [
        0.47115737199783325,
        0.16862010955810547,
        0.5112391710281372,
        0.5290634632110596,
        0.9935788512229919,
        0.2802814841270447,
        0.01342850923538208,
        0.9613597393035889,
        0.956339955329895,
        0.6783307790756226,
        0.9864503741264343,
        0.4428218603134155,
        0.7094414830207825,
        0.21130883693695068,
        0.6256841421127319,
        0.5684702396392822,
        0.9960180521011353,
        0.4845202565193176,
        0.30971449613571167,
        0.20336639881134033,
        0.8498649597167969,
        0.16580730676651,
        0.9675279259681702,
        0.9455134272575378,
        0.23871982097625732,
        0.6155015230178833,
        0.050476014614105225,
        0.1712210774421692,
        0.7947944402694702,
        0.5510674118995667,
        0.5151218771934509,
        0.8194353580474854,
        0.46748781204223633,
        0.4897283911705017,
        0.15427052974700928,
        0.7165725827217102,
        0.6581431031227112,
        0.45167094469070435,
        0.9663697481155396,
        0.6422411799430847,
        0.16594284772872925,
        0.004189789295196533,
        0.5554400086402893,
        0.10183268785476685,
        0.09736257791519165,
        0.6147686839103699,
        0.8144834041595459,
        0.5524047613143921,
        0.7668962478637695,
        0.5217808485031128,
        0.33119308948516846,
        0.9578943848609924,
        0.7655493021011353,
        0.5758568048477173,
        0.6187422871589661,
        0.9267857074737549,
        0.9193399548530579,
        0.9203748106956482,
        0.49715811014175415,
        0.147752583026886,
        0.09239709377288818,
        0.6855652332305908,
        0.4153117537498474,
        0.49103885889053345,
        0.3652535676956177,
        0.9833790063858032,
        0.0648619532585144,
        0.26655155420303345,
        0.9374584555625916,
        0.7303388714790344,
        0.6940407156944275,
        0.3430602550506592,
        0.5735687613487244,
        0.43665099143981934,
        0.19705617427825928,
        0.486503541469574,
        0.0017763972282409668,
        0.774459183216095,
        0.6190067529678345,
        0.6581500172615051
    ],
    "y_values": [
        0.7243381142616272,
        0.5190997123718262,
        0.063076913356781,
        0.8129482865333557,
        0.7393761277198792,
        0.6784864664077759,
        0.8079513311386108,
        0.5009676218032837,
        0.801470160484314,
        0.8976119160652161,
        0.3300101161003113,
        0.6704983711242676,
        0.9723080396652222,
        0.6525493264198303,
        0.6409177184104919,
        0.7749069333076477,
        0.2978886365890503,
        0.6799251437187195,
        0.05119806528091431,
        0.5496329665184021,
        0.7748964428901672,
        0.672737181186676,
        0.46546316146850586,
        0.612392783164978,
        0.049701690673828125,
        0.788893461227417,
        0.33170831203460693,
        0.9944018125534058,
        0.7957146763801575,
        0.5175478458404541,
        0.06757259368896484,
        0.9303572177886963,
        0.09345871210098267,
        0.5522541403770447,
        0.8308794498443604,
        0.7516134977340698,
        0.11169207096099854,
        0.921228289604187,
        0.5583919286727905,
        0.3388174772262573,
        0.465482234954834,
        0.9866669774055481,
        0.7471142411231995,
        0.3533945679664612,
        0.0035277605056762695,
        0.29382389783859253,
        0.8361387252807617,
        0.22210484743118286,
        0.4213082194328308,
        0.10110294818878174,
        0.7953072786331177,
        0.5892227292060852,
        0.8353577256202698,
        0.48950809240341187,
        0.6524330973625183,
        0.14821010828018188,
        0.6562357544898987,
        0.289415180683136,
        0.5849988460540771,
        0.9875462055206299,
        0.16206717491149902,
        0.9292381405830383,
        0.7881556153297424,
        0.6707742214202881,
        0.5960519909858704,
        0.7640013098716736,
        0.2643289566040039,
        0.5035564303398132,
        0.3870006799697876,
        0.5078413486480713,
        0.323371946811676,
        0.4100976586341858,
        0.9050957560539246,
        0.15401512384414673,
        0.6861391067504883,
        0.9032498002052307,
        0.7359378337860107,
        0.3297532796859741,
        0.018283545970916748,
        0.6191099882125854
    ]
}