{
    "format": 2,
    "name": "n30k4_1",
    "n": 30,
    "k": 4,
    "optimal_solution": 6.35761833190918,
    "x_values": [
        0.9956965446472168,
        0.8602100014686584,
        0.40748757123947144,
        0.6399798393249512,
        0.8948042392730713,
        0.054690778255462646,
        0.9805267453193665,
        0.3876444697380066,
        0.7036495208740234,
        0.914574921131134,
        0.8903175592422485,
        0.8835397958755493,
        0.20760846138000488,
        0.8936169147491455,
        0.047141849994659424,
        0.4088842272758484,
        0.9435219764709473,
        0.025116443634033203,
        0.4421130418777466,
        0.1391879916191101,
        0.8324922919273376,
        0.565353512763977,
        0.39254552125930786,
        0.12881410121917725,
        0.07425063848495483,
        0.44187110662460327,
        0.7694670557975769,
        0.9386261701583862,
        0.5952333211898804,
        0.3322720527648926
    ],
    "y_values": [
        0.358828604221344,
        0.24003571271896362,
        0.2153247594833374,
        0.4004436135292053,
        0.8886510133743286,
        0.8441445827484131,
        0.886661171913147,
        0.017466366291046143,
        0.7092695832252502,
        0.03925490379333496,
        0.26164335012435913,
        0.1133001446723938,
        0.10037088394165039,
        0.9849074482917786,
        0.09121227264404297,
        0.7480713725090027,
        0.9134640097618103,
        0.9123380184173584,
        0.6379844546318054,
        0.9328415989875793,
        0.14980626106262207,
        0.011573076248168945,
        0.5175933241844177,
        0.4890240430831909,
        0.5414149761199951,
        0.15228629112243652,
        0.2404937744140625,
        0.07163792848587036,
        0.31073832511901855,
        0.059090614318847656
    ]
}