{
    "format": 2,
    "name": "n30k4_99",
    "n": 30,
    "k": 4,
    "optimal_solution": 5.963953495025635,
    "x_values": [
        0.5631595849990845,
        0.9094106554985046,
        0.5995726585388184,
        0.6113794445991516,
        0.4222181439399719,
        0.6117226481437683,
        0.6032559871673584,
        0.5262397527694702,
        0.752778947353363,
        0.9268506169319153,
        0.7775850892066956,
        0.6904294490814209,
        0.3694669008255005,
        0.46659547090530396,
        0.6241379976272583,
        0.9917449951171875,
        0.3609424829483032,
        0.922579288482666,
        0.6344175934791565,
        0.18633884191513062,
        0.3708122968673706,
        0.4397687315940857,
        0.2155756950378418,
        0.1192396879196167,
        0.16678768396377563,
        0.14764249324798584,
        0.5892750024795532,
        0.0343480110168457,
        0.7242711186408997,
        0.7683266997337341
    ],
    "y_values": [
        0.7636359930038452,
        0.7264731526374817,
        0.6188255548477173,
        0.23393648862838745,
        0.37091517448425293,
        0.9848399758338928,
        0.8360101580619812,
        0.6882599592208862,
        0.7653666734695435,
        0.8701430559158325,
        0.9688897728919983,
        0.9051374197006226,
        0.5367782711982727,
        0.35524171590805054,
        0.1502324342727661,
        0.7035049796104431,
        0.6627156734466553,
        0.028388619422912598,
        0.44620412588119507,
        0.6279838681221008,
        0.4172423481941223,
        0.5740959644317627,
        0.14782226085662842,
        0.6846848130226135,
        0.1143675446510315,
        0.5517162084579468,
        0.09286224842071533,
        0.3762813210487366,
        0.8557710647583008,
        0.294455349445343
    ]
}