{
    "format": 2,
    "name": "n60k9_45",
    "n": 60,
    "k": 9,
    "optimal_solution": 7.277853012084961,
    "x_values": [
        0.04492497444152832,
        0.4711737632751465,
        0.8434391021728516,
        0.17402750253677368,
        0.37657594680786133,
        0.06570237874984741,
        0.5418589115142822,
        0.14711201190948486,
        0.3863363265991211,
        0.7640379071235657,
        0.8626194000244141,
        0.8931989669799805,
        0.1927109956741333,
        0.9808812737464905,
        0.7986660003662109,
        0.24559712409973145,
        0.6414749622344971,
        0.8420045375823975,
        0.56757652759552,
        0.7493758201599121,
        0.3539840579032898,
        0.4083481431007385,
        0.08319967985153198,
        0.4534284472465515,
        0.5891900062561035,
        0.7178277969360352,
        0.6470168828964233,
        0.6180016994476318,
        0.1304038166999817,
        0.22631442546844482,
        0.45096832513809204,
        0.7574601173400879,
        0.1060284972190857,
        0.58206707239151,
        0.7157608270645142,
        0.9874246120452881,
        0.95002281665802,
        0.5160432457923889,
        0.2921389937400818,
        0.9066832661628723,
        0.9511767029762268,
        0.6955191493034363,
        0.9942727088928223,
        0.3113754391670227,
        0.4929376244544983,
        0.3504919409751892,
        0.24630069732666016,
        0.9797747731208801,
        0.40555739402770996,
        0.3592676520347595,
        0.030252456665039062,
        0.6362707614898682,
        0.012096941471099854,
        0.26697540283203125,
        0.7445977330207825,
        0.14483368396759033,
        0.8641030192375183,
        0.8218633532524109,
        0.4125349521636963,
        0.6889033913612366
    ],
    "y_values": [
        0.06593567132949829,
        0.8372156620025635,
        0.891684889793396,
        0.7409281730651855,
        0.4359096884727478,
        0.29302191734313965,
        0.9371026754379272,
        0.42985618114471436,
        0.46404868364334106,
        0.9436402320861816,
        0.2516970634460449,
        0.3072413206100464,
        0.10437840223312378,
        0.7022300958633423,
        0.7351962327957153,
        0.28969836235046387,
        0.8550989627838135,
        0.07841235399246216,
        0.12103480100631714,
        0.6043508648872375,
        0.34242838621139526,
        0.44304853677749634,
        0.2593799829483032,
        0.3470146656036377,
        0.07598084211349487,
        0.2603068947792053,
        0.43890488147735596,
        0.450870156288147,
        0.6975082159042358,
        0.5254784226417542,
        0.9265033602714539,
        0.8587510585784912,
        0.3808615803718567,
        0.013050615787506104,
        0.2907031774520874,
        0.39667659997940063,
        0.7575142979621887,
        0.9287264943122864,
        0.0902395248413086,
        0.6143367886543274,
        0.5535240173339844,
        0.33791035413742065,
        0.6993579864501953,
        0.17265748977661133,
        0.0691525936126709,
        0.9466459155082703,
        0.48583221435546875,
        0.8336638808250427,
        0.9448055624961853,
        0.279737651348114,
        0.6173999905586243,
        0.7116396427154541,
        0.006911635398864746,
        0.7701598405838013,
        0.7567424178123474,
        0.1768473982810974,
        0.962133526802063,
        0.8999373316764832,
        0.958172619342804,
        0.25874924659729004
    ]
}