{
    "format": 2,
    "name": "n60k9_52",
    "n": 60,
    "k": 9,
    "optimal_solution": 7.469890117645264,
    "x_values": [
        0.3386341333389282,
        0.9763212203979492,
        0.1916027069091797,
        0.742525577545166,
        0.48513442277908325,
        0.8376466035842896,
        0.5185054540634155,
        0.5276081562042236,
        0.5029669404029846,
        0.6004911661148071,
        0.8571118116378784,
        0.19100362062454224,
        0.11984026432037354,
        0.9346100687980652,
        0.22830450534820557,
        0.579215407371521,
        0.5840510129928589,
        0.4665071368217468,
        0.6212189793586731,
        0.7493891716003418,
        0.6747486591339111,
        0.8764525651931763,
        0.6852898001670837,
        0.7960473299026489,
        0.14780724048614502,
        0.9168667197227478,
        0.09039306640625,
        0.5161811113357544,
        0.5143213868141174,
        0.9833343029022217,
        0.34970903396606445,
        0.3370441198348999,
        0.17569571733474731,
        0.2704903483390808,
        0.15204626321792603,
        0.582531750202179,
        0.4404648542404175,
        0.5553691983222961,
        0.060927748680114746,
        0.2919984459877014,
        0.42563164234161377,
        0.2597489356994629,
        0.5890565514564514,
        0.029344916343688965,
        0.7876931428909302,
        0.4996938705444336,
        0.7009629607200623,
        0.38680702447891235,
        0.24467861652374268,
        0.08496016263961792,
        0.9273178577423096,
        0.1901116967201233,
        0.08429282903671265,
        0.4892914295196533,
        0.9331063628196716,
        0.5822912454605103,
        0.6873900890350342,
        0.3656761050224304,
        0.7725209593772888,
        0.9759162664413452
    ],
    "y_values": [
        0.497794508934021,
        0.37995362281799316,
        0.7433191537857056,
        0.8632891774177551,
        0.27453356981277466,
        0.6480275392532349,
        0.6218424439430237,
        0.7120802998542786,
        0.6020993590354919,
        0.6251491904258728,
        0.019904136657714844,
        0.34913796186447144,
        0.45909762382507324,
        0.10360729694366455,
        0.5854551196098328,
        0.6301751136779785,
        0.11638420820236206,
        0.5295004844665527,
        0.7459537386894226,
        0.844387948513031,
        0.6890161037445068,
        0.3027581572532654,
        0.40755194425582886,
        0.7151941657066345,
        0.18325108289718628,
        0.4943253993988037,
        0.3065530061721802,
        0.007415413856506348,
        0.5416551828384399,
        0.605471670627594,
        0.6607498526573181,
        0.06679040193557739,
        0.9543045163154602,
        0.42868572473526,
        0.5803244709968567,
        0.8585137724876404,
        0.9146803021430969,
        0.07449489831924438,
        0.8815269470214844,
        0.8476645350456238,
        0.5794262886047363,
        0.2847776412963867,
        0.23146063089370728,
        0.24254274368286133,
        0.8345903754234314,
        0.6011612415313721,
        0.9850469827651978,
        0.15637552738189697,
        0.6547613739967346,
        0.6840595006942749,
        0.097342848777771,
        0.29830121994018555,
        0.5588195323944092,
        0.6435433030128479,
        0.07874119281768799,
        0.4001522660255432,
        0.011683464050292969,
        0.8395868539810181,
        0.9878499507904053,
        0.7394473552703857
    ]
}