{
    "format": 8,
    "name": "n90k4_83",
    "n": 90,
    "k": 4,
    "capacity": 23,
    "optimal_solution": 21.237295150756836,
    "x_values": [
        0.587522566318512,
        0.8531742095947266,
        0.2452104091644287,
        0.23103243112564087,
        0.28155314922332764,
        0.9229763150215149,
        0.6578667759895325,
        0.9478760361671448,
        0.8923473954200745,
        0.6942570209503174,
        0.8314132690429688,
        0.9269769191741943,
        0.29926884174346924,
        0.6385757923126221,
        0.2944789528846741,
        0.10863268375396729,
        0.7895671129226685,
        0.25370579957962036,
        0.5604251027107239,
        0.5202674269676208,
        0.5736722350120544,
        0.5528793931007385,
        0.48814189434051514,
        0.586651086807251,
        0.6686395406723022,
        0.792209267616272,
        0.229220449924469,
        0.031034111976623535,
        0.5915458798408508,
        0.18983739614486694,
        0.04597806930541992,
        0.990250289440155,
        0.5511402487754822,
        0.5529978275299072,
        0.003982245922088623,
        0.7003942131996155,
        0.7055118680000305,
        0.41635823249816895,
        0.950106143951416,
        0.025983333587646484,
        0.13352781534194946,
        0.00917881727218628,
        0.9820500016212463,
        0.36515140533447266,
        0.5781850218772888,
        0.09570682048797607,
        0.08408212661743164,
        0.8039624691009521,
        0.6283794045448303,
        0.19429242610931396,
        0.3196142911911011,
        0.4628335237503052,
        0.4310656785964966,
        0.6734548807144165,
        0.7536818981170654,
        0.17327934503555298,
        0.7894371151924133,
        0.9154767990112305,
        0.4082624912261963,
        0.8541076183319092,
        0.4962061047554016,
        0.5520539879798889,
        0.4869999289512634,
        0.3761345148086548,
        0.41381990909576416,
        0.032061874866485596,
        0.3292785882949829,
        0.17983663082122803,
        0.06630074977874756,
        0.24672621488571167,
        0.6319130659103394,
        0.2757231593132019,
        0.7794864177703857,
        0.29817479848861694,
        0.8599513173103333,
        0.6897082328796387,
        0.19357341527938843,
        0.3516635298728943,
        0.7282043695449829,
        0.06908798217773438,
        0.05942106246948242,
        0.9656611084938049,
        0.5192277431488037,
        0.8467457890510559,
        0.3939629793167114,
        0.29509812593460083,
        0.047287046909332275,
        0.4012315273284912,
        0.7446288466453552,
        0.4683127999305725
    ],
    "y_values": [
        0.46622180938720703,
        0.1668916940689087,
        0.07869446277618408,
        0.5790275931358337,
        0.6742066144943237,
        0.4420027732849121,
        0.049649715423583984,
        0.8108300566673279,
        0.0768427848815918,
        0.7935017347335815,
        0.4377322196960449,
        0.40245288610458374,
        0.06433749198913574,
        0.4619419574737549,
        0.5848317742347717,
        0.7827027440071106,
        0.5301460027694702,
        0.6164445281028748,
        0.993874728679657,
        0.9258415699005127,
        0.47745925188064575,
        0.1438215970993042,
        0.5200307965278625,
        0.4212367534637451,
        0.2914091944694519,
        0.2960203289985657,
        0.8357698917388916,
        0.006253719329833984,
        0.905275285243988,
        0.24152863025665283,
        0.03912067413330078,
        0.6102732419967651,
        0.048905134201049805,
        0.0003635287284851074,
        0.25229841470718384,
        0.16214042901992798,
        0.6829131841659546,
        0.6884222030639648,
        0.2891659736633301,
        0.4982309937477112,
        0.8815682530403137,
        0.35085707902908325,
        0.7969873547554016,
        0.46647000312805176,
        0.09421801567077637,
        0.15374106168746948,
        0.3210141062736511,
        0.016336917877197266,
        0.5535008907318115,
        0.3257175087928772,
        0.2673354744911194,
        0.5666393637657166,
        0.6341371536254883,
        0.5191237330436707,
        0.3486943244934082,
        0.32566553354263306,
        0.7815355658531189,
        0.4731557369232178,
        0.8884781002998352,
        0.9363608360290527,
        0.025396287441253662,
        0.41079211235046387,
        0.8474707007408142,
        0.12496286630630493,
        0.4606167674064636,
        0.5148436427116394,
        0.6467286944389343,
        0.14064878225326538,
        0.8732486367225647,
        0.06646788120269775,
        0.35843533277511597,
        0.643440306186676,
        0.8246039748191833,
        0.2855064272880554,
        0.7232792973518372,
        0.818936288356781,
        0.490519642829895,
        0.4480627775192261,
        0.8747187852859497,
        0.20674651861190796,
        0.11068862676620483,
        0.451543390750885,
        0.6066077947616577,
        0.8735498785972595,
        0.4399556517601013,
        0.24857497215270996,
        0.5283926725387573,
        0.6683462858200073,
        0.3056803345680237,
        0.11986160278320312
    ]
}