{
    "format": 8,
    "name": "n70k9_99",
    "n": 70,
    "k": 9,
    "capacity": 8,
    "optimal_solution": 8.750082969665527,
    "x_values": [
        0.9606145620346069,
        0.3928532600402832,
        0.07784193754196167,
        0.7469607591629028,
        0.018192946910858154,
        0.08541625738143921,
        0.89633709192276,
        0.8986735343933105,
        0.5918854475021362,
        0.7400979995727539,
        0.7970796227455139,
        0.4633994698524475,
        0.4729945659637451,
        0.23538053035736084,
        0.9450846910476685,
        0.043497562408447266,
        0.26952558755874634,
        0.22604352235794067,
        0.37663131952285767,
        0.4784160852432251,
        0.02910667657852173,
        0.8242124915122986,
        0.5914230346679688,
        0.47667449712753296,
        0.43807458877563477,
        0.9928538799285889,
        0.07147151231765747,
        0.6501659154891968,
        0.5449846386909485,
        0.6710148453712463,
        0.30591702461242676,
        0.6209275722503662,
        0.07125377655029297,
        0.05845242738723755,
        0.38378870487213135,
        0.8987427353858948,
        0.3110969662666321,
        0.8829046487808228,
        0.4362015724182129,
        0.514552652835846,
        0.44463658332824707,
        0.6788105964660645,
        0.3550906777381897,
        0.9794007539749146,
        0.3678707480430603,
        0.8429913520812988,
        0.12407094240188599,
        0.3073256015777588,
        0.20693325996398926,
        0.12630486488342285,
        0.9141420722007751,
        0.6301040053367615,
        0.8960395455360413,
        0.37280529737472534,
        0.5049178600311279,
        0.3828554153442383,
        0.8802255392074585,
        0.31132906675338745,
        0.7749778628349304,
        0.5604038834571838,
        0.7492318749427795,
        0.3956783413887024,
        0.7109255790710449,
        0.3091486096382141,
        0.609389066696167,
        0.3640288710594177,
        0.7944451570510864,
        0.0969398021697998,
        0.8177798986434937,
        0.1589147448539734
    ],
    "y_values": [
        0.007853388786315918,
        0.48083627223968506,
        0.9849421977996826,
        0.2986941337585449,
        0.15405797958374023,
        0.1557188630104065,
        0.047690391540527344,
        0.04056829214096069,
        0.7954627871513367,
        0.007452547550201416,
        0.32362157106399536,
        0.984544575214386,
        0.04307842254638672,
        0.9853427410125732,
        0.6502150893211365,
        0.27505236864089966,
        0.9246118664741516,
        0.927594780921936,
        0.38198351860046387,
        0.8575018048286438,
        0.24288153648376465,
        0.6121439337730408,
        0.9362456798553467,
        0.424061119556427,
        0.8264871835708618,
        0.013705074787139893,
        0.8982703685760498,
        0.39146411418914795,
        0.4292508363723755,
        0.3258902430534363,
        0.2648903727531433,
        0.8860694766044617,
        0.06431043148040771,
        0.4290158152580261,
        8.761882781982422e-06,
        0.33592772483825684,
        0.7161252498626709,
        0.7289025783538818,
        0.7684500813484192,
        0.7579134702682495,
        0.7597045302391052,
        0.6917023062705994,
        0.9617919325828552,
        0.9037334322929382,
        0.32215815782546997,
        0.3867684006690979,
        0.11964046955108643,
        0.004959404468536377,
        0.2991289496421814,
        0.07567983865737915,
        0.8429083824157715,
        0.8465138673782349,
        0.13169622421264648,
        0.37749582529067993,
        0.8349587917327881,
        0.5163790583610535,
        0.5811321139335632,
        0.8352118134498596,
        0.9280825257301331,
        0.06800097227096558,
        0.3221037983894348,
        0.43163347244262695,
        0.7104237675666809,
        0.45809686183929443,
        0.019057929515838623,
        0.15150868892669678,
        0.582044780254364,
        0.8472166061401367,
        0.8104001879692078,
        0.7914339303970337
    ]
}