{
    "format": 8,
    "name": "n70k9_38",
    "n": 70,
    "k": 9,
    "capacity": 8,
    "optimal_solution": 9.064788818359375,
    "x_values": [
        0.09970676898956299,
        0.23638468980789185,
        0.07395899295806885,
        0.8946974277496338,
        0.04442095756530762,
        0.9634437561035156,
        0.2919638752937317,
        0.9675007462501526,
        0.4353875517845154,
        0.09782522916793823,
        0.8885097503662109,
        0.24811285734176636,
        0.25444304943084717,
        0.0701836347579956,
        0.6342765688896179,
        0.42495185136795044,
        0.4242454171180725,
        0.697392463684082,
        0.09991705417633057,
        0.5463262796401978,
        0.17017602920532227,
        0.5310341119766235,
        0.7789895534515381,
        0.521094024181366,
        0.2667118310928345,
        0.4008188843727112,
        0.24738657474517822,
        0.905852198600769,
        0.6147184371948242,
        0.4465014338493347,
        0.9729537963867188,
        0.4450579881668091,
        0.4791465401649475,
        0.05149698257446289,
        0.2827630043029785,
        0.8384570479393005,
        0.7491932511329651,
        0.23122632503509521,
        0.6336674690246582,
        0.08357024192810059,
        0.3436042070388794,
        0.9401432275772095,
        0.5445722937583923,
        0.9159241914749146,
        0.0712694525718689,
        0.29954075813293457,
        0.3328012228012085,
        0.012457966804504395,
        0.8576089143753052,
        0.10445535182952881,
        0.8967155814170837,
        0.35554128885269165,
        0.35084444284439087,
        0.1469171643257141,
        0.8876571655273438,
        0.8761436343193054,
        0.9526839852333069,
        0.7083280682563782,
        0.6807771325111389,
        0.49671149253845215,
        0.27297401428222656,
        0.38329869508743286,
        0.09928745031356812,
        0.7395134568214417,
        0.9937563538551331,
        0.9411252737045288,
        0.6375472545623779,
        0.582004189491272,
        0.8764506578445435,
        0.9068619012832642
    ],
    "y_values": [
        0.9174268245697021,
        0.06856310367584229,
        0.6314038038253784,
        0.9920157790184021,
        0.3175680637359619,
        0.35938364267349243,
        0.825013279914856,
        0.5414954423904419,
        0.2803436517715454,
        0.2260158658027649,
        0.819862425327301,
        0.6367394924163818,
        0.23470312356948853,
        0.7897404432296753,
        0.551516056060791,
        0.5635572671890259,
        0.5929811000823975,
        0.8408167958259583,
        0.7407249212265015,
        0.5055903792381287,
        0.27668964862823486,
        0.8797314167022705,
        0.49320077896118164,
        0.9940334558486938,
        0.526694118976593,
        0.6534204483032227,
        0.5245195031166077,
        0.3876380920410156,
        0.8209502696990967,
        0.5653716325759888,
        0.7245399355888367,
        0.3653264045715332,
        0.14590901136398315,
        0.9811963438987732,
        0.5348202586174011,
        0.2275867462158203,
        0.8094758987426758,
        0.6536781787872314,
        0.44818830490112305,
        0.676577627658844,
        0.6846091151237488,
        0.8522101044654846,
        0.2572779655456543,
        0.679214596748352,
        0.9913264513015747,
        0.2175418734550476,
        0.10952675342559814,
        0.906634509563446,
        0.8169317841529846,
        0.8225841522216797,
        0.261807382106781,
        0.5276516675949097,
        0.7584198713302612,
        0.5650086402893066,
        0.2315058708190918,
        0.9325171113014221,
        0.4876921772956848,
        0.7341618537902832,
        0.3605557084083557,
        0.8018237352371216,
        0.04606282711029053,
        0.4530486464500427,
        0.12495595216751099,
        0.8463287949562073,
        0.7615998983383179,
        0.27267932891845703,
        0.39522266387939453,
        0.16082978248596191,
        0.6701521277427673,
        0.2985232472419739
    ]
}