{
    "format": 8,
    "name": "n70k9_54",
    "n": 70,
    "k": 9,
    "capacity": 8,
    "optimal_solution": 9.138460159301758,
    "x_values": [
        0.4119986891746521,
        0.4216325879096985,
        0.06025052070617676,
        0.546248197555542,
        0.8953744173049927,
        0.5108661651611328,
        0.5763780474662781,
        0.7938080430030823,
        0.8185500502586365,
        0.4663936495780945,
        0.7732210159301758,
        0.4073190689086914,
        0.4904753565788269,
        0.621306300163269,
        0.6190128326416016,
        0.17483144998550415,
        0.9451959133148193,
        0.9295036196708679,
        0.7091838121414185,
        0.3589335083961487,
        0.7566314935684204,
        0.2814742922782898,
        0.6878498196601868,
        0.3244558572769165,
        0.7095057964324951,
        0.18428659439086914,
        0.9441874027252197,
        0.260256290435791,
        0.7871373891830444,
        0.8105898499488831,
        0.8301222920417786,
        0.6646784543991089,
        0.3733266592025757,
        0.44877034425735474,
        0.6278387308120728,
        0.35577094554901123,
        0.10392647981643677,
        0.8676645755767822,
        0.23435533046722412,
        0.7614457607269287,
        0.4823744297027588,
        0.8114036917686462,
        0.3287650942802429,
        0.5375821590423584,
        0.7310702204704285,
        0.8527818322181702,
        0.9912353157997131,
        0.8105154037475586,
        0.5510947704315186,
        0.8064805865287781,
        0.07312637567520142,
        0.7120148539543152,
        0.9417788982391357,
        0.858665406703949,
        0.6845971345901489,
        0.032508671283721924,
        0.19793397188186646,
        0.06219750642776489,
        0.5877677798271179,
        0.5651418566703796,
        0.023969948291778564,
        0.7539371252059937,
        0.04731869697570801,
        0.9929338097572327,
        0.6784732341766357,
        0.3040350079536438,
        0.8089087009429932,
        0.5744743943214417,
        0.589150607585907,
        0.7357777953147888
    ],
    "y_values": [
        0.5164446830749512,
        0.5204578638076782,
        0.7470144629478455,
        0.5583242177963257,
        0.7688478231430054,
        0.3480461835861206,
        0.9644884467124939,
        0.9927511215209961,
        0.46358758211135864,
        0.5462176203727722,
        0.26310020685195923,
        0.7556191682815552,
        0.9370076656341553,
        0.34152907133102417,
        0.22000455856323242,
        0.5967769622802734,
        0.8652142286300659,
        0.4419010281562805,
        0.08625370264053345,
        0.923123836517334,
        0.07829904556274414,
        0.19512879848480225,
        0.9597979187965393,
        0.8765751123428345,
        0.247633695602417,
        0.3004484176635742,
        0.842252790927887,
        0.7810278534889221,
        0.35232746601104736,
        0.11745196580886841,
        0.8292241096496582,
        0.9729157090187073,
        0.8121761679649353,
        0.2764701843261719,
        0.794844388961792,
        0.8711440563201904,
        0.18077325820922852,
        0.8307824730873108,
        0.5381768345832825,
        0.20194154977798462,
        0.5133808255195618,
        0.26360487937927246,
        0.7909864783287048,
        0.9888561964035034,
        0.6850346922874451,
        0.8601240515708923,
        0.2891223430633545,
        0.6192771196365356,
        0.8312007188796997,
        0.20165854692459106,
        0.8628700971603394,
        0.6765198111534119,
        0.5632917284965515,
        0.4934718608856201,
        0.5413834452629089,
        0.9627559185028076,
        0.449482262134552,
        0.248254656791687,
        0.0828586220741272,
        0.7440360188484192,
        0.3178766965866089,
        0.5616432428359985,
        0.4151068925857544,
        0.7633728384971619,
        0.1532825231552124,
        0.2031921148300171,
        0.745457112789154,
        0.3583434224128723,
        0.2279931902885437,
        0.41607147455215454
    ]
}