{
    "format": 8,
    "name": "n70k9_39",
    "n": 70,
    "k": 9,
    "capacity": 8,
    "optimal_solution": 9.347979545593262,
    "x_values": [
        0.21460354328155518,
        0.6897082924842834,
        0.5270212292671204,
        0.3534471392631531,
        0.39815884828567505,
        0.135390043258667,
        0.5018343329429626,
        0.8476904630661011,
        0.1338963508605957,
        0.014583826065063477,
        0.10899639129638672,
        0.3912172317504883,
        0.6776408553123474,
        0.576651930809021,
        0.7320982217788696,
        0.92311692237854,
        0.7808594107627869,
        0.8490997552871704,
        0.16969245672225952,
        0.9768718481063843,
        0.79811030626297,
        0.7679715156555176,
        0.9263443946838379,
        0.10945957899093628,
        0.2694716453552246,
        0.11958789825439453,
        0.590175986289978,
        0.9921925663948059,
        0.7487717270851135,
        0.33866333961486816,
        0.816056489944458,
        0.6149501800537109,
        0.9242151975631714,
        0.16677939891815186,
        0.0711662769317627,
        0.32753288745880127,
        0.41755467653274536,
        0.500882625579834,
        0.23084121942520142,
        0.3923112750053406,
        0.8702684640884399,
        0.03691375255584717,
        0.6667675971984863,
        0.7522045969963074,
        0.817520022392273,
        0.03437232971191406,
        0.8533884286880493,
        0.3018994927406311,
        0.975613534450531,
        0.04253184795379639,
        0.4574965238571167,
        0.8544305562973022,
        0.7910115718841553,
        0.6516231894493103,
        0.9023520350456238,
        0.5872848629951477,
        0.5150384306907654,
        0.19677269458770752,
        0.9267705082893372,
        0.17643171548843384,
        0.19686156511306763,
        0.3944514989852905,
        0.36745089292526245,
        0.6148539185523987,
        0.31118637323379517,
        0.2103351354598999,
        0.8612252473831177,
        0.9273579120635986,
        0.426108181476593,
        0.49602067470550537
    ],
    "y_values": [
        0.4077122211456299,
        0.8109323382377625,
        0.5618540644645691,
        0.3008881211280823,
        0.4545027017593384,
        0.04379397630691528,
        0.2000129222869873,
        0.02811223268508911,
        0.7144259214401245,
        0.16704809665679932,
        0.44884252548217773,
        0.5939806699752808,
        0.8413935899734497,
        0.3118196129798889,
        0.9850634932518005,
        0.703938364982605,
        0.6061102151870728,
        0.46305912733078003,
        0.8608904480934143,
        0.837302029132843,
        0.8598369359970093,
        0.08655524253845215,
        0.044432997703552246,
        0.8589947819709778,
        0.88442063331604,
        0.5939233303070068,
        0.15055596828460693,
        0.9998978972434998,
        0.3952754735946655,
        0.10178869962692261,
        0.6263631582260132,
        0.9193204045295715,
        0.9105277061462402,
        0.8706262707710266,
        0.8734626770019531,
        0.6733572483062744,
        0.7380846738815308,
        0.5686999559402466,
        0.0869782567024231,
        0.2600589394569397,
        0.9084796905517578,
        0.3419942259788513,
        0.4532007575035095,
        0.10945701599121094,
        0.6282410025596619,
        0.4745635986328125,
        0.6732773780822754,
        0.5968806147575378,
        0.9824815392494202,
        0.6886694431304932,
        0.3153868317604065,
        0.6875227689743042,
        0.15444767475128174,
        0.4051612615585327,
        0.5734202265739441,
        0.347817599773407,
        0.8449087738990784,
        0.417314350605011,
        0.5430670976638794,
        0.5153753161430359,
        0.19125086069107056,
        0.7876039147377014,
        0.8530851602554321,
        0.9145827889442444,
        0.6188601851463318,
        0.7356417179107666,
        0.455000102519989,
        0.13387715816497803,
        0.6293383836746216,
        0.7543838620185852
    ]
}