{
    "format": 8,
    "name": "n70k9_51",
    "n": 70,
    "k": 9,
    "capacity": 8,
    "optimal_solution": 9.403429985046387,
    "x_values": [
        0.19214904308319092,
        0.19462668895721436,
        0.6081410050392151,
        0.9402205944061279,
        0.14328771829605103,
        0.6197859048843384,
        0.29296743869781494,
        0.5149340033531189,
        0.15480798482894897,
        0.8679713010787964,
        0.33478599786758423,
        0.8336604237556458,
        0.18545591831207275,
        0.345928430557251,
        0.5272730588912964,
        0.29396647214889526,
        0.31499427556991577,
        0.9253759384155273,
        0.9288171529769897,
        0.011478304862976074,
        0.6158148050308228,
        0.08525276184082031,
        0.20348381996154785,
        0.1023760437965393,
        0.3723558187484741,
        0.46342265605926514,
        0.42535799741744995,
        0.860589861869812,
        0.5050843358039856,
        0.46130597591400146,
        0.21892422437667847,
        0.8159728646278381,
        0.7507831454277039,
        0.6425995826721191,
        0.7641634345054626,
        0.9661134481430054,
        0.14818543195724487,
        0.2458183765411377,
        0.22949635982513428,
        0.8527293801307678,
        0.633914589881897,
        0.4685148000717163,
        0.9754459261894226,
        0.3458402752876282,
        0.35578203201293945,
        0.4723060727119446,
        0.24059391021728516,
        0.5606171488761902,
        0.11854767799377441,
        0.2854583263397217,
        0.7367070913314819,
        0.3264089822769165,
        0.548007071018219,
        0.4813188314437866,
        0.9509159326553345,
        0.6553063988685608,
        0.056562840938568115,
        0.6091058254241943,
        0.6110801696777344,
        0.8625658750534058,
        0.32217979431152344,
        0.6614407300949097,
        0.45513927936553955,
        0.7099478244781494,
        0.8317423462867737,
        0.030355632305145264,
        0.08432936668395996,
        0.5207631587982178,
        0.8629398941993713,
        0.5348249673843384
    ],
    "y_values": [
        0.3203761577606201,
        0.3129294514656067,
        0.6280410289764404,
        0.9359258413314819,
        0.9696988463401794,
        0.9219927787780762,
        0.8920608758926392,
        0.32592135667800903,
        0.8634948134422302,
        0.2802516222000122,
        0.059918344020843506,
        0.8792144656181335,
        0.7351855635643005,
        0.8936482667922974,
        0.9249219298362732,
        0.43094050884246826,
        0.40814435482025146,
        0.13393080234527588,
        0.030103564262390137,
        0.05558425188064575,
        0.2560287117958069,
        0.224124014377594,
        0.1043856143951416,
        0.9923728108406067,
        0.9117284417152405,
        0.7669364213943481,
        0.6965011358261108,
        0.5055481195449829,
        0.30369532108306885,
        0.8206063508987427,
        0.36288946866989136,
        0.825023889541626,
        0.730400562286377,
        0.5622945427894592,
        0.3430817723274231,
        0.4119616150856018,
        0.7677736282348633,
        0.81782066822052,
        0.28751593828201294,
        0.6297566294670105,
        0.08439964056015015,
        0.2703694701194763,
        0.984867513179779,
        0.7797229290008545,
        0.12116241455078125,
        0.41627466678619385,
        0.05952942371368408,
        0.47587621212005615,
        0.21798235177993774,
        0.7620601654052734,
        0.9278393983840942,
        0.36690282821655273,
        0.781849205493927,
        0.7246055006980896,
        0.6201440095901489,
        0.3867431879043579,
        0.2444239854812622,
        0.972383975982666,
        0.3397004008293152,
        0.5169358253479004,
        0.8705847859382629,
        0.36026591062545776,
        0.3354722857475281,
        0.9154235124588013,
        0.44454604387283325,
        0.2639991044998169,
        0.22695398330688477,
        0.48570042848587036,
        0.6472823619842529,
        0.3737088441848755
    ]
}