{
    "format": 2,
    "name": "n30k2_86",
    "n": 30,
    "k": 2,
    "optimal_solution": 10.390393257141113,
    "x_values": [
        0.43160784244537354,
        0.7466360926628113,
        0.3235277533531189,
        0.9163825511932373,
        0.30267083644866943,
        0.25382518768310547,
        0.4223632216453552,
        0.6917067766189575,
        0.9828102588653564,
        0.05262535810470581,
        0.8962543606758118,
        0.9218156933784485,
        0.6019750237464905,
        0.7665529847145081,
        0.8109818696975708,
        0.7436270713806152,
        0.36581951379776,
        0.41392165422439575,
        0.8530643582344055,
        0.3206746578216553,
        0.9964813590049744,
        0.9549098610877991,
        0.6643346548080444,
        0.6155282855033875,
        0.7554026246070862,
        0.8517835736274719,
        0.9399920105934143,
        0.1754213571548462,
        0.800948977470398,
        0.8525524735450745
    ],
    "y_values": [
        0.9870991706848145,
        0.31788188219070435,
        0.09155666828155518,
        0.8136640191078186,
        0.23829102516174316,
        0.8343653082847595,
        0.40745335817337036,
        0.13249337673187256,
        0.5544867515563965,
        0.7974223494529724,
        0.035315871238708496,
        0.7460010051727295,
        0.8439435362815857,
        0.670877993106842,
        0.05008476972579956,
        0.15196508169174194,
        0.8428514003753662,
        0.9706562161445618,
        0.9692800641059875,
        0.7200122475624084,
        0.7028716802597046,
        0.6553183794021606,
        0.5162971615791321,
        0.25448399782180786,
        0.355319082736969,
        0.9893251061439514,
        0.27613896131515503,
        0.22329241037368774,
        0.41275256872177124,
        0.011336922645568848
    ]
}