{
    "format": 8,
    "name": "n90k7_22",
    "n": 90,
    "k": 7,
    "capacity": 13,
    "optimal_solution": 13.945216178894043,
    "x_values": [
        0.29129981994628906,
        0.7585200071334839,
        0.9459887146949768,
        0.757316529750824,
        0.9596556425094604,
        0.07599371671676636,
        0.16333985328674316,
        0.4269096255302429,
        0.6810787916183472,
        0.3666043281555176,
        0.7941082119941711,
        0.5375465154647827,
        0.3777696490287781,
        0.8083806037902832,
        0.18047934770584106,
        0.5503439903259277,
        0.45221132040023804,
        0.7341297268867493,
        0.3222803473472595,
        0.24381369352340698,
        0.024706363677978516,
        0.21952295303344727,
        0.032407522201538086,
        0.019974946975708008,
        0.5048331022262573,
        0.29244017601013184,
        0.7346328496932983,
        0.6007128357887268,
        0.7807561755180359,
        0.5734443664550781,
        0.7891188263893127,
        0.2993512749671936,
        0.24568688869476318,
        0.5914658308029175,
        0.2173168659210205,
        0.9578057527542114,
        0.38745951652526855,
        0.1949061155319214,
        0.581176221370697,
        0.9938607811927795,
        0.11413240432739258,
        0.39646095037460327,
        0.15218478441238403,
        0.4619547724723816,
        0.13030487298965454,
        0.12609946727752686,
        0.9110512733459473,
        0.19524770975112915,
        0.18726080656051636,
        0.6799554824829102,
        0.6790429949760437,
        0.39583921432495117,
        0.05809426307678223,
        0.06607747077941895,
        0.8653889298439026,
        0.6643323302268982,
        0.3983622193336487,
        0.13253432512283325,
        0.23739975690841675,
        0.7393394708633423,
        0.5896956324577332,
        0.06348735094070435,
        0.9601975679397583,
        0.331615149974823,
        0.8044420480728149,
        0.7714307904243469,
        0.8122751712799072,
        0.434245228767395,
        0.17597448825836182,
        0.5017513632774353,
        0.8617587089538574,
        0.01626121997833252,
        0.3070331811904907,
        0.41527700424194336,
        0.6319602131843567,
        0.9518439173698425,
        0.5929430723190308,
        0.1964198350906372,
        0.0655062198638916,
        0.2746691107749939,
        0.679878830909729,
        0.1839023232460022,
        0.1475588083267212,
        0.36703968048095703,
        0.9542630314826965,
        0.3978663682937622,
        0.6028839349746704,
        0.3548601269721985,
        0.45430517196655273,
        0.6520378589630127
    ],
    "y_values": [
        0.08093488216400146,
        0.8772789239883423,
        0.5097081065177917,
        0.924711287021637,
        0.6690143346786499,
        0.026316940784454346,
        0.9058791995048523,
        0.6076678037643433,
        0.4983377456665039,
        0.8531959652900696,
        0.6802851557731628,
        0.7704237103462219,
        0.38215070962905884,
        0.9396281242370605,
        0.058838844299316406,
        0.9171971678733826,
        0.6144186854362488,
        0.4289707541465759,
        0.39773130416870117,
        0.29745668172836304,
        0.8570447564125061,
        0.2592552900314331,
        0.588086724281311,
        0.9511715173721313,
        0.6672694683074951,
        0.09572964906692505,
        0.7080960869789124,
        0.7196531295776367,
        0.5979097485542297,
        0.37391185760498047,
        0.6176475286483765,
        0.26110440492630005,
        0.36955904960632324,
        0.5417532324790955,
        0.955194354057312,
        0.10028386116027832,
        0.09226721525192261,
        0.5151291489601135,
        0.05069255828857422,
        0.8532712459564209,
        0.6998938322067261,
        0.25331389904022217,
        0.4093303680419922,
        0.5324073433876038,
        0.43676620721817017,
        0.665948212146759,
        0.5804516077041626,
        0.5527032017707825,
        0.035571396350860596,
        0.4211978316307068,
        0.47867822647094727,
        0.7675678133964539,
        0.7601815462112427,
        0.6545226573944092,
        0.2092883586883545,
        0.59947270154953,
        0.6754142642021179,
        0.5232781171798706,
        0.03242623805999756,
        0.5464364886283875,
        0.9442028999328613,
        0.2830297350883484,
        0.6229347586631775,
        0.3986322283744812,
        0.5030660629272461,
        0.9013106822967529,
        0.45656925439834595,
        0.6751165390014648,
        0.3341153860092163,
        0.02190178632736206,
        0.9446594715118408,
        0.6851370930671692,
        0.406125545501709,
        0.7340095043182373,
        0.6420435905456543,
        0.601829469203949,
        0.8796069622039795,
        0.617753267288208,
        0.0595051646232605,
        0.2676674723625183,
        0.24737310409545898,
        0.808624804019928,
        0.07193893194198608,
        0.7916903495788574,
        0.3390265703201294,
        0.80726557970047,
        0.967621386051178,
        0.6931163668632507,
        0.8490101099014282,
        0.8525973558425903
    ]
}