{
    "format": 8,
    "name": "n90k7_57",
    "n": 90,
    "k": 7,
    "capacity": 13,
    "optimal_solution": 15.54029655456543,
    "x_values": [
        0.7945843935012817,
        0.8985944390296936,
        0.21823328733444214,
        0.2867127060890198,
        0.3660787343978882,
        0.9131804704666138,
        0.07716673612594604,
        0.054705023765563965,
        0.4652256965637207,
        0.06891727447509766,
        0.628429651260376,
        0.995798647403717,
        0.5142855644226074,
        0.278031587600708,
        0.8278877139091492,
        0.28165578842163086,
        0.853906512260437,
        0.7132137417793274,
        0.7896047234535217,
        0.06525826454162598,
        0.4435826539993286,
        0.610747754573822,
        0.48205095529556274,
        0.657940685749054,
        0.7325779795646667,
        0.361583948135376,
        0.9648767113685608,
        0.22092294692993164,
        0.6712067127227783,
        0.20258677005767822,
        0.7947503924369812,
        0.8051660656929016,
        0.9239824414253235,
        0.8149418234825134,
        0.7861819863319397,
        0.1757807731628418,
        0.3343092203140259,
        0.36655640602111816,
        0.2814036011695862,
        0.07800781726837158,
        0.6514569520950317,
        0.9069275856018066,
        0.2672545909881592,
        0.3142058253288269,
        0.17668163776397705,
        0.12791717052459717,
        0.5659615397453308,
        0.4268195629119873,
        0.34558331966400146,
        0.6196569204330444,
        0.3904733657836914,
        0.7167810797691345,
        0.1640222668647766,
        0.32653409242630005,
        0.9804496169090271,
        0.00906383991241455,
        0.12492281198501587,
        0.020335376262664795,
        0.6136887073516846,
        0.36878377199172974,
        0.29767370223999023,
        0.7003035545349121,
        0.2954190969467163,
        0.7546691298484802,
        0.9606050848960876,
        0.16511797904968262,
        0.4518210291862488,
        0.38539206981658936,
        0.0543062686920166,
        0.28195029497146606,
        0.626039981842041,
        0.3630921244621277,
        0.40010643005371094,
        0.7485381960868835,
        0.9780331254005432,
        0.1879892349243164,
        0.617607057094574,
        0.6045442223548889,
        0.9430831074714661,
        0.06543087959289551,
        0.19018173217773438,
        0.93339604139328,
        0.6568238735198975,
        0.25125229358673096,
        0.3605668544769287,
        0.8233106732368469,
        0.5824966430664062,
        0.42845529317855835,
        0.11096274852752686,
        0.25791579484939575
    ],
    "y_values": [
        0.4817085266113281,
        0.008243203163146973,
        0.20240050554275513,
        0.20416247844696045,
        0.011665940284729004,
        0.47242963314056396,
        0.5111426711082458,
        0.846281111240387,
        0.5307701826095581,
        0.23971307277679443,
        0.37121713161468506,
        0.9754610061645508,
        0.20768803358078003,
        0.6140249371528625,
        0.7905194163322449,
        0.3230307102203369,
        0.4954662322998047,
        0.6619541049003601,
        0.2744538187980652,
        0.5624282360076904,
        0.8896065354347229,
        0.5072935223579407,
        0.3789428472518921,
        0.727653980255127,
        0.09642654657363892,
        0.2326337695121765,
        0.6555473208427429,
        0.627095103263855,
        0.3800649046897888,
        0.9284424185752869,
        0.13074612617492676,
        0.6422948837280273,
        0.4944377541542053,
        0.790068507194519,
        0.21557146310806274,
        0.1553897261619568,
        0.36516839265823364,
        0.483165442943573,
        0.1586948037147522,
        0.5535498857498169,
        0.6025572419166565,
        0.3679634928703308,
        0.1548139452934265,
        0.3642427921295166,
        0.2833614945411682,
        0.3544703722000122,
        0.5656663179397583,
        0.0003504157066345215,
        0.3576176166534424,
        0.9039332866668701,
        0.8875612020492554,
        0.47733062505722046,
        0.5561548471450806,
        0.5060428977012634,
        0.04336988925933838,
        0.9148249626159668,
        0.9130067825317383,
        0.19290155172348022,
        0.2315124273300171,
        0.2726246118545532,
        0.2699286937713623,
        0.2197788953781128,
        0.3471637964248657,
        0.897749125957489,
        0.37155044078826904,
        0.6761288642883301,
        0.29807478189468384,
        0.07676452398300171,
        0.8390167355537415,
        0.6545547842979431,
        0.8386737704277039,
        0.9759501218795776,
        0.6345754861831665,
        0.5300331115722656,
        0.1769004464149475,
        0.2855827212333679,
        0.23388123512268066,
        0.18940210342407227,
        0.7622266411781311,
        0.2408308982849121,
        0.1359902024269104,
        0.47751736640930176,
        0.42005103826522827,
        0.07978272438049316,
        0.9528517127037048,
        0.8803154826164246,
        0.5240616202354431,
        0.3837030529975891,
        0.37896132469177246,
        0.2562054991722107
    ]
}