{
    "format": 5,
    "name": "n60k5_79",
    "n": 60,
    "k": 5,
    "optimal_solution": 0.3720332384109497,
    "x_values": [
        0.758331298828125,
        0.4124407172203064,
        0.7510780096054077,
        0.7892931699752808,
        0.7682288289070129,
        0.6931262612342834,
        0.34612107276916504,
        0.3882601261138916,
        0.005931079387664795,
        0.07513457536697388,
        0.006830573081970215,
        0.8764742612838745,
        0.8088432550430298,
        0.00038748979568481445,
        0.7211939096450806,
        0.5927194356918335,
        0.6713980436325073,
        0.736217737197876,
        0.15704882144927979,
        0.48590123653411865,
        0.3375470042228699,
        0.3359888792037964,
        0.6700717806816101,
        0.5279428958892822,
        0.6795557737350464,
        0.12020981311798096,
        0.2908746004104614,
        0.9462815523147583,
        0.9110459685325623,
        0.1206352710723877,
        0.5085606575012207,
        0.6940815448760986,
        0.25122880935668945,
        0.512797474861145,
        0.3958069086074829,
        0.5915012955665588,
        0.1933300495147705,
        0.549907922744751,
        0.21163368225097656,
        0.984341561794281,
        0.14405542612075806,
        0.12111467123031616,
        0.4420201778411865,
        0.7767864465713501,
        0.7627052664756775,
        0.3623420000076294,
        0.8775897026062012,
        0.8548949360847473,
        0.2205590009689331,
        0.7774569988250732,
        0.9844232797622681,
        0.11121177673339844,
        0.15884613990783691,
        0.46879422664642334,
        0.46222907304763794,
        0.7634527087211609,
        0.47481095790863037,
        0.8351643085479736,
        0.7940742373466492,
        0.6836947202682495
    ],
    "y_values": [
        0.11396235227584839,
        0.7458590865135193,
        0.23945820331573486,
        0.48331254720687866,
        0.25341135263442993,
        0.055429935455322266,
        0.38737791776657104,
        0.481161892414093,
        0.8935530185699463,
        0.9416131377220154,
        0.2532859444618225,
        0.19493424892425537,
        0.5025297999382019,
        0.8225302696228027,
        0.8558304309844971,
        0.019102036952972412,
        0.7342584729194641,
        0.973341166973114,
        0.5613855719566345,
        0.8542404174804688,
        0.5410193204879761,
        0.9098899960517883,
        0.16616636514663696,
        0.4784974455833435,
        0.015516519546508789,
        0.3957352638244629,
        0.32798075675964355,
        0.8878900408744812,
        0.1633666753768921,
        0.4955824613571167,
        0.8117045760154724,
        0.6572492718696594,
        0.36513131856918335,
        0.6809155344963074,
        0.46020203828811646,
        0.8822348117828369,
        0.06315082311630249,
        0.5285442471504211,
        0.42543214559555054,
        0.89072585105896,
        0.018477559089660645,
        0.5587056279182434,
        0.35207122564315796,
        0.1918838620185852,
        0.15483492612838745,
        0.5949517488479614,
        0.10333484411239624,
        0.39607107639312744,
        0.7659246325492859,
        0.7844637632369995,
        0.07173454761505127,
        0.9830080270767212,
        0.3855571150779724,
        0.15804904699325562,
        0.6285797357559204,
        0.340587317943573,
        0.2492937445640564,
        0.9479820132255554,
        0.7234830856323242,
        0.7419133186340332
    ]
}