{
    "format": 5,
    "name": "n60k5_20",
    "n": 60,
    "k": 5,
    "optimal_solution": 0.3290175795555115,
    "x_values": [
        0.9345139861106873,
        0.3109419345855713,
        0.11948835849761963,
        0.6881260871887207,
        0.49766838550567627,
        0.6077136397361755,
        0.8605867028236389,
        0.8880118727684021,
        0.09842658042907715,
        0.3138253092765808,
        0.7126145958900452,
        0.733920156955719,
        0.13617748022079468,
        0.6541953086853027,
        0.20471137762069702,
        0.2605193257331848,
        0.3745052218437195,
        0.21568816900253296,
        0.8723180890083313,
        0.8019525408744812,
        0.4804062247276306,
        0.8614671230316162,
        0.28644484281539917,
        0.6637682914733887,
        0.48641347885131836,
        0.7766080498695374,
        0.932499885559082,
        0.7898839712142944,
        0.7690138816833496,
        0.1271907091140747,
        0.8723167777061462,
        0.531130313873291,
        0.687574565410614,
        0.5017983913421631,
        0.36515724658966064,
        0.36718714237213135,
        0.761863648891449,
        0.7459172010421753,
        0.0725659728050232,
        0.25504857301712036,
        0.33826959133148193,
        0.7126349210739136,
        0.8608216047286987,
        0.012678444385528564,
        0.5055606961250305,
        0.7231995463371277,
        0.4993410110473633,
        0.18214744329452515,
        0.22322112321853638,
        0.26307129859924316,
        0.6941914558410645,
        0.805596649646759,
        0.5883342623710632,
        0.300335168838501,
        0.8073374032974243,
        0.9368177056312561,
        0.14157623052597046,
        0.5754477381706238,
        0.8199547529220581,
        0.054815053939819336
    ],
    "y_values": [
        0.9765089154243469,
        0.10744887590408325,
        0.4403528571128845,
        0.6747252941131592,
        0.1259545087814331,
        0.7228507995605469,
        0.9396006464958191,
        0.9060035347938538,
        0.09104269742965698,
        0.12050086259841919,
        0.08834844827651978,
        0.5349211096763611,
        0.3841209411621094,
        0.887951135635376,
        0.7190479636192322,
        0.7330892086029053,
        0.508995771408081,
        0.7600894570350647,
        0.35914146900177,
        0.9973401427268982,
        0.11234086751937866,
        0.6965304017066956,
        0.3985682725906372,
        0.45465749502182007,
        0.7936506867408752,
        0.0016955137252807617,
        0.8026705980300903,
        0.3995990753173828,
        0.21207380294799805,
        0.5561830997467041,
        0.32742077112197876,
        0.15834331512451172,
        0.7929188013076782,
        0.01838386058807373,
        0.05962854623794556,
        0.8067188858985901,
        0.863232433795929,
        0.8455396890640259,
        0.08688181638717651,
        0.5137881636619568,
        0.23590469360351562,
        0.5441765189170837,
        0.7155810594558716,
        0.6793532371520996,
        0.30081987380981445,
        0.34260255098342896,
        0.3727760910987854,
        0.026669800281524658,
        0.6927451491355896,
        0.22342419624328613,
        0.8543204665184021,
        0.7806633710861206,
        0.7977560758590698,
        0.6583191752433777,
        0.06198972463607788,
        0.7221922874450684,
        0.13342314958572388,
        0.9945845603942871,
        0.569293200969696,
        0.1605777144432068
    ]
}