{
    "format": 5,
    "name": "n60k5_42",
    "n": 60,
    "k": 5,
    "optimal_solution": 0.3657798767089844,
    "x_values": [
        0.15073233842849731,
        0.7808443307876587,
        0.7509090304374695,
        0.34013354778289795,
        0.36707305908203125,
        0.2861299514770508,
        0.8156741857528687,
        0.7953087091445923,
        0.38365083932876587,
        0.5834681987762451,
        0.4945443272590637,
        0.8310018181800842,
        0.5344460010528564,
        0.6522150635719299,
        0.1727215051651001,
        0.19492363929748535,
        0.24358415603637695,
        0.23071765899658203,
        0.8860825300216675,
        0.7422248125076294,
        0.7991080284118652,
        0.7563973069190979,
        0.9851359128952026,
        0.9631621837615967,
        0.7684356570243835,
        0.549981951713562,
        0.9041078686714172,
        0.1305655837059021,
        0.618340790271759,
        0.3659811019897461,
        0.36146867275238037,
        0.12168002128601074,
        0.2626780867576599,
        0.4650306701660156,
        0.3116859197616577,
        0.7605668306350708,
        0.12882506847381592,
        0.5407061576843262,
        0.8645868897438049,
        0.3992307782173157,
        0.027924835681915283,
        0.7881174683570862,
        0.5717105865478516,
        0.9750232696533203,
        0.6520914435386658,
        0.4405239224433899,
        0.5772293210029602,
        0.6916095018386841,
        0.6262560486793518,
        0.7325854301452637,
        0.8339034914970398,
        0.2068583369255066,
        0.385692834854126,
        0.866747260093689,
        0.6444252729415894,
        0.8583558797836304,
        0.05495905876159668,
        0.24687719345092773,
        0.1385137438774109,
        0.302543580532074
    ],
    "y_values": [
        0.023254036903381348,
        0.1704084873199463,
        0.5359950661659241,
        0.7284287810325623,
        0.5204643607139587,
        0.6915503144264221,
        0.71891188621521,
        0.011353731155395508,
        0.23216712474822998,
        0.23729819059371948,
        0.523830771446228,
        0.5021279454231262,
        0.6170666217803955,
        0.2737047076225281,
        0.1652699112892151,
        0.048889756202697754,
        0.6252627372741699,
        0.7538050413131714,
        0.7724135518074036,
        0.8785063028335571,
        0.7598410844802856,
        0.6035470962524414,
        0.7558704614639282,
        0.9109891057014465,
        0.9973084926605225,
        0.6867582201957703,
        0.7539531588554382,
        0.5441252589225769,
        0.43630844354629517,
        0.2405550479888916,
        0.09791290760040283,
        0.847804844379425,
        0.6196829676628113,
        0.028897881507873535,
        0.5219593644142151,
        0.49348151683807373,
        0.14098024368286133,
        0.5991885662078857,
        0.3048502802848816,
        0.6629060506820679,
        0.5110247731208801,
        0.3760640621185303,
        0.3046274185180664,
        0.9553717374801636,
        0.6012258529663086,
        0.5058503150939941,
        0.7518750429153442,
        0.6830928921699524,
        0.14921653270721436,
        0.5037297606468201,
        0.9059383869171143,
        0.09143531322479248,
        0.5403913855552673,
        0.5161044001579285,
        0.1776990294456482,
        0.8880137801170349,
        0.9720027446746826,
        0.5709042549133301,
        0.8423025608062744,
        0.379921019077301
    ]
}