{
    "format": 2,
    "name": "n60k5_18",
    "n": 60,
    "k": 5,
    "optimal_solution": 10.625070571899414,
    "x_values": [
        0.8333595395088196,
        0.415194571018219,
        0.03129386901855469,
        0.15572118759155273,
        0.7216889262199402,
        0.14555233716964722,
        0.4631686806678772,
        0.7744850516319275,
        0.7701938152313232,
        0.6897857785224915,
        0.01004636287689209,
        0.6202746033668518,
        0.13955795764923096,
        0.24400609731674194,
        0.03135824203491211,
        0.5916669368743896,
        0.34378910064697266,
        0.22784709930419922,
        0.5618928074836731,
        0.28712546825408936,
        0.16152888536453247,
        0.14422357082366943,
        0.768585205078125,
        0.987424910068512,
        0.7103874683380127,
        0.6614265441894531,
        0.15779709815979004,
        0.9503692984580994,
        0.05876350402832031,
        0.8843669891357422,
        0.06318962574005127,
        0.9378467798233032,
        0.011763513088226318,
        0.21492063999176025,
        0.5820109844207764,
        0.032807350158691406,
        0.9883309602737427,
        0.4569784998893738,
        0.12730586528778076,
        0.2565501928329468,
        0.8520234227180481,
        0.9088576436042786,
        0.47805875539779663,
        0.2271207571029663,
        0.2063455581665039,
        0.0842333436012268,
        0.4394528865814209,
        0.05369633436203003,
        0.35073792934417725,
        0.773821234703064,
        0.5362022519111633,
        0.08689528703689575,
        0.3358634114265442,
        0.8386780619621277,
        0.4473878741264343,
        0.41442757844924927,
        0.5899046659469604,
        0.47707486152648926,
        0.6155324578285217,
        0.4680917263031006
    ],
    "y_values": [
        0.6057381629943848,
        0.14365196228027344,
        0.39750975370407104,
        0.18251705169677734,
        0.1030988097190857,
        0.44879281520843506,
        0.8314860463142395,
        0.6758327484130859,
        0.2361564040184021,
        0.07012486457824707,
        0.8499380946159363,
        0.16454392671585083,
        0.30290257930755615,
        0.5742429494857788,
        0.23156362771987915,
        0.3130623698234558,
        0.4213517904281616,
        0.7288154363632202,
        0.6063961386680603,
        0.3473008871078491,
        0.8043161034584045,
        0.3999462127685547,
        0.21248841285705566,
        0.0012040138244628906,
        0.09454470872879028,
        0.22014254331588745,
        0.5191194415092468,
        0.5686314702033997,
        0.8595355749130249,
        0.7314555048942566,
        0.9459964632987976,
        0.4168521761894226,
        0.34439653158187866,
        0.4162251949310303,
        0.3276124596595764,
        0.5363814234733582,
        0.590903103351593,
        0.7909919619560242,
        0.7444157004356384,
        0.8099321126937866,
        0.13331669569015503,
        0.46398717164993286,
        0.994862973690033,
        0.2808348536491394,
        0.9302999377250671,
        0.5765012502670288,
        0.19801348447799683,
        0.8490191102027893,
        0.8797069191932678,
        0.8551803827285767,
        0.8603571653366089,
        0.5142174959182739,
        0.31589818000793457,
        0.8371890783309937,
        0.8751228451728821,
        0.20212894678115845,
        0.5921923518180847,
        0.09068888425827026,
        0.4104681611061096,
        0.3247007131576538
    ]
}