{
    "format": 5,
    "name": "n300k20_1",
    "n": 300,
    "k": 20,
    "optimal_solution": 27.63667680120725,
    "x_values": [
        0.5403798359971715,
        0.480361133099397,
        0.4699019592148359,
        0.7575395210600161,
        0.7275885811006362,
        0.30022559382378133,
        0.3911199923641865,
        0.15641372105671525,
        0.6775446941490781,
        0.9856203462036186,
        0.21462634363585853,
        0.7308035057070076,
        0.6348486505256825,
        0.2660615376406269,
        0.2940142318993104,
        0.16590977906773896,
        0.6260968115644776,
        0.35220167961205495,
        0.05597637365662289,
        0.9392620275221517,
        0.8239493568835843,
        0.3336889019087329,
        0.39144423352385094,
        0.8099818259856684,
        0.8663132473106315,
        0.8195671450222859,
        0.011397362899238095,
        0.7546181288039633,
        0.809978115626478,
        0.5133323859273808,
        0.37148076315700906,
        0.9386610402676621,
        0.9037922090465083,
        0.6850232505705087,
        0.15765336321452406,
        0.7669638180798876,
        0.7689422987173621,
        0.4442492801410235,
        0.5018125348016315,
        0.13707407536218696,
        0.4614747042939348,
        0.3408692069855832,
        0.22469630448123756,
        0.6263009046864204,
        0.6872507824503057,
        0.6055304558436043,
        0.6991934643074403,
        0.7542469362744698,
        0.5928790924036834,
        0.7055882496617351,
        0.14683438575274077,
        0.31464013314719086,
        0.3401357694554422,
        0.9088063890019721,
        0.7227479682313405,
        0.923592913235758,
        0.9322441811128881,
        0.8621621313662297,
        0.5606015710988705,
        0.053951774625763504,
        0.7713893240669022,
        0.1517114296088008,
        0.6436205686122357,
        0.7154837357326671,
        0.5481528222769775,
        0.12784224824084456,
        0.13356275834227815,
        0.5390728498163283,
        0.8992666898757136,
        0.20482311448210877,
        0.28671599174253715,
        0.33222498788467536,
        0.9260348366663194,
        0.083261540364171,
        0.5425918851931358,
        0.9065955577955648,
        0.5913066701881133,
        0.23794316845839714,
        0.6157502881714744,
        0.961937721317658,
        0.8871891511915472,
        0.35133195095961545,
        0.6620664407590727,
        0.8761222477184315,
        0.6111996070522067,
        0.8160329099413528,
        0.8835050344509346,
        0.09002141403993302,
        0.5558118229836345,
        0.3710531788120418,
        0.13725278506505945,
        0.5943213274945345,
        0.19624934733557908,
        0.7064624689809138,
        0.1933541927562472,
        0.915246078523437,
        0.8814428660919654,
        0.8764710642928186,
        0.6931433427602316,
        0.04826220012269644,
        0.6012931317179326,
        0.8926967375654655,
        0.14746771655838886,
        0.6924864900190242,
        0.5110558340860402,
        0.825848325812029,
        0.27446901892356945,
        0.3418606329243036,
        0.6141312278315542,
        0.49518077785444625,
        0.001587463784630927,
        0.8576521475691937,
        0.6736684605735563,
        0.6494139266395635,
        0.9305507929810856,
        0.8323070460193787,
        0.2789631664691309,
        0.8597216783999496,
        0.39002522940568796,
        0.8743264603170887,
        0.9571630785893527,
        0.814638672708506,
        0.29823021707749064,
        0.14029114458725045,
        0.2916970481046419,
        0.07035205383203802,
        0.7445260126565494,
        0.35023762031074224,
        0.08798570672783701,
        0.5255806509313612,
        0.16774968383080957,
        0.5461413808249297,
        0.5404023602512711,
        0.594876913284774,
        0.14973219066370025,
        0.6982228264621008,
        0.8006627072472394,
        0.9412764511882528,
        0.9092543358549833,
        0.35733702849128723,
        0.034138316041604444,
        0.9564163984843896,
        0.097527468319762,
        0.48748572017764014,
        0.40951048069013973,
        0.013383566193923557,
        0.7348517619213102,
        0.9141634396590442,
        0.5929772401491553,
        0.5179601448689337,
        0.14559795843434564,
        0.6357406651756328,
        0.6129958524589558,
        0.6921745031202072,
        0.11245732619962046,
        0.5588399354096611,
        0.7201340019486867,
        0.2787452458962226,
        0.7958305701054159,
        0.6613911209335191,
        0.11564528319865952,
        0.8648507619281395,
        0.09751688310360362,
        0.5764413681677252,
        0.19641285971743172,
        0.919400177595125,
        0.07039806552294747,
        0.1625042997732835,
        0.7308358198424544,
        0.533744836713971,
        0.9265468307944391,
        0.060225392338265626,
        0.7101784017434714,
        0.10070156426444077,
        0.0958891142958922,
        0.18624850129787573,
        0.6819107904833386,
        0.019012244729626815,
        0.3519228096720781,
        0.8954818023311757,
        0.5664324628669497,
        0.012733602195345917,
        0.5241859693577688,
        0.16637413981966076,
        0.7004864253730838,
        0.9084611905741271,
        0.06673171493339103,
        0.42503341991794386,
        0.6715878319983171,
        0.973857920609211,
        0.35118587907585297,
        0.7883720886166619,
        0.3928954870014212,
        0.33234026327382193,
        0.9479110270580332,
        0.4176099977710178,
        0.809601238601404,
        0.43903144941864924,
        0.7638877668647972,
        0.01843490486261601,
        0.7913328277607801,
        0.9465159254669613,
        0.2476393329720048,
        0.737170710967592,
        0.6820672519043814,
        0.6201287661962297,
        0.5034390757016252,
        0.6564623027797512,
        0.8673165979774237,
        0.8066328509562816,
        0.6955295247091072,
        0.131813618440482,
        0.13011337032279724,
        0.6136503649475581,
        0.7308010142925228,
        0.3184382270573808,
        0.09648427408613836,
        0.13496851485504657,
        0.6420104763412979,
        0.9086429293332381,
        0.8903498247064008,
        0.974681989644925,
        0.46721395164908397,
        0.11909783983055156,
        0.5996546388798768,
        0.7850217838031879,
        0.3980723461782506,
        0.957553396373994,
        0.7171234452165857,
        0.4926204647743053,
        0.986169597651718,
        0.51230535431374,
        0.1445069197704868,
        0.362497849379648,
        0.06297684972679951,
        0.9726352934822978,
        0.9638352997413747,
        0.28832061357677075,
        0.37669737073402265,
        0.10686888823963037,
        0.7347587357679818,
        0.13007997110813463,
        0.23787323126583693,
        0.8907065574671349,
        0.9298506650123562,
        0.5836713068904098,
        0.36661287800819453,
        0.7381419403875037,
        0.7190951446500325,
        0.5257951600988345,
        0.05302328555135771,
        0.891231228105031,
        0.9402071217797986,
        0.28259384692935874,
        0.884674997070896,
        0.808380559596145,
        0.1662122483373435,
        0.02048512695614646,
        0.23280221550466362,
        0.5289363439277447,
        0.37832180662888937,
        0.20483317910614052,
        0.5027972778076936,
        0.10462505275561318,
        0.2127287101573605,
        0.034854727543612296,
        0.4491677325029432,
        0.3160254109802154,
        0.17239533741176816,
        0.913712454464443,
        0.012587721755186076,
        0.7977608708007176,
        0.830467456902247,
        0.6521511044672313,
        0.41231344513179824,
        0.5722538970439368,
        0.20056991963953485,
        0.5900548954362954,
