{
    "format": 2,
    "name": "n30k10_35",
    "n": 30,
    "k": 10,
    "optimal_solution": 2.6152992248535156,
    "x_values": [
        0.2511087656021118,
        0.6202073097229004,
        0.32993292808532715,
        0.8351492285728455,
        0.6925230026245117,
        0.5496558547019958,
        0.048920512199401855,
        0.13584351539611816,
        0.640676736831665,
        0.7473974823951721,
        0.3624343276023865,
        0.8661813735961914,
        0.5733159184455872,
        0.30487048625946045,
        0.5412622690200806,
        0.9764177799224854,
        0.13374227285385132,
        0.9116155505180359,
        0.24076908826828003,
        0.8994079232215881,
        0.5603777170181274,
        0.8421329855918884,
        0.2449861764907837,
        0.08814913034439087,
        0.6904438138008118,
        0.7545161247253418,
        0.3644445538520813,
        0.29867786169052124,
        0.21576988697052002,
        0.8410211205482483
    ],
    "y_values": [
        0.3120133876800537,
        0.7620839476585388,
        0.4286908507347107,
        0.4440927505493164,
        0.28665852546691895,
        0.7662858366966248,
        0.19263195991516113,
        0.786223292350769,
        0.08787339925765991,
        0.11459702253341675,
        0.46391135454177856,
        0.17132097482681274,
        0.8790619373321533,
        0.7751178741455078,
        0.36530041694641113,
        0.9912843704223633,
        0.5539005994796753,
        0.6860155463218689,
        0.8814734816551208,
        0.3609747290611267,
        0.6321265697479248,
        0.2780778408050537,
        0.18583786487579346,
        0.6164398789405823,
        0.08106577396392822,
        0.5530007481575012,
        0.31169581413269043,
        0.7903615236282349,
        0.24194484949111938,
        0.0680437684059143
    ]
}