{
    "format": 2,
    "name": "n30k10_11",
    "n": 30,
    "k": 10,
    "optimal_solution": 2.264705181121826,
    "x_values": [
        0.3489883542060852,
        0.5997188091278076,
        0.657604455947876,
        0.30559277534484863,
        0.35886067152023315,
        0.5605504512786865,
        0.8802032470703125,
        0.9830539226531982,
        0.9873881340026855,
        0.6920831203460693,
        0.5559952855110168,
        0.6250340342521667,
        0.7583783268928528,
        0.2422814965248108,
        0.07270389795303345,
        0.32604390382766724,
        0.10847681760787964,
        0.6513068079948425,
        0.5707426071166992,
        0.23531091213226318,
        0.4631311297416687,
        0.2942342758178711,
        0.3347868323326111,
        0.2475784420967102,
        0.1895037293434143,
        0.19119501113891602,
        0.6247740387916565,
        0.9046397805213928,
        0.14476609230041504,
        0.598541796207428
    ],
    "y_values": [
        0.47037458419799805,
        0.9540195465087891,
        0.7909937500953674,
        0.6821685433387756,
        0.5574531555175781,
        0.4301678538322449,
        0.8184565901756287,
        0.7304672598838806,
        0.7335984110832214,
        0.9367985725402832,
        0.44913166761398315,
        0.859614908695221,
        0.2275151014328003,
        0.7073319554328918,
        0.7337347865104675,
        0.9923530220985413,
        0.9630322456359863,
        0.2993836998939514,
        0.5212530493736267,
        0.7495459318161011,
        0.32295262813568115,
        0.051048338413238525,
        0.29396742582321167,
        0.5649130940437317,
        0.4545506238937378,
        0.4687039256095886,
        0.9817057251930237,
        0.1482507586479187,
        0.46893614530563354,
        0.985374927520752
    ]
}