{
    "format": 10,
    "name": "n100k50_31",
    "n": 100,
    "k": 50,
    "optimal_solution": 890.4512954354268,
    "x_values": [
        0.32623256080101504,
        0.47769461508674227,
        0.951433619122993,
        0.8499703360659843,
        0.40664779407991936,
        0.26361689992978576,
        0.7312110048998163,
        0.3138033508348268,
        0.2476154759973721,
        0.5271918655432513,
        0.1862573007707239,
        0.9356762250748196,
        0.7535817308462032,
        0.6326413970265378,
        0.3045111655441708,
        0.7036383499508596,
        0.9115585402350539,
        0.22182445710959386,
        0.30778241455554833,
        0.11584515915585103,
        0.45986266897529116,
        0.8055647256742822,
        0.08354940666591426,
        0.2764381402294803,
        0.3220489791087948,
        0.16638961201534075,
        0.6080405960927825,
        0.10909157076414244,
        0.37386269126823235,
        0.9693122630447368,
        0.10727646662277579,
        0.7107275841435494,
        0.6146402977700911,
        0.513516797509111,
        0.26810830675003916,
        0.8392983706108704,
        0.7951918390345111,
        0.7702032353224257,
        0.7762930926469495,
        0.9872219434110955,
        0.14993645236632724,
        0.5598013696362564,
        0.07749487642407182,
        0.2752343593082416,
        0.9444558187862444,
        0.8962746724646601,
        0.7902280795618203,
        0.18659549523076224,
        0.9249752452316121,
        0.1815857971882463,
        0.6113339357541949,
        0.6808226274453458,
        0.7108480989604563,
        0.49695472207474367,
        0.7472829572413764,
        0.051909571535248666,
        0.2719004726128348,
        0.15510072461232494,
        0.0635219382379758,
        0.6014915239017576,
        0.8960893088145085,
        0.45066585530133907,
        0.8066746439218139,
        0.8222236423970106,
        0.7381679762095635,
        0.07923701842594466,
        0.1947561474395647,
        0.2569934901750216,
        0.41289443499194145,
        0.1699860428140374,
        0.16838037814321727,
        0.0956615899178982,
        0.8436389680153199,
        0.09819546901683007,
        0.876701614189964,
        0.2393608259256309,
        0.276852061526318,
        0.24457281703660427,
        0.4841204809738936,
        0.7290709436504361,
        0.9724774048510177,
        0.5117501183342871,
        0.39950389582099655,
        0.860227470258373,
        0.8909439135427121,
        0.1828343219966232,
        0.6388049990725937,
        0.7885652403729819,
        0.3618906125181216,
        0.181483294209703,
        0.05261184756246051,
        0.90739386576171,
        0.07717751638633286,
        0.94360904960675,
        0.25294695942529144,
        0.0720978307557314,
        0.7306149016655374,
        0.9358916556868007,
        0.24765858812845276,
        0.7613870274798217
    ],
    "y_values": [
        0.21188272563933785,
        0.15942600256768236,
        0.6198936466303622,
        0.6920199131459416,
        0.19218006958626432,
        0.5920938884035521,
        0.6831288536598108,
        0.58086473561728,
        0.879650255595592,
        0.941769244303741,
        0.31726862400456113,
        0.628027374573243,
        0.4431542111384016,
        0.07741696756075811,
        0.5211366749532479,
        0.6032289067451214,
        0.047390726899597335,
        0.08689621656143587,
        0.4007481023191036,
        0.055754800575919194,
        0.6989007120481722,
        0.25898487181130014,
        0.2717760971947921,
        0.04199817841626252,
        0.47902485138316686,
        0.6933427987995731,
        0.6551891633394223,
        0.9622327292056461,
        0.39625379212906775,
        0.14023264570140093,
        0.14527071960722693,
        0.060598732605964156,
        0.8649057642703641,
        0.21922113236457075,
        0.35315941750726276,
        0.20107460801865173,
        0.5159673182413971,
        0.012128666690406353,
        0.5293091990357389,
        0.6449554845658234,
        0.6380609884156802,
        0.919505502175219,
        0.6251232263300684,
        0.9625754808731176,
        0.7371872570266622,
        0.05016051856475956,
        0.82479279516159,
        0.6711498788031772,
        0.4667796684859721,
        0.6684844468706362,
        0.7855922698789428,
        0.9841175370069404,
        0.8404357936198344,
        0.8878504132678409,
        0.5194676583276925,
        0.034194714170089235,
        0.5574331838292977,
        0.00395399218338921,
        0.4829342557982079,
        0.5205818236266128,
        0.8711581988539293,
        0.12924202430879206,
        0.9894301757788659,
        0.48877626235288785,
        0.5366164267066683,
        0.8150443288285493,
        0.995780243044106,
        0.046141365593775796,
        0.39262756591688275,
        0.9573203158958683,
        0.6825158721621515,
        0.16049660582242464,
        0.01907923550709345,
        0.23112621822331791,
        0.1778044251844385,
        0.41370524289434296,
        0.5899731052825821,
        0.37817083444494226,
        0.9945324795274162,
        0.20988491445649649,
        0.104853227882579,
        0.6697662548990443,
        0.40368364499368903,
        0.9665751819164454,
        0.6993872541981226,
        0.45703831832713426,
        0.5597894366436278,
        0.8461935397632614,
        0.13623823261146528,
        0.46080892516691263,
        0.4775967533720168,
        0.5772773435471961,
        0.12053503395831855,
        0.509486999582835,
        0.7144459071481027,
        0.17523745422374415,
        0.05090885966655667,
        0.6315269646695184,
        0.0157706840793036,
        0.2979618603730384
    ],