{
    "format": 10,
    "name": "n100k50_1",
    "n": 100,
    "k": 50,
    "optimal_solution": 779.4349781915224,
    "x_values": [
        0.8730822195231807,
        0.9996677063264153,
        0.8114086897377526,
        0.26504132888769205,
        0.013421884810095208,
        0.6404087213469104,
        0.45767593743719737,
        0.569881617763702,
        0.6335800906156602,
        0.6176452032111873,
        0.09882099796598542,
        0.7540962148515974,
        0.08065340237033103,
        0.999267130789167,
        0.6752349896856544,
        0.03630604793376091,
        0.6398189099763947,
        0.9011638957593514,
        0.18952398977284546,
        0.6772992134048648,
        0.47771703696144907,
        0.04704052992518182,
        0.4618482884523064,
        0.08718971988864521,
        0.17464415974557956,
        0.3540295656396918,
        0.9972719698711093,
        0.09988121570486208,
        0.8495463963398053,
        0.0570276026502623,
        0.5867210835336393,
        0.6380195736953304,
        0.925740907855715,
        0.426237399199322,
        0.6425713373368577,
        0.051094517535454576,
        0.36449575249991417,
        0.04455840938011124,
        0.7658499901729013,
        0.9799326140976579,
        0.12800255399003324,
        0.8049851055513291,
        0.9031433018426985,
        0.1694221581735803,
        0.7477444806152087,
        0.9691343839908771,
        0.29711440364025365,
        0.207033477497381,
        0.5474542838693223,
        0.9809452778416763,
        0.16708955187531138,
        0.4735959482093386,
        0.26824046560186066,
        0.1011081552299633,
        0.9876605909858881,
        0.9419588475865956,
        0.24952080709278324,
        0.24769731315376764,
        0.9479379051037438,
        0.06928394856385944,
        0.20796002111417144,
        0.8488508210159048,
        0.27492233769936825,
        0.594333437553139,
        0.12447244952072467,
        0.02779567336541633,
        0.10723434064405268,
        0.10482486606870467,
        0.996944766879458,
        0.9728204077797451,
        0.025366658979298462,
        0.6127849211609122,
        0.9363435536476022,
        0.759514890068484,
        0.027618189684282424,
        0.9769298190111122,
        0.95230876704893,
        0.8946553230910789,
        0.6498444478875944,
        0.5886762044060687,
        0.22820970661587492,
        0.4811583338527399,
        0.6028612798660777,
        0.24507293513996165,
        0.7639124568932324,
        0.43281536413508603,
        0.6900344351124997,
        0.7474185268799601,
        0.030557598409113318,
        0.9598458566475276,
        0.899592993177672,
        0.843608742922329,
        0.6468912321430316,
        0.8783228471270356,
        0.18907138619606556,
        0.8780844676771624,
        0.04481925415726795,
        0.7383231532048569,
        0.9822138179959373,
        0.4088838658133931
    ],
    "y_values": [
        0.012166735359645409,
        0.9574468433802418,
        0.453437840908512,
        0.3527956701036463,
        0.0625779789230213,
        0.7043012766367692,
        0.9065168514592898,
        0.9853334576992965,
        0.18808200653030416,
        0.2897652532258401,
        0.43074740283168567,
        0.05098633794911889,
        0.37883016383877843,
        0.19573813504106963,
        0.2633604703936737,
        0.8037661062796921,
        0.35327499064747236,
        0.9970357742492498,
        0.8984655464178047,
        0.5493767294830937,
        0.1520381197470918,
        0.8673949321125269,
        0.10032653211839704,
        0.032380009679976784,
        0.12625626945854285,
        0.924988674402094,
        0.2866344754513388,
        0.45629534635503244,
        0.8983430892657656,
        0.28359126621065,
        0.5556978327979254,
        0.12665089058128343,
        0.37922353811264187,
        0.15573158519667418,
        0.9314025568985721,
        0.664617285621334,
        0.6276181811029967,
        0.33514804986880686,
        0.39854864963198955,
        0.40246697579530444,
        0.25240460526215114,
        0.8905385396795094,
        0.3207531967390336,
        0.939762740078015,
        0.9863205516274544,
        0.2628674382843821,
        0.6005661390952193,
        0.5455246435872875,
        0.6297064413354178,
        0.5898630803787539,
        0.8832420446710657,
        0.15331501398403558,
        0.6071985783406928,
        0.6537058133570259,
        0.5176852691421853,
        0.3867623678584803,
        0.6079533140398475,
        0.3370400287382598,
        0.0546303094942725,
        0.9992071063558793,
        0.2440467132351859,
        0.695871274644933,
        0.12039457779957585,
        0.7894679380948403,
        0.2184654776310725,
        0.3979625934016289,
        0.9940195445092391,
        0.3780631771501334,
        0.10821122910415926,
        0.13623101448993147,
        0.6790319638579684,
        0.4076176422553278,
        0.2544782327265045,
        0.4318446303758541,
        0.5186344974463011,
        0.5666789731586471,
        0.559600061403165,
        0.30395365546202713,
        0.6532589690993207,
        0.14382860627767846,
        0.7726272560199078,
        0.1902155188143696,
        0.2570371032395945,
        0.24537142547837987,
        0.6721699702242355,
        0.7445902165236534,
        0.2532144053051042,
        0.49650026359669464,
        0.2805025258824685,
        0.8841086431353273,
        0.09017007698443424,
        0.9829913350379382,
        0.14114318615312227,
        0.8738512423797162,
        0.7046784072720638,
        0.47309674783713807,
        0.6647770386693821,
        0.3522216137390187,
        0.21326593106938896,
        0.6261677461754946
    ],