{
    "format": 10,
    "name": "n100k50_24",
    "n": 100,
    "k": 50,
    "optimal_solution": 909.9393795707786,
    "x_values": [
        0.8036504778609711,
        0.002965809580946388,
        0.7632787146643188,
        0.29284072231300073,
        0.9379594192792917,
        0.8339216567891422,
        0.6161871342463455,
        0.7386806818351495,
        0.4485393735057178,
        0.9949215659608884,
        0.5432876217877488,
        0.7563873812571569,
        0.1889475852410034,
        0.9499902005021429,
        0.4848355056700743,
        0.33653196397517127,
        0.22279037533284107,
        0.5707914817178709,
        0.8025267529815598,
        0.8929808893364781,
        0.6964058071809692,
        0.7247093467970661,
        0.13801678421327246,
        0.13864779833414775,
        0.28171866706344184,
        0.8632634119061957,
        0.32666081657301327,
        0.3856814561486259,
        0.034503117560642615,
        0.7897664804324227,
        0.31541359491388554,
        0.2484970517491304,
        0.08108565439895377,
        0.331627767026071,
        0.46201046155902104,
        0.9416053918629345,
        0.09835816678639042,
        0.00867017544291826,
        0.13041336013047022,
        0.1313243564272094,
        0.5920462817974081,
        0.9243335048220711,
        0.7138232100347519,
        0.6714988747119173,
        0.09326676058615524,
        0.0437697741107167,
        0.4128885502919558,
        0.32540320517023336,
        0.35207783844731877,
        0.6506491605270671,
        0.15343653265358626,
        0.7953450060156727,
        0.21606684797533138,
        0.017578165925114075,
        0.46408863482862006,
        0.017512514216915465,
        0.33065510226892003,
        0.12148938937990672,
        0.08942310593279457,
        0.7115720859470734,
        0.30946656120933047,
        0.1309563095420363,
        0.29151911791084817,
        0.4576785376774961,
        0.6413200392894899,
        0.6415160663334345,
        0.4095551139543181,
        0.7520641610419363,
        0.022668549269317384,
        0.43936284714174245,
        0.3316596944023461,
        0.1518388533383742,
        0.014598286410708261,
        0.6642118662251473,
        0.00586171206915187,
        0.765058356430538,
        0.56768635817,
        0.5890043972715262,
        0.9673324027607467,
        0.314602703596807,
        0.9480978990986599,
        0.46707876464645925,
        0.011707478998035925,
        0.6312694949264565,
        0.4285225831225321,
        0.27833850961713746,
        0.6387375862176934,
        0.22242482973033317,
        0.033910899960317153,
        0.9481207661393383,
        0.13045994538243566,
        0.654636639712809,
        0.5830693886258862,
        0.5624569160365015,
        0.2310891038092786,
        0.6274780357890389,
        0.869849749105845,
        0.1900070757086384,
        0.06437395724534467,
        0.7457253169216654
    ],
    "y_values": [
        0.2397830117137706,
        0.09454470601860132,
        0.19692303761774088,
        0.5881176477230462,
        0.8868942411159543,
        0.05096943300537238,
        0.807546245920709,
        0.22420080239125073,
        0.4912305698404099,
        0.7962502847904829,
        0.8398628423966338,
        0.4024284995136751,
        0.9517353782280827,
        0.4693236323128708,
        0.6178894357564659,
        0.111032967566425,
        0.38878274411170843,
        0.8792875301076669,
        0.5162791269010613,
        0.7668049329181762,
        0.6363827026801876,
        0.9738134959146205,
        0.554110844325551,
        0.4598736838787113,
        0.7595226732842371,
        0.014126507642852726,
        0.7421822804798133,
        0.6472736523337256,
        0.09517075662079011,
        0.07228870931681708,
        0.442657177697641,
        0.44374198068527204,
        0.41651266355657257,
        0.055909309048914224,
        0.035680833651124066,
        0.09679156754283968,
        0.3465715712203753,
        0.474565283866479,
        0.8167891318575479,
        0.021402682208585877,
        0.5820758857238121,
        0.3425165503876083,
        0.8489119478303497,
        0.5129098502065229,
        0.11920567484150046,
        0.8626776892784689,
        0.32561542053772996,
        0.04702850474579201,
        0.609287316367021,
        0.8882370824109403,
        0.4238499654752905,
        0.18985481516296265,
        0.5037391990257448,
        0.31020056445959343,
        0.6505706484195893,
        0.7221018541549461,
        0.8759761309822459,
        0.8345231849586033,
        0.817237566558367,
        0.8256573201160201,
        0.5628333863100685,
        0.9494113325567897,
        0.01567602127957024,
        0.5092213287491554,
        0.18704347086275475,
        0.9102409870213736,
        0.05230092024137245,
        0.07805329986820242,
        0.6965747355833836,
        0.7281218046647887,
        0.12017790714276755,
        0.9748173906095493,
        0.7587475042903326,
        0.7039335150174756,
        0.4907889032035957,
        0.6665662297535041,
        0.1445265532373201,
        0.23431318634290044,
        0.3941012526755363,
        0.48200185771148907,
        0.5673516155246647,
        0.37161229469200074,
        0.1345930362853296,
        0.29331314650330975,
        0.3568825764046558,
        0.5679838985773026,
        0.5021783835939537,
        0.38738067362229167,
        0.9412731542337354,
        0.9957484136950963,
        0.8526795274764558,
        0.7244868472998633,
        0.28677370399330404,
        0.6099371024072551,
        0.5541328893535276,
        0.2694328810200425,
        0.43986414300898535,
        0.31867957286874105,
        0.7083534207449327,
        0.460274759024633
    ],