{
    "format": 8,
    "name": "n90k3_56",
    "n": 90,
    "k": 3,
    "capacity": 30,
    "optimal_solution": 26.271343231201172,
    "x_values": [
        0.19459682703018188,
        0.4686196446418762,
        0.6526510715484619,
        0.7036014199256897,
        0.1368517279624939,
        0.5461307764053345,
        0.7230064868927002,
        0.36155325174331665,
        0.014439702033996582,
        0.39875590801239014,
        0.5508421659469604,
        0.6420159339904785,
        0.6272886991500854,
        0.13169103860855103,
        0.5879149436950684,
        0.056306540966033936,
        0.06812423467636108,
        0.932361900806427,
        0.08457052707672119,
        0.4072955250740051,
        0.4105446934700012,
        0.05587238073348999,
        0.6071079969406128,
        0.024087607860565186,
        0.3231460452079773,
        0.8066031336784363,
        0.2567824721336365,
        0.1518113613128662,
        0.49249666929244995,
        0.5736398100852966,
        0.8306296467781067,
        0.9603849053382874,
        0.5436673164367676,
        0.43202924728393555,
        0.7838467359542847,
        0.47366392612457275,
        0.4252399802207947,
        0.31745898723602295,
        0.16015100479125977,
        0.7094815969467163,
        0.10673242807388306,
        0.47477948665618896,
        0.8135581612586975,
        0.4727945327758789,
        0.9968770146369934,
        0.0402258038520813,
        0.3423301577568054,
        0.6504490971565247,
        0.5431006550788879,
        0.9436488747596741,
        0.75913006067276,
        0.22095662355422974,
        0.06768369674682617,
        0.6579217910766602,
        0.6588273644447327,
        0.17240232229232788,
        0.599696159362793,
        0.3869513273239136,
        0.6589870452880859,
        0.7235090732574463,
        0.9560422301292419,
        0.3359663486480713,
        0.5480189323425293,
        0.2467283010482788,
        0.5728544592857361,
        0.6731905937194824,
        0.8063243627548218,
        0.840329647064209,
        0.7814888954162598,
        0.5577271580696106,
        0.553579568862915,
        0.6328919529914856,
        0.4043617248535156,
        0.6438882350921631,
        0.6333816051483154,
        0.1091490387916565,
        0.2549120783805847,
        0.19775134325027466,
        0.40001577138900757,
        0.9952740669250488,
        0.741010844707489,
        0.7967492341995239,
        0.03840881586074829,
        0.8623471260070801,
        0.02678239345550537,
        0.9186663627624512,
        0.7366384267807007,
        0.6629267334938049,
        0.6790234446525574,
        0.15352928638458252
    ],
    "y_values": [
        0.9467117190361023,
        0.5755375027656555,
        0.7638027667999268,
        0.11513066291809082,
        0.06073868274688721,
        0.8734933733940125,
        0.97923743724823,
        0.7355020046234131,
        0.3984997272491455,
        0.17993855476379395,
        0.7094162106513977,
        0.17948627471923828,
        0.9594745635986328,
        0.1588674783706665,
        0.9829104542732239,
        0.10246002674102783,
        0.17195820808410645,
        0.7285917401313782,
        0.5027284622192383,
        0.9978491067886353,
        0.6145855784416199,
        0.5149824619293213,
        0.07202678918838501,
        0.9665480852127075,
        0.3921641707420349,
        0.5011177659034729,
        0.4138440489768982,
        0.2736090421676636,
        0.9472116827964783,
        0.11335158348083496,
        0.7426944971084595,
        0.15334129333496094,
        0.13578712940216064,
        0.5088474750518799,
        0.9365242719650269,
        0.6506335139274597,
        0.936717689037323,
        0.34987902641296387,
        0.7428557872772217,
        0.4372974634170532,
        0.8258123993873596,
        0.46396589279174805,
        0.8106064796447754,
        0.5393337607383728,
        0.6317508816719055,
        0.5696102380752563,
        0.08871245384216309,
        0.07249045372009277,
        0.9384924173355103,
        0.018278419971466064,
        0.36629748344421387,
        0.5448389053344727,
        0.8247082829475403,
        0.7651021480560303,
        0.4138748049736023,
        0.7310835719108582,
        0.5581495761871338,
        0.20869630575180054,
        0.08772504329681396,
        0.3272716999053955,
        0.20842474699020386,
        0.2647479772567749,
        0.778107225894928,
        0.1479814648628235,
        0.5557973980903625,
        0.7370943427085876,
        0.4723621606826782,
        0.23174667358398438,
        0.20864593982696533,
        0.009732663631439209,
        0.4557855725288391,
        0.5897449851036072,
        0.5691647529602051,
        0.3472598195075989,
        0.4149520993232727,
        0.2846807837486267,
        0.9046285152435303,
        0.9830715656280518,
        0.6215984225273132,
        0.8104613423347473,
        0.305819034576416,
        0.5456188917160034,
        0.9509177803993225,
        0.9352330565452576,
        0.019617080688476562,
        0.17115944623947144,
        0.19859308004379272,
        0.5433470606803894,
        0.05889707803726196,
        0.9259533882141113
    ]
}