{
    "format": 8,
    "name": "n80k4_79",
    "n": 80,
    "k": 4,
    "capacity": 20,
    "optimal_solution": 17.744991302490234,
    "x_values": [
        0.17092949151992798,
        0.8076623678207397,
        0.4977583885192871,
        0.03824669122695923,
        0.3650256395339966,
        0.06995135545730591,
        0.9735620617866516,
        0.6052141785621643,
        0.2349032759666443,
        0.5741900205612183,
        0.7800676226615906,
        0.1484367847442627,
        0.06585365533828735,
        0.2763562798500061,
        0.6199706196784973,
        0.632095992565155,
        0.25518202781677246,
        0.742397665977478,
        0.7778233289718628,
        0.302476167678833,
        0.2876151204109192,
        0.8397207856178284,
        0.9991940259933472,
        0.880013644695282,
        0.7903176546096802,
        0.3273344039916992,
        0.02565765380859375,
        0.5064034461975098,
        0.7257723212242126,
        0.5070290565490723,
        0.5238745808601379,
        0.9577920436859131,
        0.6023914217948914,
        0.313751220703125,
        0.20524805784225464,
        0.9974280595779419,
        0.5203161239624023,
        0.8099918961524963,
        0.5984275341033936,
        0.5368252396583557,
        0.2263597846031189,
        0.08958297967910767,
        0.20473641157150269,
        0.9477981925010681,
        0.7810410857200623,
        0.8114818930625916,
        0.28945982456207275,
        0.5181249380111694,
        0.4677407145500183,
        0.5845137238502502,
        0.15732347965240479,
        0.9069634079933167,
        0.6033822298049927,
        0.26910245418548584,
        0.3330448865890503,
        0.02075868844985962,
        0.9692654013633728,
        0.14288252592086792,
        0.022607505321502686,
        0.011871039867401123,
        0.5756596922874451,
        0.4257326126098633,
        0.18469029664993286,
        0.8300560116767883,
        0.6795143485069275,
        0.6717891097068787,
        0.20344865322113037,
        0.3001566529273987,
        0.06056547164916992,
        0.5703239440917969,
        0.9026466012001038,
        0.18221837282180786,
        0.6893035173416138,
        0.9954702854156494,
        0.05498313903808594,
        0.02206474542617798,
        0.09767192602157593,
        0.2372470498085022,
        0.8958502411842346,
        0.2521217465400696
    ],
    "y_values": [
        0.8760824799537659,
        0.29541015625,
        0.07878464460372925,
        0.1564105749130249,
        0.6862427592277527,
        0.17756783962249756,
        0.2708631753921509,
        0.5523680448532104,
        0.8808222413063049,
        0.7582720518112183,
        0.5622475147247314,
        0.8386247158050537,
        0.36810123920440674,
        0.7542405128479004,
        0.22262579202651978,
        0.7901766896247864,
        0.7161942720413208,
        0.8041819930076599,
        0.31145501136779785,
        0.3150094747543335,
        0.3584764003753662,
        0.23740696907043457,
        0.792671263217926,
        0.5165449380874634,
        0.003449738025665283,
        0.416373074054718,
        0.567840576171875,
        0.19287174940109253,
        0.3903154134750366,
        0.25264954566955566,
        0.6374860405921936,
        0.9385828971862793,
        0.32586950063705444,
        0.5728099346160889,
        0.4313734173774719,
        0.21363800764083862,
        0.6396616101264954,
        0.7138348817825317,
        0.9353346228599548,
        0.5770083665847778,
        0.6879956126213074,
        0.0348934531211853,
        0.6352412104606628,
        0.3965909481048584,
        0.29243236780166626,
        0.8235403299331665,
        0.965567946434021,
        0.6016103625297546,
        0.6598158478736877,
        0.30913692712783813,
        0.9705320596694946,
        0.6036548614501953,
        0.5365757942199707,
        0.5317421555519104,
        0.562976598739624,
        0.8317089676856995,
        0.49133408069610596,
        0.0776757001876831,
        0.9017693996429443,
        0.2188340425491333,
        0.9765679836273193,
        0.3706431984901428,
        0.40346527099609375,
        0.16214311122894287,
        0.31948602199554443,
        0.7247759699821472,
        0.6815996170043945,
        0.3151436448097229,
        0.7290056943893433,
        0.6361535787582397,
        0.02088111639022827,
        0.8081376552581787,
        0.3232805132865906,
        0.05874413251876831,
        0.6408196687698364,
        0.5991176962852478,
        0.8129405379295349,
        0.7217863202095032,
        0.26907283067703247,
        0.2841300964355469
    ]
}