{
    "format": 8,
    "name": "n80k4_85",
    "n": 80,
    "k": 4,
    "capacity": 20,
    "optimal_solution": 18.83672332763672,
    "x_values": [
        0.10771000385284424,
        0.30451899766921997,
        0.5608903765678406,
        0.22748303413391113,
        0.8022082448005676,
        0.24288183450698853,
        0.8437319397926331,
        0.9606255292892456,
        0.22973066568374634,
        0.7775433659553528,
        0.9908246994018555,
        0.6238572597503662,
        0.5214009284973145,
        0.6196925640106201,
        0.681013286113739,
        0.038114845752716064,
        0.4752863645553589,
        0.7405511736869812,
        0.6820477247238159,
        0.5405904054641724,
        0.15167564153671265,
        0.2781178951263428,
        0.11215043067932129,
        0.10425680875778198,
        0.45761638879776,
        0.5422159433364868,
        0.9482529163360596,
        0.7965458631515503,
        0.13945788145065308,
        0.5291745066642761,
        0.021986544132232666,
        0.26298290491104126,
        0.21496450901031494,
        0.8898947238922119,
        0.7391716241836548,
        0.9013020396232605,
        0.223643958568573,
        0.708057165145874,
        0.3924201726913452,
        0.9791859984397888,
        0.38194382190704346,
        0.1326054334640503,
        0.5629860162734985,
        0.9687159061431885,
        0.9482554197311401,
        0.9200695753097534,
        0.40332484245300293,
        0.27399611473083496,
        0.29073214530944824,
        0.41717660427093506,
        0.2585345506668091,
        0.6354473829269409,
        0.5227797031402588,
        0.15194839239120483,
        0.5212854146957397,
        0.09858471155166626,
        0.8629911541938782,
        0.7866131067276001,
        0.2477508783340454,
        0.35950398445129395,
        0.2733702063560486,
        0.6578894257545471,
        0.028078854084014893,
        0.310158371925354,
        0.08584380149841309,
        0.09238183498382568,
        0.8007203340530396,
        0.2228429913520813,
        0.11143982410430908,
        0.3305029273033142,
        0.06622576713562012,
        0.050630271434783936,
        0.8250696659088135,
        0.47760194540023804,
        0.6002992987632751,
        0.32598668336868286,
        0.7531779408454895,
        0.14988166093826294,
        0.8085787296295166,
        0.6204811334609985
    ],
    "y_values": [
        0.5347059369087219,
        0.7652168273925781,
        0.00910252332687378,
        0.011268317699432373,
        0.8256754875183105,
        0.5329554677009583,
        0.15597069263458252,
        0.9293087720870972,
        0.22993719577789307,
        0.9472792744636536,
        0.4288320541381836,
        0.5646689534187317,
        0.8937546014785767,
        0.5414056777954102,
        0.20542490482330322,
        0.41993850469589233,
        0.761233389377594,
        0.9860022664070129,
        0.6675636172294617,
        0.8965105414390564,
        0.4571213126182556,
        0.7581854462623596,
        0.9113810062408447,
        0.10442721843719482,
        0.37894368171691895,
        0.8376389741897583,
        0.7354437708854675,
        0.7057528495788574,
        0.5465420484542847,
        0.377580463886261,
        0.4487331509590149,
        0.5997574925422668,
        0.1543738842010498,
        0.3590521812438965,
        0.07094317674636841,
        0.07025730609893799,
        0.8392382860183716,
        0.8323215842247009,
        0.9793887734413147,
        0.9247273206710815,
        0.03780120611190796,
        0.9628284573554993,
        0.25443780422210693,
        0.0242956280708313,
        0.013144910335540771,
        0.7793675065040588,
        0.7107558250427246,
        0.7271291613578796,
        0.8159967660903931,
        0.1466197967529297,
        0.8911494612693787,
        0.628726065158844,
        0.4086514115333557,
        0.1932031512260437,
        0.8541314005851746,
        0.07009649276733398,
        0.04752480983734131,
        0.9708837866783142,
        0.6444077491760254,
        0.8756475448608398,
        0.7497977614402771,
        0.01945364475250244,
        0.9381757974624634,
        0.278472363948822,
        0.09109604358673096,
        0.19775372743606567,
        0.2834027409553528,
        0.9749112725257874,
        0.8101743459701538,
        0.47986334562301636,
        0.999645471572876,
        0.2226817011833191,
        0.33756202459335327,
        0.9903334975242615,
        0.2951570153236389,
        0.6897057294845581,
        0.579035758972168,
        0.21148675680160522,
        0.7648535370826721,
        0.8702413439750671
    ]
}