{
    "format": 8,
    "name": "n100k6_63",
    "n": 100,
    "k": 6,
    "capacity": 17,
    "optimal_solution": 17.283815383911133,
    "x_values": [
        0.10951602458953857,
        0.12148356437683105,
        0.8264766931533813,
        0.9894072413444519,
        0.3695063591003418,
        0.13626855611801147,
        0.38593941926956177,
        0.9844855666160583,
        0.26019352674484253,
        0.7404642701148987,
        0.14137089252471924,
        0.9786590933799744,
        0.573115348815918,
        0.1545959711074829,
        0.4611504077911377,
        0.9286890625953674,
        0.2370125651359558,
        0.763800859451294,
        0.6168078184127808,
        0.8620131611824036,
        0.39939016103744507,
        0.4784068465232849,
        0.3469737768173218,
        0.7722761034965515,
        0.1784558892250061,
        0.9530757069587708,
        0.5319765210151672,
        0.5762295722961426,
        0.2471715211868286,
        0.7652906179428101,
        0.06706535816192627,
        0.5293693542480469,
        0.6776652932167053,
        0.416054368019104,
        0.2949812412261963,
        0.695968508720398,
        0.3334650993347168,
        0.051149606704711914,
        0.2963319420814514,
        0.3169448971748352,
        0.07322359085083008,
        0.7033802270889282,
        0.8547554016113281,
        0.9774119257926941,
        0.6371567845344543,
        0.43365687131881714,
        0.19179433584213257,
        0.7812206745147705,
        0.720709502696991,
        0.5295124053955078,
        0.3330777883529663,
        0.9085498452186584,
        0.7648088335990906,
        0.9833358526229858,
        0.5607311129570007,
        0.14845460653305054,
        0.5985764265060425,
        0.6751079559326172,
        0.7315961718559265,
        0.7372970581054688,
        0.020589709281921387,
        0.4361569285392761,
        0.7490628957748413,
        0.004839479923248291,
        0.8264071345329285,
        0.6841329336166382,
        0.3135436773300171,
        0.7714331150054932,
        0.9010695219039917,
        0.555772066116333,
        0.952273428440094,
        0.28867948055267334,
        0.7130970358848572,
        0.8313815593719482,
        0.8685268759727478,
        0.9695069193840027,
        0.771102786064148,
        0.8786908388137817,
        0.5711169838905334,
        0.384032666683197,
        0.8793229460716248,
        0.3095701336860657,
        0.20010364055633545,
        0.7718819975852966,
        0.5303706526756287,
        0.36397433280944824,
        0.5077800750732422,
        0.5576202869415283,
        0.39814871549606323,
        0.8227238655090332,
        0.9222789406776428,
        0.7174201607704163,
        0.4756220579147339,
        0.8669014573097229,
        0.28968513011932373,
        0.7650790214538574,
        0.0631716251373291,
        0.67763751745224,
        0.9596235156059265,
        0.33798378705978394
    ],
    "y_values": [
        0.35196250677108765,
        0.7285709381103516,
        0.9439466595649719,
        0.5430924296379089,
        0.7843400835990906,
        0.5954172611236572,
        0.13043934106826782,
        0.12328851222991943,
        0.9770672917366028,
        0.2584918737411499,
        0.569729745388031,
        0.27146053314208984,
        0.90851891040802,
        0.6816049218177795,
        0.38231754302978516,
        0.4347749352455139,
        0.8010903596878052,
        0.5161020159721375,
        0.9917006492614746,
        0.6136280298233032,
        0.2556639313697815,
        0.3612014651298523,
        0.10419338941574097,
        0.6516599655151367,
        0.5976705551147461,
        0.09363728761672974,
        0.4361082911491394,
        0.6657617688179016,
        0.9313592910766602,
        0.1253768801689148,
        0.7760019302368164,
        0.7891594171524048,
        0.2731136679649353,
        0.5378143191337585,
        0.39615529775619507,
        0.8781814575195312,
        0.6761571168899536,
        0.5566549897193909,
        0.2946441173553467,
        0.5109018683433533,
        0.2279146909713745,
        0.8996961116790771,
        0.4317474961280823,
        0.9366986751556396,
        0.6670632362365723,
        0.8298616409301758,
        0.7581331133842468,
        0.3851342797279358,
        0.9725514650344849,
        0.43318235874176025,
        0.2674033045768738,
        0.7716026306152344,
        0.964918315410614,
        0.4833598732948303,
        0.4354274868965149,
        0.08514302968978882,
        0.770649254322052,
        0.7099420428276062,
        0.5048625469207764,
        0.6482962965965271,
        0.8046411275863647,
        0.08782023191452026,
        0.9110069274902344,
        0.6598315238952637,
        0.0040743350982666016,
        0.9351149201393127,
        0.11471647024154663,
        0.08999574184417725,
        0.3255571722984314,
        0.361410915851593,
        0.6633042693138123,
        0.03446394205093384,
        0.4246191382408142,
        0.13487005233764648,
        0.7022370100021362,
        0.3648983836174011,
        0.9240782856941223,
        0.1393272876739502,
        0.2563078999519348,
        0.12795519828796387,
        0.7588852643966675,
        0.33114904165267944,
        0.2477284073829651,
        0.4228437542915344,
        0.39436572790145874,
        0.06693965196609497,
        0.5720609426498413,
        0.5770814418792725,
        0.04116988182067871,
        0.8950949311256409,
        0.667348325252533,
        0.06669187545776367,
        0.034369468688964844,
        0.16018038988113403,
        0.8936432003974915,
        0.7148914933204651,
        0.5816663503646851,
        0.82286536693573,
        0.8040794134140015,
        0.34010833501815796
    ]
}