{
    "format": 8,
    "name": "n100k9_51",
    "n": 100,
    "k": 9,
    "capacity": 12,
    "optimal_solution": 13.048616409301758,
    "x_values": [
        0.22772139310836792,
        0.2202245593070984,
        0.6228495836257935,
        0.4034368395805359,
        0.13756966590881348,
        0.595894992351532,
        0.2994154095649719,
        0.3812141418457031,
        0.29647618532180786,
        0.9085719585418701,
        0.18368417024612427,
        0.15155553817749023,
        0.09281903505325317,
        0.28422486782073975,
        0.8075196146965027,
        0.20773661136627197,
        0.01957559585571289,
        0.05018085241317749,
        0.1466614007949829,
        0.4639256000518799,
        0.003962278366088867,
        0.0901995301246643,
        0.147943913936615,
        0.006926178932189941,
        0.12655586004257202,
        0.5948175191879272,
        0.5306721329689026,
        0.2777252793312073,
        0.4128332734107971,
        0.7413914203643799,
        0.9268928170204163,
        0.8624044060707092,
        0.9477527737617493,
        0.17363160848617554,
        0.4684715270996094,
        0.9429309964179993,
        0.7747867107391357,
        0.35708338022232056,
        0.7537278532981873,
        0.8187177777290344,
        0.36766767501831055,
        0.33115261793136597,
        0.34346210956573486,
        0.9042046070098877,
        0.7632643580436707,
        0.6900594830513,
        0.5223164558410645,
        0.6884458065032959,
        0.3620203733444214,
        0.6689127683639526,
        0.878235399723053,
        0.8984829783439636,
        0.06604593992233276,
        0.6474373936653137,
        0.16687685251235962,
        0.33921533823013306,
        0.720222532749176,
        0.8881297707557678,
        0.041709840297698975,
        0.054601967334747314,
        0.510280430316925,
        0.8972564339637756,
        0.49374502897262573,
        0.6932521462440491,
        0.13251376152038574,
        0.6329254508018494,
        0.3086587190628052,
        0.7952772378921509,
        0.36954885721206665,
        0.4800584316253662,
        0.38161009550094604,
        0.41721993684768677,
        0.4469115734100342,
        0.18296092748641968,
        0.4142341613769531,
        0.36224234104156494,
        0.44879817962646484,
        0.16384124755859375,
        0.6524184942245483,
        0.20137780904769897,
        0.4393969178199768,
        0.9249950051307678,
        0.7336404919624329,
        0.4102492928504944,
        0.0037206411361694336,
        0.760894775390625,
        0.05313825607299805,
        0.9018864035606384,
        0.8305730819702148,
        0.6959219574928284,
        0.8565367460250854,
        0.8501757979393005,
        0.8709614276885986,
        0.5571766495704651,
        0.16134899854660034,
        0.12884801626205444,
        0.08861583471298218,
        0.48497968912124634,
        0.8107783198356628,
        0.4212219715118408
    ],
    "y_values": [
        0.7269781231880188,
        0.15742647647857666,
        0.7187283039093018,
        0.36140263080596924,
        0.2737278938293457,
        0.11508923768997192,
        0.048024117946624756,
        0.05959087610244751,
        0.8280439972877502,
        0.6114043593406677,
        0.9140974283218384,
        0.9871575236320496,
        0.7087748050689697,
        0.9107253551483154,
        0.4772375226020813,
        0.36029481887817383,
        0.9446060061454773,
        0.09127545356750488,
        0.8419227600097656,
        0.3787630796432495,
        0.18538999557495117,
        0.9873952865600586,
        0.7537805438041687,
        0.2691843509674072,
        0.7996293306350708,
        0.8179734349250793,
        0.3904578685760498,
        0.24457865953445435,
        0.9300896525382996,
        0.004164576530456543,
        0.46297508478164673,
        0.5138611793518066,
        0.9463483095169067,
        0.7604522109031677,
        0.6049410700798035,
        0.8682695627212524,
        0.20588672161102295,
        0.6876307725906372,
        0.681074321269989,
        0.38933074474334717,
        0.8761687874794006,
        0.2126508355140686,
        0.7362541556358337,
        0.8647066354751587,
        0.8191330432891846,
        0.2260780930519104,
        0.32746219635009766,
        0.8556503057479858,
        0.4292382001876831,
        0.7502684593200684,
        0.648920476436615,
        0.4749000668525696,
        0.7096522450447083,
        0.6794192790985107,
        0.24721431732177734,
        0.4096255898475647,
        0.3476148247718811,
        0.5416015386581421,
        0.9573642015457153,
        0.29166388511657715,
        0.8010687232017517,
        0.9519208073616028,
        0.9844062328338623,
        0.04576563835144043,
        0.9875025749206543,
        0.047538161277770996,
        0.9064780473709106,
        0.8674935102462769,
        0.8791177868843079,
        0.21103179454803467,
        0.9712822437286377,
        0.530898928642273,
        0.35936975479125977,
        0.3999323844909668,
        0.5099413990974426,
        0.5168148875236511,
        0.34233665466308594,
        0.9771137833595276,
        0.4697906970977783,
        0.7094212174415588,
        0.12837523221969604,
        0.43239283561706543,
        0.14965379238128662,
        0.9923949241638184,
        0.32722216844558716,
        0.5592706203460693,
        0.8860108852386475,
        0.9705075025558472,
        0.2274622917175293,
        0.9800553321838379,
        0.4800018072128296,
        0.29558515548706055,
        0.7183219194412231,
        0.38190531730651855,
        0.9120559692382812,
        0.8701124787330627,
        0.9399900436401367,
        0.229356586933136,
        0.6456888914108276,
        0.8983528017997742
    ]
}