{
    "format": 2,
    "name": "n60k2_79",
    "n": 60,
    "k": 2,
    "optimal_solution": 22.49835777282715,
    "x_values": [
        0.39892303943634033,
        0.09417605400085449,
        0.2979421019554138,
        0.02863234281539917,
        0.49563491344451904,
        0.3407418727874756,
        0.8790591955184937,
        0.18668395280838013,
        0.5590025186538696,
        0.8507652282714844,
        0.9382836222648621,
        0.890625,
        0.2686712145805359,
        0.6550745368003845,
        0.9661939740180969,
        0.19705665111541748,
        0.2598946690559387,
        0.12461626529693604,
        0.6297828555107117,
        0.7619909644126892,
        0.5496172308921814,
        0.9104894399642944,
        0.1431679129600525,
        0.9718061685562134,
        0.6053064465522766,
        0.6366888880729675,
        0.27145981788635254,
        0.9723431468009949,
        0.973585307598114,
        0.1720218062400818,
        0.9510050415992737,
        0.22929704189300537,
        0.35478508472442627,
        0.5264857411384583,
        0.08578944206237793,
        0.9109514951705933,
        0.9591176509857178,
        0.5939294099807739,
        0.43363451957702637,
        0.8427450656890869,
        0.2834016680717468,
        0.6910617351531982,
        0.11282068490982056,
        0.48858481645584106,
        0.6516400575637817,
        0.18802028894424438,
        0.07143044471740723,
        0.07224637269973755,
        0.3481150269508362,
        0.536746084690094,
        0.5823761224746704,
        0.4479990005493164,
        0.08847051858901978,
        0.7835846543312073,
        0.29868370294570923,
        0.24611669778823853,
        0.7835171818733215,
        0.23652678728103638,
        0.6640246510505676,
        0.8767170906066895
    ],
    "y_values": [
        0.413865327835083,
        0.1367620825767517,
        0.957563042640686,
        0.25995928049087524,
        0.21849077939987183,
        0.502928614616394,
        0.38772517442703247,
        0.840354859828949,
        0.02344733476638794,
        0.9869218468666077,
        0.3348618149757385,
        0.9427451491355896,
        0.8421391844749451,
        0.21195203065872192,
        0.12220978736877441,
        0.915961503982544,
        0.24113065004348755,
        0.2539249062538147,
        0.8152286410331726,
        0.3634297251701355,
        0.5349714756011963,
        0.06575983762741089,
        0.3109513521194458,
        0.4886074662208557,
        0.5727370977401733,
        0.7771657705307007,
        0.306373655796051,
        0.928967297077179,
        0.43868905305862427,
        0.3938266634941101,
        0.7609202861785889,
        0.8317133188247681,
        0.732890784740448,
        0.7687661647796631,
        0.8064034581184387,
        0.8296933770179749,
        0.10725951194763184,
        0.7236618995666504,
        0.6206619739532471,
        0.3512176275253296,
        0.345345675945282,
        0.9319859743118286,
        0.6906592845916748,
        0.5088494420051575,
        0.7819181680679321,
        0.12235844135284424,
        0.16756469011306763,
        0.578192949295044,
        0.8295226693153381,
        0.11949825286865234,
        0.27343475818634033,
        0.03686165809631348,
        0.925479531288147,
        0.7716432809829712,
        0.18820327520370483,
        0.569635272026062,
        0.11782628297805786,
        0.9914478063583374,
        0.47547054290771484,
        0.08965903520584106
    ]
}