{
    "format": 2,
    "name": "n60k2_85",
    "n": 60,
    "k": 2,
    "optimal_solution": 20.20969009399414,
    "x_values": [
        0.2042694091796875,
        0.20496124029159546,
        0.9603093266487122,
        0.34254562854766846,
        0.9349319934844971,
        0.6130862236022949,
        0.5728346705436707,
        0.9295098185539246,
        0.8296770453453064,
        0.7180530428886414,
        0.2597672939300537,
        0.19675517082214355,
        0.8451365828514099,
        0.5519218444824219,
        0.236186683177948,
        0.5542114973068237,
        0.7022349834442139,
        0.19720512628555298,
        0.22576504945755005,
        0.245247483253479,
        0.32456642389297485,
        0.47003960609436035,
        0.6064363121986389,
        0.4988306760787964,
        0.3463377356529236,
        0.4822580814361572,
        0.34926682710647583,
        0.46510279178619385,
        0.5568758845329285,
        0.9006072282791138,
        0.1576511263847351,
        0.2595607042312622,
        0.8583565950393677,
        0.4354807138442993,
        0.4511488080024719,
        0.2875446081161499,
        0.15306073427200317,
        0.9532321095466614,
        0.6768040657043457,
        0.6729286909103394,
        0.2993820905685425,
        0.11612898111343384,
        0.3563980460166931,
        0.2828516364097595,
        0.9338237643241882,
        0.5906509160995483,
        0.8835403919219971,
        0.20352673530578613,
        0.992173433303833,
        0.9722463488578796,
        0.1912531852722168,
        0.5180004239082336,
        0.20362043380737305,
        0.5165407061576843,
        0.4837110638618469,
        0.6754657030105591,
        0.7160607576370239,
        0.404910683631897,
        0.7577925324440002,
        0.6335171461105347
    ],
    "y_values": [
        0.7784948945045471,
        0.8071955442428589,
        0.9439560174942017,
        0.8213841915130615,
        0.09845131635665894,
        0.7138978242874146,
        0.3528752326965332,
        0.2815525531768799,
        0.9830599427223206,
        0.13279372453689575,
        0.8081174492835999,
        0.9668680429458618,
        0.15660256147384644,
        0.5488817095756531,
        0.3122243881225586,
        0.3045690059661865,
        0.7841238379478455,
        0.795970618724823,
        0.466804563999176,
        0.5743867754936218,
        0.870595395565033,
        0.9601622819900513,
        0.8694704174995422,
        0.4878379702568054,
        0.4268041253089905,
        0.763139545917511,
        0.32356107234954834,
        0.9883779287338257,
        0.8519347310066223,
        0.48710787296295166,
        0.4715259075164795,
        0.9925463199615479,
        0.7506799697875977,
        0.6117937564849854,
        0.5618678331375122,
        0.7438374161720276,
        0.9571649432182312,
        0.9479284882545471,
        0.7284988164901733,
        0.2588397264480591,
        0.4267166256904602,
        0.18630480766296387,
        0.3514665365219116,
        0.6290706992149353,
        0.35434824228286743,
        0.9572879076004028,
        0.8279289603233337,
        0.4168117642402649,
        0.8593535423278809,
        0.7056663632392883,
        0.5100474953651428,
        0.1260167360305786,
        0.06877601146697998,
        0.7787193059921265,
        0.4545045495033264,
        0.5813204050064087,
        0.46642571687698364,
        0.1469517946243286,
        0.1728290319442749,
        0.7389665842056274
    ]
}