{
    "format": 2,
    "name": "n60k2_68",
    "n": 60,
    "k": 2,
    "optimal_solution": 20.53546142578125,
    "x_values": [
        0.6472676396369934,
        0.544317364692688,
        0.7862055897712708,
        0.020857512950897217,
        0.935196042060852,
        0.8764795064926147,
        0.9506944417953491,
        0.2478349208831787,
        0.3519805669784546,
        0.8539431691169739,
        0.44835329055786133,
        0.9334920048713684,
        0.839272677898407,
        0.33580368757247925,
        0.14373308420181274,
        0.0857805609703064,
        0.8523524403572083,
        0.6645619869232178,
        0.26942795515060425,
        0.7254570126533508,
        0.00019031763076782227,
        0.90099036693573,
        0.5514663457870483,
        0.44827842712402344,
        0.009298384189605713,
        0.2734827399253845,
        0.7503292560577393,
        0.9026079177856445,
        0.8139114379882812,
        0.847171425819397,
        0.18170887231826782,
        0.2628667950630188,
        0.11131364107131958,
        0.17084789276123047,
        0.4694392681121826,
        0.2962417006492615,
        0.7938019037246704,
        0.32562679052352905,
        0.5942228436470032,
        0.9846222400665283,
        0.4898354411125183,
        0.31090253591537476,
        0.5387367010116577,
        0.7289458513259888,
        0.05130314826965332,
        0.41070401668548584,
        0.8643896579742432,
        0.2649949789047241,
        0.24816983938217163,
        0.6663649678230286,
        0.5984635353088379,
        0.9581453204154968,
        0.492715060710907,
        0.6949319839477539,
        0.7180656790733337,
        0.7478006482124329,
        0.44095754623413086,
        0.7746533155441284,
        0.018245935440063477,
        0.27315574884414673
    ],
    "y_values": [
        0.7429601550102234,
        0.5921543836593628,
        0.7603161334991455,
        0.05231744050979614,
        0.7720029354095459,
        0.6698365211486816,
        0.5386884808540344,
        0.4605870246887207,
        0.7187561392784119,
        0.251706063747406,
        0.7894887328147888,
        0.9175976514816284,
        0.06646215915679932,
        0.22656655311584473,
        0.6156823039054871,
        0.1699693202972412,
        0.9119147658348083,
        0.23740613460540771,
        0.6872841715812683,
        0.3146877884864807,
        0.15376102924346924,
        0.2533552646636963,
        0.3459102511405945,
        0.6304551959037781,
        0.04596078395843506,
        0.02316683530807495,
        0.5470210909843445,
        0.828953742980957,
        0.180475652217865,
        0.7941295504570007,
        0.5226317048072815,
        0.015781402587890625,
        0.30665820837020874,
        0.9338456988334656,
        0.7946760058403015,
        0.5730716586112976,
        0.3266218304634094,
        0.5996665954589844,
        0.5621634721755981,
        0.5498459339141846,
        0.07578039169311523,
        0.32259052991867065,
        0.20095312595367432,
        0.459555983543396,
        0.358547568321228,
        0.608768105506897,
        0.09431254863739014,
        0.7260697484016418,
        0.3502827286720276,
        0.6449159383773804,
        0.026591181755065918,
        0.5052584409713745,
        0.4629248380661011,
        0.37735849618911743,
        0.8523678779602051,
        0.1642208695411682,
        0.11886882781982422,
        0.8115469813346863,
        0.23348212242126465,
        0.17129969596862793
    ]
}