{
    "format": 8,
    "name": "n90k9_18",
    "n": 90,
    "k": 9,
    "capacity": 10,
    "optimal_solution": 12.151167869567871,
    "x_values": [
        0.7013935446739197,
        0.9341597557067871,
        0.5949252247810364,
        0.654890239238739,
        0.543942928314209,
        0.1503739356994629,
        0.7399814128875732,
        0.538084089756012,
        0.8491315841674805,
        0.23273319005966187,
        0.8041616082191467,
        0.1774749755859375,
        0.05655771493911743,
        0.31058812141418457,
        0.07120180130004883,
        0.9776340126991272,
        0.8799958825111389,
        0.6886009573936462,
        0.1625804901123047,
        0.28179019689559937,
        0.7701716423034668,
        0.17501354217529297,
        0.8940050601959229,
        0.9930822849273682,
        0.7120054960250854,
        0.6650118231773376,
        0.3966088891029358,
        0.7775478363037109,
        0.7675856351852417,
        0.3326054811477661,
        0.3943931460380554,
        0.5824058651924133,
        0.43165135383605957,
        0.14245951175689697,
        0.8642472624778748,
        0.3761667013168335,
        0.6598367691040039,
        0.8515875935554504,
        0.47102057933807373,
        0.40877413749694824,
        0.3130074143409729,
        0.0598025918006897,
        0.49891483783721924,
        0.4997240900993347,
        0.2001274824142456,
        0.8105471730232239,
        0.10462683439254761,
        0.7696409225463867,
        0.8237383365631104,
        0.4917588233947754,
        0.1999770998954773,
        0.11358392238616943,
        0.9550915956497192,
        0.7605011463165283,
        0.000994563102722168,
        0.5198208093643188,
        0.27721405029296875,
        0.5398423075675964,
        0.27516961097717285,
        0.34076136350631714,
        0.9529709815979004,
        0.7005903720855713,
        0.49724137783050537,
        0.6413006782531738,
        0.8761045336723328,
        0.05099380016326904,
        0.8706451654434204,
        0.5794982314109802,
        0.3108822703361511,
        0.6496302485466003,
        0.12507379055023193,
        0.030343353748321533,
        0.6666765213012695,
        0.3010721802711487,
        0.8571720719337463,
        0.27594810724258423,
        0.34508460760116577,
        0.6687130331993103,
        0.08965706825256348,
        0.10278511047363281,
        0.9146213531494141,
        0.9158324003219604,
        0.43404752016067505,
        0.10268068313598633,
        0.9920822978019714,
        0.9346394538879395,
        0.6672314405441284,
        0.30883878469467163,
        0.4082338809967041,
        0.3041144609451294
    ],
    "y_values": [
        0.9240342378616333,
        0.8203365802764893,
        0.9692066311836243,
        0.01854848861694336,
        0.4209878444671631,
        0.5300272703170776,
        0.00829625129699707,
        0.5558851361274719,
        0.5568521022796631,
        0.3404756188392639,
        0.48203104734420776,
        0.12442070245742798,
        0.6295498609542847,
        0.13382190465927124,
        0.4700734615325928,
        0.7080802321434021,
        0.32068711519241333,
        0.07884693145751953,
        0.9292849898338318,
        0.5118781924247742,
        0.3297402858734131,
        0.20730119943618774,
        0.7141739130020142,
        0.357404887676239,
        0.5960074067115784,
        0.9101698994636536,
        0.2787775993347168,
        0.8761779069900513,
        0.5658906698226929,
        0.4763098955154419,
        0.25702399015426636,
        0.8929651975631714,
        0.40879499912261963,
        0.22581243515014648,
        0.47391772270202637,
        0.5674240589141846,
        0.8089742660522461,
        0.7985867261886597,
        0.9601011276245117,
        0.07374018430709839,
        0.6572562456130981,
        0.5020641684532166,
        0.7041836380958557,
        0.42929279804229736,
        0.24695223569869995,
        0.6684241890907288,
        0.8255858421325684,
        0.23274171352386475,
        0.00486445426940918,
        0.4202515482902527,
        0.7956998944282532,
        0.6341629028320312,
        0.3089437484741211,
        0.6267280578613281,
        0.19115030765533447,
        0.035188496112823486,
        0.6064143776893616,
        0.8043307065963745,
        0.4937138557434082,
        0.3211410641670227,
        0.6428588032722473,
        0.903634250164032,
        0.7396783232688904,
        0.14127767086029053,
        0.07601481676101685,
        0.8538462519645691,
        0.08285963535308838,
        0.12884443998336792,
        0.04664337635040283,
        0.9930678606033325,
        0.47631269693374634,
        0.9997565150260925,
        0.10675287246704102,
        0.4931477904319763,
        0.7483336329460144,
        0.34742385149002075,
        0.05154705047607422,
        0.8858804106712341,
        0.3466251492500305,
        0.9985727667808533,
        0.8421196937561035,
        0.4584871530532837,
        0.1586909294128418,
        0.269440233707428,
        0.23717743158340454,
        0.6383750438690186,
        0.8474413156509399,
        0.15292638540267944,
        0.7126742601394653,
        0.538029670715332
    ]
}