{
    "format": 10,
    "name": "n20k3_31",
    "n": 20,
    "k": 3,
    "optimal_solution": 39.50912814263531,
    "x_values": [
        0.5573402980935688,
        0.9486015641647615,
        0.11838729071717868,
        0.31759758919121694,
        0.8796381216162653,
        0.7270795332601915,
        0.7654350125691849,
        0.880131900108576,
        0.41404015541967887,
        0.4112517632793493,
        0.443004487049652,
        0.933768524391193,
        0.8941300931338027,
        0.9332500304158002,
        0.27379616463152356,
        0.7791078849727928,
        0.10677143284340107,
        0.18474649657456732,
        0.7624474837329654,
        0.611981597669024
    ],
    "y_values": [
        0.26686261300447955,
        0.5670430929389746,
        0.230911348733013,
        0.23218253426933566,
        0.687377885178361,
        0.35926133453455134,
        0.6881412847327161,
        0.4766022200441854,
        0.5023245874504613,
        0.6047117596027515,
        0.71201912797666,
        0.37395940113050097,
        0.8521294324655851,
        0.4914455970663347,
        0.1375127223416147,
        0.19325982947851017,
        0.03222955322704579,
        0.7645388541282346,
        0.015014260451757022,
        0.2698587026461813
    ],
    "costs": [
        23.58698099862739,
        38.40649977483048,
        49.470953785833046,
        39.09994653765332,
        7.976134590570021,
        46.71964427800072,
        49.35324378138657,
        44.02080511873715,
        27.04743043298886,
        19.62030320618205,
        25.589521824877046,
        16.105272838771384,
        23.21900457091378,
        6.882182377255317,
        38.089930095484725,
        22.11683759398044,
        19.080387113517386,
        32.51771936015234,
        38.41105346185751,
        31.721261062675506
    ]
}