{
    "format": 2,
    "name": "n100k10_61",
    "n": 100,
    "k": 10,
    "optimal_solution": 13.260366439819336,
    "x_values": [
        0.7173337340354919,
        0.363295316696167,
        0.1892419457435608,
        0.8091781735420227,
        0.618561327457428,
        0.06765395402908325,
        0.537825882434845,
        0.920189619064331,
        0.1170186996459961,
        0.047876179218292236,
        0.6783715486526489,
        0.8311585783958435,
        0.499484658241272,
        0.9587217569351196,
        0.023036718368530273,
        0.8914530277252197,
        0.24605852365493774,
        0.8230787515640259,
        0.27860039472579956,
        0.9834433197975159,
        0.8033159971237183,
        0.7186970114707947,
        0.018392443656921387,
        0.29474663734436035,
        0.5261907577514648,
        0.9220969676971436,
        0.3454244136810303,
        0.4053754210472107,
        0.43356990814208984,
        0.8240113258361816,
        0.14516323804855347,
        0.1523931622505188,
        0.7425087690353394,
        0.7471149563789368,
        0.6601930856704712,
        0.3821331858634949,
        0.6326994895935059,
        0.22085219621658325,
        0.3251604437828064,
        0.046769917011260986,
        0.541400671005249,
        0.1838623285293579,
        0.9258446097373962,
        0.4649668335914612,
        0.5995060205459595,
        0.8989142179489136,
        0.9317460060119629,
        0.16627931594848633,
        0.3170207142829895,
        0.21692657470703125,
        0.09288132190704346,
        0.7338148355484009,
        0.9706270098686218,
        0.09149819612503052,
        0.21831238269805908,
        0.11000090837478638,
        0.8545335531234741,
        0.5064094662666321,
        0.23490434885025024,
        0.08449149131774902,
        0.25814133882522583,
        0.20235270261764526,
        0.3431810140609741,
        0.8818963766098022,
        0.18761378526687622,
        0.7609683275222778,
        0.054952383041381836,
        0.9971972107887268,
        0.07475018501281738,
        0.47643864154815674,
        0.6502715945243835,
        0.12096202373504639,
        0.8059672713279724,
        0.011394858360290527,
        0.49619781970977783,
        0.5533266663551331,
        0.9793106913566589,
        0.5891394019126892,
        0.18671423196792603,
        0.20756667852401733,
        0.4552196264266968,
        0.7397861480712891,
        0.16635572910308838,
        0.0489766001701355,
        0.2803541421890259,
        0.09033381938934326,
        0.8762441873550415,
        0.967910647392273,
        0.35667580366134644,
        0.5928168892860413,
        0.2562750577926636,
        0.33784985542297363,
        0.6090149879455566,
        0.3561404347419739,
        0.5333811044692993,
        0.46027761697769165,
        0.026342570781707764,
        0.12087690830230713,
        0.46769994497299194,
        0.7016072273254395
    ],
    "y_values": [
        0.5365293025970459,
        0.9935498237609863,
        0.25350749492645264,
        0.0043492913246154785,
        0.2881609797477722,
        0.094524085521698,
        0.45194900035858154,
        0.6965487003326416,
        0.6359402537345886,
        0.12475413084030151,
        0.8141770362854004,
        0.49225789308547974,
        0.8893807530403137,
        0.26118582487106323,
        0.3348432779312134,
        0.7170103192329407,
        0.34714633226394653,
        0.5227657556533813,
        0.718910276889801,
        0.04356884956359863,
        0.4194740056991577,
        0.7644177079200745,
        0.27435582876205444,
        0.6724843978881836,
        0.01901644468307495,
        0.4291408061981201,
        0.9493688941001892,
        0.04025113582611084,
        0.7805695533752441,
        0.9125657677650452,
        0.41125571727752686,
        0.0986986756324768,
        0.1298406720161438,
        0.1870136260986328,
        0.02547687292098999,
        0.3572196960449219,
        0.34673231840133667,
        0.21141791343688965,
        0.20879608392715454,
        0.07529914379119873,
        0.8613858819007874,
        0.14247089624404907,
        0.8337227702140808,
        0.5909115076065063,
        0.5215140581130981,
        0.49105989933013916,
        0.13017040491104126,
        0.23468542098999023,
        0.9856534600257874,
        0.9486364126205444,
        0.5440911650657654,
        0.022466540336608887,
        0.5394062399864197,
        0.3883833885192871,
        0.3615630865097046,
        0.38285964727401733,
        0.1734788417816162,
        0.5583996772766113,
        0.807689368724823,
        0.2226352095603943,
        0.9222192168235779,
        0.18073666095733643,
        0.37968528270721436,
        0.3967556953430176,
        0.10666686296463013,
        0.4995744824409485,
        0.09387040138244629,
        0.07607269287109375,
        0.8051456809043884,
        0.8424015641212463,
        0.7358830571174622,
        0.1927274465560913,
        0.47298693656921387,
        0.03855961561203003,
        0.8503848314285278,
        0.9748902916908264,
        0.6197617053985596,
        0.4942840337753296,
        0.8251991271972656,
        0.22049492597579956,
        0.1276470422744751,
        0.19911319017410278,
        0.6396216154098511,
        0.5269607305526733,
        0.07358759641647339,
        0.27350372076034546,
        0.16297519207000732,
        0.3360028862953186,
        0.22628456354141235,
        0.5572822093963623,
        0.5699498653411865,
        0.8533971905708313,
        0.8233988881111145,
        0.41959303617477417,
        0.30461716651916504,
        0.9282657504081726,
        0.36773842573165894,
        0.9256917238235474,
        0.20909619331359863,
        0.733132004737854
    ]
}