{
    "format": 2,
    "name": "n70k4_32",
    "n": 70,
    "k": 4,
    "optimal_solution": 16.69989013671875,
    "x_values": [
        0.8267342448234558,
        0.10745728015899658,
        0.8290263414382935,
        0.9416391253471375,
        0.5044528245925903,
        0.013073623180389404,
        0.9413871765136719,
        0.45949631929397583,
        0.2930368185043335,
        0.6078984141349792,
        0.06522876024246216,
        0.7811688780784607,
        0.9096587896347046,
        0.0185660719871521,
        0.5950462222099304,
        0.10475462675094604,
        0.8260452747344971,
        0.2469279170036316,
        0.5238977074623108,
        0.5858486890792847,
        0.48187071084976196,
        0.6877239942550659,
        0.9572299122810364,
        0.6189314126968384,
        0.7310319542884827,
        0.5278037786483765,
        0.6960189938545227,
        0.5284900069236755,
        0.27533310651779175,
        0.18002301454544067,
        0.6900711059570312,
        0.4908933639526367,
        0.8278733491897583,
        0.981272280216217,
        0.9859930276870728,
        0.5537462830543518,
        0.40333133935928345,
        0.0734453797340393,
        0.3845663070678711,
        0.46763545274734497,
        0.5662461519241333,
        0.5648902654647827,
        0.9038470983505249,
        0.7429715394973755,
        0.4533350467681885,
        0.2316063642501831,
        0.03511643409729004,
        0.8475327491760254,
        0.9625970125198364,
        0.27144283056259155,
        0.44224733114242554,
        0.6042506694793701,
        0.9980330467224121,
        0.34407883882522583,
        0.9467926621437073,
        0.4306408166885376,
        0.9826366305351257,
        0.09695374965667725,
        0.37597930431365967,
        0.6728458404541016,
        0.9952410459518433,
        0.5408387780189514,
        0.9250612258911133,
        0.20354151725769043,
        0.456512987613678,
        0.10405480861663818,
        0.5088443160057068,
        0.30785316228866577,
        0.47631365060806274,
        0.17723959684371948
    ],
    "y_values": [
        0.7065473794937134,
        0.5708202719688416,
        0.600255012512207,
        0.771104633808136,
        0.6525959372520447,
        0.2076154351234436,
        0.5173064470291138,
        0.8482428193092346,
        0.2824135422706604,
        0.34408247470855713,
        0.3096662759780884,
        0.16597133874893188,
        0.2959156632423401,
        0.5284821391105652,
        0.4785168766975403,
        0.5800877809524536,
        0.4192577600479126,
        0.17064541578292847,
        0.7887671589851379,
        0.2095072865486145,
        0.37164634466171265,
        0.6456025242805481,
        0.3742291331291199,
        0.11146467924118042,
        0.18507856130599976,
        0.41028958559036255,
        0.6866317391395569,
        0.037482380867004395,
        0.3302538990974426,
        0.1552688479423523,
        0.15272486209869385,
        0.5892002582550049,
        0.35184311866760254,
        0.8848233819007874,
        0.2572718858718872,
        0.015762686729431152,
        0.7571471929550171,
        0.9499502778053284,
        0.4723159670829773,
        0.5751791000366211,
        0.8768050074577332,
        0.4834936261177063,
        0.520823061466217,
        0.07641452550888062,
        0.15759706497192383,
        0.9176903367042542,
        0.7117546796798706,
        0.9365601539611816,
        0.18627119064331055,
        0.3049095869064331,
        0.24429666996002197,
        0.5768017172813416,
        0.09611254930496216,
        0.6001139283180237,
        0.7028777599334717,
        0.8661593794822693,
        0.7086583971977234,
        0.7493894100189209,
        0.8127055764198303,
        0.543967068195343,
        0.2859620451927185,
        0.3861055374145508,
        0.735515296459198,
        0.8804209232330322,
        0.9517441987991333,
        0.7675652503967285,
        0.10134786367416382,
        0.31968235969543457,
        0.318473219871521,
        0.27615290880203247
    ]
}