{
    "format": 2,
    "name": "n70k4_31",
    "n": 70,
    "k": 4,
    "optimal_solution": 16.11617660522461,
    "x_values": [
        0.09928780794143677,
        0.09962725639343262,
        0.6126421689987183,
        0.19914424419403076,
        0.713938295841217,
        0.5891797542572021,
        0.2603365182876587,
        0.1871408224105835,
        0.7613136768341064,
        0.6434246897697449,
        0.7784923911094666,
        0.707719624042511,
        0.94497150182724,
        0.732997715473175,
        0.1533711552619934,
        0.017873525619506836,
        0.9912874698638916,
        0.09093761444091797,
        0.3670390248298645,
        0.1715918779373169,
        0.24740517139434814,
        0.9914579391479492,
        0.16501659154891968,
        0.002533555030822754,
        0.6935760378837585,
        0.18586909770965576,
        0.492337703704834,
        0.9383676052093506,
        0.48153096437454224,
        0.04164588451385498,
        0.4177899956703186,
        0.2421744465827942,
        0.9950381517410278,
        0.4312560558319092,
        0.4350348114967346,
        0.7516273856163025,
        0.2242528200149536,
        0.5237378478050232,
        0.8324141502380371,
        0.04303431510925293,
        0.7560876607894897,
        0.8082506656646729,
        0.6480894684791565,
        0.943817675113678,
        0.8489229679107666,
        0.6461883187294006,
        0.0060198307037353516,
        0.09767729043960571,
        0.4381096363067627,
        0.34528207778930664,
        0.7029217481613159,
        0.3270431160926819,
        0.058598458766937256,
        0.15565413236618042,
        0.9186080098152161,
        0.9405470490455627,
        0.6689479351043701,
        0.3131290674209595,
        0.6767366528511047,
        0.5745625495910645,
        0.21503615379333496,
        0.01942533254623413,
        0.24339568614959717,
        0.14857137203216553,
        0.29277002811431885,
        0.2392103672027588,
        0.2577829360961914,
        0.08694392442703247,
        0.22040098905563354,
        0.9172963500022888
    ],
    "y_values": [
        0.24684321880340576,
        0.5863532423973083,
        0.39976614713668823,
        0.04958993196487427,
        0.11587971448898315,
        0.3800821900367737,
        0.9751850366592407,
        0.5274478793144226,
        0.9577512145042419,
        0.5051800608634949,
        0.875379204750061,
        0.8377341628074646,
        0.25772321224212646,
        0.987453281879425,
        0.12042194604873657,
        0.23335736989974976,
        0.08258593082427979,
        0.7735504508018494,
        0.927770733833313,
        0.9278810620307922,
        0.9521316885948181,
        0.6643319725990295,
        0.5118537545204163,
        0.7743919491767883,
        0.8892331123352051,
        0.9556503891944885,
        0.5327296853065491,
        0.476115345954895,
        0.7426203489303589,
        0.5463313460350037,
        0.29225873947143555,
        0.7565613985061646,
        0.8147234320640564,
        0.5947645306587219,
        0.37097662687301636,
        0.8296051621437073,
        0.004030048847198486,
        0.3248080015182495,
        0.623790442943573,
        0.380460262298584,
        0.18277764320373535,
        0.8277778029441833,
        0.04253190755844116,
        0.008395195007324219,
        0.7920628190040588,
        0.09640461206436157,
        0.37796664237976074,
        0.8171401023864746,
        0.17390519380569458,
        0.5471446514129639,
        0.7741698622703552,
        0.7151567935943604,
        0.679277241230011,
        0.6228254437446594,
        0.6949590444564819,
        0.29003244638442993,
        0.5649678111076355,
        0.8096653819084167,
        0.3028053045272827,
        0.5079759359359741,
        0.9396892786026001,
        0.9899337291717529,
        0.9131094217300415,
        0.8942296504974365,
        0.5506735444068909,
        0.0890684723854065,
        0.18926572799682617,
        0.24070680141448975,
        0.815456748008728,
        0.3830350637435913
    ]
}