{
    "format": 8,
    "name": "n70k6_45",
    "n": 70,
    "k": 6,
    "capacity": 12,
    "optimal_solution": 13.638916969299316,
    "x_values": [
        0.2841832637786865,
        0.033519208431243896,
        0.05459558963775635,
        0.0383719801902771,
        0.7514997720718384,
        0.9875189661979675,
        0.8435080647468567,
        0.7021751999855042,
        0.6912090182304382,
        0.24396568536758423,
        0.2272675633430481,
        0.2616896629333496,
        0.9115188121795654,
        0.8940889239311218,
        0.16492199897766113,
        0.1473255157470703,
        0.9921017289161682,
        0.2519487738609314,
        0.5033158659934998,
        0.02112412452697754,
        0.15690642595291138,
        0.5879398584365845,
        0.12177133560180664,
        0.10080069303512573,
        0.9793125987052917,
        0.2672885060310364,
        0.7255285978317261,
        0.3137447237968445,
        0.45516663789749146,
        0.9478782415390015,
        0.9616196751594543,
        0.5656172037124634,
        0.046415865421295166,
        0.4314579367637634,
        0.045355021953582764,
        0.6532718539237976,
        0.7157885432243347,
        0.018525004386901855,
        0.5182321071624756,
        0.9734920859336853,
        0.6717895269393921,
        0.33796077966690063,
        0.5621001720428467,
        0.9307233095169067,
        0.7634921073913574,
        0.3856182098388672,
        0.7967501282691956,
        0.5407986044883728,
        0.24797594547271729,
        0.9361319541931152,
        0.9030838012695312,
        0.5107259750366211,
        0.09053909778594971,
        0.8029982447624207,
        0.8652806878089905,
        0.5618888735771179,
        0.571472704410553,
        0.707262396812439,
        0.5299113392829895,
        0.8162179589271545,
        0.8382285833358765,
        0.3623405694961548,
        0.7414969801902771,
        0.9526910781860352,
        0.17802870273590088,
        0.3185076117515564,
        0.7067621350288391,
        0.6887658834457397,
        0.7650969624519348,
        0.09640973806381226
    ],
    "y_values": [
        0.29377758502960205,
        0.1630728840827942,
        0.5625069737434387,
        0.9500681161880493,
        0.9505785703659058,
        0.5992718935012817,
        0.22777199745178223,
        0.08905243873596191,
        0.7838791608810425,
        0.5170682668685913,
        0.23792213201522827,
        0.7401571869850159,
        0.5631031394004822,
        0.2718469500541687,
        0.7248499393463135,
        0.02579587697982788,
        0.05101293325424194,
        0.7610766291618347,
        0.8094128370285034,
        0.9632153511047363,
        0.42672908306121826,
        0.3973791003227234,
        0.8933619260787964,
        0.5589096546173096,
        0.3745838403701782,
        0.2440895438194275,
        0.4533330798149109,
        0.2040889859199524,
        0.5331175923347473,
        0.5236819386482239,
        0.9258564710617065,
        0.2380506992340088,
        0.07061964273452759,
        0.09973031282424927,
        0.9602415561676025,
        0.7413521409034729,
        0.8768302202224731,
        0.7610803246498108,
        0.27830469608306885,
        0.9642930626869202,
        0.4143393635749817,
        0.4106360077857971,
        0.5260767340660095,
        0.5503023862838745,
        0.12525653839111328,
        0.022590816020965576,
        0.6835642457008362,
        0.7193275690078735,
        0.15665072202682495,
        0.8912256360054016,
        0.046627581119537354,
        0.7165588736534119,
        0.395082950592041,
        0.4994683265686035,
        0.24405258893966675,
        0.5980689525604248,
        0.1294938325881958,
        0.5749385952949524,
        0.6263332366943359,
        0.8271685242652893,
        0.43551766872406006,
        0.39339393377304077,
        0.1598343849182129,
        0.9962772130966187,
        0.9885290265083313,
        0.9891915917396545,
        0.0725756287574768,
        0.008161783218383789,
        0.1318875551223755,
        0.09043455123901367
    ]
}