{
    "format": 8,
    "name": "n70k6_62",
    "n": 70,
    "k": 6,
    "capacity": 12,
    "optimal_solution": 12.44979476928711,
    "x_values": [
        0.2238088846206665,
        0.4057823419570923,
        0.8496810793876648,
        0.003378570079803467,
        0.07569015026092529,
        0.05243295431137085,
        0.46903640031814575,
        0.5910453796386719,
        0.13750684261322021,
        0.7925220131874084,
        0.8095470070838928,
        0.6222842335700989,
        0.4853423833847046,
        0.6196813583374023,
        0.6984070539474487,
        0.31696993112564087,
        0.5010181665420532,
        0.3023751378059387,
        0.4634507894515991,
        0.2851027846336365,
        0.8332884907722473,
        0.7082829475402832,
        0.1968916654586792,
        0.3254706859588623,
        0.5441171526908875,
        0.5040978193283081,
        0.4177435040473938,
        0.4624718427658081,
        0.3663344979286194,
        0.6760503649711609,
        0.8024711012840271,
        0.3641430735588074,
        0.011778414249420166,
        0.7794157266616821,
        0.8258728981018066,
        0.584803581237793,
        0.03446066379547119,
        0.50431889295578,
        0.33379095792770386,
        0.2700958847999573,
        0.8660566210746765,
        0.2312769889831543,
        0.4056475758552551,
        0.7795466780662537,
        0.018843531608581543,
        0.10731768608093262,
        0.17282766103744507,
        0.8036165833473206,
        0.31792622804641724,
        0.36193591356277466,
        0.7707222700119019,
        0.15944570302963257,
        0.3572966456413269,
        0.7700446248054504,
        0.9620178937911987,
        0.22487664222717285,
        0.7183699011802673,
        0.3120764493942261,
        0.5842269062995911,
        0.6109928488731384,
        0.06188201904296875,
        0.07819205522537231,
        0.22618865966796875,
        0.5878930687904358,
        0.951632022857666,
        0.7468997240066528,
        0.09913551807403564,
        0.3352123498916626,
        0.7992509603500366,
        0.4051662087440491
    ],
    "y_values": [
        0.7971863746643066,
        0.323025107383728,
        0.8953372836112976,
        0.4382489323616028,
        0.14474743604660034,
        0.05319678783416748,
        0.8567057251930237,
        0.9616325497627258,
        0.796186089515686,
        0.7002838253974915,
        0.019398927688598633,
        0.6413224935531616,
        0.0667870044708252,
        0.4419028162956238,
        0.9473399519920349,
        0.9417895078659058,
        0.48366910219192505,
        0.6696934103965759,
        0.4262809157371521,
        0.15583932399749756,
        0.521576464176178,
        0.6964821815490723,
        0.37405288219451904,
        0.014665961265563965,
        0.8630104064941406,
        0.8104451894760132,
        0.21066105365753174,
        0.0291140079498291,
        0.5304081439971924,
        0.3280184864997864,
        0.14577925205230713,
        0.8994614481925964,
        0.15250539779663086,
        0.08330345153808594,
        0.5769139528274536,
        0.7825571894645691,
        0.24688655138015747,
        0.6942324042320251,
        0.17490142583847046,
        0.2210826277732849,
        0.3557770252227783,
        0.23474639654159546,
        0.3018108606338501,
        0.9015649557113647,
        0.9330925941467285,
        0.6722983717918396,
        0.22184330224990845,
        0.24697977304458618,
        0.697546124458313,
        0.31342267990112305,
        0.29826778173446655,
        0.05481952428817749,
        0.1407875418663025,
        0.2626914381980896,
        0.057392656803131104,
        0.918944776058197,
        0.8616346716880798,
        0.7254037261009216,
        0.307960569858551,
        0.3454587459564209,
        0.6736069321632385,
        0.12040340900421143,
        0.08332031965255737,
        0.5574370622634888,
        0.524970531463623,
        0.5916348099708557,
        0.8181651830673218,
        0.011507689952850342,
        0.36290639638900757,
        0.9841537475585938
    ]
}