{
    "format": 5,
    "name": "n90k6_64",
    "n": 90,
    "k": 6,
    "optimal_solution": 0.35574233531951904,
    "x_values": [
        0.6383131146430969,
        0.5322821140289307,
        0.7984886169433594,
        0.8756835460662842,
        0.679882287979126,
        0.41616785526275635,
        0.027874231338500977,
        0.7673841714859009,
        0.6144198775291443,
        0.7274265885353088,
        0.5982396006584167,
        0.7443933486938477,
        0.9441940188407898,
        0.05448514223098755,
        0.06974095106124878,
        0.8435640335083008,
        0.22876131534576416,
        0.10497170686721802,
        0.5451249480247498,
        0.909785807132721,
        0.16931051015853882,
        0.7401076555252075,
        0.560867965221405,
        0.43626153469085693,
        0.7330065965652466,
        0.6893691420555115,
        0.9278191924095154,
        0.598126232624054,
        0.2791808843612671,
        0.6304266452789307,
        0.5438289642333984,
        0.2672630548477173,
        0.6372494101524353,
        0.5858856439590454,
        0.6433046460151672,
        0.9474015235900879,
        0.5512329936027527,
        0.7203507423400879,
        0.6792375445365906,
        0.4385640025138855,
        0.40867865085601807,
        0.9200834035873413,
        0.18745213747024536,
        0.6094045639038086,
        0.3542358875274658,
        0.9561066031455994,
        0.2822997570037842,
        0.6293621063232422,
        0.2005864977836609,
        0.9724782705307007,
        0.5017093420028687,
        0.6567219495773315,
        0.8116416931152344,
        0.24455440044403076,
        0.5472556948661804,
        0.015981614589691162,
        0.08373689651489258,
        0.3519964814186096,
        0.3606899380683899,
        0.0036419034004211426,
        0.48244160413742065,
        0.15613597631454468,
        0.14990752935409546,
        0.02506864070892334,
        0.2662115693092346,
        0.5062280893325806,
        0.840808093547821,
        0.7114459276199341,
        0.6505321264266968,
        0.02740687131881714,
        0.03131502866744995,
        0.979006290435791,
        0.14525192975997925,
        0.6854996681213379,
        0.3998458981513977,
        0.3184269070625305,
        0.03878903388977051,
        0.9566207528114319,
        0.4727853536605835,
        0.7392183542251587,
        0.05303877592086792,
        0.8340775370597839,
        0.5536032319068909,
        0.9993651509284973,
        0.36645275354385376,
        0.8274043798446655,
        0.0035730600357055664,
        0.7574985027313232,
        0.12976688146591187,
        0.07322889566421509
    ],
    "y_values": [
        0.8230875134468079,
        0.6578343510627747,
        0.3521970510482788,
        0.27584415674209595,
        0.35249465703964233,
        0.4388871192932129,
        0.2898767590522766,
        0.6588545441627502,
        0.13365548849105835,
        0.9326079487800598,
        0.4914076328277588,
        0.2989161014556885,
        0.44868993759155273,
        0.7472407817840576,
        0.06155019998550415,
        0.7114159464836121,
        0.6014624238014221,
        0.2423984408378601,
        0.9790791869163513,
        0.6643022894859314,
        0.7448636293411255,
        0.48431748151779175,
        0.00032448768615722656,
        0.6167829632759094,
        0.5824088454246521,
        0.6698054075241089,
        0.2976180911064148,
        0.4670974016189575,
        0.05064809322357178,
        0.35580140352249146,
        0.26842862367630005,
        0.06775885820388794,
        0.9851411581039429,
        0.2764231562614441,
        0.3614138960838318,
        0.8644018173217773,
        0.7584808468818665,
        0.47860997915267944,
        0.5315597653388977,
        0.19157159328460693,
        0.33254384994506836,
        0.8014035224914551,
        0.8010556697845459,
        0.0806090235710144,
        0.7436118721961975,
        0.20720207691192627,
        0.5416117310523987,
        0.4650231599807739,
        0.4849032163619995,
        0.7144221067428589,
        0.49903327226638794,
        0.6185793280601501,
        0.07370001077651978,
        0.9903221130371094,
        0.37763774394989014,
        0.02639538049697876,
        0.48595094680786133,
        0.6094395518302917,
        0.962177574634552,
        0.76783686876297,
        0.31629031896591187,
        0.6695782542228699,
        0.9054491519927979,
        0.0938151478767395,
        0.5783605575561523,
        0.3375093340873718,
        0.9124870300292969,
        0.29787784814834595,
        0.10607612133026123,
        0.9817991852760315,
        0.543880045413971,
        0.1516605019569397,
        0.01335906982421875,
        0.9156324863433838,
        0.568156361579895,
        0.5241405367851257,
        0.1540777087211609,
        0.5112671256065369,
        0.9216046333312988,
        0.4878343939781189,
        0.853585422039032,
        0.5836163759231567,
        0.558061420917511,
        0.043568313121795654,
        0.4105759263038635,
        0.8482829928398132,
        0.4607069492340088,
        0.34274840354919434,
        0.38383036851882935,
        0.03711235523223877
    ]
}