{
    "format": 5,
    "name": "n90k6_100",
    "n": 90,
    "k": 6,
    "optimal_solution": 0.34639960527420044,
    "x_values": [
        0.6274238228797913,
        0.057367682456970215,
        0.34821099042892456,
        0.09673357009887695,
        0.5729631781578064,
        0.3694729804992676,
        0.46171337366104126,
        0.8420913815498352,
        0.3283037543296814,
        0.5995562672615051,
        0.19124549627304077,
        0.4501878619194031,
        0.41125351190567017,
        0.07143205404281616,
        0.6351453065872192,
        0.4975733757019043,
        0.7863532304763794,
        0.5678321123123169,
        0.10783487558364868,
        0.30873388051986694,
        0.6652686595916748,
        0.2843617796897888,
        0.5491588711738586,
        0.13057982921600342,
        0.05236935615539551,
        0.7929301857948303,
        0.2757563591003418,
        0.8807774186134338,
        0.7681384086608887,
        0.6127636432647705,
        0.955552339553833,
        0.6983627676963806,
        0.9477837681770325,
        0.19338136911392212,
        0.9387991428375244,
        0.6636953353881836,
        0.2917991876602173,
        0.6839754581451416,
        0.20569950342178345,
        0.8266147971153259,
        0.8186130523681641,
        0.7692334651947021,
        0.5106223821640015,
        0.19731271266937256,
        0.20842796564102173,
        0.023422062397003174,
        0.5265592336654663,
        0.689737856388092,
        0.12738549709320068,
        0.2281705141067505,
        0.6813056468963623,
        0.7801827788352966,
        0.09028244018554688,
        0.560415506362915,
        0.4213632345199585,
        0.792303740978241,
        0.8512305021286011,
        0.16473782062530518,
        0.24927347898483276,
        0.48851442337036133,
        0.1166580319404602,
        0.4213685989379883,
        0.646261990070343,
        0.9135715961456299,
        0.8210952281951904,
        0.3708571791648865,
        0.2577708959579468,
        0.11095911264419556,
        0.33657950162887573,
        0.9775605201721191,
        0.2946247458457947,
        0.5986103415489197,
        0.9945124983787537,
        0.5261040925979614,
        0.5281937718391418,
        0.6866090893745422,
        0.4171726107597351,
        0.010026514530181885,
        0.5544788837432861,
        0.06704294681549072,
        0.8774644732475281,
        0.30015474557876587,
        0.46204572916030884,
        0.9912915229797363,
        0.695762038230896,
        0.27930939197540283,
        0.5607515573501587,
        0.17616719007492065,
        0.4758734703063965,
        0.7357334494590759
    ],
    "y_values": [
        0.0875997543334961,
        0.06156587600708008,
        0.8462444543838501,
        0.11659842729568481,
        0.7035744190216064,
        0.5716401934623718,
        0.18027710914611816,
        0.37506014108657837,
        0.9703985452651978,
        0.7176979780197144,
        0.5748925805091858,
        0.6557262539863586,
        0.4853557348251343,
        0.13902324438095093,
        0.618378221988678,
        0.31515735387802124,
        0.936486542224884,
        0.5734149217605591,
        0.7469445466995239,
        0.16985273361206055,
        0.26724517345428467,
        0.5376920104026794,
        0.11553865671157837,
        0.6493790149688721,
        0.22050338983535767,
        0.16970109939575195,
        0.5331008434295654,
        0.20179229974746704,
        0.4612315893173218,
        0.40982377529144287,
        0.2376907467842102,
        0.402538537979126,
        0.1322498917579651,
        0.0790441632270813,
        0.44198310375213623,
        0.73429936170578,
        0.289822518825531,
        0.506340742111206,
        0.2630835175514221,
        0.7447487115859985,
        0.03176438808441162,
        0.0380743145942688,
        0.19047558307647705,
        0.6842485666275024,
        0.2889566421508789,
        0.036331117153167725,
        0.7473944425582886,
        0.7533979415893555,
        0.021404802799224854,
        0.9834636449813843,
        0.4604939818382263,
        0.41746771335601807,
        0.6219417452812195,
        0.39289796352386475,
        0.5182611346244812,
        0.5553051233291626,
        0.9289670586585999,
        0.25492435693740845,
        0.042277991771698,
        0.9117631316184998,
        0.6147042512893677,
        0.9646915197372437,
        0.011792480945587158,
        0.7304970622062683,
        0.3663179278373718,
        0.8875104784965515,
        0.45009350776672363,
        0.07369279861450195,
        0.9158102869987488,
        0.27721983194351196,
        0.1744985580444336,
        0.5947555899620056,
        0.9733967185020447,
        0.6636791825294495,
        0.44304710626602173,
        0.5827892422676086,
        0.015771329402923584,
        0.4539477825164795,
        0.22790253162384033,
        0.27312028408050537,
        0.8647421002388,
        0.08855074644088745,
        0.9108384847640991,
        0.34906768798828125,
        0.34679800271987915,
        0.3644229769706726,
        0.7147492170333862,
        0.46281445026397705,
        0.6377048492431641,
        0.8725398778915405
    ]
}