{
    "format": 5,
    "name": "n90k6_24",
    "n": 90,
    "k": 6,
    "optimal_solution": 0.32600897550582886,
    "x_values": [
        0.06782513856887817,
        0.8857722878456116,
        0.9219149351119995,
        0.6938439607620239,
        0.795469343662262,
        0.7872931957244873,
        0.511047899723053,
        0.7569584250450134,
        0.6737886071205139,
        0.5498858690261841,
        0.6405105590820312,
        0.208143413066864,
        0.6322305798530579,
        0.8325292468070984,
        0.22711867094039917,
        0.11841177940368652,
        0.8607314825057983,
        0.2884060740470886,
        0.8653237819671631,
        0.4163735508918762,
        0.7363157272338867,
        0.7365126609802246,
        0.6587780117988586,
        0.7826583385467529,
        0.8869238495826721,
        0.8793833255767822,
        0.913309633731842,
        0.22333598136901855,
        0.733535885810852,
        0.9461230039596558,
        0.818274736404419,
        0.44364118576049805,
        0.6375501155853271,
        0.4246358871459961,
        0.4948189854621887,
        0.1650604009628296,
        0.48350590467453003,
        0.9593254923820496,
        0.8913548588752747,
        0.35891276597976685,
        0.8607246279716492,
        0.07840651273727417,
        0.8507444858551025,
        0.38315534591674805,
        0.9750016927719116,
        0.6417971253395081,
        0.12448322772979736,
        0.15252256393432617,
        0.09628057479858398,
        0.6850759387016296,
        0.5524939298629761,
        0.4717414379119873,
        0.606896698474884,
        0.667313814163208,
        0.8057824373245239,
        0.7477649450302124,
        0.9708804488182068,
        0.2401677966117859,
        0.4848649501800537,
        0.08912479877471924,
        0.9498208165168762,
        0.46930408477783203,
        0.2358192801475525,
        0.16154992580413818,
        0.9253955483436584,
        0.7487351894378662,
        0.2417203187942505,
        0.42025506496429443,
        0.017097890377044678,
        0.8554908037185669,
        0.659730851650238,
        0.6176965236663818,
        0.7547072768211365,
        0.16535985469818115,
        0.641940176486969,
        0.002399265766143799,
        0.14087200164794922,
        0.3128279447555542,
        0.6703718304634094,
        0.23036342859268188,
        0.7309354543685913,
        0.12325966358184814,
        0.4230080246925354,
        0.19564288854599,
        0.4851120710372925,
        0.4745861291885376,
        0.26607954502105713,
        0.020768702030181885,
        0.3641534447669983,
        0.8075992465019226
    ],
    "y_values": [
        0.9351259469985962,
        0.8346255421638489,
        0.6412428021430969,
        0.6764243841171265,
        0.6286014914512634,
        0.1578969955444336,
        0.9351488947868347,
        0.0683751106262207,
        0.9960139989852905,
        0.03348761796951294,
        0.9411798715591431,
        0.665852427482605,
        0.5799095630645752,
        0.5777353644371033,
        0.47112423181533813,
        0.764991283416748,
        0.8594814538955688,
        0.5453006625175476,
        0.7528942227363586,
        0.6816108822822571,
        0.036937177181243896,
        0.749714195728302,
        0.047102391719818115,
        0.4319860339164734,
        0.02026510238647461,
        0.4412505030632019,
        0.8584336638450623,
        0.7286787629127502,
        0.24010616540908813,
        0.43372994661331177,
        0.9005985260009766,
        0.65520840883255,
        0.1615060567855835,
        0.6129084229469299,
        0.1398332118988037,
        0.7474837899208069,
        0.18679934740066528,
        0.8589357137680054,
        0.3357838988304138,
        0.6745790839195251,
        0.8840485215187073,
        0.18748819828033447,
        0.7199141979217529,
        0.5235700607299805,
        0.6549074053764343,
        0.36048418283462524,
        0.10922574996948242,
        0.7941978573799133,
        0.28054553270339966,
        0.9594201445579529,
        0.9551432728767395,
        0.8094402551651001,
        0.6530290246009827,
        0.6453260183334351,
        0.18269002437591553,
        0.46833372116088867,
        0.7500224709510803,
        0.7655045986175537,
        0.10073959827423096,
        0.8418529629707336,
        0.08744603395462036,
        0.4597008228302002,
        0.7154216766357422,
        0.09625482559204102,
        0.6260698437690735,
        0.46081823110580444,
        0.2872350811958313,
        0.3909657597541809,
        0.18410277366638184,
        0.1676884889602661,
        0.04520910978317261,
        0.454673171043396,
        0.9712703824043274,
        0.7605761289596558,
        0.14031076431274414,
        0.2062472701072693,
        0.5812719464302063,
        0.34240734577178955,
        0.5513430833816528,
        0.29428619146347046,
        0.8691514134407043,
        0.8600248098373413,
        0.3395344018936157,
        0.4888102412223816,
        0.09077602624893188,
        0.9112659692764282,
        0.057609736919403076,
        0.9660168290138245,
        0.8474059104919434,
        0.6464580297470093
    ]
}