{
    "format": 2,
    "name": "n60k4_68",
    "n": 60,
    "k": 4,
    "optimal_solution": 13.027301788330078,
    "x_values": [
        0.40024858713150024,
        0.6771783828735352,
        0.3428191542625427,
        0.7212584018707275,
        0.5817636847496033,
        0.24516844749450684,
        0.33513832092285156,
        0.8596526384353638,
        0.11644697189331055,
        0.8906465768814087,
        0.07594680786132812,
        0.514419674873352,
        0.24808800220489502,
        0.7043805122375488,
        0.35733163356781006,
        0.77336585521698,
        0.46519559621810913,
        0.23804980516433716,
        0.07260560989379883,
        0.8724866509437561,
        0.6934583187103271,
        0.040529847145080566,
        0.7409690618515015,
        0.7090350985527039,
        0.03631258010864258,
        0.9477035999298096,
        0.8193003535270691,
        0.09622877836227417,
        0.7301213145256042,
        0.6171360015869141,
        0.3899768590927124,
        0.7822415828704834,
        0.14400875568389893,
        0.163385808467865,
        0.6581200361251831,
        0.33356499671936035,
        0.7848718762397766,
        0.8553784489631653,
        0.03082185983657837,
        0.4466414451599121,
        0.29519516229629517,
        0.8536785244941711,
        0.7179135680198669,
        0.40613794326782227,
        0.8954563736915588,
        0.7970942258834839,
        0.707981288433075,
        0.3237154483795166,
        0.62947678565979,
        0.9792603254318237,
        0.44003933668136597,
        0.9849185347557068,
        0.26594221591949463,
        0.9039447903633118,
        0.8305134773254395,
        0.1243743896484375,
        0.7351566553115845,
        0.29664498567581177,
        0.24613535404205322,
        0.13190454244613647
    ],
    "y_values": [
        0.20392578840255737,
        0.059169650077819824,
        0.8422942757606506,
        0.5300159454345703,
        0.14731407165527344,
        0.12570148706436157,
        0.16986721754074097,
        0.47541511058807373,
        0.017962098121643066,
        0.9566521048545837,
        0.5923526883125305,
        0.5735421776771545,
        0.4402831196784973,
        0.5310091972351074,
        0.9971056580543518,
        0.1965339183807373,
        0.699086606502533,
        0.8704555034637451,
        0.34446442127227783,
        0.8545399308204651,
        0.17588835954666138,
        0.9690414071083069,
        0.19364219903945923,
        0.5003919005393982,
        0.19657981395721436,
        0.18507778644561768,
        0.18105018138885498,
        0.8939909338951111,
        0.8250665664672852,
        0.7569862008094788,
        0.7443485856056213,
        0.14821362495422363,
        0.3410494923591614,
        0.16418439149856567,
        0.5318002104759216,
        0.1147003173828125,
        0.1044352650642395,
        0.896638035774231,
        0.7433595657348633,
        0.371032178401947,
        0.972150981426239,
        0.155301034450531,
        0.7585680484771729,
        0.7882317900657654,
        0.948721170425415,
        0.9456644058227539,
        0.14318692684173584,
        0.5884478092193604,
        0.8755881786346436,
        0.8119596242904663,
        0.7618897557258606,
        0.5656901001930237,
        0.4988706707954407,
        0.3717774748802185,
        0.939912736415863,
        0.06295144557952881,
        0.021623671054840088,
        0.33481311798095703,
        0.957730233669281,
        0.3303096294403076
    ]
}