{
    "format": 5,
    "name": "n60k7_44",
    "n": 60,
    "k": 7,
    "optimal_solution": 0.30433887243270874,
    "x_values": [
        0.8910234570503235,
        0.6609166860580444,
        0.8195099234580994,
        0.7320916056632996,
        0.2823205590248108,
        0.10461145639419556,
        0.9497490525245667,
        0.8788796663284302,
        0.1867780089378357,
        0.6920053958892822,
        0.16367274522781372,
        0.028586924076080322,
        0.29463183879852295,
        0.5741013288497925,
        0.9947501420974731,
        0.3858427405357361,
        0.688246488571167,
        0.08245354890823364,
        0.6029943823814392,
        0.9141461253166199,
        0.5948209762573242,
        0.5547235608100891,
        0.07183849811553955,
        0.021507084369659424,
        0.4845210313796997,
        0.10758137702941895,
        0.47787344455718994,
        0.7095813751220703,
        0.9338469505310059,
        0.540988564491272,
        0.39949333667755127,
        0.7997345924377441,
        0.039531409740448,
        0.8223161101341248,
        0.30433642864227295,
        0.17458117008209229,
        0.6122884750366211,
        0.22209900617599487,
        0.046424031257629395,
        0.9345589280128479,
        0.01068037748336792,
        0.4085305333137512,
        0.7537190914154053,
        0.0636109709739685,
        0.37256544828414917,
        0.37709498405456543,
        0.5799036026000977,
        0.7914224863052368,
        0.3585929274559021,
        0.2514192461967468,
        0.7623225450515747,
        0.49556565284729004,
        0.8084445595741272,
        0.7040727734565735,
        0.08801263570785522,
        0.7413241267204285,
        0.5979987382888794,
        0.1633400321006775,
        0.9883506894111633,
        0.9395865797996521
    ],
    "y_values": [
        0.9013926982879639,
        0.2941555976867676,
        0.5384892225265503,
        0.3338395357131958,
        0.19452118873596191,
        0.38203316926956177,
        0.788892388343811,
        0.6750612258911133,
        0.9576015472412109,
        0.2051013708114624,
        0.6689714193344116,
        0.8567760586738586,
        0.965690553188324,
        0.366943359375,
        0.5078649520874023,
        0.6134046316146851,
        0.5138800144195557,
        0.29079705476760864,
        0.9047239422798157,
        0.4866969585418701,
        0.17837655544281006,
        0.6867390275001526,
        0.30305904150009155,
        0.6559353470802307,
        0.16705161333084106,
        0.1397961974143982,
        0.28818362951278687,
        0.5333764553070068,
        0.8956987857818604,
        0.9669612050056458,
        0.9948239326477051,
        0.8482468128204346,
        0.16239309310913086,
        0.6211251020431519,
        0.47493451833724976,
        0.7838690876960754,
        0.5850410461425781,
        0.19610804319381714,
        0.8181108832359314,
        0.06220591068267822,
        0.149391770362854,
        0.3463129997253418,
        0.5444918870925903,
        0.310486376285553,
        0.6062227487564087,
        0.6904631853103638,
        0.8713181018829346,
        0.12032252550125122,
        0.24536055326461792,
        0.875495195388794,
        0.8527628183364868,
        0.7547832727432251,
        0.8588742613792419,
        0.8190310597419739,
        0.7412641048431396,
        0.013274908065795898,
        0.372800350189209,
        0.7203378677368164,
        0.4033690094947815,
        0.4424024224281311
    ]
}