{
    "format": 2,
    "name": "n60k4_60",
    "n": 60,
    "k": 4,
    "optimal_solution": 12.913314819335938,
    "x_values": [
        0.8923569321632385,
        0.14934921264648438,
        0.7643426656723022,
        0.6742743849754333,
        0.7505426406860352,
        0.6495100259780884,
        0.6832335591316223,
        0.1408175826072693,
        0.3377484083175659,
        0.1778917908668518,
        0.4111601710319519,
        0.41484689712524414,
        0.1406061053276062,
        0.48918062448501587,
        0.5988370776176453,
        0.6134143471717834,
        0.24334341287612915,
        0.5922437906265259,
        0.22444581985473633,
        0.7807368636131287,
        0.7792391180992126,
        0.7605289220809937,
        0.871436357498169,
        0.7380638122558594,
        0.5611099600791931,
        0.5821720957756042,
        0.16340690851211548,
        0.26722151041030884,
        0.6476802229881287,
        0.8651814460754395,
        0.9079316258430481,
        0.6949359178543091,
        0.08643054962158203,
        0.11262732744216919,
        0.13471025228500366,
        0.4292052388191223,
        0.3163992762565613,
        0.9613497853279114,
        0.24784934520721436,
        0.17942535877227783,
        0.47749513387680054,
        0.11261928081512451,
        0.9702432751655579,
        0.3721855878829956,
        0.3653702735900879,
        0.49284178018569946,
        0.6678902506828308,
        0.7092507481575012,
        0.6925011277198792,
        0.6297149658203125,
        0.25219160318374634,
        0.027854084968566895,
        0.5581808686256409,
        0.10836100578308105,
        0.33981966972351074,
        0.07058459520339966,
        0.5964370369911194,
        0.25276434421539307,
        0.8032954335212708,
        0.3332824110984802
    ],
    "y_values": [
        0.7920770049095154,
        0.5503110289573669,
        0.3964564800262451,
        0.5034099817276001,
        0.5351679921150208,
        0.7188652157783508,
        0.4267018437385559,
        0.025234580039978027,
        0.8460357189178467,
        0.4425073266029358,
        0.6809293031692505,
        0.19187158346176147,
        0.2913646697998047,
        0.04716283082962036,
        0.9947929978370667,
        0.1760324239730835,
        0.2640039920806885,
        0.3423275947570801,
        0.7148191928863525,
        0.6802626848220825,
        0.6964473724365234,
        0.6404175162315369,
        0.5206130146980286,
        0.9733805060386658,
        0.9308720231056213,
        0.4743831753730774,
        0.5780811905860901,
        0.3978186249732971,
        0.7426139712333679,
        0.36344319581985474,
        0.708472728729248,
        0.7077702879905701,
        0.886235237121582,
        0.9388664960861206,
        0.034148216247558594,
        0.17499595880508423,
        0.11033040285110474,
        0.526854932308197,
        0.5293964147567749,
        0.791703999042511,
        0.8098770380020142,
        0.5875025987625122,
        0.3999825119972229,
        0.876022458076477,
        0.9519051313400269,
        0.8329088687896729,
        0.8972105979919434,
        0.713704526424408,
        0.11986327171325684,
        0.28949159383773804,
        0.9128379821777344,
        0.8768126368522644,
        0.273834764957428,
        0.8951526880264282,
        0.40713250637054443,
        0.7855737805366516,
        0.44389575719833374,
        0.8450560569763184,
        0.025448501110076904,
        0.0833275318145752
    ]
}