{
    "format": 2,
    "name": "n60k4_12",
    "n": 60,
    "k": 4,
    "optimal_solution": 13.300345420837402,
    "x_values": [
        0.8554190397262573,
        0.06876760721206665,
        0.9642329216003418,
        0.8899328112602234,
        0.06982487440109253,
        0.07021522521972656,
        0.9090214967727661,
        0.33356142044067383,
        0.7436612844467163,
        0.21940505504608154,
        0.9785774946212769,
        0.09485596418380737,
        0.7543211579322815,
        0.4291876554489136,
        0.6930177807807922,
        0.9798477292060852,
        0.6744124293327332,
        0.020843446254730225,
        0.63946533203125,
        0.7695777416229248,
        0.9771049618721008,
        0.9722646474838257,
        0.027301549911499023,
        0.3164675235748291,
        0.4931262135505676,
        0.592907726764679,
        0.9491551518440247,
        0.8018113970756531,
        0.20812517404556274,
        0.24523067474365234,
        0.021329283714294434,
        0.21886509656906128,
        0.965390682220459,
        0.18891990184783936,
        0.6845453977584839,
        0.9402093291282654,
        0.1571909785270691,
        0.8971630334854126,
        0.019693732261657715,
        0.474595844745636,
        0.9271934032440186,
        0.4278869032859802,
        0.8409813642501831,
        0.45844560861587524,
        0.9062513709068298,
        0.3123825788497925,
        0.585904598236084,
        0.7271247506141663,
        0.3907895088195801,
        0.03320741653442383,
        0.2995724081993103,
        0.01351386308670044,
        0.2643897533416748,
        0.07267379760742188,
        0.8570157289505005,
        0.33753883838653564,
        0.7214128375053406,
        0.6981919407844543,
        0.4784358739852905,
        0.5108002424240112
    ],
    "y_values": [
        0.07512110471725464,
        0.23321175575256348,
        0.2690812349319458,
        0.021856188774108887,
        0.9248344302177429,
        0.9696618318557739,
        0.2793217897415161,
        0.5144186019897461,
        0.7742218375205994,
        0.31658321619033813,
        0.578459620475769,
        0.683120846748352,
        0.5198667049407959,
        0.9654684066772461,
        0.6538107395172119,
        0.3672797679901123,
        0.3066903352737427,
        0.6561203598976135,
        0.5450167059898376,
        0.3373265266418457,
        0.3421817421913147,
        0.25110185146331787,
        0.8007155060768127,
        0.7792142033576965,
        0.4919605255126953,
        0.33306652307510376,
        0.04983091354370117,
        0.2919670343399048,
        0.9119768738746643,
        0.19155263900756836,
        0.4227001667022705,
        0.6491485238075256,
        0.5675387382507324,
        0.23645371198654175,
        0.6907669901847839,
        0.39287495613098145,
        0.2684600353240967,
        0.5834757685661316,
        0.9408634305000305,
        0.9536756873130798,
        0.28055697679519653,
        0.7855470180511475,
        0.8127838373184204,
        0.4058111906051636,
        0.33029454946517944,
        0.8280647993087769,
        0.4657267928123474,
        0.3457014560699463,
        0.6071823239326477,
        0.049137890338897705,
        0.7002490758895874,
        0.6000409722328186,
        0.1405530571937561,
        0.42467498779296875,
        0.6938460469245911,
        0.7914766073226929,
        0.13699400424957275,
        0.8361377716064453,
        0.6108111143112183,
        0.3567187190055847
    ]
}