{
    "format": 2,
    "name": "n60k4_98",
    "n": 60,
    "k": 4,
    "optimal_solution": 13.374368667602539,
    "x_values": [
        0.6779634356498718,
        0.04166531562805176,
        0.9466843605041504,
        0.4916844367980957,
        0.20361727476119995,
        0.798537015914917,
        0.5699703693389893,
        0.5108895897865295,
        0.8317245841026306,
        0.3384207487106323,
        0.7791619300842285,
        0.541488766670227,
        0.5419954657554626,
        0.1360512375831604,
        0.9056423306465149,
        0.8672245144844055,
        0.12839096784591675,
        0.7211964726448059,
        0.7059236764907837,
        0.4615905284881592,
        0.049062252044677734,
        0.9169689416885376,
        0.18816125392913818,
        0.5409466624259949,
        0.5741468071937561,
        0.7546384930610657,
        0.7762728333473206,
        0.3960404396057129,
        0.8125464916229248,
        0.34445399045944214,
        0.7156451940536499,
        0.03540116548538208,
        0.2982441782951355,
        0.9895520210266113,
        0.30706268548965454,
        0.23507153987884521,
        0.20165246725082397,
        0.9636552333831787,
        0.7670673131942749,
        0.826325535774231,
        0.8524145483970642,
        0.6991063952445984,
        0.7681185007095337,
        0.024668633937835693,
        0.9278884530067444,
        0.9702805876731873,
        0.5993644595146179,
        0.6328567266464233,
        0.743910014629364,
        0.35038185119628906,
        0.08510875701904297,
        0.962510347366333,
        0.5558045506477356,
        0.7917267084121704,
        0.5952060222625732,
        0.2510753273963928,
        0.7769025564193726,
        0.17566221952438354,
        0.06031513214111328,
        0.4859362840652466
    ],
    "y_values": [
        0.8269197940826416,
        0.6902151703834534,
        0.24565130472183228,
        0.03190833330154419,
        0.7811265587806702,
        0.13038522005081177,
        0.35813891887664795,
        0.8903195261955261,
        0.918352484703064,
        0.5571911931037903,
        0.8315783143043518,
        0.023697376251220703,
        0.36290818452835083,
        0.23716574907302856,
        0.49339646100997925,
        0.6113153100013733,
        0.5107681751251221,
        0.6354846358299255,
        0.49445682764053345,
        0.9040619730949402,
        0.7863487005233765,
        0.0645412802696228,
        0.3795779347419739,
        0.667790949344635,
        0.8539486527442932,
        0.9649514555931091,
        0.8471949100494385,
        0.7854295969009399,
        0.9364643096923828,
        0.16032099723815918,
        0.21606481075286865,
        0.49633800983428955,
        0.7520143985748291,
        0.01035994291305542,
        0.9169877171516418,
        0.020492613315582275,
        0.16318774223327637,
        0.9338454008102417,
        0.26533716917037964,
        0.4249880313873291,
        0.8926283121109009,
        0.9642824530601501,
        0.9531902074813843,
        0.6597962975502014,
        0.5694307684898376,
        0.0785452127456665,
        0.3627827763557434,
        0.849361002445221,
        0.8171281218528748,
        0.12661540508270264,
        0.6872348785400391,
        0.22504210472106934,
        0.2038024663925171,
        0.905207097530365,
        0.09976464509963989,
        0.09957653284072876,
        0.6756524443626404,
        0.21422630548477173,
        0.34165412187576294,
        0.7656043171882629
    ]
}