{
    "format": 2,
    "name": "n70k9_74",
    "n": 70,
    "k": 9,
    "optimal_solution": 9.429550170898438,
    "x_values": [
        0.8859848976135254,
        0.5260770320892334,
        0.2826807498931885,
        0.3611830472946167,
        0.8221046328544617,
        0.7222844958305359,
        0.1990458369255066,
        0.932721734046936,
        0.988967776298523,
        0.8249539732933044,
        0.5537678003311157,
        0.6290515661239624,
        0.8797633647918701,
        0.44183677434921265,
        0.16321545839309692,
        0.6162347793579102,
        0.5218380689620972,
        0.5672739744186401,
        0.16773349046707153,
        0.7176133394241333,
        0.3737960457801819,
        0.9523425102233887,
        0.12908124923706055,
        0.7142133712768555,
        0.1705937385559082,
        0.6676550507545471,
        0.7821342945098877,
        0.9044094085693359,
        0.4244500398635864,
        0.7819660902023315,
        0.035363078117370605,
        0.35108643770217896,
        0.07089084386825562,
        0.2239518165588379,
        0.7845800518989563,
        0.5005953907966614,
        0.9433802962303162,
        0.673851728439331,
        0.15941286087036133,
        0.16311967372894287,
        0.5768769383430481,
        0.8807178139686584,
        0.21535050868988037,
        0.5833976864814758,
        0.6292115449905396,
        0.04085201025009155,
        0.12220317125320435,
        0.589811384677887,
        0.1400390863418579,
        0.9212753772735596,
        0.34151822328567505,
        0.825408399105072,
        0.9672189950942993,
        0.6252352595329285,
        0.1767696738243103,
        0.1032821536064148,
        0.6195785403251648,
        0.6459155082702637,
        0.3833804130554199,
        0.8713358044624329,
        0.8546434640884399,
        0.49317705631256104,
        0.269397497177124,
        0.29081130027770996,
        0.8926618695259094,
        0.8081786036491394,
        0.6890810132026672,
        0.3051261901855469,
        0.9234628677368164,
        0.3306669592857361
    ],
    "y_values": [
        0.040042757987976074,
        0.17857974767684937,
        0.01683443784713745,
        0.10274136066436768,
        0.08081251382827759,
        0.6086705923080444,
        0.5097390413284302,
        0.8261446356773376,
        0.7291709780693054,
        0.47587454319000244,
        0.7337809801101685,
        0.6826253533363342,
        0.31216859817504883,
        0.4639365077018738,
        0.32259422540664673,
        0.5781665444374084,
        0.24159222841262817,
        0.3489798307418823,
        0.48057883977890015,
        0.26789116859436035,
        0.185993492603302,
        0.5588639378547668,
        0.10309600830078125,
        0.47760164737701416,
        0.9629860520362854,
        0.06573957204818726,
        0.8972434401512146,
        0.6459895968437195,
        0.3624655604362488,
        0.8807657957077026,
        0.5068324208259583,
        0.7746843695640564,
        0.8089108467102051,
        0.9815657734870911,
        0.23871445655822754,
        0.10287517309188843,
        0.09521484375,
        0.595795214176178,
        0.8596622347831726,
        0.4092479944229126,
        0.7967871427536011,
        0.391171932220459,
        0.7845547795295715,
        0.4264604449272156,
        0.8230500817298889,
        0.6393952369689941,
        0.627631664276123,
        0.47092336416244507,
        0.21030938625335693,
        0.45632249116897583,
        0.7063226103782654,
        0.9913960695266724,
        0.6937044858932495,
        0.7260351777076721,
        0.6913622617721558,
        0.4101002812385559,
        0.8110493421554565,
        0.9830767512321472,
        0.004037737846374512,
        0.20695441961288452,
        0.8666176795959473,
        0.5061699748039246,
        0.940534770488739,
        0.6982942223548889,
        0.004669845104217529,
        0.5174061059951782,
        0.36331063508987427,
        0.22175920009613037,
        0.180497944355011,
        0.35766780376434326
    ]
}