{
    "format": 5,
    "name": "n70k9_61",
    "n": 70,
    "k": 9,
    "optimal_solution": 0.277157187461853,
    "x_values": [
        0.5351365804672241,
        0.8601219654083252,
        0.657764732837677,
        0.2995977997779846,
        0.5957553386688232,
        0.05615663528442383,
        0.133636474609375,
        0.3089684247970581,
        0.06882399320602417,
        0.4678141474723816,
        0.5177112817764282,
        0.5830482244491577,
        0.4288531541824341,
        0.9172395467758179,
        0.7667787075042725,
        0.2830798029899597,
        0.8312107920646667,
        0.9621500968933105,
        0.9317469596862793,
        0.9598477482795715,
        0.3024917244911194,
        0.1938856840133667,
        0.9027063250541687,
        0.36153799295425415,
        0.267264723777771,
        0.29389357566833496,
        0.318432092666626,
        0.9973085522651672,
        0.9379767179489136,
        0.5060033798217773,
        0.412061870098114,
        0.14571774005889893,
        0.6047351956367493,
        0.8801940083503723,
        0.6264776587486267,
        0.9133552312850952,
        0.8403329253196716,
        0.2301880121231079,
        0.32471758127212524,
        0.8528886437416077,
        0.19183379411697388,
        0.2354786992073059,
        0.8186035752296448,
        0.44400840997695923,
        0.9193294048309326,
        0.010229706764221191,
        0.017379164695739746,
        0.5295425057411194,
        0.7098413109779358,
        0.8280518651008606,
        0.344723641872406,
        0.7899695634841919,
        0.7735224962234497,
        0.7522950768470764,
        0.6542295217514038,
        0.33371520042419434,
        0.7828425765037537,
        0.30713552236557007,
        0.4301515221595764,
        0.6345568299293518,
        0.42598235607147217,
        0.030759453773498535,
        0.12573879957199097,
        0.9756566286087036,
        0.24570339918136597,
        0.6863116025924683,
        0.3977016806602478,
        0.5778552889823914,
        0.07197630405426025,
        0.6736152768135071
    ],
    "y_values": [
        0.5180405974388123,
        0.6005300879478455,
        0.7060454487800598,
        0.4146624803543091,
        0.4691431522369385,
        0.05232006311416626,
        0.2982074022293091,
        0.9393036365509033,
        0.36221814155578613,
        0.23305577039718628,
        0.3744892477989197,
        0.05574828386306763,
        0.9793332815170288,
        0.689816415309906,
        0.7209973335266113,
        0.47751545906066895,
        0.9858402013778687,
        0.20829927921295166,
        0.42389416694641113,
        0.8406599164009094,
        0.6547017693519592,
        0.051317036151885986,
        0.3403382897377014,
        0.11919945478439331,
        0.041661083698272705,
        0.10001140832901001,
        0.28065216541290283,
        0.5776479244232178,
        0.10233336687088013,
        0.01742243766784668,
        0.2774304151535034,
        0.7199512124061584,
        0.427790105342865,
        0.07113504409790039,
        0.0751579999923706,
        0.19721782207489014,
        0.17344027757644653,
        0.5136273503303528,
        0.8948535323143005,
        0.5454216003417969,
        0.680285632610321,
        0.9710860252380371,
        0.42577672004699707,
        0.2986387610435486,
        0.16920089721679688,
        0.3816242814064026,
        0.4753251075744629,
        0.2692365050315857,
        0.2763535976409912,
        0.4808937907218933,
        0.7933073043823242,
        0.21517670154571533,
        0.7427866458892822,
        0.4388025999069214,
        0.8076964616775513,
        0.017648696899414062,
        0.594062864780426,
        0.1687183976173401,
        0.3032248020172119,
        0.5348053574562073,
        0.7963705658912659,
        0.5181572437286377,
        0.11036139726638794,
        0.32993894815444946,
        0.3481236696243286,
        0.46617865562438965,
        0.29471176862716675,
        0.9175747632980347,
        0.5893784761428833,
        0.402320921421051
    ]
}