{
    "format": 2,
    "name": "n70k9_46",
    "n": 70,
    "k": 9,
    "optimal_solution": 8.901863098144531,
    "x_values": [
        0.6758823394775391,
        0.7859188318252563,
        0.24761879444122314,
        0.23624378442764282,
        0.7210622429847717,
        0.446405827999115,
        0.16421300172805786,
        0.7185333967208862,
        0.9150393605232239,
        0.18092727661132812,
        0.5575322508811951,
        0.1760367751121521,
        0.8451521992683411,
        0.03405517339706421,
        0.46641600131988525,
        0.7790868282318115,
        0.8080913424491882,
        0.386462926864624,
        0.7152029871940613,
        0.5064523816108704,
        0.6411893963813782,
        0.7733430862426758,
        0.5845445990562439,
        0.16507261991500854,
        0.23885345458984375,
        0.07747840881347656,
        0.7003013491630554,
        0.5734825134277344,
        0.5229162573814392,
        0.3975178003311157,
        0.4277327060699463,
        0.5032422542572021,
        0.7358152866363525,
        0.5639986991882324,
        0.046488821506500244,
        0.6064788103103638,
        0.39159852266311646,
        0.15197157859802246,
        0.4341639280319214,
        0.9222398996353149,
        0.8537047505378723,
        0.11537176370620728,
        0.9964128136634827,
        0.03660869598388672,
        0.32260292768478394,
        0.03175562620162964,
        0.585625946521759,
        0.8422158360481262,
        0.8079619407653809,
        0.30898046493530273,
        0.22112447023391724,
        0.7428363561630249,
        0.6131377220153809,
        0.8602600693702698,
        0.875420093536377,
        0.38002246618270874,
        0.9216663241386414,
        0.8987326622009277,
        0.1567133665084839,
        0.7685493230819702,
        0.9738436937332153,
        0.22060680389404297,
        0.7501958012580872,
        0.06348687410354614,
        0.05045163631439209,
        0.2320917248725891,
        0.34291625022888184,
        0.5658465027809143,
        0.80942702293396,
        0.9287434816360474
    ],
    "y_values": [
        0.8557242751121521,
        0.8835649490356445,
        0.3300935626029968,
        0.890102744102478,
        0.8001610040664673,
        0.8783931136131287,
        0.8342112898826599,
        0.4541323184967041,
        0.8853145241737366,
        0.9125051498413086,
        0.3677433729171753,
        0.5724732875823975,
        0.8752062916755676,
        0.692271888256073,
        0.9011165499687195,
        0.7724615335464478,
        0.20602118968963623,
        0.18039226531982422,
        0.5871004462242126,
        0.5073958039283752,
        0.934469997882843,
        0.9124084115028381,
        0.4687126874923706,
        0.2332683801651001,
        0.0882689356803894,
        0.17760372161865234,
        0.2489117980003357,
        0.030811727046966553,
        0.3577579855918884,
        0.3105360269546509,
        0.12681537866592407,
        0.5802291035652161,
        0.5548805594444275,
        0.29337078332901,
        0.6629916429519653,
        0.9932715892791748,
        0.5281073451042175,
        0.4854274392127991,
        0.41331952810287476,
        0.10278064012527466,
        0.18262070417404175,
        0.5817317962646484,
        0.21208178997039795,
        0.6376147866249084,
        0.8915666341781616,
        0.49212783575057983,
        0.32892274856567383,
        0.3335408568382263,
        0.08506917953491211,
        0.036057114601135254,
        0.13498449325561523,
        0.8926937580108643,
        0.4639357328414917,
        0.7079588770866394,
        0.7207924723625183,
        0.5930386185646057,
        0.5931603908538818,
        0.7259562015533447,
        0.3866686224937439,
        0.1314118504524231,
        0.014161288738250732,
        0.42382127046585083,
        0.9646016955375671,
        0.8299075365066528,
        0.43901968002319336,
        0.4110383987426758,
        0.6994642615318298,
        0.8958327174186707,
        0.8223251700401306,
        0.11977791786193848
    ]
}