{
    "format": 8,
    "name": "n80k6_26",
    "n": 80,
    "k": 6,
    "capacity": 14,
    "optimal_solution": 13.820598602294922,
    "x_values": [
        0.37193381786346436,
        0.5428846478462219,
        0.17644256353378296,
        0.35356515645980835,
        0.8845608830451965,
        0.782477617263794,
        0.42036646604537964,
        0.7957194447517395,
        0.3478381037712097,
        0.34415769577026367,
        0.1964486837387085,
        0.05357348918914795,
        0.9127106070518494,
        0.357793927192688,
        0.11690890789031982,
        0.15655720233917236,
        0.8178723454475403,
        0.9722962379455566,
        0.07307672500610352,
        0.7400959134101868,
        0.18337231874465942,
        0.06762027740478516,
        0.25455617904663086,
        0.3481494188308716,
        0.7737981081008911,
        0.040116965770721436,
        0.9364140033721924,
        0.8757749199867249,
        0.5480675101280212,
        0.08349424600601196,
        0.2240542769432068,
        0.5230815410614014,
        0.03338533639907837,
        0.5030874013900757,
        0.8048997521400452,
        0.8463813662528992,
        0.4754909873008728,
        0.7775588035583496,
        0.513530433177948,
        0.4614816904067993,
        0.3993096351623535,
        0.4078357219696045,
        0.3335152268409729,
        0.6093593835830688,
        0.764755368232727,
        0.6536452770233154,
        0.5347803235054016,
        0.36285877227783203,
        0.6917734742164612,
        0.9141076803207397,
        0.4527714252471924,
        0.0005394220352172852,
        0.922508180141449,
        0.3688795566558838,
        0.5385456085205078,
        0.4345155954360962,
        0.6330766081809998,
        0.6996386051177979,
        0.3111887574195862,
        0.43888628482818604,
        0.42906785011291504,
        0.9896340370178223,
        0.3911837935447693,
        0.7267332077026367,
        0.2276650071144104,
        0.6491007208824158,
        0.8874177932739258,
        0.6317952871322632,
        0.33457523584365845,
        0.8152492046356201,
        0.695304811000824,
        0.1831851601600647,
        0.4669949412345886,
        0.09191364049911499,
        0.570131778717041,
        0.8000234961509705,
        0.18691754341125488,
        0.9374470114707947,
        0.5478799343109131,
        0.12789231538772583
    ],
    "y_values": [
        0.5393412113189697,
        0.1770317554473877,
        0.7828157544136047,
        0.33745890855789185,
        0.0466650128364563,
        0.16118460893630981,
        0.4823320508003235,
        0.8923057913780212,
        0.8462406396865845,
        0.436032235622406,
        0.621556282043457,
        0.6061862707138062,
        0.5605522990226746,
        0.53156977891922,
        0.8016518950462341,
        0.15221107006072998,
        0.7011557817459106,
        0.7927096486091614,
        0.2854871153831482,
        0.4834336042404175,
        0.5876055955886841,
        0.7179219722747803,
        0.3928501605987549,
        0.2421237826347351,
        0.8223812580108643,
        0.7585981488227844,
        0.1765979528427124,
        0.4335688352584839,
        0.5473387241363525,
        0.784286618232727,
        0.1722988486289978,
        0.42043089866638184,
        0.7975125312805176,
        0.566857099533081,
        0.33120959997177124,
        0.9683442711830139,
        0.28316617012023926,
        0.2639729380607605,
        0.6323839426040649,
        0.6782146096229553,
        0.3898927569389343,
        0.8650539517402649,
        0.18393343687057495,
        0.4367927312850952,
        0.706980288028717,
        0.6958124041557312,
        0.18676131963729858,
        0.6416257619857788,
        0.5965580940246582,
        0.18108397722244263,
        0.15320652723312378,
        0.29471540451049805,
        0.12387335300445557,
        0.48338770866394043,
        0.7400112748146057,
        0.2647654414176941,
        0.8580588698387146,
        0.2135024070739746,
        0.5303785800933838,
        0.30067163705825806,
        0.7562450766563416,
        0.5782987475395203,
        0.4802597165107727,
        0.9004238843917847,
        0.4763197898864746,
        0.2966655492782593,
        0.5265510082244873,
        0.16911309957504272,
        0.13187181949615479,
        0.9784215688705444,
        0.8814510107040405,
        0.571747899055481,
        0.708770215511322,
        0.2623775601387024,
        0.34474122524261475,
        0.12557125091552734,
        0.30365294218063354,
        0.6857990026473999,
        0.2549309730529785,
        0.8049730658531189
    ]
}