{
    "format": 8,
    "name": "n80k6_56",
    "n": 80,
    "k": 6,
    "capacity": 14,
    "optimal_solution": 14.510000228881836,
    "x_values": [
        0.3168675899505615,
        0.7679939866065979,
        0.5635735392570496,
        0.5497623682022095,
        0.24505919218063354,
        0.8536791801452637,
        0.48143470287323,
        0.8328625559806824,
        0.2144288420677185,
        0.6623835563659668,
        0.2595313787460327,
        0.4044235348701477,
        0.0021901726722717285,
        0.23315852880477905,
        0.036588430404663086,
        0.5785178542137146,
        0.6964324712753296,
        0.5746157169342041,
        0.5565001368522644,
        0.6821741461753845,
        0.042137205600738525,
        0.3931042551994324,
        0.9915431141853333,
        0.321635365486145,
        0.04458397626876831,
        0.9865455627441406,
        0.6386268734931946,
        0.9623132348060608,
        0.23104262351989746,
        0.3822792172431946,
        0.056734442710876465,
        0.037094056606292725,
        0.42504453659057617,
        0.8844914436340332,
        0.47498345375061035,
        0.5423784852027893,
        0.3968386650085449,
        0.14341628551483154,
        0.3524264693260193,
        0.07828444242477417,
        0.15714967250823975,
        0.7066743969917297,
        0.8604589104652405,
        0.2103704810142517,
        0.2447950839996338,
        0.6155235171318054,
        0.5177724361419678,
        0.5296406149864197,
        0.15665608644485474,
        0.35517483949661255,
        0.6905450820922852,
        0.7167165875434875,
        0.233137309551239,
        0.4905140995979309,
        0.5176335573196411,
        0.6692109704017639,
        0.29293209314346313,
        0.01727008819580078,
        0.3399435877799988,
        0.3293187618255615,
        0.7391001582145691,
        0.5848897695541382,
        0.3348279595375061,
        0.27842211723327637,
        0.15540450811386108,
        0.6247133016586304,
        0.3759914040565491,
        0.12299603223800659,
        0.5218410491943359,
        0.4741092920303345,
        0.5018847584724426,
        0.9582132697105408,
        0.7161446213722229,
        0.14468306303024292,
        0.39212942123413086,
        0.07386863231658936,
        0.0178985595703125,
        0.4691757559776306,
        0.5968695878982544,
        0.0020614266395568848
    ],
    "y_values": [
        0.8328905701637268,
        0.6016857028007507,
        0.6484986543655396,
        0.774528980255127,
        0.2472725510597229,
        0.21470266580581665,
        0.03186148405075073,
        0.6849551200866699,
        0.8330180644989014,
        0.03777962923049927,
        0.04897201061248779,
        0.5923992991447449,
        0.179648756980896,
        0.09361499547958374,
        0.4982817769050598,
        0.3277791142463684,
        0.7041884064674377,
        0.1714012622833252,
        0.011932671070098877,
        0.5281206369400024,
        0.3282375931739807,
        0.8887063264846802,
        0.3443383574485779,
        0.10884720087051392,
        0.9208393692970276,
        0.016713201999664307,
        0.269037127494812,
        0.9154655337333679,
        0.3530197739601135,
        0.8094503879547119,
        0.31995606422424316,
        0.20168954133987427,
        0.35831475257873535,
        0.43301379680633545,
        0.7044071555137634,
        0.4028361439704895,
        0.7840484380722046,
        0.06183534860610962,
        0.7300214767456055,
        0.9262171983718872,
        0.4111901521682739,
        0.6645215749740601,
        0.12045782804489136,
        0.5091454982757568,
        0.3988717198371887,
        0.019754528999328613,
        0.4763084053993225,
        0.6341174244880676,
        0.81429123878479,
        0.28423386812210083,
        0.8418905735015869,
        0.7418311834335327,
        0.21140652894973755,
        0.3565536141395569,
        0.8724031448364258,
        0.8526391386985779,
        0.6153215169906616,
        0.8657633066177368,
        0.3913014531135559,
        0.19693386554718018,
        0.3348057270050049,
        0.7139936685562134,
        0.8201402425765991,
        0.777787446975708,
        0.47010207176208496,
        0.17672300338745117,
        0.5915881991386414,
        0.276416540145874,
        0.25628477334976196,
        0.32336997985839844,
        0.23922759294509888,
        0.7957905530929565,
        0.23457717895507812,
        0.47616326808929443,
        0.8875807523727417,
        0.4030236601829529,
        0.6352693438529968,
        0.1439133882522583,
        0.9992600679397583,
        0.6198665499687195
    ]
}