{
    "format": 2,
    "name": "n100k3_5",
    "n": 100,
    "k": 3,
    "optimal_solution": 29.443117141723633,
    "x_values": [
        0.5397399663925171,
        0.7038314938545227,
        0.9980208277702332,
        0.49874866008758545,
        0.28440171480178833,
        0.7838587760925293,
        0.019107341766357422,
        0.054379820823669434,
        0.7451254725456238,
        0.8732735514640808,
        0.06285220384597778,
        0.8054333925247192,
        0.9941812753677368,
        0.759533703327179,
        0.7857243418693542,
        0.2143307328224182,
        0.9310258030891418,
        0.40779900550842285,
        0.25943779945373535,
        0.75554358959198,
        0.692308783531189,
        0.41756701469421387,
        0.8754469156265259,
        0.028041183948516846,
        0.9650015830993652,
        0.18885022401809692,
        0.019713401794433594,
        0.6003928780555725,
        0.30404943227767944,
        0.9153156280517578,
        0.76353919506073,
        0.07700526714324951,
        0.0264778733253479,
        0.5652082562446594,
        0.48098844289779663,
        0.15380877256393433,
        0.5042084455490112,
        0.6714794635772705,
        0.10828477144241333,
        0.3827187418937683,
        0.6607102155685425,
        0.6368193030357361,
        0.8768578171730042,
        0.18256419897079468,
        0.8591178059577942,
        0.4438905715942383,
        0.9421647191047668,
        0.20596301555633545,
        0.9771763682365417,
        0.23437708616256714,
        0.5043522119522095,
        0.9039035439491272,
        0.0778701901435852,
        0.1592450737953186,
        0.7421169281005859,
        0.789445698261261,
        0.34331047534942627,
        0.6016406416893005,
        0.23187440633773804,
        0.2646382451057434,
        0.9141151309013367,
        0.6668844223022461,
        0.5379226207733154,
        0.4356541633605957,
        0.10503017902374268,
        0.3032439351081848,
        0.08530086278915405,
        0.8608428239822388,
        0.4867165684700012,
        0.6822853684425354,
        0.19737935066223145,
        0.007222414016723633,
        0.2889445424079895,
        0.09472471475601196,
        0.8303931951522827,
        0.08733010292053223,
        0.014795243740081787,
        0.43923574686050415,
        0.13991039991378784,
        0.8993197083473206,
        0.755277156829834,
        0.21782028675079346,
        0.7096351981163025,
        0.5232599377632141,
        0.7578905820846558,
        0.3315950036048889,
        0.47018736600875854,
        0.7458972334861755,
        0.3597721457481384,
        0.7644690871238708,
        0.6974064707756042,
        0.6486517786979675,
        0.6813209056854248,
        0.8452405333518982,
        0.8839083909988403,
        0.7834254503250122,
        0.2862663269042969,
        0.08454352617263794,
        0.6452313661575317,
        0.7989960312843323
    ],
    "y_values": [
        0.49131983518600464,
        0.009579598903656006,
        0.7318037748336792,
        0.9597874879837036,
        0.3428221344947815,
        0.17073285579681396,
        0.5478084087371826,
        0.01896268129348755,
        0.09758466482162476,
        0.45902442932128906,
        0.7895373702049255,
        0.011998772621154785,
        0.5774303674697876,
        0.30364465713500977,
        0.8655480742454529,
        0.6961760520935059,
        0.043784141540527344,
        0.3127850294113159,
        0.9314072728157043,
        0.22763961553573608,
        0.9742805361747742,
        0.3087749481201172,
        0.12306177616119385,
        0.6415750980377197,
        0.12397849559783936,
        0.3752526640892029,
        0.3770430088043213,
        0.19325244426727295,
        0.11648303270339966,
        0.7161378264427185,
        0.5640415549278259,
        0.1928144097328186,
        0.5510810017585754,
        0.9009891152381897,
        0.49696409702301025,
        0.8834252953529358,
        0.25798743963241577,
        0.8746374249458313,
        0.9603475332260132,
        0.01422262191772461,
        0.48458659648895264,
        0.7690108418464661,
        0.9086507558822632,
        0.35615092515945435,
        0.579443097114563,
        0.4770451784133911,
        0.9588324427604675,
        0.5713798403739929,
        0.09634214639663696,
        0.14570897817611694,
        0.3839606046676636,
        0.20099729299545288,
        0.43339383602142334,
        0.08759772777557373,
        0.5251337289810181,
        0.12918031215667725,
        0.14040738344192505,
        0.8972141742706299,
        0.743523895740509,
        0.9019950032234192,
        0.8684264421463013,
        0.7689392566680908,
        0.23423171043395996,
        0.8028872609138489,
        0.698183000087738,
        0.6214069724082947,
        0.8538176417350769,
        0.04588460922241211,
        0.06791013479232788,
        0.6656872034072876,
        0.8360626697540283,
        0.26630157232284546,
        0.6480868458747864,
        0.13414663076400757,
        0.07018887996673584,
        0.3398820757865906,
        0.4980012774467468,
        0.31201881170272827,
        0.026112496852874756,
        0.6483779549598694,
        0.9997208118438721,
        0.6492162942886353,
        0.020949065685272217,
        0.06825852394104004,
        0.8079747557640076,
        0.9667137861251831,
        0.9720514416694641,
        0.5892276763916016,
        0.015346348285675049,
        0.6743602156639099,
        0.9526318907737732,
        0.8662256598472595,
        0.9053183197975159,
        0.3468562364578247,
        0.5147128701210022,
        0.9593781232833862,
        0.457780659198761,
        0.9276330471038818,
        0.5245023965835571,
        0.5093966126441956
    ]
}