{
    "format": 2,
    "name": "n90k9_63",
    "n": 90,
    "k": 9,
    "optimal_solution": 12.926177978515625,
    "x_values": [
        0.21137088537216187,
        0.555697500705719,
        0.1651684045791626,
        0.9188315272331238,
        0.6914425492286682,
        0.9787361025810242,
        0.2439786195755005,
        0.7058430910110474,
        0.2862817645072937,
        0.73444664478302,
        0.3859730362892151,
        0.7328348755836487,
        0.8782027959823608,
        0.5220952033996582,
        0.56926029920578,
        0.8738154768943787,
        0.29646140336990356,
        0.7894023060798645,
        0.9160333871841431,
        0.34507620334625244,
        0.13182008266448975,
        0.7675992250442505,
        0.5482740998268127,
        0.8774752616882324,
        0.7459829449653625,
        0.8141354322433472,
        0.15651249885559082,
        0.8129292726516724,
        0.0319288969039917,
        0.3086877465248108,
        0.28110015392303467,
        0.019171833992004395,
        0.015661954879760742,
        0.4905428886413574,
        0.8128960728645325,
        0.37177014350891113,
        0.23896199464797974,
        0.9410054683685303,
        0.27796149253845215,
        0.5421910285949707,
        0.6830232739448547,
        0.98299241065979,
        0.376700222492218,
        0.6709663271903992,
        0.05260634422302246,
        0.2013532519340515,
        0.5148054957389832,
        0.32255762815475464,
        0.5526140928268433,
        0.23243725299835205,
        0.42580264806747437,
        0.4570881724357605,
        0.704553484916687,
        0.6782612800598145,
        0.7843577861785889,
        0.1278601884841919,
        0.8400782346725464,
        0.7344229817390442,
        0.08778250217437744,
        0.28270596265792847,
        0.9924692511558533,
        0.5139456391334534,
        0.5675194263458252,
        0.7137541770935059,
        0.46008044481277466,
        0.034231483936309814,
        0.04413110017776489,
        0.24059021472930908,
        0.8550471067428589,
        0.7596707940101624,
        0.9969245791435242,
        0.4267702102661133,
        0.9399691820144653,
        0.7721496820449829,
        0.2486400008201599,
        0.6235324740409851,
        0.5278421640396118,
        0.10990583896636963,
        0.5208773612976074,
        0.5150908827781677,
        0.8063438534736633,
        0.769928514957428,
        0.9630457162857056,
        0.5546949505805969,
        0.26015520095825195,
        0.2992303967475891,
        0.3528174161911011,
        0.17018187046051025,
        0.083304762840271,
        0.7060259580612183
    ],
    "y_values": [
        0.03829270601272583,
        0.7114090919494629,
        0.5259506106376648,
        0.9121699929237366,
        0.6663945317268372,
        0.25513970851898193,
        0.9015072584152222,
        0.9425776600837708,
        0.9861040711402893,
        0.971636950969696,
        0.9282567501068115,
        0.5467385649681091,
        0.12235748767852783,
        0.16079819202423096,
        0.8990404009819031,
        0.17500030994415283,
        0.7439448237419128,
        0.08896398544311523,
        0.017162084579467773,
        0.8276188373565674,
        0.6768676042556763,
        0.09253877401351929,
        0.9433470368385315,
        0.3350486755371094,
        0.6613712906837463,
        0.37933349609375,
        0.32541942596435547,
        0.6730955243110657,
        0.17045533657073975,
        0.1875935196876526,
        0.6041906476020813,
        0.7473927736282349,
        0.9040559530258179,
        0.8251769542694092,
        0.7522765398025513,
        0.14162671566009521,
        0.9700723886489868,
        0.485576868057251,
        0.1903403401374817,
        0.808728814125061,
        0.3760741353034973,
        0.7405686378479004,
        0.2979236841201782,
        0.21882116794586182,
        0.12493479251861572,
        0.8711411952972412,
        0.6314666271209717,
        0.008021771907806396,
        0.4694194793701172,
        0.03984212875366211,
        0.4128342270851135,
        0.14399147033691406,
        0.03190678358078003,
        0.2765454649925232,
        0.42120563983917236,
        0.7963901162147522,
        0.2094241976737976,
        0.6494300365447998,
        0.12308526039123535,
        0.37217605113983154,
        0.6818695068359375,
        0.07461047172546387,
        0.9014387726783752,
        0.622893750667572,
        0.31309813261032104,
        0.2332107424736023,
        0.4766402840614319,
        0.4738437533378601,
        0.6158736348152161,
        0.246795654296875,
        0.928904116153717,
        0.29256463050842285,
        0.8983080983161926,
        0.5868616700172424,
        0.3575133681297302,
        0.7462065815925598,
        0.02506321668624878,
        0.07999259233474731,
        0.6653367877006531,
        0.9040399193763733,
        0.6476385593414307,
        0.10775214433670044,
        0.8465097546577454,
        0.37456434965133667,
        0.03143817186355591,
        0.8669542670249939,
        0.8915501832962036,
        0.35099101066589355,
        0.707277774810791,
        0.7546551823616028
    ]
}