{
    "format": 2,
    "name": "n90k9_55",
    "n": 90,
    "k": 9,
    "optimal_solution": 12.68600845336914,
    "x_values": [
        0.8222927451133728,
        0.324019193649292,
        0.8512151837348938,
        0.09673941135406494,
        0.3159791827201843,
        0.048818230628967285,
        0.06566190719604492,
        0.6254135370254517,
        0.3274056911468506,
        0.8056647181510925,
        0.34005826711654663,
        0.6900611519813538,
        0.718345582485199,
        0.7597375512123108,
        0.12912404537200928,
        0.6481320858001709,
        0.6649959683418274,
        0.834905207157135,
        0.8515480160713196,
        0.6006737947463989,
        0.5368310809135437,
        0.007357299327850342,
        0.8273096680641174,
        0.16760021448135376,
        0.03566819429397583,
        0.06827807426452637,
        0.4370993375778198,
        0.20104414224624634,
        0.9224728345870972,
        0.2102043628692627,
        0.2928791642189026,
        0.288411021232605,
        0.4511430859565735,
        0.45737481117248535,
        0.7007032036781311,
        0.15635532140731812,
        0.1801803708076477,
        0.0907517671585083,
        0.6989156007766724,
        0.7382876873016357,
        0.2902427911758423,
        0.3276814818382263,
        0.46979475021362305,
        0.6160746812820435,
        0.5136661529541016,
        0.06693035364151001,
        0.1134040355682373,
        0.9531051516532898,
        0.6627317667007446,
        0.21500879526138306,
        0.3536328673362732,
        0.16567093133926392,
        0.4669826626777649,
        0.6078368425369263,
        0.8086651563644409,
        0.4212055802345276,
        0.08578634262084961,
        0.46523481607437134,
        0.6308656930923462,
        0.7113401889801025,
        0.9694070816040039,
        0.06767576932907104,
        0.17381614446640015,
        0.32441699504852295,
        0.5574191808700562,
        0.7035837769508362,
        0.2574576139450073,
        0.10795378684997559,
        0.1268799901008606,
        0.06746929883956909,
        0.08135724067687988,
        0.558931827545166,
        0.7579445838928223,
        0.5559940934181213,
        0.31804347038269043,
        0.10320430994033813,
        0.2517163157463074,
        0.10897815227508545,
        0.7631070613861084,
        0.8436733484268188,
        0.30509650707244873,
        0.8987624049186707,
        0.6360653638839722,
        0.742829442024231,
        0.2498531937599182,
        0.6056920886039734,
        0.36921119689941406,
        0.667118489742279,
        0.08899128437042236,
        0.5242756605148315
    ],
    "y_values": [
        0.27778464555740356,
        0.18229901790618896,
        0.6539912223815918,
        0.5281227827072144,
        0.26698511838912964,
        0.7409757375717163,
        0.44342905282974243,
        0.05817878246307373,
        0.06814754009246826,
        0.7593812942504883,
        0.9186608791351318,
        0.44285160303115845,
        0.7153183221817017,
        0.5706918239593506,
        0.3228985667228699,
        0.7687540054321289,
        0.547808825969696,
        0.1960453987121582,
        0.6970348954200745,
        0.22192931175231934,
        0.3302263021469116,
        0.20759111642837524,
        0.9575633406639099,
        0.02576422691345215,
        0.643562376499176,
        0.9294998645782471,
        0.6912331581115723,
        0.782135546207428,
        0.09038925170898438,
        0.6670606732368469,
        0.13770818710327148,
        0.28024065494537354,
        0.605854332447052,
        0.16134577989578247,
        0.576629638671875,
        0.031147480010986328,
        0.3333044648170471,
        0.9518947005271912,
        0.7081195116043091,
        0.9792344570159912,
        0.3070262670516968,
        0.9901155233383179,
        0.16803652048110962,
        0.05280095338821411,
        0.688733696937561,
        0.2105388045310974,
        0.5316374897956848,
        0.47918814420700073,
        0.9058926701545715,
        0.8041969537734985,
        0.6702151298522949,
        0.3707181215286255,
        0.03302311897277832,
        0.40777450799942017,
        0.3571680188179016,
        0.7928138971328735,
        0.9982632994651794,
        0.2876286506652832,
        0.6310832500457764,
        0.6683045029640198,
        0.5916018486022949,
        0.7797632813453674,
        0.47608643770217896,
        0.6457224488258362,
        0.3591960072517395,
        0.2660177946090698,
        0.9310091733932495,
        0.7890980839729309,
        0.9297751784324646,
        0.34511464834213257,
        0.5860797166824341,
        0.09165209531784058,
        0.5164681673049927,
        0.7504296898841858,
        0.7901422381401062,
        0.9667765498161316,
        0.8689505457878113,
        0.8840189576148987,
        0.2840750813484192,
        0.613215982913971,
        0.3992038369178772,
        0.8702739477157593,
        0.3436175584793091,
        0.39018017053604126,
        0.8873066902160645,
        0.6571601629257202,
        0.4438924789428711,
        0.27936607599258423,
        0.2464260458946228,
        0.2810656428337097
    ]
}