{
    "format": 5,
    "name": "n50k5_21",
    "n": 50,
    "k": 5,
    "optimal_solution": 0.37849414348602295,
    "x_values": [
        0.07666462659835815,
        0.8527437448501587,
        0.18610167503356934,
        0.1637643575668335,
        0.7180264592170715,
        0.362631618976593,
        0.4491835832595825,
        0.7114897966384888,
        0.13867467641830444,
        0.3093903064727783,
        0.39049142599105835,
        0.8613611459732056,
        0.43343812227249146,
        0.750704288482666,
        0.6614460349082947,
        0.23895704746246338,
        0.7363812923431396,
        0.6450543999671936,
        0.6768088340759277,
        0.4899008274078369,
        0.19143807888031006,
        0.07479643821716309,
        0.16649961471557617,
        0.2046714425086975,
        0.9899137020111084,
        0.926550030708313,
        0.570426881313324,
        0.4964370131492615,
        0.7960375547409058,
        0.29691630601882935,
        0.374492883682251,
        0.9778671860694885,
        0.27503788471221924,
        0.9921901226043701,
        0.38966667652130127,
        0.5662227272987366,
        0.6546255350112915,
        0.14452147483825684,
        0.8493722677230835,
        0.6358643770217896,
        0.8677712082862854,
        0.887714147567749,
        0.45038366317749023,
        0.2912678122520447,
        0.8330215811729431,
        0.5132363438606262,
        0.6808717846870422,
        0.6681094765663147,
        0.5616077780723572,
        0.22805821895599365
    ],
    "y_values": [
        0.7232702970504761,
        0.9005798697471619,
        0.056014835834503174,
        0.6478159427642822,
        0.9000903964042664,
        0.9791318774223328,
        0.8938098549842834,
        0.3941683769226074,
        0.24870461225509644,
        0.4427996277809143,
        0.5796497464179993,
        0.10856890678405762,
        0.2828110456466675,
        0.8606569766998291,
        0.29077088832855225,
        0.35963547229766846,
        0.15715783834457397,
        0.20390576124191284,
        0.020518004894256592,
        0.9394618272781372,
        0.07495361566543579,
        0.6696062088012695,
        0.6861147284507751,
        0.7995122671127319,
        0.11859536170959473,
        0.059685707092285156,
        0.32780563831329346,
        0.03422611951828003,
        0.3739144206047058,
        0.11440473794937134,
        0.9801235795021057,
        0.38509947061538696,
        0.08359682559967041,
        0.928617000579834,
        0.022467434406280518,
        0.5576087832450867,
        0.41224348545074463,
        0.4038922190666199,
        0.9848034977912903,
        0.3504633903503418,
        0.7397845387458801,
        0.5145871639251709,
        0.41650325059890747,
        0.6014348268508911,
        0.6076228022575378,
        0.7569347023963928,
        0.7305513024330139,
        0.06190544366836548,
        0.6300954818725586,
        0.4499548673629761
    ]
}