{
    "format": 2,
    "name": "n50k5_39",
    "n": 50,
    "k": 5,
    "optimal_solution": 8.600393295288086,
    "x_values": [
        0.8284627795219421,
        0.39681869745254517,
        0.7538049221038818,
        0.4633139371871948,
        0.41451358795166016,
        0.5286321640014648,
        0.20107430219650269,
        0.6028754711151123,
        0.31279516220092773,
        0.7158584594726562,
        0.05000185966491699,
        0.536790132522583,
        0.6174269318580627,
        0.08282816410064697,
        0.4724198579788208,
        0.5883062481880188,
        0.23626446723937988,
        0.23095959424972534,
        0.6006279587745667,
        0.22049105167388916,
        0.5436704754829407,
        0.1457533836364746,
        0.7785487771034241,
        0.5109312534332275,
        0.9379350543022156,
        0.5569986701011658,
        0.3121708035469055,
        0.285835325717926,
        0.6540819406509399,
        0.7361024618148804,
        0.3642929792404175,
        0.32666170597076416,
        0.24397224187850952,
        0.626424252986908,
        0.033779799938201904,
        0.19979870319366455,
        0.771483302116394,
        0.7975370287895203,
        0.5094876885414124,
        0.7229048609733582,
        0.6607396602630615,
        0.6998627185821533,
        0.9865388870239258,
        0.7582958936691284,
        0.38973039388656616,
        0.289617121219635,
        0.04312342405319214,
        0.3504416346549988,
        0.5101847648620605,
        0.4721558094024658
    ],
    "y_values": [
        0.9622170925140381,
        0.287564218044281,
        0.17483484745025635,
        0.6740111708641052,
        0.12209451198577881,
        0.19237428903579712,
        0.3310275673866272,
        0.5082353353500366,
        0.27547454833984375,
        0.9729589223861694,
        0.8165220022201538,
        0.20543420314788818,
        0.3279030919075012,
        0.11037933826446533,
        0.862943708896637,
        0.4194236993789673,
        0.16581326723098755,
        0.36758631467819214,
        0.28777408599853516,
        0.7028285264968872,
        0.24821192026138306,
        0.05437827110290527,
        0.40007561445236206,
        0.11711561679840088,
        0.9653226733207703,
        0.8512520790100098,
        0.8942375779151917,
        0.9533807635307312,
        0.8100138902664185,
        0.630849301815033,
        0.9301916360855103,
        0.8033827543258667,
        0.5037989616394043,
        0.6725173592567444,
        0.14880061149597168,
        0.5455683469772339,
        0.6992967128753662,
        0.5237968564033508,
        0.5786345601081848,
        0.6211371421813965,
        0.44263869524002075,
        0.06237119436264038,
        0.8175327777862549,
        0.6910208463668823,
        0.8084839582443237,
        0.8156436085700989,
        0.4892933964729309,
        0.9982269406318665,
        0.2982567548751831,
        0.2539990544319153
    ]
}