{
    "format": 2,
    "name": "n90k4_19",
    "n": 90,
    "k": 4,
    "optimal_solution": 20.09172248840332,
    "x_values": [
        0.44744330644607544,
        0.6655477285385132,
        0.3271740674972534,
        0.11005133390426636,
        0.12907302379608154,
        0.5885061025619507,
        0.23937082290649414,
        0.5218405723571777,
        0.597686231136322,
        0.8167943954467773,
        0.13777202367782593,
        0.07785958051681519,
        0.11659520864486694,
        0.5580493807792664,
        0.6976221203804016,
        0.47052478790283203,
        0.469316303730011,
        0.2632543444633484,
        0.7365245223045349,
        0.9093564748764038,
        0.8634325265884399,
        0.4548952579498291,
        0.06302458047866821,
        0.5691113471984863,
        0.4860304594039917,
        0.5102958679199219,
        0.6865189075469971,
        0.7837153673171997,
        0.6613725423812866,
        0.010594666004180908,
        0.8650264143943787,
        0.06141781806945801,
        0.7040889263153076,
        0.45549196004867554,
        0.6335444450378418,
        0.35316962003707886,
        0.6182873249053955,
        0.0917394757270813,
        0.7411713004112244,
        0.20007550716400146,
        0.7508063316345215,
        0.38853687047958374,
        0.9095221757888794,
        0.3389918804168701,
        0.6219115257263184,
        0.8473419547080994,
        0.6422877907752991,
        0.8980196714401245,
        0.7213355898857117,
        0.5882518887519836,
        0.29392850399017334,
        0.21619683504104614,
        0.5615776181221008,
        0.8083530068397522,
        0.01252061128616333,
        0.612923800945282,
        0.3008177876472473,
        0.7598736882209778,
        0.6413831114768982,
        0.8188313841819763,
        0.3993679881095886,
        0.6157412528991699,
        0.875653088092804,
        0.9630637764930725,
        0.2230430245399475,
        0.22287285327911377,
        0.7441312670707703,
        0.9075160622596741,
        0.7308934330940247,
        0.7202871441841125,
        0.7821477651596069,
        0.6537907123565674,
        0.3172892928123474,
        0.11033457517623901,
        0.3211514949798584,
        0.9376744031906128,
        0.964363157749176,
        0.19620120525360107,
        0.18058717250823975,
        0.37499576807022095,
        0.7839841842651367,
        0.6038991212844849,
        0.6080162525177002,
        0.06583476066589355,
        0.29877328872680664,
        0.298151433467865,
        0.4673458933830261,
        0.7783940434455872,
        0.8241763710975647,
        0.5227661728858948
    ],
    "y_values": [
        0.2161790132522583,
        0.8222143650054932,
        0.7620022892951965,
        0.7691038846969604,
        0.12185609340667725,
        0.035674452781677246,
        0.8264292478561401,
        0.8178476095199585,
        0.13000011444091797,
        0.5776026844978333,
        0.966353714466095,
        0.28430646657943726,
        0.2718544006347656,
        0.09123975038528442,
        0.6601067185401917,
        0.3481464385986328,
        0.46471065282821655,
        0.604226291179657,
        0.3910091519355774,
        0.14005714654922485,
        0.42748796939849854,
        0.12562453746795654,
        0.9688140153884888,
        0.8056708574295044,
        0.7617911696434021,
        0.9933046698570251,
        0.1387520432472229,
        0.24295717477798462,
        0.9743619561195374,
        0.8166555762290955,
        0.9268736839294434,
        0.8583796620368958,
        0.4166630506515503,
        0.3022942543029785,
        0.5032461285591125,
        0.2040081024169922,
        0.7962310910224915,
        0.10567283630371094,
        0.8141714334487915,
        0.691956102848053,
        0.6216074824333191,
        0.05872917175292969,
        0.8737388849258423,
        0.2146209478378296,
        0.8902215361595154,
        0.1793002486228943,
        0.8008276224136353,
        0.2513124942779541,
        0.41797542572021484,
        0.5679865479469299,
        0.3406592607498169,
        0.6078415513038635,
        0.27423202991485596,
        0.7984175682067871,
        0.4958950877189636,
        0.2416999340057373,
        0.8553075194358826,
        0.5967848300933838,
        0.5739025473594666,
        0.6367270946502686,
        0.3839876055717468,
        0.4719933867454529,
        0.22222012281417847,
        0.7496755123138428,
        0.43256139755249023,
        0.05447345972061157,
        0.6041045784950256,
        0.22902542352676392,
        0.6250114440917969,
        0.4116896986961365,
        0.5424624681472778,
        0.32611405849456787,
        0.8441373705863953,
        0.8317184448242188,
        0.3118526339530945,
        0.6916916370391846,
        0.1231844425201416,
        0.9618580937385559,
        0.6181215047836304,
        0.44894105195999146,
        0.589641809463501,
        0.801455020904541,
        0.3334159851074219,
        0.1756654977798462,
        0.921637773513794,
        0.5133708715438843,
        0.5313022136688232,
        0.6093518733978271,
        0.5225986838340759,
        0.7520911693572998
    ]
}