{
    "format": 2,
    "name": "n90k4_9",
    "n": 90,
    "k": 4,
    "optimal_solution": 20.155759811401367,
    "x_values": [
        0.09402269124984741,
        0.7446578145027161,
        0.24846374988555908,
        0.9472628235816956,
        0.5589011907577515,
        0.6841112375259399,
        0.5291285514831543,
        0.966325581073761,
        0.9638343453407288,
        0.388125479221344,
        0.21505826711654663,
        0.3261960744857788,
        0.8115875124931335,
        0.5384887456893921,
        0.7365976572036743,
        0.2210935354232788,
        0.8277066349983215,
        0.34133440256118774,
        0.5045197606086731,
        0.7554879188537598,
        0.42642682790756226,
        0.2820051908493042,
        0.15390193462371826,
        0.8906051516532898,
        0.3100857138633728,
        0.6883496642112732,
        0.22836089134216309,
        0.009904146194458008,
        0.8337516188621521,
        0.4099481701850891,
        0.5021888017654419,
        0.5448909401893616,
        0.9292866587638855,
        0.41813403367996216,
        0.05116051435470581,
        0.9260155558586121,
        0.323090136051178,
        0.5848462581634521,
        0.3809066414833069,
        0.5028582811355591,
        0.9171410202980042,
        0.8400809168815613,
        0.8516398072242737,
        0.6348087191581726,
        0.9054567217826843,
        0.16610682010650635,
        0.30865049362182617,
        0.05489557981491089,
        0.5419213175773621,
        0.9587987661361694,
        0.15567326545715332,
        0.7583685517311096,
        0.935839831829071,
        0.44456344842910767,
        0.7250322103500366,
        0.8942354321479797,
        0.5705528259277344,
        0.9051874876022339,
        0.728399395942688,
        0.615480363368988,
        0.7745577096939087,
        0.8158894777297974,
        0.4026380777359009,
        0.39436864852905273,
        0.38913029432296753,
        0.47925007343292236,
        0.690572202205658,
        0.08315473794937134,
        0.16253644227981567,
        0.9471435546875,
        0.8078453540802002,
        0.6011231541633606,
        0.47119319438934326,
        0.8148638606071472,
        0.9784555435180664,
        0.8985686302185059,
        0.33187514543533325,
        0.6490238308906555,
        0.7666897773742676,
        0.9606826901435852,
        0.15698087215423584,
        0.6452815532684326,
        0.17763066291809082,
        0.8248506784439087,
        0.40853679180145264,
        0.5779246687889099,
        0.7036930322647095,
        0.5831942558288574,
        0.8003553152084351,
        0.6986047029495239
    ],
    "y_values": [
        0.23184895515441895,
        0.15193694829940796,
        0.9537785649299622,
        0.6643357872962952,
        0.02459508180618286,
        0.6253870725631714,
        0.860811173915863,
        0.5186741352081299,
        0.5682007074356079,
        0.4237945079803467,
        0.8851189613342285,
        0.0864565372467041,
        0.2790467143058777,
        0.2976917624473572,
        0.5278722643852234,
        0.36783134937286377,
        0.6824679970741272,
        0.43843233585357666,
        0.4938581585884094,
        0.44328469038009644,
        0.8891086578369141,
        0.7533372640609741,
        0.003955721855163574,
        0.607052743434906,
        0.8373939990997314,
        0.5800322890281677,
        0.5719914436340332,
        0.25922876596450806,
        0.6938130259513855,
        0.6946680545806885,
        0.737193763256073,
        0.5644051432609558,
        0.603038489818573,
        0.1428491473197937,
        0.7936913371086121,
        0.9715828895568848,
        0.912514865398407,
        0.09179443120956421,
        0.38830482959747314,
        0.8969806432723999,
        0.9973000288009644,
        0.7553550004959106,
        0.939710259437561,
        0.05207854509353638,
        0.4573495388031006,
        0.5970051288604736,
        0.789573609828949,
        0.46362268924713135,
        0.7499788403511047,
        0.9900094866752625,
        0.5525884628295898,
        0.7284194827079773,
        0.18668925762176514,
        0.0079459547996521,
        0.9754549860954285,
        0.8270666003227234,
        0.29523295164108276,
        0.1843004822731018,
        0.31354767084121704,
        0.9120757579803467,
        0.878014087677002,
        0.715884804725647,
        0.5314499735832214,
        0.8573892712593079,
        0.4720918536186218,
        0.1580142378807068,
        0.8022401332855225,
        0.09056997299194336,
        0.3644838333129883,
        0.023930847644805908,
        0.8681769967079163,
        0.8365220427513123,
        0.8219507336616516,
        0.6805696487426758,
        0.6854733824729919,
        0.8146113753318787,
        0.2549464702606201,
        0.37640196084976196,
        0.28638261556625366,
        0.49436110258102417,
        0.47326529026031494,
        0.11472535133361816,
        0.5617473125457764,
        0.22477537393569946,
        0.5272033214569092,
        0.31153345108032227,
        0.0039321184158325195,
        0.8678649663925171,
        0.8356093168258667,
        0.6153913140296936
    ]
}