{
    "format": 2,
    "name": "n90k4_44",
    "n": 90,
    "k": 4,
    "optimal_solution": 19.72573471069336,
    "x_values": [
        0.3557739853858948,
        0.7222426533699036,
        0.3069862723350525,
        0.032366156578063965,
        0.11445075273513794,
        0.3162338137626648,
        0.8574346303939819,
        0.2579360604286194,
        0.3625226616859436,
        0.5260820388793945,
        0.7930095195770264,
        0.6067532896995544,
        0.5235557556152344,
        0.06455957889556885,
        0.42608314752578735,
        0.8899142146110535,
        0.167652428150177,
        0.433527410030365,
        0.6473357081413269,
        0.4914214015007019,
        0.3539738655090332,
        0.5214866399765015,
        0.8493771553039551,
        0.6184934973716736,
        0.30166029930114746,
        0.01192319393157959,
        0.6338903903961182,
        0.5812885165214539,
        0.42587053775787354,
        0.8071750998497009,
        0.46993714570999146,
        0.17545592784881592,
        0.6530122756958008,
        0.10441851615905762,
        0.22834014892578125,
        0.6138203740119934,
        0.21344536542892456,
        0.3344264626502991,
        0.37099021673202515,
        0.1411110758781433,
        0.5810409188270569,
        0.37461918592453003,
        0.4933226704597473,
        0.3892555832862854,
        0.7582424879074097,
        0.1392863392829895,
        0.4994245767593384,
        0.7782695293426514,
        0.8322860598564148,
        0.39065563678741455,
        0.07723915576934814,
        0.27552545070648193,
        0.4023234248161316,
        0.6716188192367554,
        0.34998559951782227,
        0.3388049006462097,
        0.8768600821495056,
        0.8117762804031372,
        0.2739458680152893,
        0.5021235346794128,
        0.3556861877441406,
        0.5169304013252258,
        0.3094446063041687,
        0.2646855115890503,
        0.04996490478515625,
        0.4406566023826599,
        0.9451908469200134,
        0.7175495028495789,
        0.960763692855835,
        0.20515543222427368,
        0.40182673931121826,
        0.7950038313865662,
        0.8936010599136353,
        0.4742599129676819,
        0.6447247862815857,
        0.12021040916442871,
        0.010129988193511963,
        0.7520728707313538,
        0.37959176301956177,
        0.8418682813644409,
        0.18964886665344238,
        0.5392392873764038,
        0.15112650394439697,
        0.6028866767883301,
        0.19057130813598633,
        0.445398211479187,
        0.44095665216445923,
        0.8904958963394165,
        0.17316871881484985,
        0.5842264294624329
    ],
    "y_values": [
        0.8747895359992981,
        0.27705031633377075,
        0.4146089553833008,
        0.20770663022994995,
        0.6659302115440369,
        0.6877009868621826,
        0.8445593118667603,
        0.25465482473373413,
        0.44811373949050903,
        0.09258472919464111,
        0.347784161567688,
        0.3745884895324707,
        0.2450513243675232,
        0.6568893790245056,
        0.01137775182723999,
        0.717028021812439,
        0.7052698135375977,
        0.19958585500717163,
        0.334661066532135,
        0.7164974808692932,
        0.2262769341468811,
        0.5689932107925415,
        0.6546299457550049,
        0.6463831663131714,
        0.8762000203132629,
        0.15872162580490112,
        0.8934165239334106,
        0.9628121852874756,
        0.014974117279052734,
        0.5641759634017944,
        0.5397865772247314,
        0.6811000108718872,
        0.5859857201576233,
        0.8130151033401489,
        0.7431609630584717,
        0.31018149852752686,
        0.40327614545822144,
        0.7031148076057434,
        0.9791757464408875,
        0.29923295974731445,
        0.08658874034881592,
        0.3474712371826172,
        0.3751712441444397,
        0.6532151699066162,
        0.4188786745071411,
        0.10911130905151367,
        0.0973430871963501,
        0.5694006681442261,
        0.1746227741241455,
        0.8439367413520813,
        0.23395544290542603,
        0.3510735034942627,
        0.7101870775222778,
        0.1053193211555481,
        0.5782212615013123,
        0.684259831905365,
        0.2568829655647278,
        0.7291978597640991,
        0.1059684157371521,
        0.3684222102165222,
        0.17559462785720825,
        0.19880110025405884,
        0.20103079080581665,
        0.5315992832183838,
        0.12731099128723145,
        0.2797389626502991,
        0.9941802620887756,
        0.47059184312820435,
        0.15291708707809448,
        0.23012232780456543,
        0.439347505569458,
        0.26125818490982056,
        0.9584853053092957,
        0.11345243453979492,
        0.048989295959472656,
        0.45360392332077026,
        0.8085485100746155,
        0.0068662166595458984,
        0.16781949996948242,
        0.8920241594314575,
        0.07861685752868652,
        0.13767731189727783,
        0.028390467166900635,
        0.3329539895057678,
        0.32402288913726807,
        0.38925033807754517,
        0.3659856915473938,
        0.7987399697303772,
        0.4227945804595947,
        0.9625941514968872
    ]
}