{
    "format": 2,
    "name": "n90k4_7",
    "n": 90,
    "k": 4,
    "optimal_solution": 20.86678123474121,
    "x_values": [
        0.9372748136520386,
        0.540149450302124,
        0.05540776252746582,
        0.3014358878135681,
        0.1283004879951477,
        0.4370741844177246,
        0.15733402967453003,
        0.8101043701171875,
        0.7388583421707153,
        0.3848406672477722,
        0.26732337474823,
        0.15036094188690186,
        0.6995278000831604,
        0.2927281856536865,
        0.11532557010650635,
        0.40964388847351074,
        0.7368808388710022,
        0.31221896409988403,
        0.7884235382080078,
        0.7151321768760681,
        0.12360066175460815,
        0.5477911233901978,
        0.8395618200302124,
        0.7610786557197571,
        0.9690487384796143,
        0.38035041093826294,
        0.7438240647315979,
        0.1043626070022583,
        0.6761313080787659,
        0.2575673460960388,
        0.8424447178840637,
        0.14152127504348755,
        0.3326449394226074,
        0.7261037230491638,
        0.8729193806648254,
        0.3968019485473633,
        0.08378803730010986,
        0.9478171467781067,
        0.8205606341362,
        0.8030763864517212,
        0.15350037813186646,
        0.6671473383903503,
        0.08602023124694824,
        0.4584234356880188,
        0.2786691188812256,
        0.5729374289512634,
        0.3950793743133545,
        0.81683349609375,
        0.37455642223358154,
        0.2087721824645996,
        0.8194665908813477,
        0.4836636185646057,
        0.6611990332603455,
        0.38782763481140137,
        0.16633093357086182,
        0.47565120458602905,
        0.16749536991119385,
        0.8687950372695923,
        0.9676392674446106,
        0.7224199175834656,
        0.7039351463317871,
        0.6673563122749329,
        0.63578200340271,
        0.2524057626724243,
        0.9609217047691345,
        0.11351138353347778,
        0.41156136989593506,
        0.8421345949172974,
        0.2757952809333801,
        0.2726944088935852,
        0.7072694897651672,
        0.015803158283233643,
        0.4865954518318176,
        0.8420292139053345,
        0.263759970664978,
        0.4332922101020813,
        0.23310774564743042,
        0.8869304656982422,
        0.0791618824005127,
        0.6621142625808716,
        0.5675491690635681,
        0.664915919303894,
        0.5234519243240356,
        0.6314974427223206,
        0.716930627822876,
        0.7508007287979126,
        0.0019369125366210938,
        0.12913960218429565,
        0.40349918603897095,
        0.6685307025909424
    ],
    "y_values": [
        0.3141176700592041,
        0.2337852120399475,
        0.9046581983566284,
        0.8269584774971008,
        0.94038987159729,
        0.3811165690422058,
        0.4460194706916809,
        0.9027950167655945,
        0.8989601731300354,
        0.7198439836502075,
        0.4305376410484314,
        0.13000893592834473,
        0.770919919013977,
        0.9670469164848328,
        0.02329552173614502,
        0.12967664003372192,
        0.1451510787010193,
        0.500466525554657,
        0.4335588812828064,
        0.5225827097892761,
        0.964592456817627,
        0.22745054960250854,
        0.2277708649635315,
        0.9770694971084595,
        0.8647911548614502,
        0.526265025138855,
        0.07801294326782227,
        0.2644174098968506,
        0.9650576114654541,
        0.8102034330368042,
        0.6553587317466736,
        0.06146794557571411,
        0.12141138315200806,
        0.3609411120414734,
        0.9596007466316223,
        0.9956708550453186,
        0.5665252208709717,
        0.036563754081726074,
        0.13943326473236084,
        0.24366402626037598,
        0.26076751947402954,
        0.7952017188072205,
        0.5085591077804565,
        0.24479031562805176,
        0.3073464632034302,
        0.5775771737098694,
        0.24973934888839722,
        0.7761330008506775,
        0.5342183709144592,
        0.7667713165283203,
        0.10702687501907349,
        0.4397526979446411,
        0.8432549238204956,
        0.965058445930481,
        0.6741769909858704,
        0.9733995795249939,
        0.9137393832206726,
        0.3727436065673828,
        0.056945621967315674,
        0.2906840443611145,
        0.5264057517051697,
        0.13175487518310547,
        0.01654970645904541,
        0.9426008462905884,
        0.22601819038391113,
        0.09608614444732666,
        0.7605802416801453,
        0.5300889015197754,
        0.8150421977043152,
        0.2964894771575928,
        0.5064366459846497,
        0.4668285846710205,
        0.8291730284690857,
        0.8742008805274963,
        0.36150962114334106,
        0.4956607222557068,
        0.06555420160293579,
        0.6915607452392578,
        0.6442610025405884,
        0.9124528765678406,
        0.3797130584716797,
        0.32552623748779297,
        0.21470105648040771,
        0.6444868445396423,
        0.8413293361663818,
        0.4685962200164795,
        0.9267093539237976,
        0.7107969522476196,
        0.006774187088012695,
        0.34673768281936646
    ]
}