{
    "format": 8,
    "name": "n90k8_30",
    "n": 90,
    "k": 8,
    "capacity": 12,
    "optimal_solution": 12.671433448791504,
    "x_values": [
        0.8312673568725586,
        0.22441470623016357,
        0.29107487201690674,
        0.2687183618545532,
        0.9181647300720215,
        0.7283730506896973,
        0.9544203877449036,
        0.5661523938179016,
        0.3369773030281067,
        0.8733323216438293,
        0.43082982301712036,
        0.9153280258178711,
        0.5631564855575562,
        0.14039349555969238,
        0.9108118414878845,
        0.4226582646369934,
        0.4556146264076233,
        0.48273760080337524,
        0.563954770565033,
        0.2534540295600891,
        0.19305264949798584,
        0.5401972532272339,
        0.6504924297332764,
        0.8983385562896729,
        0.41722965240478516,
        0.8504749536514282,
        0.9772797226905823,
        0.7345190048217773,
        0.4527631998062134,
        0.4959922432899475,
        0.17828738689422607,
        0.734438955783844,
        0.5845454335212708,
        0.8903684020042419,
        0.321306049823761,
        0.7603247761726379,
        0.489040732383728,
        0.938325047492981,
        0.07583940029144287,
        0.3838937282562256,
        0.5659558176994324,
        0.5629561543464661,
        0.8264012932777405,
        0.9183682799339294,
        0.7931137681007385,
        0.5919250249862671,
        0.509039044380188,
        0.3408297300338745,
        0.07299822568893433,
        0.5721269845962524,
        0.8196055293083191,
        0.30618393421173096,
        0.1345697045326233,
        0.30861473083496094,
        0.6189274191856384,
        0.38402682542800903,
        0.9805954694747925,
        0.08196622133255005,
        0.48696058988571167,
        0.032039105892181396,
        0.8291270136833191,
        0.4860866069793701,
        0.9237135052680969,
        0.028253376483917236,
        0.5455480813980103,
        0.1322285532951355,
        0.1763625144958496,
        0.8001938462257385,
        0.759273111820221,
        0.11034464836120605,
        0.13807201385498047,
        0.43939679861068726,
        0.37083834409713745,
        0.21337872743606567,
        0.566972017288208,
        0.5561763644218445,
        0.6798137426376343,
        0.8048632740974426,
        0.9213521480560303,
        0.23268353939056396,
        0.9913689494132996,
        0.17221254110336304,
        0.25660616159439087,
        0.8756318092346191,
        0.9808952212333679,
        0.011117339134216309,
        0.9403906464576721,
        0.845350980758667,
        0.44498908519744873,
        0.5554359555244446
    ],
    "y_values": [
        0.19415384531021118,
        0.2885809540748596,
        0.040012240409851074,
        0.9625422954559326,
        0.16323351860046387,
        0.2628117799758911,
        0.7131322622299194,
        0.9155989289283752,
        0.5252546072006226,
        0.9343973398208618,
        0.1846301555633545,
        0.6555361151695251,
        0.01862114667892456,
        0.2848696708679199,
        0.7299204468727112,
        0.8306301236152649,
        0.853232204914093,
        0.30733782052993774,
        0.2505660057067871,
        0.4397181272506714,
        0.7111620306968689,
        0.09242802858352661,
        0.1366664171218872,
        0.9285706877708435,
        0.7791058421134949,
        0.33735376596450806,
        0.02459251880645752,
        0.12912893295288086,
        0.7920355796813965,
        0.36455005407333374,
        0.18020516633987427,
        0.2545210123062134,
        0.09447282552719116,
        0.8635604977607727,
        0.6135811805725098,
        0.2220490574836731,
        0.8692391514778137,
        0.24838995933532715,
        0.7270783185958862,
        0.21390050649642944,
        0.690362811088562,
        0.5733392238616943,
        0.26294517517089844,
        0.8642060160636902,
        0.13513731956481934,
        0.09204733371734619,
        0.09733366966247559,
        0.43182194232940674,
        0.1716509461402893,
        0.1289629340171814,
        0.18895810842514038,
        0.30481719970703125,
        0.9892563819885254,
        0.8248034119606018,
        0.07775270938873291,
        0.9153014421463013,
        0.4722270369529724,
        0.9498049020767212,
        0.6418555378913879,
        0.5609761476516724,
        0.17957282066345215,
        0.6421698331832886,
        0.9398477077484131,
        0.21406036615371704,
        0.7583615779876709,
        0.34868746995925903,
        0.9008256793022156,
        0.923198938369751,
        0.12469696998596191,
        0.307905375957489,
        0.7916048169136047,
        0.0764201283454895,
        0.22593963146209717,
        0.4595441222190857,
        0.9449861645698547,
        0.904425323009491,
        0.0012954473495483398,
        0.5078045725822449,
        0.36030113697052,
        0.14526313543319702,
        0.5393149256706238,
        0.5425603985786438,
        0.34362393617630005,
        0.32837802171707153,
        0.46546125411987305,
        0.6948666572570801,
        0.4821358919143677,
        0.6365373134613037,
        0.17464083433151245,
        0.07702082395553589
    ]
}