{
    "format": 8,
    "name": "n90k8_58",
    "n": 90,
    "k": 8,
    "capacity": 12,
    "optimal_solution": 14.226055145263672,
    "x_values": [
        0.16815471649169922,
        0.9098497629165649,
        0.042127370834350586,
        0.6741991639137268,
        0.7687123417854309,
        0.5823405385017395,
        0.7609035968780518,
        0.11987495422363281,
        0.3775118589401245,
        0.2557709813117981,
        0.8552536964416504,
        0.8223743438720703,
        0.8406387567520142,
        0.13124316930770874,
        0.520750880241394,
        0.07950776815414429,
        0.33825981616973877,
        0.23880577087402344,
        0.209061861038208,
        0.8561684489250183,
        0.32034832239151,
        0.5330661535263062,
        0.4090666174888611,
        0.5328320264816284,
        0.8299843072891235,
        0.5564139485359192,
        0.6814814805984497,
        0.13167458772659302,
        0.6751768589019775,
        0.5674872398376465,
        0.19556236267089844,
        0.07805466651916504,
        0.31732797622680664,
        0.4708954691886902,
        0.800401508808136,
        0.9039255380630493,
        0.5067319869995117,
        0.8149070739746094,
        0.36732614040374756,
        0.14657962322235107,
        0.3479422926902771,
        0.5392448306083679,
        0.8381726741790771,
        0.9956937432289124,
        0.9513502717018127,
        0.6758217811584473,
        0.3658716678619385,
        0.9670082926750183,
        0.04536253213882446,
        0.6172210574150085,
        0.9922641515731812,
        0.2599000334739685,
        0.4838773012161255,
        0.024931013584136963,
        0.04690349102020264,
        0.8384214043617249,
        0.9488827586174011,
        0.12268209457397461,
        0.599694550037384,
        0.29103338718414307,
        0.9382068514823914,
        0.9512052536010742,
        0.6429057717323303,
        0.341319739818573,
        0.5032783150672913,
        0.2868632674217224,
        0.48985499143600464,
        0.06595438718795776,
        0.1508675217628479,
        0.07041305303573608,
        0.19441437721252441,
        0.37607812881469727,
        0.9918109178543091,
        0.8798431754112244,
        0.1910887360572815,
        0.4954076409339905,
        0.8601388931274414,
        0.15913724899291992,
        0.2860451340675354,
        0.17224222421646118,
        0.3828793168067932,
        0.15772020816802979,
        0.2345406413078308,
        0.946159839630127,
        0.9562787413597107,
        0.5214264392852783,
        0.15410202741622925,
        0.793233335018158,
        0.7871144413948059,
        0.8383917808532715
    ],
    "y_values": [
        0.27782726287841797,
        0.734932005405426,
        0.5264940857887268,
        0.6371031999588013,
        0.7605732679367065,
        0.42881953716278076,
        0.5552934408187866,
        0.7355744242668152,
        0.5637422204017639,
        0.49976056814193726,
        0.7144097685813904,
        0.47560858726501465,
        0.7287773489952087,
        0.09712564945220947,
        0.19658797979354858,
        0.25765228271484375,
        0.5559719800949097,
        0.7054798603057861,
        0.9371165037155151,
        0.7602441906929016,
        0.14360475540161133,
        0.18866270780563354,
        0.04976552724838257,
        0.3095863461494446,
        0.5287055969238281,
        0.4210420846939087,
        0.34877634048461914,
        0.05537503957748413,
        0.2922360897064209,
        0.007677197456359863,
        0.14349395036697388,
        0.11759686470031738,
        0.7040700912475586,
        0.33417361974716187,
        0.43618398904800415,
        0.6807448267936707,
        0.9518739581108093,
        0.017510592937469482,
        0.14472061395645142,
        0.18827176094055176,
        0.34699004888534546,
        0.3607981204986572,
        0.854195237159729,
        0.07251769304275513,
        0.6590279340744019,
        0.2709394097328186,
        0.7132514715194702,
        0.998932957649231,
        0.4742056131362915,
        0.9864447712898254,
        0.2207012176513672,
        0.2467637062072754,
        0.12333601713180542,
        0.5715283155441284,
        0.20657098293304443,
        0.8989051580429077,
        0.9269315600395203,
        0.6878888607025146,
        0.16895174980163574,
        0.47062426805496216,
        0.8563206791877747,
        0.6022855639457703,
        0.060892462730407715,
        0.2315690517425537,
        0.13324207067489624,
        0.03672820329666138,
        0.48266494274139404,
        0.4788604974746704,
        0.8835592269897461,
        0.7517827153205872,
        0.4554705023765564,
        0.9254218339920044,
        0.14084768295288086,
        0.6422668099403381,
        0.5787444710731506,
        0.814501166343689,
        0.7423479557037354,
        0.08491349220275879,
        0.39700353145599365,
        0.9784252643585205,
        0.3308003544807434,
        0.5640252232551575,
        0.4262908101081848,
        0.3435141444206238,
        0.4196323752403259,
        0.6255013942718506,
        0.42742860317230225,
        0.49909770488739014,
        0.44362324476242065,
        0.7491416335105896
    ]
}