{
    "format": 8,
    "name": "n90k8_79",
    "n": 90,
    "k": 8,
    "capacity": 12,
    "optimal_solution": 13.27896499633789,
    "x_values": [
        0.5241341590881348,
        0.8221907615661621,
        0.9799811840057373,
        0.13242799043655396,
        0.8022907376289368,
        0.20820772647857666,
        0.6911989450454712,
        0.05683457851409912,
        0.43414682149887085,
        0.45637446641921997,
        0.269212543964386,
        0.6180973052978516,
        0.042613446712493896,
        0.4789820909500122,
        0.04147136211395264,
        0.7166361808776855,
        0.8229910135269165,
        0.38421207666397095,
        0.3502920866012573,
        0.4357838034629822,
        0.8423896431922913,
        0.7831801772117615,
        0.19991600513458252,
        0.23925983905792236,
        0.9263752698898315,
        0.9885440468788147,
        0.22246944904327393,
        0.34094303846359253,
        0.14717304706573486,
        0.735858142375946,
        0.1404748558998108,
        0.8146480917930603,
        0.23384052515029907,
        0.5351499915122986,
        0.8341364860534668,
        0.05175119638442993,
        0.09707695245742798,
        0.5101066827774048,
        0.9813969731330872,
        0.45885974168777466,
        0.1677999496459961,
        0.6312749981880188,
        0.7343693375587463,
        0.6622969508171082,
        0.8851627111434937,
        0.21797102689743042,
        0.35658180713653564,
        0.7596760392189026,
        0.9180393815040588,
        0.6342622637748718,
        0.3206943869590759,
        0.2819465398788452,
        0.09934026002883911,
        0.32226788997650146,
        0.2582244277000427,
        0.8522247672080994,
        0.0798032283782959,
        0.9056842923164368,
        0.3374844193458557,
        0.7545195817947388,
        0.5354099273681641,
        0.930668294429779,
        0.1045694351196289,
        0.8743762969970703,
        0.16168683767318726,
        0.04317522048950195,
        0.6141790151596069,
        0.6531699299812317,
        0.3470786213874817,
        0.33044785261154175,
        0.6811729669570923,
        0.6010902523994446,
        0.36263781785964966,
        0.18132156133651733,
        0.7961366772651672,
        0.11313521862030029,
        0.8005540370941162,
        0.09704524278640747,
        0.29615771770477295,
        0.34967952966690063,
        0.6762815713882446,
        0.4280471205711365,
        0.9932647347450256,
        0.5694546103477478,
        0.8789331316947937,
        0.4319688081741333,
        0.5466101169586182,
        0.412143349647522,
        0.42458850145339966,
        0.46155619621276855
    ],
    "y_values": [
        0.8826662302017212,
        0.5257832407951355,
        0.739157497882843,
        0.9218966364860535,
        0.09010791778564453,
        0.49352383613586426,
        0.268501877784729,
        0.5361273884773254,
        0.6987391114234924,
        0.9160338640213013,
        0.7606303691864014,
        0.6100970506668091,
        0.19054508209228516,
        0.8725313544273376,
        0.43599265813827515,
        0.7101049423217773,
        0.7983846664428711,
        0.5858856439590454,
        0.18314415216445923,
        0.6674247980117798,
        0.9041271805763245,
        0.5281584858894348,
        0.4328855872154236,
        0.9232410788536072,
        0.9690931439399719,
        0.0027847886085510254,
        0.04434436559677124,
        0.33650314807891846,
        0.8991585373878479,
        0.5358724594116211,
        0.6605556011199951,
        0.788676917552948,
        0.20913434028625488,
        0.3962387442588806,
        0.00987464189529419,
        0.5547143220901489,
        0.8919603824615479,
        0.07589346170425415,
        0.31920528411865234,
        0.9520285725593567,
        0.952961266040802,
        0.3733993172645569,
        0.004543304443359375,
        0.33327364921569824,
        0.060517191886901855,
        0.9585321545600891,
        0.4991162419319153,
        0.6828725934028625,
        0.12579303979873657,
        0.6171605587005615,
        0.2912994623184204,
        0.564727783203125,
        0.5462282299995422,
        0.3324993848800659,
        0.6973943710327148,
        0.06578481197357178,
        0.8387210965156555,
        0.8020086288452148,
        0.867462694644928,
        0.10446196794509888,
        0.49228036403656006,
        0.41696423292160034,
        0.5820310115814209,
        0.6470929384231567,
        0.5515369176864624,
        0.484538733959198,
        0.127302885055542,
        0.32756513357162476,
        0.850910484790802,
        0.11499416828155518,
        0.731949508190155,
        0.32081860303878784,
        0.9617796540260315,
        0.6876260638237,
        0.24218535423278809,
        0.589484453201294,
        0.14235591888427734,
        0.6590266823768616,
        0.7714816927909851,
        0.6917322874069214,
        0.7806640267372131,
        0.7345194220542908,
        0.5322989225387573,
        0.7411558032035828,
        0.035408973693847656,
        0.0368192195892334,
        0.6183300614356995,
        0.4549972414970398,
        0.017413198947906494,
        0.3537129759788513
    ]
}