{
    "format": 8,
    "name": "n40k6_3",
    "n": 40,
    "k": 6,
    "capacity": 7,
    "optimal_solution": 6.066454887390137,
    "x_values": [
        0.37850165367126465,
        0.03519195318222046,
        0.5398181676864624,
        0.7710201144218445,
        0.06525444984436035,
        0.03849005699157715,
        0.2621263861656189,
        0.20053774118423462,
        0.24520564079284668,
        0.8023893237113953,
        0.2220209836959839,
        0.029558837413787842,
        0.24929100275039673,
        0.24912381172180176,
        0.11514997482299805,
        0.8570975065231323,
        0.2754563093185425,
        0.7607691884040833,
        0.0333787202835083,
        0.004906177520751953,
        0.1418103575706482,
        0.5388917922973633,
        0.13822811841964722,
        0.41753900051116943,
        0.41641032695770264,
        0.9780828356742859,
        0.36322033405303955,
        0.26748108863830566,
        0.8747164607048035,
        0.08134293556213379,
        0.933681845664978,
        0.045118629932403564,
        0.25200605392456055,
        0.03435337543487549,
        0.03135555982589722,
        0.8687162399291992,
        0.7947137355804443,
        0.0446934700012207,
        0.6070675849914551,
        0.2269669771194458
    ],
    "y_values": [
        0.4653746485710144,
        0.6608079671859741,
        0.4957317113876343,
        0.06983870267868042,
        0.1592395305633545,
        0.11735796928405762,
        0.5233263969421387,
        0.5087530016899109,
        0.9596416354179382,
        0.037168145179748535,
        0.9507722854614258,
        0.24566739797592163,
        0.38094770908355713,
        0.6396939754486084,
        0.6328616738319397,
        0.5842556953430176,
        0.5959110856056213,
        0.02902430295944214,
        0.8059408068656921,
        0.7465393543243408,
        0.09125161170959473,
        0.6124381422996521,
        0.6558398008346558,
        0.2839680314064026,
        0.7212231755256653,
        0.8008970618247986,
        0.624933123588562,
        0.787632405757904,
        0.3191381096839905,
        0.06516361236572266,
        0.43773889541625977,
        0.052749812602996826,
        0.13317877054214478,
        0.7710992097854614,
        0.15548324584960938,
        0.24522078037261963,
        0.40265196561813354,
        0.3238034248352051,
        0.1462814211845398,
        0.4681438207626343
    ]
}