{
    "format": 2,
    "name": "n40k8_62",
    "n": 40,
    "k": 8,
    "optimal_solution": 4.921890735626221,
    "x_values": [
        0.7709718942642212,
        0.145396888256073,
        0.27910053730010986,
        0.9074007272720337,
        0.3694780468940735,
        0.94632887840271,
        0.35875368118286133,
        0.718910813331604,
        0.4168957471847534,
        0.9248315691947937,
        0.32346808910369873,
        0.5331816673278809,
        0.08130520582199097,
        0.7711554765701294,
        0.6292054057121277,
        0.6599441766738892,
        0.9759618639945984,
        0.3002197742462158,
        0.15902507305145264,
        0.6100712418556213,
        0.7585068941116333,
        0.10528373718261719,
        0.17049843072891235,
        0.5082327723503113,
        0.2072620391845703,
        0.12062400579452515,
        0.4768106937408447,
        0.49638277292251587,
        0.13786441087722778,
        0.3474392890930176,
        0.13236266374588013,
        0.05266088247299194,
        0.3270195722579956,
        0.02036726474761963,
        0.036727309226989746,
        0.17562884092330933,
        0.9712294936180115,
        0.9298876523971558,
        0.8588904142379761,
        0.8592066764831543
    ],
    "y_values": [
        0.7490262389183044,
        0.3282357454299927,
        0.9293553233146667,
        0.12719368934631348,
        0.314872682094574,
        0.11118167638778687,
        0.2836546301841736,
        0.6378698945045471,
        0.8640115261077881,
        0.4971025586128235,
        0.9222995638847351,
        0.9418630599975586,
        0.06592172384262085,
        0.1946987509727478,
        0.40292853116989136,
        0.6733028292655945,
        0.7958810925483704,
        0.8756495118141174,
        0.4747961163520813,
        0.6993482112884521,
        0.7553607821464539,
        0.888763964176178,
        0.8450683951377869,
        0.35284990072250366,
        0.24644416570663452,
        0.7663818597793579,
        0.024860620498657227,
        0.2200525403022766,
        0.03609120845794678,
        0.47903984785079956,
        0.10300219058990479,
        0.4508541226387024,
        0.3070247173309326,
        0.9201315641403198,
        0.9708770513534546,
        0.24697107076644897,
        0.8139925003051758,
        0.5209808349609375,
        0.8568379878997803,
        0.400878369808197
    ]
}