{
    "format": 5,
    "name": "n40k8_77",
    "n": 40,
    "k": 8,
    "optimal_solution": 0.277759850025177,
    "x_values": [
        0.6693390011787415,
        0.735186755657196,
        0.5068631768226624,
        0.3225342035293579,
        0.6489033102989197,
        0.5263270139694214,
        0.5705260634422302,
        0.9794581532478333,
        0.9103312492370605,
        0.011226236820220947,
        0.4642605185508728,
        0.49488866329193115,
        0.9596338272094727,
        0.15819275379180908,
        0.16524291038513184,
        0.3559461236000061,
        0.6191425919532776,
        0.005958974361419678,
        0.8349682688713074,
        0.9436530470848083,
        0.4144565463066101,
        0.7367458939552307,
        0.39393407106399536,
        0.24404209852218628,
        0.04795527458190918,
        0.27684712409973145,
        0.3827463388442993,
        0.17262053489685059,
        0.6453346610069275,
        0.7554360032081604,
        0.010467529296875,
        0.15197068452835083,
        0.22259938716888428,
        0.1833321452140808,
        0.1420741081237793,
        0.32463955879211426,
        0.3528912663459778,
        0.39452630281448364,
        0.3155744671821594,
        0.3860552906990051
    ],
    "y_values": [
        0.953321099281311,
        0.6333577632904053,
        0.3752586841583252,
        0.46951866149902344,
        0.22436785697937012,
        0.616549551486969,
        0.7219101190567017,
        0.7624384164810181,
        0.4108790159225464,
        0.8749358057975769,
        0.8653990626335144,
        0.9114303588867188,
        0.36451148986816406,
        0.46326547861099243,
        0.5678307414054871,
        0.23572564125061035,
        0.6158362030982971,
        0.2606968283653259,
        0.1326729655265808,
        0.8759690523147583,
        0.9031978845596313,
        0.19314521551132202,
        0.8090026378631592,
        0.48234015703201294,
        0.7371073961257935,
        0.6000984907150269,
        0.39852774143218994,
        0.8457505106925964,
        0.5639805197715759,
        0.8634213805198669,
        0.4725980758666992,
        0.727771520614624,
        0.35640519857406616,
        0.3673117756843567,
        0.1787770390510559,
        0.63750159740448,
        0.8771599531173706,
        0.22163832187652588,
        0.1262969970703125,
        0.707287609577179
    ]
}