{
    "format": 2,
    "name": "n50k10_76",
    "n": 50,
    "k": 10,
    "optimal_solution": 5.05072546005249,
    "x_values": [
        0.0477982759475708,
        0.05136764049530029,
        0.03173351287841797,
        0.2241191864013672,
        0.09753251075744629,
        0.7524468898773193,
        0.9789050817489624,
        0.4827192425727844,
        0.2263164520263672,
        0.12751561403274536,
        0.29257261753082275,
        0.34778696298599243,
        0.4623822569847107,
        0.9946038126945496,
        0.8497931361198425,
        0.6746988296508789,
        0.7410304546356201,
        0.430694043636322,
        0.4187306761741638,
        0.9000486135482788,
        0.40886425971984863,
        0.9539949297904968,
        0.46132636070251465,
        0.9052920341491699,
        0.9317092299461365,
        0.4956898093223572,
        0.6741840839385986,
        0.49198663234710693,
        0.7050521373748779,
        0.4915095567703247,
        0.8794942498207092,
        0.4805976152420044,
        0.5248278379440308,
        0.02039957046508789,
        0.3092718720436096,
        0.881292462348938,
        0.3209694027900696,
        0.3178407549858093,
        0.7927982211112976,
        0.7277994155883789,
        0.6779041290283203,
        0.48153018951416016,
        0.4885815382003784,
        0.19450509548187256,
        0.3541686534881592,
        0.5765396356582642,
        0.6795469522476196,
        0.9570266604423523,
        0.7446749210357666,
        0.45857203006744385
    ],
    "y_values": [
        0.44558483362197876,
        0.3302951455116272,
        0.3768095374107361,
        0.8752641081809998,
        0.33519649505615234,
        0.6276388168334961,
        0.3425152897834778,
        0.5556802153587341,
        0.3918039798736572,
        0.870819628238678,
        0.9686673879623413,
        0.8701919913291931,
        0.6868720650672913,
        0.6672418713569641,
        0.9239706993103027,
        0.5211480855941772,
        0.9244165420532227,
        0.6830151677131653,
        0.5345702767372131,
        0.8545213341712952,
        0.46899712085723877,
        0.6837121248245239,
        0.9142402410507202,
        0.7583205103874207,
        0.807584285736084,
        0.23666000366210938,
        0.5663089156150818,
        0.5276132225990295,
        0.06366991996765137,
        0.9884719252586365,
        0.967754602432251,
        0.5831390023231506,
        0.2303498387336731,
        0.34463781118392944,
        0.4860248565673828,
        0.09309905767440796,
        0.7249017953872681,
        0.42781251668930054,
        0.2808230519294739,
        0.8530802130699158,
        0.4021896719932556,
        0.4147236943244934,
        0.8570039868354797,
        0.34590786695480347,
        0.8263369798660278,
        0.5139826536178589,
        0.9512171149253845,
        0.9932982325553894,
        0.2292056679725647,
        0.1259172558784485
    ]
}