{
    "format": 2,
    "name": "n20k10_33",
    "n": 20,
    "k": 10,
    "optimal_solution": 1.7813246250152588,
    "x_values": [
        0.34530431032180786,
        0.28657424449920654,
        0.8882508873939514,
        0.15003544092178345,
        0.9738685488700867,
        0.6354221105575562,
        0.747704803943634,
        0.07591778039932251,
        0.09375858306884766,
        0.44760507345199585,
        0.007306873798370361,
        0.44816285371780396,
        0.5277019739151001,
        0.8922808170318604,
        0.6467657685279846,
        0.9982410669326782,
        0.5943739414215088,
        0.14726507663726807,
        0.7461273074150085,
        0.7370287179946899
    ],
    "y_values": [
        0.8566023707389832,
        0.6768425107002258,
        0.7920576333999634,
        0.5821198225021362,
        0.1533457636833191,
        0.6542505025863647,
        0.048893511295318604,
        0.7316527962684631,
        0.4976722002029419,
        0.33152925968170166,
        0.9598345160484314,
        0.4480820298194885,
        0.31453776359558105,
        0.2927159070968628,
        0.22085267305374146,
        0.5694825649261475,
        0.5738897919654846,
        0.9925496578216553,
        0.9836775660514832,
        0.7361947298049927
    ]
}