{
    "format": 5,
    "name": "n50k2_14",
    "n": 50,
    "k": 2,
    "optimal_solution": 0.6546321511268616,
    "x_values": [
        0.4568400979042053,
        0.5229029655456543,
        0.9423275589942932,
        0.10051530599594116,
        0.5569093227386475,
        0.29285353422164917,
        0.9358419179916382,
        0.3156367540359497,
        0.8794329762458801,
        0.05953890085220337,
        0.12665826082229614,
        0.17540639638900757,
        0.944002628326416,
        0.7913270592689514,
        0.12693250179290771,
        0.7400122880935669,
        0.12571656703948975,
        0.7748741507530212,
        0.33393120765686035,
        0.48870646953582764,
        0.2836396098136902,
        0.1520482301712036,
        0.5872312188148499,
        0.34164732694625854,
        0.4838205575942993,
        0.2607782483100891,
        0.13017690181732178,
        0.15188950300216675,
        0.09309226274490356,
        0.7659685611724854,
        0.04681187868118286,
        0.47340714931488037,
        0.21885597705841064,
        0.1740376353263855,
        0.45967525243759155,
        0.731657862663269,
        0.509449303150177,
        0.6152851581573486,
        0.7654737830162048,
        0.08286917209625244,
        0.7361835837364197,
        0.27539145946502686,
        0.3329083323478699,
        0.638446033000946,
        0.5676069855690002,
        0.7460541129112244,
        0.9723087549209595,
        0.2807886004447937,
        0.9800154566764832,
        0.657300591468811
    ],
    "y_values": [
        0.107699453830719,
        0.3196744918823242,
        0.8492945432662964,
        0.1645299792289734,
        0.43995559215545654,
        0.9135555028915405,
        0.048639535903930664,
        0.7284204363822937,
        0.0817069411277771,
        0.9570244550704956,
        0.6084538102149963,
        0.1922484040260315,
        0.6887614130973816,
        0.649762749671936,
        0.6059190630912781,
        0.4827196002006531,
        0.2507666349411011,
        0.9251307249069214,
        0.7287565469741821,
        0.5273835062980652,
        0.739510715007782,
        0.46315205097198486,
        0.5655357837677002,
        0.09337526559829712,
        0.7372093796730042,
        0.5097286105155945,
        0.0029967427253723145,
        0.10596311092376709,
        0.5078418850898743,
        0.49591517448425293,
        0.11307448148727417,
        0.4830169081687927,
        0.8089526295661926,
        0.49135565757751465,
        0.8934796452522278,
        0.4313291311264038,
        0.8001320362091064,
        0.4821518063545227,
        0.34549832344055176,
        0.433713436126709,
        0.06397652626037598,
        0.017267882823944092,
        0.15329694747924805,
        0.13220125436782837,
        0.964946448802948,
        0.3419397473335266,
        0.6756383776664734,
        0.8825862407684326,
        0.3489895462989807,
        0.5039974451065063
    ]
}