{
    "format": 2,
    "name": "n50k2_65",
    "n": 50,
    "k": 2,
    "optimal_solution": 16.798137664794922,
    "x_values": [
        0.09429436922073364,
        0.24741941690444946,
        0.5386346578598022,
        0.49649637937545776,
        0.5731909275054932,
        0.16648167371749878,
        0.5216248631477356,
        0.7914342880249023,
        0.9400232434272766,
        0.4917251467704773,
        0.6513267159461975,
        0.7070886492729187,
        0.9911268949508667,
        0.6695074439048767,
        0.3085564374923706,
        0.8647360801696777,
        0.1876395344734192,
        0.8934087157249451,
        0.9200868606567383,
        0.9489002227783203,
        0.0031577348709106445,
        0.21781831979751587,
        0.7189956307411194,
        0.6012705564498901,
        0.41294509172439575,
        0.4929872751235962,
        0.7062721252441406,
        0.3495047688484192,
        0.7843391299247742,
        0.5134366154670715,
        0.2008839249610901,
        0.5824819803237915,
        0.48378193378448486,
        0.7488440871238708,
        0.2104402780532837,
        0.7761294841766357,
        0.2655096650123596,
        0.903057873249054,
        0.536878764629364,
        0.6602916717529297,
        0.14230597019195557,
        0.5300210118293762,
        0.7557231187820435,
        0.9206001162528992,
        0.566119372844696,
        0.9628811478614807,
        0.5009956955909729,
        0.1838679313659668,
        0.9468071460723877,
        0.6763625144958496
    ],
    "y_values": [
        0.5837265253067017,
        0.5431960225105286,
        0.6529923677444458,
        0.10070562362670898,
        0.08431881666183472,
        0.7913762927055359,
        0.4878265857696533,
        0.49065905809402466,
        0.869828999042511,
        0.9511095881462097,
        0.10217368602752686,
        0.39723676443099976,
        0.6675806045532227,
        0.724626362323761,
        0.9024456739425659,
        0.6228424906730652,
        0.1741849184036255,
        0.35054999589920044,
        0.7647849321365356,
        0.8130459785461426,
        0.0964849591255188,
        0.6172241568565369,
        0.7644225358963013,
        0.7271128296852112,
        0.128290057182312,
        0.671366810798645,
        0.2344733476638794,
        0.22169429063796997,
        0.33655422925949097,
        0.8089742660522461,
        0.6378684639930725,
        0.16905611753463745,
        0.6855853796005249,
        0.40451544523239136,
        0.6980606913566589,
        0.05099964141845703,
        0.2476722002029419,
        0.9213910698890686,
        0.36753010749816895,
        0.3620222210884094,
        0.450276255607605,
        0.5077418684959412,
        0.2976527214050293,
        0.41498494148254395,
        0.8575111031532288,
        0.214324951171875,
        0.8965603709220886,
        0.046661317348480225,
        0.9768801927566528,
        0.7072466611862183
    ]
}