{
    "format": 8,
    "name": "n60k9_28",
    "n": 60,
    "k": 9,
    "capacity": 7,
    "optimal_solution": 6.834794044494629,
    "x_values": [
        0.16175216436386108,
        0.01964259147644043,
        0.5059729814529419,
        0.9060258269309998,
        0.6705163717269897,
        0.2595767378807068,
        0.8500271439552307,
        0.05620211362838745,
        0.4015931487083435,
        0.17532718181610107,
        0.15033739805221558,
        0.5414210557937622,
        0.27855032682418823,
        0.41917455196380615,
        0.762546718120575,
        0.8546014428138733,
        0.7331910133361816,
        0.35926610231399536,
        0.5026310086250305,
        0.3734433054924011,
        0.19206500053405762,
        0.592079222202301,
        0.04270005226135254,
        0.6533330082893372,
        0.04126143455505371,
        0.2364789843559265,
        0.3947579264640808,
        0.7038754224777222,
        0.4698517322540283,
        0.4428919553756714,
        0.2741355299949646,
        0.050587356090545654,
        0.8577309250831604,
        0.2144210934638977,
        0.020833075046539307,
        0.5602746605873108,
        0.5473278760910034,
        0.6590172648429871,
        0.7758948802947998,
        0.5890352129936218,
        0.3990674614906311,
        0.7744547128677368,
        0.18569320440292358,
        0.4657665491104126,
        0.983174741268158,
        0.14317470788955688,
        0.6054399013519287,
        0.03850585222244263,
        0.3916535973548889,
        0.5243738293647766,
        0.6513148546218872,
        0.8025413155555725,
        0.7567439079284668,
        0.2482457160949707,
        0.47742462158203125,
        0.873573899269104,
        0.5963891744613647,
        0.8868377804756165,
        0.7877408266067505,
        0.909276008605957
    ],
    "y_values": [
        0.13597339391708374,
        0.27718085050582886,
        0.6821866035461426,
        0.3001040816307068,
        0.5464410185813904,
        0.3270561695098877,
        0.2044917345046997,
        0.35715991258621216,
        0.481126606464386,
        0.30756908655166626,
        0.0686800479888916,
        0.7465672492980957,
        0.24625283479690552,
        0.19039136171340942,
        0.6513263583183289,
        0.2156672477722168,
        0.7510148882865906,
        0.41409915685653687,
        0.6063136458396912,
        0.754128098487854,
        0.7441655397415161,
        0.12929975986480713,
        0.3760901093482971,
        0.07123082876205444,
        0.22808444499969482,
        0.1214093565940857,
        0.2691496014595032,
        0.014222025871276855,
        0.7808089852333069,
        0.7440507411956787,
        0.7752156257629395,
        0.22347098588943481,
        0.5256449580192566,
        0.368413507938385,
        0.3231404423713684,
        0.22279459238052368,
        0.6000197529792786,
        0.1364607810974121,
        0.17489391565322876,
        0.031658828258514404,
        0.5419263243675232,
        0.019501030445098877,
        0.05822187662124634,
        0.6742197871208191,
        0.5734607577323914,
        0.15832209587097168,
        0.5863520503044128,
        0.8623674511909485,
        0.6271435618400574,
        0.21716493368148804,
        0.17975294589996338,
        0.32761281728744507,
        0.7904684543609619,
        0.05370420217514038,
        0.9207907915115356,
        0.11242258548736572,
        0.811631441116333,
        0.6627410054206848,
        0.23804336786270142,
        0.6325981616973877
    ]
}