{
    "format": 2,
    "name": "n70k8_12",
    "n": 70,
    "k": 8,
    "optimal_solution": 10.276278495788574,
    "x_values": [
        0.7325347065925598,
        0.15498590469360352,
        0.9994381070137024,
        0.7871696352958679,
        0.27993887662887573,
        0.5211001038551331,
        0.6467579007148743,
        0.1920156478881836,
        0.12960362434387207,
        0.8102656006813049,
        0.9887994527816772,
        0.12393581867218018,
        0.36083847284317017,
        0.49278515577316284,
        0.7145845293998718,
        0.9598318338394165,
        0.666678786277771,
        0.9974414110183716,
        0.266748309135437,
        0.39559584856033325,
        0.6025179028511047,
        0.9510570168495178,
        0.7545087933540344,
        0.9172837138175964,
        0.25531554222106934,
        0.5062563419342041,
        0.47271907329559326,
        0.1586991548538208,
        0.9061256051063538,
        0.12890487909317017,
        0.013247907161712646,
        0.9501503705978394,
        0.28504008054733276,
        0.7133753895759583,
        0.6434598565101624,
        0.13193285465240479,
        0.8195690512657166,
        0.1623111367225647,
        0.3131636381149292,
        0.058694303035736084,
        0.9193950295448303,
        0.9001572728157043,
        0.4473695158958435,
        0.6349799036979675,
        0.36287838220596313,
        0.4355301260948181,
        0.787411630153656,
        0.2604825496673584,
        0.33400511741638184,
        0.7077394127845764,
        0.11161720752716064,
        0.5788222551345825,
        0.19230329990386963,
        0.4307185411453247,
        0.07326745986938477,
        0.6208604574203491,
        0.017335236072540283,
        0.024926185607910156,
        0.7703548669815063,
        0.41469496488571167,
        0.20586299896240234,
        0.7508162260055542,
        0.1866065263748169,
        0.7750798463821411,
        0.5995435118675232,
        0.23384326696395874,
        0.26955342292785645,
        0.5736626982688904,
        0.047621309757232666,
        0.9168380498886108
    ],
    "y_values": [
        0.15680277347564697,
        0.0544353723526001,
        0.10990869998931885,
        0.8821725845336914,
        0.9796600937843323,
        0.5163304209709167,
        0.8732815980911255,
        0.6242523789405823,
        0.18096143007278442,
        0.9352605938911438,
        0.2714630365371704,
        0.052411556243896484,
        0.36364179849624634,
        0.6605768203735352,
        0.6757694482803345,
        0.505351722240448,
        0.3510249853134155,
        0.20160716772079468,
        0.903946042060852,
        0.466653048992157,
        0.4721412658691406,
        0.9169970750808716,
        0.5676963329315186,
        0.7783757448196411,
        0.11628073453903198,
        0.30585867166519165,
        0.5593304634094238,
        0.9317266345024109,
        0.3610995411872864,
        0.06681692600250244,
        0.8559911251068115,
        0.06311178207397461,
        0.1279333233833313,
        0.3891952633857727,
        0.5502247214317322,
        0.06682378053665161,
        0.8549734354019165,
        0.23953551054000854,
        0.11998486518859863,
        0.6146387457847595,
        0.8984082341194153,
        0.04194444417953491,
        0.19338065385818481,
        0.9339852929115295,
        0.5114460587501526,
        0.7386492490768433,
        0.3461272716522217,
        0.5711222290992737,
        0.38087230920791626,
        0.042629361152648926,
        0.8712046146392822,
        0.6383687853813171,
        0.3167719841003418,
        0.8209872841835022,
        0.6344301104545593,
        0.23085707426071167,
        0.9572996497154236,
        0.5675405263900757,
        0.2060982584953308,
        0.7743540406227112,
        0.22096240520477295,
        0.8731801509857178,
        0.2987782955169678,
        0.19268327951431274,
        0.159132182598114,
        0.44641339778900146,
        0.5881556272506714,
        0.7074479460716248,
        0.6799181699752808,
        0.2568877935409546
    ]
}