{
    "format": 10,
    "name": "n200k3_16",
    "n": 200,
    "k": 3,
    "optimal_solution": 78.0382105009003,
    "x_values": [
        0.5349412824940439,
        0.7051807028701648,
        0.7645099891724403,
        0.4781361206816914,
        0.7776070033155172,
        0.8804753369088989,
        0.3964276516510048,
        0.8168906704755399,
        0.9729050317033442,
        0.5804841970258672,
        0.8789737075219153,
        0.37129655343635115,
        0.27337068723867464,
        0.6810425924411427,
        0.3708304052531237,
        0.699980782444835,
        0.2862189624050391,
        0.1909077133833751,
        0.45894504572154804,
        0.2207002305083583,
        0.3103496357951172,
        0.49650073980312226,
        0.07571559466430766,
        0.39877079559519146,
        0.6635028225905764,
        0.8007744251912471,
        0.21200809126275977,
        0.3652556268463987,
        0.04334650159355502,
        0.32881133480329605,
        0.5971258741838306,
        0.030679598089733418,
        0.3933556000179924,
        0.4445023665312269,
        0.40327779648555484,
        0.5217274811057999,
        0.5508239087113502,
        0.41600107614546034,
        0.5288500384653196,
        0.44093463963031887,
        0.6423332903181377,
        0.6810477376495462,
        0.9471245137227258,
        0.12708260977765395,
        0.048229759825490714,
        0.04784453619904705,
        0.6037161977942684,
        0.469282147492055,
        0.4022923970980772,
        0.6745826172231394,
        0.562610680822502,
        0.42607986026410427,
        0.9493312330282851,
        0.6068497864278566,
        0.7933871204286933,
        0.7700325400127565,
        0.3135048227913402,
        0.17744617193002832,
        0.1811606678293458,
        0.06745570832873726,
        0.10238794471651291,
        0.2963610857270542,
        0.9210254596791598,
        0.24889934287333948,
        0.3669081689958448,
        0.08030104825064155,
        0.5000153232953791,
        0.8920960670566253,
        0.23891191286886548,
        0.5656610628812522,
        0.14588574634076412,
        0.9848121850683267,
        0.42460025337600027,
        0.9098041069143016,
        0.30680257393916777,
        0.6499142160017751,
        0.9469300873587703,
        0.8407202398178208,
        0.40219876696937196,
        0.15311599948504673,
        0.5106119678694199,
        0.486530964618886,
        0.30879544325496333,
        0.9213579182135458,
        0.8701703006904062,
        0.9093685958063344,
        0.43614039979964014,
        0.7039892767756718,
        0.9877915619341922,
        0.5376427496287491,
        0.6063991652807432,
        0.9103658631282191,
        0.12047216780830794,
        0.9834432981123375,
        0.6285756188840232,
        0.4723656658411054,
        0.801159219071336,
        0.4433384033368941,
        0.795197598517981,
        0.17629091375880412,
        0.4626940003716905,
        0.36229486954739687,
        0.415629365398135,
        0.6271056100418348,
        0.563827884329599,
        0.6629841390702752,
        0.36306454757382234,
        0.28215043916890103,
        0.3159040108236424,
        0.5312819283337056,
        0.26721751923916326,
        0.0663705867881349,
        0.08342818278393482,
        0.8997516620143028,
        0.7322688002898793,
        0.6826130499675195,
        0.27292041355304075,
        0.9519363792500936,
        0.9329506965488493,
        0.8764192399186492,
        0.768029039140956,
        0.6077963737020616,
        0.2624487699442619,
        0.5700693626570708,
        0.47824035581176416,
        0.06124735803581782,
        0.11052346290769155,
        0.9111238548073372,
        0.5914174060854648,
        0.037321258781164546,
        0.41981952594549465,
        0.1100463270179286,
        0.2862623763023816,
        0.4148127246711375,
        0.8942984033113082,
        0.5052734196984936,
        0.10899298807045144,
        0.3428700484299917,
        0.14107535467193377,
        0.9128497721564585,
        0.2575825597631253,
        0.6871773062152097,
        0.7138873322016694,
        0.26144458762301914,
        0.22077397532049214,
        0.3984747550326033,
        0.7721477961727647,
        0.3120024260799825,
        0.0656420355165016,
        0.303065220599921,
        0.13853214921311385,
        0.8584615875323363,
        0.698616018933564,
        0.44531197516118104,
        0.23699708392981067,
        0.5327546155317666,
        0.2673025624531502,
        0.5258164326093397,
        0.7934232879727954,
        0.668778871542175,
        0.6171630085856528,
        0.06429234416024421,
        0.9192010662946292,
        0.11508973042138027,
        0.49409949695078925,
        0.11423828461676822,
        0.7191952675979304,
        0.5023233836493936,
        0.4106156710627952,
        0.6262693170918088,
        0.28649385165318375,
        0.23137737385761026,
        0.6517995793258282,
        0.2885051741980956,
        0.6250548826732991,
        0.1903633384115493,
        0.7799513123262702,
        0.7541105226436389,
        0.8920649858144406,
        0.41303235876493083,
        0.5234472359125592,
        0.40396912559835085,
        0.2664090098066213,
        0.36515597836957503,
        0.18825623206570385,
        0.8167661410671427,
        0.2287048193788187,
        0.9358102175315648,
        0.08280745805536205,
        0.32642575742664837,
        0.7529632318935502,
        0.6898041286407832,
        0.5973868258744597,
        0.2873808718322699,
        0.7118722921848907,
        0.41096329247509944,
        0.6367182149624381,
        0.5548074909282324,
        0.0056698248583962885,
        0.3321760933404818
    ],