{
    "format": 10,
    "name": "n200k3_27",
    "n": 200,
    "k": 3,
    "optimal_solution": 75.86935265542598,
    "x_values": [
        0.996976833758252,
        0.394224345041025,
        0.07746442428611833,
        0.6975460150157116,
        0.681016862409395,
        0.23253876037198906,
        0.9068177463952828,
        0.9580849119668615,
        0.32117316204785795,
        0.8657045194060307,
        0.09892036528844039,
        0.70953705930526,
        0.3072231422027062,
        0.7065511721973692,
        0.9195015555474602,
        0.9667020579450221,
        0.06063363063708471,
        0.6630125615602246,
        0.036599550149629456,
        0.515379978825886,
        0.936144445669256,
        0.15028697060351115,
        0.7982653169243191,
        0.058737631891774056,
        0.42671175606193046,
        0.9573155127994525,
        0.8590463138301836,
        0.36233088314139206,
        0.6882460737430266,
        0.5795539216454592,
        0.267760948997098,
        0.09840549291467338,
        0.5131457282408398,
        0.48629450696002785,
        0.7419304458868846,
        0.6483107276403774,
        0.5590636287570732,
        0.19960322936173946,
        0.6857597545170536,
        0.31006984554089423,
        0.5991105096031937,
        0.6898939114643661,
        0.5558468380098542,
        0.6129988167279188,
        0.6375048500532476,
        0.1685022231494756,
        0.1061690900706731,
        0.06264697196474756,
        0.18533548831037505,
        0.6967268320936091,
        0.5270147995483785,
        0.6012065489539078,
        0.8972652104642607,
        0.3806663239444581,
        0.9482278032347472,
        0.5951756730051118,
        0.10849564397435829,
        0.03843600885625931,
        0.795602983229303,
        0.5254832855635128,
        0.7853439962178527,
        0.6744210275789915,
        0.6841632226722599,
        0.002498332490975752,
        0.2577235682893033,
        0.2970632441204092,
        0.38461368590580436,
        0.07123458896529233,
        0.49161856068056486,
        0.1763194284808176,
        0.4699723131953454,
        0.4089779510423135,
        0.8268524807009998,
        0.04275275239895715,
        0.6512769044847695,
        0.143149182750282,
        0.5459545143386486,
        0.41756826060975216,
        0.36981969323983654,
        0.7305137758144633,
        0.807108080556074,
        0.9172906659203993,
        0.060939385851214944,
        0.981191274668316,
        0.1802520898097585,
        0.1295795230272826,
        0.874307941496276,
        0.6256080965113746,
        0.6492376457408656,
        0.5170387034222761,
        0.14148699516429553,
        0.9059840311945421,
        0.8905342089868343,
        0.09066421534442981,
        0.03451229197980632,
        0.3780569911558874,
        0.4796269678306705,
        0.6231301809969524,
        0.8090332240302358,
        0.37214130455201533,
        0.6455009113637533,
        0.2504891724096363,
        0.40903680583496715,
        0.4775017381610266,
        0.2532411204377363,
        0.2540724608210273,
        0.21094062973993855,
        0.058412436563110015,
        0.05203775467745442,
        0.21609060447724826,
        0.39890120420916253,
        0.4614239043930458,
        0.9389906234278081,
        0.4574201927097491,
        0.874267752592763,
        0.04659671436196344,
        0.4255648770672388,
        0.9612725612097666,
        0.1357421418533279,
        0.8581621632100678,
        0.5016073386578607,
        0.5198536505742675,
        0.11037413429613374,
        0.21839108958858955,
        0.8787808980609344,
        0.7867066312268735,
        0.849482620361946,
        0.2744658494687743,
        0.4839756726108779,
        0.3631597241383533,
        0.32985522037069526,
        0.48188759191126374,
        0.41099624683967195,
        0.3641150292801437,
        0.7421889779775096,
        0.45112227536029914,
        0.1340509649380256,
        0.156507374465631,
        0.016226099786661563,
        0.31048258215215596,
        0.5797404669360814,
        0.5825614830868135,
        0.6203033597935318,
        0.6808760265765283,
        0.13362713358730827,
        0.8990300350666576,
        0.21236430277653762,
        0.1834187018562281,
        0.45993417005817483,
        0.48239334584817994,
        0.044224740557144204,
        0.2505928030529153,
        0.00902012376288952,
        0.40883284871100445,
        0.37583386746756253,
        0.11544414212250942,
        0.8423506852434234,
        0.9499671816861774,
        0.3474261988131776,
        0.9921990496009336,
        0.2813211479146518,
        0.9846591678995278,
        0.8671002277992851,
        0.6425334320909398,
        0.8023876433440799,
        0.9051893477857469,
        0.9839909370836721,
        0.5934481940627307,
        0.5552464198456114,
        0.5763726964660183,
        0.16757286552242445,
        0.07310234802773652,
        0.9866435430783204,
        0.6683392632091841,
        0.29760538559157923,
        0.3818387585592754,
        0.12704218796870237,
        0.7668174993467426,
        0.3916195333856841,
        0.11121529131058228,
        0.9102959078409969,
        0.011887771986017537,
        0.10412021498941049,
        0.02787691845998297,
        0.06284212765440389,
        0.11969335357252475,
        0.5020776870669722,
        0.7987463914122053,
        0.4809322730397523,
        0.9057935397319847,
        0.5336142005134967,
        0.4556614639055131,
        0.6769803565570558,
        0.4640324386857506,
        0.06933888942518496,
        0.8553300143543153,
        0.027920699095274948,
        0.8995940517068388,
        0.7536123033524535,
        0.831930015024084
    ],