{
    "format": 10,
    "name": "n200k3_50",
    "n": 200,
    "k": 3,
    "optimal_solution": 81.76078787074336,
    "x_values": [
        0.21998424981175946,
        0.5908370083405894,
        0.7303254633702756,
        0.785808280537356,
        0.6141449445451869,
        0.79838503705865,
        0.6707827170663592,
        0.90808659905409,
        0.9490291940859705,
        0.874581741153746,
        0.6592976687865453,
        0.22687162784531922,
        0.8026645530073525,
        0.9562534777161192,
        0.07628063370431071,
        0.5634991820429267,
        0.10002242317821408,
        0.4090406715450191,
        0.41908163542052723,
        0.771381153186381,
        0.1616688794882306,
        0.008913240235433939,
        0.8303244525671842,
        0.9354336234910632,
        0.8453987827746318,
        0.07529469536965716,
        0.12408315174550222,
        0.24472928292576146,
        0.41295398860829535,
        0.9078519625839769,
        0.9043961820274109,
        0.01626494690008462,
        0.9982403776706718,
        0.025878300293602607,
        0.1005949239422852,
        0.18948324717524934,
        0.5326567846302711,
        0.5496223316755444,
        0.9823730745540072,
        0.7025227578514618,
        0.44622700782038793,
        0.8060229512943774,
        0.7711215025231093,
        0.03996900643686552,
        0.5590147894652306,
        0.33051744846456177,
        0.27297111755692105,
        0.180526050354202,
        0.6286589853608466,
        0.030520863567151668,
        0.7144768329038429,
        0.11907945579401025,
        0.3399262462492736,
        0.9604021426819088,
        0.9749519021168906,
        0.6111831169865583,
        0.43458111599670235,
        0.6522133546649566,
        0.8427797291530842,
        0.6780259841993499,
        0.8594097410180662,
        0.3133803915793554,
        0.23477058340629453,
        0.04497394695963153,
        0.7534960623387034,
        0.6654730765592963,
        0.8707200751943481,
        0.9081703761216574,
        0.6383168148960005,
        0.6847715609930775,
        0.16096408444454346,
        0.3850995775052378,
        0.026975367408797135,
        0.030649482426981733,
        0.46075580212270995,
        0.19702147181449192,
        0.28782420855658575,
        0.4847271822489051,
        0.5087042308173074,
        0.021123808999152116,
        0.2790491061182939,
        0.1286473756451496,
        0.3096488447586876,
        0.8550274715939877,
        0.4160399719077075,
        0.8871735820845777,
        0.24547156448348717,
        0.9038819235537783,
        0.07991483784232079,
        0.1657688031219665,
        0.7426339576167821,
        0.9060048627849226,
        0.9826436425654947,
        0.44861009250628525,
        0.7751069155557835,
        0.7767043040467363,
        0.6338986903845095,
        0.2464213611603039,
        0.6058729212926447,
        0.05803346495707262,
        0.6018688979533697,
        0.5034379659985864,
        0.15198022473139727,
        0.8954130801605857,
        0.2952259920170368,
        0.8694173134156635,
        0.5378586659933537,
        0.1605632752341165,
        0.05993587008984835,
        0.23511294683163064,
        0.785441711997033,
        0.6169892380396285,
        0.7560820636462509,
        0.6288307904656439,
        0.9005582787832587,
        0.7400907906615101,
        0.3290313671805325,
        0.5039107912701156,
        0.9370342695665068,
        0.5750842125217118,
        0.6145010736315086,
        0.10161362653301642,
        0.13407234489856945,
        0.10261319437924776,
        0.2906200370652582,
        0.8405536031444396,
        0.885129194671017,
        0.10491970159078501,
        0.6516025144810811,
        0.1936559053311302,
        0.5577248024438931,
        0.7152235372225619,
        0.041333791470514525,
        0.9579347774241489,
        0.9987415685734293,
        0.06348230138803057,
        0.901192042746224,
        0.3248752988804574,
        0.5769892771075819,
        0.8520051065110893,
        0.05319495143992137,
        0.6378938598922578,
        0.7465371127087487,
        0.7204912591060788,
        0.3065153814466174,
        0.5948692498607772,
        0.6858746540433229,
        0.6790062786096167,
        0.4057426038624874,
        0.7346293782121953,
        0.8026313165688572,
        0.4930166309108287,
        0.2383198617559582,
        0.127463453024659,
        0.9883270959716973,
        0.6246319783761352,
        0.171003870434157,
        0.3065764954461443,
        0.3656124139426622,
        0.6705778796253486,
        0.8024969222994014,
        0.43439156147095903,
        0.40521623915847393,
        0.8384580528151587,
        0.6988472909896162,
        0.3420691707364071,
        0.6412907132797254,
        0.1916357452014259,
        0.0008137079146288695,
        0.9695185110849865,
        0.9615777751582113,
        0.38545202252920874,
        0.7281044841306284,
        0.872011016456948,
        0.726926324324732,
        0.8185376218262359,
        0.7766459790407052,
        0.3273238352707373,
        0.9426893439575363,
        0.08215010650050969,
        0.48116738390327873,
        0.11703226199113914,
        0.9207584735138432,
        0.47389161196724894,
        0.23611268962666576,
        0.2707264371744783,
        0.9542264921691661,
        0.36947381411558156,
        0.4354091113481596,
        0.004979326725412125,
        0.5069685497938473,
        0.831486849674395,
        0.2664980256741183,
        0.6463656052208798,
        0.7307400596449073,
        0.508343673902603,
        0.3997147088355092,
        0.3147859309552026,
        0.12994828808453762,
        0.6083545704235167
    ],