{
    "format": 8,
    "name": "n20k5_48",
    "n": 20,
    "k": 5,
    "capacity": 4,
    "optimal_solution": 3.340219259262085,
    "x_values": [
        0.4968923330307007,
        0.4953133463859558,
        0.9886185526847839,
        0.6760133504867554,
        0.6276167035102844,
        0.13468265533447266,
        0.19493412971496582,
        0.9738709330558777,
        0.9230209589004517,
        0.11710566282272339,
        0.2878352403640747,
        0.9961130023002625,
        0.013600587844848633,
        0.9993622899055481,
        0.7763074636459351,
        0.602549135684967,
        0.2371620535850525,
        0.4011511206626892,
        0.8875767588615417,
        0.7977511286735535
    ],
    "y_values": [
        0.5892964601516724,
        0.37326985597610474,
        0.12225097417831421,
        0.7771790623664856,
        0.7926338911056519,
        0.24019253253936768,
        0.5998016595840454,
        0.03721797466278076,
        0.5272620320320129,
        0.7714014053344727,
        0.1605689525604248,
        0.7523913383483887,
        0.0331386923789978,
        0.7117160558700562,
        0.13138997554779053,
        0.6717406511306763,
        0.5073808431625366,
        0.9192619323730469,
        0.6423447728157043,
        0.5775147080421448
    ]
}