{
    "format": 8,
    "name": "n20k5_62",
    "n": 20,
    "k": 5,
    "capacity": 4,
    "optimal_solution": 2.813232898712158,
    "x_values": [
        0.4101550579071045,
        0.17209839820861816,
        0.7926186919212341,
        0.19428962469100952,
        0.1958126425743103,
        0.17468887567520142,
        0.6881445050239563,
        0.066872239112854,
        0.54417484998703,
        0.39514094591140747,
        0.47879743576049805,
        0.6743518114089966,
        0.02380138635635376,
        0.5092747807502747,
        0.4069153070449829,
        0.17963486909866333,
        0.4523656964302063,
        0.3313918113708496,
        0.8943990468978882,
        0.132155179977417
    ],
    "y_values": [
        0.6090204119682312,
        0.012796938419342041,
        0.4187915325164795,
        0.3070935606956482,
        0.018764495849609375,
        0.14968723058700562,
        0.5308404564857483,
        0.0651368498802185,
        0.25317251682281494,
        0.7349938154220581,
        0.7171720862388611,
        0.6497695446014404,
        0.008933782577514648,
        0.13946568965911865,
        0.5120048522949219,
        0.4910825490951538,
        0.850742518901825,
        0.47430044412612915,
        0.14820575714111328,
        0.8972507119178772
    ]
}