{
    "format": 2,
    "name": "n90k9_53",
    "n": 90,
    "k": 9,
    "optimal_solution": 12.625412940979004,
    "x_values": [
        0.5281387567520142,
        0.33296096324920654,
        0.6362419128417969,
        0.002409219741821289,
        0.7740623950958252,
        0.9288153648376465,
        0.07798153162002563,
        0.28275495767593384,
        0.7402417063713074,
        0.053339362144470215,
        0.031767845153808594,
        0.14842545986175537,
        0.951099693775177,
        0.0022679567337036133,
        0.12146544456481934,
        0.5592378973960876,
        0.8841808438301086,
        0.5735883116722107,
        0.1796918511390686,
        0.8929356932640076,
        0.26703745126724243,
        0.4064106345176697,
        0.920403242111206,
        0.8427073359489441,
        0.012631237506866455,
        0.4080851078033447,
        0.9384427666664124,
        0.6701435446739197,
        0.6631502509117126,
        0.35812199115753174,
        0.7983251810073853,
        0.7215750217437744,
        0.9048448204994202,
        0.07657289505004883,
        0.5361470580101013,
        0.020420610904693604,
        0.7987856864929199,
        0.20220714807510376,
        0.1868540644645691,
        0.884476363658905,
        0.07389730215072632,
        0.37985360622406006,
        0.453128457069397,
        0.2574312090873718,
        0.19292116165161133,
        0.10463929176330566,
        0.542351245880127,
        0.7491922974586487,
        0.16325795650482178,
        0.11484330892562866,
        0.5141457915306091,
        0.7047910094261169,
        0.24359333515167236,
        0.32788628339767456,
        0.9759259819984436,
        0.07030487060546875,
        0.3553888201713562,
        0.6748045682907104,
        0.2193332314491272,
        0.23502051830291748,
        0.23866593837738037,
        0.2505345344543457,
        0.8184648156166077,
        0.10612732172012329,
        0.4629729986190796,
        0.37747544050216675,
        0.551547110080719,
        0.9497971534729004,
        0.20145148038864136,
        0.16853690147399902,
        0.6501312851905823,
        0.41118234395980835,
        0.840730607509613,
        0.5944675803184509,
        0.914264440536499,
        0.854671061038971,
        0.05898529291152954,
        0.07662546634674072,
        0.9562738537788391,
        0.7696515917778015,
        0.8068341612815857,
        0.36233729124069214,
        0.6320080161094666,
        0.8030290007591248,
        0.15191638469696045,
        0.3270796537399292,
        0.9326725602149963,
        0.5696287155151367,
        0.9918950796127319,
        0.5011009573936462
    ],
    "y_values": [
        0.6011547446250916,
        0.5291571021080017,
        0.8205805420875549,
        0.0014898180961608887,
        0.6640946865081787,
        0.9351356029510498,
        0.33428794145584106,
        0.9296823740005493,
        0.06397908926010132,
        0.7219601273536682,
        0.8027810454368591,
        0.015692830085754395,
        0.142717182636261,
        0.04239863157272339,
        0.7841109037399292,
        0.5586104393005371,
        0.05155062675476074,
        0.19902890920639038,
        0.37786853313446045,
        0.4370729923248291,
        0.29605764150619507,
        0.6793408393859863,
        0.35698503255844116,
        0.9553930163383484,
        0.6717673540115356,
        0.9294191598892212,
        0.8523058295249939,
        0.731757402420044,
        0.8798747062683105,
        0.31429576873779297,
        0.9540796279907227,
        0.6193224191665649,
        0.7166669964790344,
        0.1867700219154358,
        0.9213139414787292,
        0.6171970367431641,
        0.7020795941352844,
        0.31667017936706543,
        0.3174055218696594,
        0.8459917306900024,
        0.06767767667770386,
        0.5292239189147949,
        0.3676726818084717,
        0.7701679468154907,
        0.16481226682662964,
        0.4836035966873169,
        0.8260275721549988,
        0.5861251950263977,
        0.6812747120857239,
        0.24041569232940674,
        0.4851241111755371,
        0.7685173749923706,
        0.1466430425643921,
        0.154957115650177,
        0.22130638360977173,
        0.774786651134491,
        0.6938337683677673,
        0.7575711607933044,
        0.2933772802352905,
        0.37790507078170776,
        0.7956867814064026,
        0.627589225769043,
        0.5757148265838623,
        0.526778519153595,
        0.33834195137023926,
        0.9193586111068726,
        0.9136759638786316,
        0.5744969844818115,
        0.022231459617614746,
        0.7076956629753113,
        0.42439931631088257,
        0.03746145963668823,
        0.12248706817626953,
        0.2992410659790039,
        0.23897051811218262,
        0.09066903591156006,
        0.8966193795204163,
        0.7864878177642822,
        0.1059805154800415,
        0.7368040084838867,
        0.22958320379257202,
        0.29072803258895874,
        0.9229486584663391,
        0.3774648904800415,
        0.9562576413154602,
        0.49309611320495605,
        0.8808656930923462,
        0.040669798851013184,
        0.3192857503890991,
        0.9431685209274292
    ]
}