{
    "format": 2,
    "name": "n90k6_74",
    "n": 90,
    "k": 6,
    "optimal_solution": 16.561012268066406,
    "x_values": [
        0.5353498458862305,
        0.1488271951675415,
        0.4132590889930725,
        0.5216230154037476,
        0.04735666513442993,
        0.3719478249549866,
        0.25599658489227295,
        0.24932146072387695,
        0.05987316370010376,
        0.8720994591712952,
        0.973807156085968,
        0.6686661243438721,
        0.23995989561080933,
        0.7884493470191956,
        0.13295990228652954,
        0.01790517568588257,
        0.4008551239967346,
        0.8474092483520508,
        0.7730016112327576,
        0.3534826636314392,
        0.6432037949562073,
        0.5121703147888184,
        0.2874162793159485,
        0.793348491191864,
        0.026717543601989746,
        0.8403860926628113,
        0.47344911098480225,
        0.5680312514305115,
        0.9634802341461182,
        0.8856182098388672,
        0.6363543272018433,
        0.8090640306472778,
        0.9790555238723755,
        0.7872927784919739,
        0.36962562799453735,
        0.6297959685325623,
        0.7637125253677368,
        0.7503820657730103,
        0.867484450340271,
        0.19391340017318726,
        0.5393231511116028,
        0.4751492142677307,
        0.07329469919204712,
        0.34449833631515503,
        0.9377769231796265,
        0.03207641839981079,
        0.07966625690460205,
        0.357059121131897,
        0.2606695890426636,
        0.6308006048202515,
        0.7303584218025208,
        0.16119623184204102,
        0.11020094156265259,
        0.33947181701660156,
        0.6479707956314087,
        0.7191963195800781,
        0.9866572022438049,
        0.6282086968421936,
        0.4392699599266052,
        0.3491983413696289,
        0.4926169514656067,
        0.9301499128341675,
        0.7320737242698669,
        0.7771183252334595,
        0.15306836366653442,
        0.5619308948516846,
        0.22384101152420044,
        0.5743247270584106,
        0.5757189989089966,
        0.49491775035858154,
        0.35946404933929443,
        0.6708819270133972,
        0.5754637718200684,
        0.541376531124115,
        0.274044930934906,
        0.25433576107025146,
        0.6354013085365295,
        0.4201918840408325,
        0.026020050048828125,
        0.4150678515434265,
        0.11264336109161377,
        0.06878840923309326,
        0.6783534288406372,
        0.18723124265670776,
        0.5626901388168335,
        0.6544622182846069,
        0.6910371780395508,
        0.09103637933731079,
        0.9212294220924377,
        0.44786888360977173
    ],
    "y_values": [
        0.5827289819717407,
        0.3940475583076477,
        0.04088646173477173,
        0.19458574056625366,
        0.8169819712638855,
        0.08323538303375244,
        0.6620013117790222,
        0.8052316904067993,
        0.7625731229782104,
        0.0992739200592041,
        0.46082597970962524,
        0.8717556595802307,
        0.11059200763702393,
        0.6857020854949951,
        0.9131802916526794,
        0.05054444074630737,
        0.1823551058769226,
        0.6485762596130371,
        0.7627091407775879,
        0.6900297403335571,
        0.6308943629264832,
        0.17658865451812744,
        0.9028636813163757,
        0.4979511499404907,
        0.3769775629043579,
        0.5147525072097778,
        0.5818220973014832,
        0.6713088750839233,
        0.6749237775802612,
        0.8971817493438721,
        0.8524556159973145,
        0.9234221577644348,
        0.6932988166809082,
        0.35878652334213257,
        0.9298431277275085,
        0.575807511806488,
        0.4666285514831543,
        0.25009685754776,
        0.30545663833618164,
        0.4378887414932251,
        0.4613819718360901,
        0.00045567750930786133,
        0.007371425628662109,
        0.6882777810096741,
        0.5704770088195801,
        0.7773691415786743,
        0.09237241744995117,
        0.4170997738838196,
        0.20212167501449585,
        0.232352614402771,
        0.6744764447212219,
        0.8616368770599365,
        0.7751255631446838,
        0.7557907700538635,
        0.801798939704895,
        0.4699362516403198,
        0.5115266442298889,
        0.35501861572265625,
        0.25421857833862305,
        0.8735007643699646,
        0.582691490650177,
        0.8731803297996521,
        0.8385829329490662,
        0.6770948767662048,
        0.12986618280410767,
        0.8815611600875854,
        0.9467884302139282,
        0.2817777991294861,
        0.3527539372444153,
        0.5059087872505188,
        0.8804929852485657,
        0.6148176193237305,
        0.004622519016265869,
        0.7543495893478394,
        0.37085050344467163,
        0.26266372203826904,
        0.04219132661819458,
        0.3174859881401062,
        0.9497438669204712,
        0.10207110643386841,
        0.34278470277786255,
        0.8947571516036987,
        0.3045651316642761,
        0.6209893226623535,
        0.49099546670913696,
        0.8887265920639038,
        0.037083446979522705,
        0.3604481816291809,
        0.6588565111160278,
        0.7442155480384827
    ]
}