{
    "format": 8,
    "name": "n70k7_43",
    "n": 70,
    "k": 7,
    "capacity": 10,
    "optimal_solution": 10.7157564163208,
    "x_values": [
        0.06285786628723145,
        0.7847952246665955,
        0.6394791603088379,
        0.2578786015510559,
        0.5869799256324768,
        0.7907183766365051,
        0.02885746955871582,
        0.8132485747337341,
        0.6868266463279724,
        0.10171133279800415,
        0.5162937045097351,
        0.9286961555480957,
        0.25694209337234497,
        0.6450387239456177,
        0.18835055828094482,
        0.45341044664382935,
        0.7378436326980591,
        0.02028357982635498,
        0.8226131200790405,
        0.8871381878852844,
        0.6248070597648621,
        0.7930899858474731,
        0.7667630314826965,
        0.6454344391822815,
        0.053901612758636475,
        0.15968585014343262,
        0.27346426248550415,
        0.9548570513725281,
        0.7198624014854431,
        0.3525301218032837,
        0.7787551283836365,
        0.4539238214492798,
        0.8934423327445984,
        0.5690855383872986,
        0.7706946730613708,
        0.23342949151992798,
        0.9944488406181335,
        0.9451006650924683,
        0.33994942903518677,
        0.04744088649749756,
        0.6946890354156494,
        0.7358177304267883,
        0.2239614725112915,
        0.9033287763595581,
        0.12629157304763794,
        0.2565544843673706,
        0.6991607546806335,
        0.2956210970878601,
        0.10835903882980347,
        0.9155246019363403,
        0.2155340313911438,
        0.429559588432312,
        0.0048714280128479,
        0.823028028011322,
        0.9328005909919739,
        0.8468430042266846,
        0.7191309332847595,
        0.013875961303710938,
        0.8025453686714172,
        0.6912029385566711,
        0.5674138069152832,
        0.5207496881484985,
        0.5290071964263916,
        0.27475249767303467,
        0.3049957752227783,
        0.9001622200012207,
        0.5493859052658081,
        0.6272715926170349,
        0.8826508522033691,
        0.25528639554977417
    ],
    "y_values": [
        0.8024898767471313,
        0.4744480848312378,
        0.38655734062194824,
        0.3878505229949951,
        0.8802675008773804,
        0.40893298387527466,
        0.527360737323761,
        0.4900639057159424,
        0.4784529209136963,
        0.11650675535202026,
        0.17865991592407227,
        0.21836328506469727,
        0.3697658181190491,
        0.40277934074401855,
        0.23408514261245728,
        0.06679213047027588,
        0.4106190800666809,
        0.09886735677719116,
        0.5395162105560303,
        0.822573184967041,
        0.5906507968902588,
        0.7646077275276184,
        0.5825849771499634,
        0.9011167883872986,
        0.40128475427627563,
        0.675405740737915,
        0.3030601143836975,
        0.4058777689933777,
        0.23307573795318604,
        0.6568692922592163,
        0.6255139708518982,
        0.2581390142440796,
        0.14923131465911865,
        0.8066800236701965,
        0.31796616315841675,
        0.7752913236618042,
        0.6928446292877197,
        0.17833256721496582,
        0.9329593181610107,
        0.6488587856292725,
        0.9540562033653259,
        0.748784065246582,
        0.42799192667007446,
        0.6508906483650208,
        0.48847144842147827,
        0.5384937524795532,
        0.7094765901565552,
        0.5747528076171875,
        0.7378418445587158,
        0.633706271648407,
        0.26535993814468384,
        0.14679431915283203,
        0.7941431999206543,
        0.7551360726356506,
        0.16327530145645142,
        0.17287558317184448,
        0.6518290042877197,
        0.8607949018478394,
        0.24993211030960083,
        0.6870588064193726,
        0.014827966690063477,
        0.45133960247039795,
        0.8843566179275513,
        0.7389427423477173,
        0.09293073415756226,
        0.46304309368133545,
        0.38694554567337036,
        0.42298460006713867,
        0.9524633288383484,
        0.8534182906150818
    ]
}