{
    "format": 8,
    "name": "n70k7_99",
    "n": 70,
    "k": 7,
    "capacity": 10,
    "optimal_solution": 11.835042953491211,
    "x_values": [
        0.03384321928024292,
        0.15810275077819824,
        0.46825307607650757,
        0.22955459356307983,
        0.43331873416900635,
        0.25611430406570435,
        0.46739476919174194,
        0.8309516906738281,
        0.026300668716430664,
        0.6880950927734375,
        0.9287256002426147,
        0.9020574688911438,
        0.7582692503929138,
        0.08795809745788574,
        0.3949817419052124,
        0.7804237008094788,
        0.09973692893981934,
        0.055994391441345215,
        0.9958713054656982,
        0.37260013818740845,
        0.4541333317756653,
        0.3910335302352905,
        0.49756020307540894,
        0.3145819902420044,
        0.34265613555908203,
        0.6401695013046265,
        0.7173634767532349,
        0.6122889518737793,
        0.8566184043884277,
        0.904742956161499,
        0.8741207718849182,
        0.5100388526916504,
        0.2629380226135254,
        0.3010655641555786,
        0.28977125883102417,
        0.8755121231079102,
        0.7834605574607849,
        0.5298122763633728,
        0.09120988845825195,
        0.875368058681488,
        0.9564707279205322,
        0.11806082725524902,
        0.06555867195129395,
        0.025472939014434814,
        0.3447492718696594,
        0.6797102689743042,
        0.9687864780426025,
        0.6290454268455505,
        0.8853040337562561,
        0.8525443077087402,
        0.9090136885643005,
        0.309248149394989,
        0.37847667932510376,
        0.7089406847953796,
        0.2050943374633789,
        0.9480810761451721,
        0.8120516538619995,
        0.11719024181365967,
        0.6223007440567017,
        0.4747811555862427,
        0.13876861333847046,
        0.004222214221954346,
        0.272596538066864,
        0.28846442699432373,
        0.8197270631790161,
        0.46479088068008423,
        0.5700273513793945,
        0.35264456272125244,
        0.3369707465171814,
        0.4123503565788269
    ],
    "y_values": [
        0.8395068049430847,
        0.35471564531326294,
        0.3144855499267578,
        0.8716667294502258,
        0.6794000267982483,
        0.9139889478683472,
        0.4414951801300049,
        0.8704113960266113,
        0.5237734913825989,
        0.4032832384109497,
        0.647360622882843,
        0.10949933528900146,
        0.3111882209777832,
        0.9369006752967834,
        0.4981434941291809,
        0.8910647630691528,
        0.15314346551895142,
        0.6049890518188477,
        0.6092057824134827,
        0.18139606714248657,
        0.5772513151168823,
        0.1915101408958435,
        0.8925584554672241,
        0.9453088045120239,
        0.7628008127212524,
        0.9332306385040283,
        0.597115695476532,
        0.30640143156051636,
        0.116752028465271,
        0.22947531938552856,
        0.8299415707588196,
        0.47220486402511597,
        0.8186097145080566,
        0.5004609823226929,
        0.383669912815094,
        0.3407854437828064,
        0.46037060022354126,
        0.01319652795791626,
        0.02085745334625244,
        0.026476681232452393,
        0.9296546578407288,
        0.7871489524841309,
        0.3693389892578125,
        0.10816270112991333,
        0.8825818300247192,
        0.023588180541992188,
        0.3066701889038086,
        0.12686431407928467,
        0.06627285480499268,
        0.28841596841812134,
        0.16457760334014893,
        0.9757696390151978,
        0.5349993705749512,
        0.6884463429450989,
        0.5562917590141296,
        0.0038915276527404785,
        0.9071884751319885,
        0.9451913237571716,
        0.2770012617111206,
        0.05070936679840088,
        0.565940797328949,
        0.8260554075241089,
        0.7227620482444763,
        0.5663690567016602,
        0.2610352039337158,
        0.0587192177772522,
        0.7254883050918579,
        0.24259519577026367,
        0.3015398383140564,
        0.05603456497192383
    ]
}