{
    "format": 2,
    "name": "n40k4_26",
    "n": 40,
    "k": 4,
    "optimal_solution": 8.171789169311523,
    "x_values": [
        0.6760064363479614,
        0.6300256848335266,
        0.9192658066749573,
        0.2949075698852539,
        0.7776380777359009,
        0.8223063349723816,
        0.724014937877655,
        0.3466985821723938,
        0.1232265830039978,
        0.048744797706604004,
        0.8339470624923706,
        0.26151078939437866,
        0.6857025623321533,
        0.46812063455581665,
        0.35420477390289307,
        0.005144596099853516,
        0.948675274848938,
        0.5896070003509521,
        0.010552406311035156,
        0.7488821744918823,
        0.14205843210220337,
        0.9953928589820862,
        0.559959352016449,
        0.5091991424560547,
        0.321394145488739,
        0.1861901879310608,
        0.25725752115249634,
        0.1268017292022705,
        0.8725501298904419,
        0.6540249586105347,
        0.3744940757751465,
        0.6664876341819763,
        0.7143048644065857,
        0.7787466049194336,
        0.5506759881973267,
        0.261482298374176,
        0.6579785943031311,
        0.8805384635925293,
        0.9492337703704834,
        0.19264066219329834
    ],
    "y_values": [
        0.9557891488075256,
        0.5785712599754333,
        0.16595226526260376,
        0.033428728580474854,
        0.7917330265045166,
        0.46872931718826294,
        0.7217790484428406,
        0.43268710374832153,
        0.33321958780288696,
        0.7324016094207764,
        0.3752795457839966,
        0.22459065914154053,
        0.3541107177734375,
        0.8135058283805847,
        0.799595832824707,
        0.037213027477264404,
        0.43662720918655396,
        0.16452938318252563,
        0.9271221160888672,
        0.1969451904296875,
        0.6709610819816589,
        0.9187217354774475,
        0.9083840847015381,
        0.8806700706481934,
        0.45692646503448486,
        0.825242280960083,
        0.2735307812690735,
        0.8355139493942261,
        0.8040379881858826,
        0.792344331741333,
        0.7381389141082764,
        0.7069921493530273,
        0.7490265965461731,
        0.7137448191642761,
        0.9545142650604248,
        0.4212917685508728,
        0.6697988510131836,
        0.9476875066757202,
        0.17837470769882202,
        0.5431004166603088
    ]
}