{
    "format": 2,
    "name": "n40k4_44",
    "n": 40,
    "k": 4,
    "optimal_solution": 9.009696006774902,
    "x_values": [
        0.7894163131713867,
        0.8694670796394348,
        0.5645947456359863,
        0.6430667638778687,
        0.5628588199615479,
        0.08401507139205933,
        0.46033692359924316,
        0.6970056891441345,
        0.228502094745636,
        0.3051905632019043,
        0.9823489189147949,
        0.9729790091514587,
        0.843012809753418,
        0.7555932998657227,
        0.1255708932876587,
        0.5498186945915222,
        0.546462893486023,
        0.9376346468925476,
        0.19547492265701294,
        0.5733665823936462,
        0.5321287512779236,
        0.08019942045211792,
        0.3958638310432434,
        0.8302155137062073,
        0.38741153478622437,
        0.21053075790405273,
        0.6277608871459961,
        0.3562546968460083,
        0.0861976146697998,
        0.7651442289352417,
        0.31303077936172485,
        0.2759741544723511,
        0.17106562852859497,
        0.27280890941619873,
        0.3801237940788269,
        0.7957562804222107,
        0.4955586791038513,
        0.12995094060897827,
        0.8650406002998352,
        0.3575507402420044
    ],
    "y_values": [
        0.826155424118042,
        0.17354369163513184,
        0.07935148477554321,
        0.5188711881637573,
        0.3770776391029358,
        0.04734116792678833,
        0.82683265209198,
        0.298864483833313,
        0.14307278394699097,
        0.2193576693534851,
        0.9069118499755859,
        0.3923598527908325,
        0.14178812503814697,
        0.8426361083984375,
        0.5734795331954956,
        0.38678473234176636,
        0.24172145128250122,
        0.38559192419052124,
        0.7998892664909363,
        0.5563262104988098,
        0.6887786984443665,
        0.4134024381637573,
        0.886601448059082,
        0.04549205303192139,
        0.23368054628372192,
        0.3050398826599121,
        0.9615175127983093,
        0.9183187484741211,
        0.062019944190979004,
        0.5152159333229065,
        0.9393945932388306,
        0.0755617618560791,
        0.895503044128418,
        0.390563428401947,
        0.5535333752632141,
        0.6413131952285767,
        0.9699799418449402,
        0.7843945026397705,
        0.16238784790039062,
        0.3469747304916382
    ]
}