{
    "format": 2,
    "name": "n40k4_37",
    "n": 40,
    "k": 4,
    "optimal_solution": 9.181900978088379,
    "x_values": [
        0.9320748448371887,
        0.21989715099334717,
        0.2550961375236511,
        0.2989630103111267,
        0.9324970841407776,
        0.8995712399482727,
        0.037282466888427734,
        0.06962281465530396,
        0.9385002851486206,
        0.640325129032135,
        0.051932692527770996,
        0.49666929244995117,
        0.49358218908309937,
        0.3888034224510193,
        0.1665998101234436,
        0.17963820695877075,
        0.4636684060096741,
        0.9190607070922852,
        0.3404695987701416,
        0.5994488596916199,
        0.6796032190322876,
        0.30137115716934204,
        0.501943826675415,
        0.9786373972892761,
        0.6528906226158142,
        0.162783682346344,
        0.020270943641662598,
        0.503154456615448,
        0.7095064520835876,
        0.7345438599586487,
        0.4111539125442505,
        0.7998849749565125,
        0.6512768268585205,
        0.5639710426330566,
        0.784127950668335,
        0.3620225191116333,
        0.9182599186897278,
        0.013948023319244385,
        0.5241231322288513,
        0.7562767267227173
    ],
    "y_values": [
        0.06543141603469849,
        0.05148124694824219,
        0.3639911413192749,
        0.21079188585281372,
        0.9729114770889282,
        0.5715519785881042,
        0.6916293501853943,
        0.3919260501861572,
        0.5727226734161377,
        0.6207635998725891,
        0.8347184658050537,
        0.5136505365371704,
        0.11252635717391968,
        0.7449042797088623,
        0.28697991371154785,
        0.1821315884590149,
        0.13300931453704834,
        0.7207972407341003,
        0.504862904548645,
        0.43871062994003296,
        0.6623874306678772,
        0.20292770862579346,
        0.5441858768463135,
        0.3101147413253784,
        0.9330638647079468,
        0.6186746954917908,
        0.4430994391441345,
        0.2980614900588989,
        0.33477282524108887,
        0.7288156151771545,
        0.02612966299057007,
        0.14033156633377075,
        0.6867844462394714,
        0.9510213136672974,
        0.37534546852111816,
        0.5742716789245605,
        0.689326822757721,
        0.6485223770141602,
        0.14599502086639404,
        0.9092919826507568
    ]
}