{
    "format": 2,
    "name": "n40k4_89",
    "n": 40,
    "k": 4,
    "optimal_solution": 8.55477523803711,
    "x_values": [
        0.32358992099761963,
        0.3566214442253113,
        0.5160191059112549,
        0.2749329209327698,
        0.9266911149024963,
        0.5485675930976868,
        0.377571702003479,
        0.10389977693557739,
        0.6484325528144836,
        0.9147913455963135,
        0.7623162865638733,
        0.11829674243927002,
        0.6132162809371948,
        0.7372497916221619,
        0.30464303493499756,
        0.9570150375366211,
        0.9012852311134338,
        0.6411570906639099,
        0.5757628083229065,
        0.8046099543571472,
        0.3323594331741333,
        0.15133202075958252,
        0.10750585794448853,
        0.595536470413208,
        0.9895524382591248,
        0.9838923811912537,
        0.08066737651824951,
        0.11661839485168457,
        0.5228427648544312,
        0.4010431170463562,
        0.6645848155021667,
        0.7920085191726685,
        0.6415296196937561,
        0.7400789856910706,
        0.9085943698883057,
        0.9319255948066711,
        0.20528900623321533,
        0.19022315740585327,
        0.4774625301361084,
        0.9557861685752869
    ],
    "y_values": [
        0.8970274329185486,
        0.6751197576522827,
        0.6858726143836975,
        0.31447696685791016,
        0.6500919461250305,
        0.4526052474975586,
        0.3588007092475891,
        0.13853079080581665,
        0.5481818318367004,
        0.23998665809631348,
        0.17023062705993652,
        0.6145858764648438,
        0.5936776995658875,
        0.9129920601844788,
        0.4429242014884949,
        0.09410661458969116,
        0.1735357642173767,
        0.31346577405929565,
        0.38373124599456787,
        0.4477548599243164,
        0.10772967338562012,
        0.8505340814590454,
        0.592558741569519,
        0.24755513668060303,
        0.6444061398506165,
        0.3265834450721741,
        0.3832540512084961,
        0.9992295503616333,
        0.0014466047286987305,
        0.809505820274353,
        0.3719314932823181,
        0.4404146671295166,
        0.0708659291267395,
        0.4797871708869934,
        0.46832162141799927,
        0.15863728523254395,
        0.7934432625770569,
        0.7780129909515381,
        0.7775179743766785,
        0.07093161344528198
    ]
}