{
    "format": 2,
    "name": "n100k8_16",
    "n": 100,
    "k": 8,
    "optimal_solution": 15.167954444885254,
    "x_values": [
        0.8166326284408569,
        0.5984677672386169,
        0.48305606842041016,
        0.6024293899536133,
        0.3393707871437073,
        0.7003704905509949,
        0.8500316143035889,
        0.9341364502906799,
        0.006732344627380371,
        0.6262393593788147,
        0.8299657702445984,
        0.4334424138069153,
        0.06119507551193237,
        0.2329067587852478,
        0.2992877960205078,
        0.9552029371261597,
        0.15082162618637085,
        0.39344316720962524,
        0.4011681079864502,
        0.8502049446105957,
        0.061317384243011475,
        0.6610478758811951,
        0.20202034711837769,
        0.7300435900688171,
        0.7085748314857483,
        0.04228818416595459,
        0.8452062010765076,
        0.4703173041343689,
        0.5588272213935852,
        0.28491806983947754,
        0.7847883105278015,
        0.754003643989563,
        0.03860527276992798,
        0.10285669565200806,
        0.4980909824371338,
        0.014277040958404541,
        0.6461789011955261,
        0.9825119972229004,
        0.5783854126930237,
        0.3199073076248169,
        0.7062689065933228,
        0.6551960110664368,
        0.04389476776123047,
        0.7302306890487671,
        0.49793297052383423,
        0.46200913190841675,
        0.7124066948890686,
        0.9521880745887756,
        0.09365314245223999,
        0.26476889848709106,
        0.026610910892486572,
        0.7697125673294067,
        0.22199326753616333,
        0.04774320125579834,
        0.16613852977752686,
        0.37492507696151733,
        0.2748934030532837,
        0.5610222220420837,
        0.07940822839736938,
        0.6148066520690918,
        0.8950837850570679,
        0.20225423574447632,
        0.057882487773895264,
        0.4847082495689392,
        0.5778316259384155,
        0.22974860668182373,
        0.819131076335907,
        0.7001280188560486,
        0.8406612873077393,
        0.24283528327941895,
        0.550268828868866,
        0.7780789136886597,
        0.40586477518081665,
        0.153964102268219,
        0.09617346525192261,
        0.8882095217704773,
        0.11569422483444214,
        0.4076114296913147,
        0.5649541616439819,
        0.5545235872268677,
        0.9252781271934509,
        0.36389148235321045,
        0.10765796899795532,
        0.6390669345855713,
        0.35279959440231323,
        0.8475062251091003,
        0.00988084077835083,
        0.4170765280723572,
        0.7712057828903198,
        0.31509315967559814,
        0.576494038105011,
        0.15561437606811523,
        0.4238958954811096,
        0.31971460580825806,
        0.4022427201271057,
        0.7115083336830139,
        0.9528648257255554,
        0.10266613960266113,
        0.1586436629295349,
        0.6904058456420898
    ],
    "y_values": [
        0.18300342559814453,
        0.9203633069992065,
        0.4180256128311157,
        0.7924498915672302,
        0.4406789541244507,
        0.043665409088134766,
        0.19167906045913696,
        0.6662201881408691,
        0.6964577436447144,
        0.8129369020462036,
        0.7968987226486206,
        0.67523193359375,
        0.03538370132446289,
        0.2297458052635193,
        0.41465914249420166,
        0.2525075674057007,
        0.18005508184432983,
        0.43032658100128174,
        0.9137684106826782,
        0.8356117010116577,
        0.7213699817657471,
        0.3144988417625427,
        0.44146764278411865,
        0.26328790187835693,
        0.06148558855056763,
        0.18743306398391724,
        0.9099316000938416,
        0.09079653024673462,
        0.9466895461082458,
        0.9587650895118713,
        0.9699544310569763,
        0.6168670058250427,
        0.3213310241699219,
        0.025273025035858154,
        0.556225597858429,
        0.996454656124115,
        0.07262057065963745,
        0.8067256212234497,
        0.24723631143569946,
        0.06581366062164307,
        0.42910856008529663,
        0.22205674648284912,
        0.13680613040924072,
        0.42047393321990967,
        0.8134511709213257,
        0.045350074768066406,
        0.2633695602416992,
        0.7096952795982361,
        0.43872153759002686,
        0.045957863330841064,
        0.15809255838394165,
        0.9658827185630798,
        0.3275638818740845,
        0.6539160013198853,
        0.6828587651252747,
        0.9630950093269348,
        0.2825220227241516,
        0.021320760250091553,
        0.43646252155303955,
        0.7265141606330872,
        0.504966676235199,
        0.763425350189209,
        0.26211899518966675,
        0.9911788702011108,
        0.8899648785591125,
        0.8729420304298401,
        0.6534748077392578,
        0.7754424810409546,
        0.12642747163772583,
        0.14687275886535645,
        0.08952522277832031,
        0.8719695806503296,
        0.5574001669883728,
        0.45436549186706543,
        0.1421734094619751,
        0.17032557725906372,
        0.02457326650619507,
        0.23095721006393433,
        0.08818584680557251,
        0.3226398229598999,
        0.0698431134223938,
        0.630446195602417,
        0.6423872113227844,
        0.3885095715522766,
        0.39925485849380493,
        0.437417209148407,
        0.3023512363433838,
        0.9038971066474915,
        0.13564294576644897,
        0.4088316559791565,
        0.8152540326118469,
        0.695338249206543,
        0.015317320823669434,
        0.05241954326629639,
        0.4640803337097168,
        0.9459047913551331,
        0.5468419194221497,
        0.4914286732673645,
        0.9183971285820007,
        0.309164822101593
    ]
}