{
    "format": 2,
    "name": "n100k8_58",
    "n": 100,
    "k": 8,
    "optimal_solution": 14.889303207397461,
    "x_values": [
        0.6256694793701172,
        0.8381050825119019,
        0.20011955499649048,
        0.7797619700431824,
        0.28998690843582153,
        0.4778593182563782,
        0.8850323557853699,
        0.23050904273986816,
        0.7207251191139221,
        0.5742878913879395,
        0.3346724510192871,
        0.9269464015960693,
        0.2684323191642761,
        0.8272894620895386,
        0.15279841423034668,
        0.29466402530670166,
        0.2791385054588318,
        0.8385410904884338,
        0.30029916763305664,
        0.13228857517242432,
        0.23388898372650146,
        0.08625638484954834,
        0.3962676525115967,
        0.2716678977012634,
        0.1620006561279297,
        0.5850403308868408,
        0.6775252223014832,
        0.782780110836029,
        0.8113605380058289,
        0.06914019584655762,
        0.40665096044540405,
        0.2165278196334839,
        0.8825681209564209,
        0.5713809728622437,
        0.7296876907348633,
        0.3371196985244751,
        0.10427224636077881,
        0.8560044765472412,
        0.3395369052886963,
        0.9043778777122498,
        0.060596764087677,
        0.19188451766967773,
        0.9734998941421509,
        0.6188909411430359,
        0.4540918469429016,
        0.19606399536132812,
        0.4733960032463074,
        0.6065394878387451,
        0.33577030897140503,
        0.4563305377960205,
        0.9414688944816589,
        0.6744256019592285,
        0.8432048559188843,
        0.2871626615524292,
        0.9486759901046753,
        0.8319119215011597,
        0.9875136613845825,
        0.26606619358062744,
        0.5907455682754517,
        0.2690674662590027,
        0.5239225029945374,
        0.6288672089576721,
        0.39569252729415894,
        0.5252818465232849,
        0.10815709829330444,
        0.4602547883987427,
        0.09704649448394775,
        0.03125697374343872,
        0.7753384709358215,
        0.20032215118408203,
        0.22194522619247437,
        0.4077364206314087,
        0.4965372681617737,
        0.24541503190994263,
        0.7060530185699463,
        0.8857200741767883,
        0.572782039642334,
        0.9120680093765259,
        0.1760709285736084,
        0.5407801866531372,
        0.9357556700706482,
        0.9741297960281372,
        0.838248610496521,
        0.32199418544769287,
        0.3214229941368103,
        0.9372366070747375,
        0.6443970203399658,
        0.10017764568328857,
        0.15899330377578735,
        0.1912236213684082,
        0.30996769666671753,
        0.3378075361251831,
        0.9316127300262451,
        0.8686560988426208,
        0.40042197704315186,
        0.4518507719039917,
        0.6199430823326111,
        0.11781072616577148,
        0.8590968251228333,
        0.3383220434188843
    ],
    "y_values": [
        0.24144387245178223,
        0.3280126452445984,
        0.40946006774902344,
        0.20989573001861572,
        0.006432056427001953,
        0.44037073850631714,
        0.1881527304649353,
        0.28695279359817505,
        0.419718861579895,
        0.763735294342041,
        0.3225557804107666,
        0.15375381708145142,
        0.49874424934387207,
        0.27168744802474976,
        0.714591383934021,
        0.7522237300872803,
        0.4599539041519165,
        0.8158873319625854,
        0.07828593254089355,
        0.3485892415046692,
        0.6801861524581909,
        0.34127527475357056,
        0.36907655000686646,
        0.5795766711235046,
        0.695210337638855,
        0.24869513511657715,
        0.5423698425292969,
        0.6912225484848022,
        0.41818493604660034,
        0.41194629669189453,
        0.8410452604293823,
        0.2979915142059326,
        0.7759501934051514,
        0.9266834855079651,
        0.0017495155334472656,
        0.3532789945602417,
        0.6802628636360168,
        0.4419559836387634,
        0.4301499128341675,
        0.9127194285392761,
        0.034202754497528076,
        0.35495638847351074,
        0.011319577693939209,
        0.9874845147132874,
        0.8519905805587769,
        0.9679170846939087,
        0.20364564657211304,
        0.09080654382705688,
        0.9328931570053101,
        0.6504340767860413,
        0.9812332391738892,
        0.9969621300697327,
        0.6478491425514221,
        0.2313312292098999,
        0.49395138025283813,
        0.3634180426597595,
        0.6036150455474854,
        0.1442633867263794,
        0.8445790410041809,
        0.6959266066551208,
        0.5828018188476562,
        0.18163639307022095,
        0.10561436414718628,
        0.08118396997451782,
        0.4015069603919983,
        0.9438736438751221,
        0.8750195503234863,
        0.15766149759292603,
        0.8868874311447144,
        0.8468524813652039,
        0.13080400228500366,
        0.7230637073516846,
        0.6729704141616821,
        0.33065706491470337,
        0.4567815065383911,
        0.36466747522354126,
        0.557370662689209,
        0.7592649459838867,
        0.3827958106994629,
        0.9008796215057373,
        0.8597137928009033,
        0.3951953053474426,
        0.3348510265350342,
        0.8304857015609741,
        0.7648423314094543,
        0.21502172946929932,
        0.8419784903526306,
        0.4513953924179077,
        0.48890578746795654,
        0.1969984769821167,
        0.9944319725036621,
        0.9808002710342407,
        0.11583781242370605,
        0.7730855345726013,
        0.7620671987533569,
        0.5161281824111938,
        0.7539684772491455,
        0.08964556455612183,
        0.9139475226402283,
        0.8022208213806152
    ]
}