{
    "format": 2,
    "name": "n100k8_36",
    "n": 100,
    "k": 8,
    "optimal_solution": 13.70877742767334,
    "x_values": [
        0.5262032747268677,
        0.8828971982002258,
        0.6537267565727234,
        0.4825989007949829,
        0.5181192755699158,
        0.17500144243240356,
        0.5811739563941956,
        0.8159812092781067,
        0.1438160538673401,
        0.3972926139831543,
        0.8247691988945007,
        0.36900514364242554,
        0.7205668091773987,
        0.8268876671791077,
        0.02747642993927002,
        0.384039044380188,
        0.5179595947265625,
        0.6821857690811157,
        0.5921650528907776,
        0.8868734240531921,
        0.5009487271308899,
        0.31293219327926636,
        0.9032010436058044,
        0.5151432752609253,
        0.2817825675010681,
        0.0015929937362670898,
        0.3655658960342407,
        0.48091697692871094,
        0.22068315744400024,
        0.945703387260437,
        0.26265186071395874,
        0.7119684815406799,
        0.8728086948394775,
        0.9011977314949036,
        0.7991639971733093,
        0.422105610370636,
        0.2538986802101135,
        0.1118924617767334,
        0.31209683418273926,
        0.40979719161987305,
        0.32713568210601807,
        0.8040217757225037,
        0.14040321111679077,
        0.713346540927887,
        0.9780810475349426,
        0.10583335161209106,
        0.8959329724311829,
        0.6806721091270447,
        0.9004415273666382,
        0.7793936729431152,
        0.19289040565490723,
        0.33534759283065796,
        0.7016409635543823,
        0.9388760328292847,
        0.28517836332321167,
        0.495749831199646,
        0.8901906609535217,
        0.12719130516052246,
        0.7601661086082458,
        0.40815162658691406,
        0.24103671312332153,
        0.7737635970115662,
        0.7653244137763977,
        0.8131757378578186,
        0.8227022886276245,
        0.42280107736587524,
        0.8271780610084534,
        0.36849749088287354,
        0.866327166557312,
        0.9056181311607361,
        0.8224449753761292,
        0.5237617492675781,
        0.23882657289505005,
        0.8658709526062012,
        0.6386110782623291,
        0.13655662536621094,
        0.8815483450889587,
        0.523858368396759,
        0.29546868801116943,
        0.7430287003517151,
        0.24371832609176636,
        0.8184609413146973,
        0.5718600749969482,
        0.16428005695343018,
        0.12770766019821167,
        0.04376929998397827,
        0.33912259340286255,
        0.7092654705047607,
        0.2771216034889221,
        0.06380009651184082,
        0.5482635498046875,
        0.3919615149497986,
        0.9602214694023132,
        0.8933813571929932,
        0.2874681353569031,
        0.5411500334739685,
        0.3669644594192505,
        0.8579884171485901,
        0.22530680894851685,
        0.82993084192276
    ],
    "y_values": [
        0.7934853434562683,
        0.7675228118896484,
        0.7243428826332092,
        0.1702619194984436,
        0.15783607959747314,
        0.28481656312942505,
        0.7320311665534973,
        0.12340718507766724,
        0.6364783644676208,
        0.9322487115859985,
        0.9984146952629089,
        0.1529926061630249,
        0.7829562425613403,
        0.5201870799064636,
        0.25251680612564087,
        0.3089779019355774,
        0.9190283417701721,
        0.727872908115387,
        0.8681161999702454,
        0.23961305618286133,
        0.0033705830574035645,
        0.2215922474861145,
        0.30120861530303955,
        0.8720079064369202,
        0.9651879668235779,
        0.9623551368713379,
        0.4304628372192383,
        0.2093777060508728,
        0.6583691835403442,
        0.16782939434051514,
        0.07889866828918457,
        0.7193772196769714,
        0.9107808470726013,
        0.4938049912452698,
        0.4536936283111572,
        0.8901621103286743,
        0.20614510774612427,
        0.8917419910430908,
        0.8614452481269836,
        0.9497053623199463,
        0.012113749980926514,
        0.22320997714996338,
        0.3379249572753906,
        0.4056546688079834,
        0.8448330760002136,
        0.03493231534957886,
        0.8134214282035828,
        0.9570450186729431,
        0.8940749168395996,
        0.4478626847267151,
        0.58074951171875,
        0.6425477862358093,
        0.4083396792411804,
        0.9462724924087524,
        0.9893792271614075,
        0.6156304478645325,
        0.03150874376296997,
        0.7387454509735107,
        0.946000337600708,
        0.678250789642334,
        0.6420931220054626,
        0.4936666488647461,
        0.1976209282875061,
        0.18746817111968994,
        0.5404987335205078,
        0.7415266036987305,
        0.742837131023407,
        0.0852476954460144,
        0.883421003818512,
        0.7656853199005127,
        0.5685902833938599,
        0.928846001625061,
        0.0892835259437561,
        0.05474269390106201,
        0.6565884947776794,
        0.7494016885757446,
        0.4235478639602661,
        0.9504570960998535,
        0.6334528923034668,
        0.3399485945701599,
        0.6505135893821716,
        0.9946537017822266,
        0.13126885890960693,
        0.1913433074951172,
        0.8725584745407104,
        0.6430319547653198,
        0.1426295042037964,
        0.780669629573822,
        0.4881356954574585,
        0.2526109218597412,
        0.09247207641601562,
        0.41849929094314575,
        0.36100083589553833,
        0.1833430528640747,
        0.038073956966400146,
        0.8319026827812195,
        0.9778774976730347,
        0.20388561487197876,
        0.011695146560668945,
        0.28695887327194214
    ]
}