{
    "format": 2,
    "name": "n100k8_7",
    "n": 100,
    "k": 8,
    "optimal_solution": 14.391525268554688,
    "x_values": [
        0.621609628200531,
        0.19559264183044434,
        0.7939208745956421,
        0.7724531292915344,
        0.845402181148529,
        0.8655110001564026,
        0.2638067603111267,
        0.3290802836418152,
        0.5583861470222473,
        0.23494184017181396,
        0.6494866013526917,
        0.3292219638824463,
        0.08246982097625732,
        0.8383423089981079,
        0.42676204442977905,
        0.03537189960479736,
        0.5117269158363342,
        0.5077970623970032,
        0.05388849973678589,
        0.14315348863601685,
        0.7245545983314514,
        0.5991199612617493,
        0.9698184132575989,
        0.7180561423301697,
        0.8226068615913391,
        0.14841866493225098,
        0.44170039892196655,
        0.24854058027267456,
        0.3201507329940796,
        0.9061957597732544,
        0.3794596195220947,
        0.6215828061103821,
        0.3884055018424988,
        0.7059226036071777,
        0.17668354511260986,
        0.8428594470024109,
        0.573530375957489,
        0.9517078399658203,
        0.6954321265220642,
        0.5121645927429199,
        0.8576473593711853,
        0.2207280993461609,
        0.41183143854141235,
        0.8027845025062561,
        0.44304323196411133,
        0.9241823554039001,
        0.15829449892044067,
        0.5339820981025696,
        0.3157689571380615,
        0.7768372893333435,
        0.5063291788101196,
        0.061617255210876465,
        0.20462507009506226,
        0.0043201446533203125,
        0.6990222334861755,
        0.29606884717941284,
        0.7939528226852417,
        0.5461174249649048,
        0.30364900827407837,
        0.40725088119506836,
        0.3367832899093628,
        0.7885516285896301,
        0.5957221984863281,
        0.42643994092941284,
        0.07865506410598755,
        0.4331616759300232,
        0.5615982413291931,
        0.5356194376945496,
        0.6146014928817749,
        0.10053229331970215,
        0.7223460078239441,
        0.7558017373085022,
        0.6079937219619751,
        0.8441354036331177,
        0.7342799305915833,
        0.5896090269088745,
        0.0982242226600647,
        0.544712245464325,
        0.17772889137268066,
        0.48843276500701904,
        0.09312242269515991,
        0.3234444856643677,
        0.22345978021621704,
        0.13429492712020874,
        0.9067139625549316,
        0.5088070631027222,
        0.6969189643859863,
        0.8343672156333923,
        0.5451118350028992,
        0.024616718292236328,
        0.630243182182312,
        0.47606194019317627,
        0.9799836277961731,
        0.8969139456748962,
        0.7567951083183289,
        0.7192478775978088,
        0.16779762506484985,
        0.8797724843025208,
        0.562627375125885,
        0.32427430152893066
    ],
    "y_values": [
        0.6767714619636536,
        0.30516159534454346,
        0.6588859558105469,
        0.3894479274749756,
        0.23686152696609497,
        0.1466827392578125,
        0.44586050510406494,
        0.48712605237960815,
        0.6503360867500305,
        0.0021477937698364258,
        0.8549605011940002,
        0.708968460559845,
        0.8932982683181763,
        0.698858916759491,
        0.3750509023666382,
        0.8977912068367004,
        0.9205439686775208,
        0.5443552136421204,
        0.21303647756576538,
        0.7262371778488159,
        0.9499664902687073,
        0.8451096415519714,
        0.9170624017715454,
        0.5364207029342651,
        0.578187882900238,
        0.19365990161895752,
        0.612747073173523,
        0.33800333738327026,
        0.8637401461601257,
        0.05779099464416504,
        0.9988082647323608,
        0.9180648922920227,
        0.17585426568984985,
        0.17670148611068726,
        0.23493129014968872,
        0.2656670808792114,
        0.1314772367477417,
        0.8100712895393372,
        0.42082273960113525,
        0.1346258521080017,
        0.6801919341087341,
        0.25132203102111816,
        0.11454588174819946,
        0.09901678562164307,
        0.38719242811203003,
        0.9015562534332275,
        0.23420333862304688,
        0.9449833631515503,
        0.6492400765419006,
        0.5728567242622375,
        0.09212535619735718,
        0.5611693859100342,
        0.5496774911880493,
        0.3071346879005432,
        0.5790287256240845,
        0.843856930732727,
        0.4676779508590698,
        0.12181168794631958,
        0.22648537158966064,
        0.07274174690246582,
        0.39375776052474976,
        0.8390522599220276,
        0.1734931468963623,
        0.8459601402282715,
        0.5715095400810242,
        0.19981807470321655,
        0.7895405888557434,
        0.6692669987678528,
        0.11377012729644775,
        0.622599720954895,
        0.03700131177902222,
        0.027228951454162598,
        0.569597065448761,
        0.5089008212089539,
        0.3328137993812561,
        0.6634185910224915,
        0.2420179843902588,
        0.859246015548706,
        0.898817241191864,
        0.08962076902389526,
        0.781446099281311,
        0.855508029460907,
        0.0067383646965026855,
        0.41272783279418945,
        0.17252850532531738,
        0.8879492878913879,
        0.8397069573402405,
        0.2557206153869629,
        0.688470721244812,
        0.8493500351905823,
        0.7621310353279114,
        0.9192997813224792,
        0.28424572944641113,
        0.12903940677642822,
        0.9659716486930847,
        0.5438995361328125,
        0.7454078197479248,
        0.16346371173858643,
        0.4649997353553772,
        0.9680888652801514
    ]
}