{
    "format": 8,
    "name": "n100k7_27",
    "n": 100,
    "k": 7,
    "capacity": 15,
    "optimal_solution": 14.977448463439941,
    "x_values": [
        0.8396771550178528,
        0.4911501407623291,
        0.7741385102272034,
        0.42368584871292114,
        0.7858301401138306,
        0.4072704315185547,
        0.7062558531761169,
        0.8955255746841431,
        0.11555880308151245,
        0.5053542256355286,
        0.443045437335968,
        0.5436703562736511,
        0.3742811679840088,
        0.4303344488143921,
        0.43385982513427734,
        0.29231637716293335,
        0.620427668094635,
        0.6512314677238464,
        0.27990102767944336,
        0.05780065059661865,
        0.17774564027786255,
        0.8005416393280029,
        0.27330470085144043,
        0.22865331172943115,
        0.9381262063980103,
        0.8866716027259827,
        0.7006155252456665,
        0.9926110506057739,
        0.6639538407325745,
        0.49726539850234985,
        0.4260100722312927,
        0.363312304019928,
        0.9644217491149902,
        0.4354194402694702,
        0.7486535906791687,
        0.5835398435592651,
        0.5805999040603638,
        0.05047374963760376,
        0.5720749497413635,
        0.4786335825920105,
        0.7984528541564941,
        0.5168745517730713,
        0.8508015275001526,
        0.03627967834472656,
        0.9107915163040161,
        0.4826499819755554,
        0.8828024864196777,
        0.4090282917022705,
        0.0625154972076416,
        0.9548247456550598,
        0.8425070643424988,
        0.8391820192337036,
        0.5741935968399048,
        0.7876443862915039,
        0.2842850685119629,
        0.06753909587860107,
        0.808087170124054,
        0.4061264395713806,
        0.6080901622772217,
        0.16043144464492798,
        0.7578513622283936,
        0.23213893175125122,
        0.793877124786377,
        0.08082348108291626,
        0.5485901832580566,
        0.45013147592544556,
        0.18231338262557983,
        0.19527465105056763,
        0.04406195878982544,
        0.5760130882263184,
        0.5293278694152832,
        0.4947313666343689,
        0.3577013611793518,
        0.5162349343299866,
        0.5358995199203491,
        0.05795222520828247,
        0.695324182510376,
        0.7684450149536133,
        0.8848931193351746,
        0.1793254017829895,
        0.23095905780792236,
        0.699295163154602,
        0.16335397958755493,
        0.49777716398239136,
        0.7164062261581421,
        0.41829872131347656,
        0.6010668873786926,
        0.18191343545913696,
        0.6008051037788391,
        0.14294862747192383,
        0.17310351133346558,
        0.06468719244003296,
        0.9177942872047424,
        0.5770748257637024,
        0.9179632663726807,
        0.6618472337722778,
        0.4418315291404724,
        0.39881300926208496,
        0.9173029661178589,
        0.0893392562866211
    ],
    "y_values": [
        0.8300854563713074,
        0.7656201124191284,
        0.7872637510299683,
        0.8580706119537354,
        0.6646698117256165,
        0.7753609418869019,
        0.5765693783760071,
        0.9452029466629028,
        0.12255328893661499,
        0.5175336003303528,
        0.9253972768783569,
        0.8604165315628052,
        0.6571798920631409,
        0.4797617793083191,
        0.23809581995010376,
        0.1075206995010376,
        0.46667176485061646,
        0.4509943723678589,
        0.6200209856033325,
        0.7568576335906982,
        0.976370632648468,
        0.4768754243850708,
        0.26669222116470337,
        0.7885586619377136,
        0.5972362160682678,
        0.7987438440322876,
        0.22469520568847656,
        0.6868327260017395,
        0.8927239775657654,
        0.39219021797180176,
        0.48242831230163574,
        0.21440625190734863,
        0.26774871349334717,
        0.8762916326522827,
        0.2173716425895691,
        0.3450613021850586,
        0.5239576697349548,
        0.8036694526672363,
        0.10185420513153076,
        0.18433427810668945,
        0.36860883235931396,
        0.07904303073883057,
        0.2075604796409607,
        0.5237885117530823,
        0.5081804990768433,
        0.6191650032997131,
        0.8858821988105774,
        0.9346404671669006,
        0.6608606576919556,
        0.27458810806274414,
        0.019037187099456787,
        0.9121392369270325,
        0.5310545563697815,
        0.5218276977539062,
        0.1066623330116272,
        0.8622352480888367,
        0.6552957892417908,
        0.7679250240325928,
        0.10477179288864136,
        0.6659186482429504,
        0.7583743929862976,
        0.14489901065826416,
        0.73185795545578,
        0.6616024374961853,
        0.9075160026550293,
        0.5325217247009277,
        0.8538853526115417,
        0.735771894454956,
        0.7497497200965881,
        0.9241763353347778,
        0.23596537113189697,
        0.2160918116569519,
        0.4164624810218811,
        0.14928805828094482,
        0.30002158880233765,
        0.5643900036811829,
        0.21780425310134888,
        0.30126863718032837,
        0.1649816632270813,
        0.0702318549156189,
        0.6999825835227966,
        0.054758667945861816,
        0.05434846878051758,
        0.8888986706733704,
        0.6286264061927795,
        0.8518365621566772,
        0.5025752782821655,
        0.20322096347808838,
        0.5561718344688416,
        0.37009304761886597,
        0.8337079882621765,
        0.6146535873413086,
        0.11613959074020386,
        0.29178905487060547,
        0.09331387281417847,
        0.8011914491653442,
        0.536056637763977,
        0.21323126554489136,
        0.9463498592376709,
        0.4731535315513611
    ]
}