{
    "format": 8,
    "name": "n100k7_75",
    "n": 100,
    "k": 7,
    "capacity": 15,
    "optimal_solution": 17.72389793395996,
    "x_values": [
        0.43439239263534546,
        0.3422870635986328,
        0.4692758321762085,
        0.6112081408500671,
        0.9272459745407104,
        0.09669816493988037,
        0.83131343126297,
        0.3006358742713928,
        0.39264392852783203,
        0.8287744522094727,
        0.28021979331970215,
        0.07570326328277588,
        0.95734703540802,
        0.42913687229156494,
        0.8309296369552612,
        0.8234664797782898,
        0.1036950945854187,
        0.7548030614852905,
        0.0580059289932251,
        0.4982219934463501,
        0.6937305927276611,
        0.7392179369926453,
        0.3687533140182495,
        0.9117941856384277,
        0.2183678150177002,
        0.9823871850967407,
        0.41448312997817993,
        0.9889905452728271,
        0.8574396371841431,
        0.9876008629798889,
        0.8968902826309204,
        0.3307899832725525,
        0.14194005727767944,
        0.4689129590988159,
        0.10913968086242676,
        0.9735198616981506,
        0.34755510091781616,
        0.8506206274032593,
        0.38934868574142456,
        0.231819748878479,
        0.2426391839981079,
        0.6704866290092468,
        0.007907271385192871,
        0.9697901606559753,
        0.7373897433280945,
        0.6812471151351929,
        0.03768879175186157,
        0.19058775901794434,
        0.7385160326957703,
        0.8968468904495239,
        0.1381930708885193,
        0.5143758058547974,
        0.3071475028991699,
        0.46071857213974,
        0.4997630715370178,
        0.7816799283027649,
        0.7783713936805725,
        0.11819106340408325,
        0.18543410301208496,
        0.5579520463943481,
        0.6887305974960327,
        0.6330080032348633,
        0.22475677728652954,
        0.7002303004264832,
        0.0046179890632629395,
        0.09273910522460938,
        0.9956256747245789,
        0.07318675518035889,
        0.848567545413971,
        0.4319593906402588,
        0.6459026336669922,
        0.9050775766372681,
        0.05898672342300415,
        0.02480870485305786,
        0.021471381187438965,
        0.7240290641784668,
        0.8670406341552734,
        0.6585643887519836,
        0.9974310398101807,
        0.309495210647583,
        0.2782999277114868,
        0.6379652619361877,
        0.5707334876060486,
        0.6206536889076233,
        0.8761587142944336,
        0.9620549082756042,
        0.34636759757995605,
        0.6947461366653442,
        0.953559398651123,
        0.2814079523086548,
        0.11419868469238281,
        0.8209845423698425,
        0.3166660666465759,
        0.15886801481246948,
        0.7342016696929932,
        0.2269423007965088,
        0.8766624927520752,
        0.6818578243255615,
        0.6214475035667419,
        0.18025994300842285
    ],
    "y_values": [
        0.7573047280311584,
        0.47746747732162476,
        0.6364311575889587,
        0.5420994162559509,
        0.7299612760543823,
        0.35225069522857666,
        0.7158620357513428,
        0.27722156047821045,
        0.04309654235839844,
        0.23521298170089722,
        0.82636559009552,
        0.7573934197425842,
        0.13554799556732178,
        0.5657814741134644,
        0.09673970937728882,
        0.1640527844429016,
        0.0762166976928711,
        0.27230674028396606,
        0.786578357219696,
        0.29941338300704956,
        0.08177655935287476,
        0.5654160976409912,
        0.9637776613235474,
        0.928162693977356,
        0.8877789378166199,
        0.9570227265357971,
        0.9837472438812256,
        0.9380182027816772,
        0.8383347392082214,
        0.22056764364242554,
        0.5161185264587402,
        0.07115763425827026,
        0.7471864223480225,
        0.8766223192214966,
        0.16598504781723022,
        0.041063785552978516,
        0.6388792991638184,
        0.4325375556945801,
        0.7860404849052429,
        0.4318402409553528,
        0.5448524951934814,
        0.4316776394844055,
        0.2820684313774109,
        0.5091120004653931,
        0.3970552086830139,
        0.944726824760437,
        0.2642582058906555,
        0.4955494999885559,
        0.07184582948684692,
        0.10542231798171997,
        0.4972512125968933,
        0.544319748878479,
        0.35683172941207886,
        0.5984273552894592,
        0.476112425327301,
        0.4789096713066101,
        0.073078453540802,
        0.7289469242095947,
        0.9300291538238525,
        0.673021137714386,
        0.6495761275291443,
        0.9909801483154297,
        0.5630755424499512,
        0.6847493648529053,
        0.19825661182403564,
        0.9707403779029846,
        0.694443941116333,
        0.45298755168914795,
        0.01523888111114502,
        0.22522002458572388,
        0.49501699209213257,
        0.30079513788223267,
        0.3968357443809509,
        0.018222689628601074,
        0.8247581720352173,
        0.8881587386131287,
        0.2572157382965088,
        0.03535217046737671,
        0.5199097990989685,
        0.7638890147209167,
        0.7526968121528625,
        0.02620309591293335,
        0.05295664072036743,
        0.761645495891571,
        0.6698315739631653,
        0.7924675345420837,
        0.8158833384513855,
        0.18143916130065918,
        0.4568523168563843,
        0.6238961815834045,
        0.4730086922645569,
        0.94339519739151,
        0.9866601228713989,
        0.7583781480789185,
        0.7991412878036499,
        0.5758377909660339,
        0.537324845790863,
        0.020463407039642334,
        0.08322358131408691,
        0.33066970109939575
    ]
}