{
    "format": 8,
    "name": "n100k7_29",
    "n": 100,
    "k": 7,
    "capacity": 15,
    "optimal_solution": 17.21761131286621,
    "x_values": [
        0.26617878675460815,
        0.978253960609436,
        0.8228446245193481,
        0.6069360375404358,
        0.0010393261909484863,
        0.039273858070373535,
        0.4662993550300598,
        0.5694928765296936,
        0.2942783236503601,
        0.7608383297920227,
        0.2461690902709961,
        0.2773545980453491,
        0.010012030601501465,
        0.0034638643264770508,
        0.6948699355125427,
        0.775363028049469,
        0.2445434331893921,
        0.47622591257095337,
        0.8296707272529602,
        0.07560700178146362,
        0.8264291286468506,
        0.5632603168487549,
        0.5114830732345581,
        0.9517105221748352,
        0.8555340766906738,
        0.11849290132522583,
        0.3446394205093384,
        0.3063666820526123,
        0.11357998847961426,
        0.5148176550865173,
        0.9669589996337891,
        0.19985806941986084,
        0.02344745397567749,
        0.3986327648162842,
        0.16235780715942383,
        0.2512611150741577,
        0.5695103406906128,
        0.41940009593963623,
        0.7330701947212219,
        0.3748111128807068,
        0.06905269622802734,
        0.831876277923584,
        0.8360370397567749,
        0.1927499771118164,
        0.4257317781448364,
        0.07067269086837769,
        0.5799614787101746,
        0.6621384024620056,
        0.8097555041313171,
        0.9002351760864258,
        0.5238131284713745,
        0.7198867201805115,
        0.13394951820373535,
        0.6123455762863159,
        0.1766689419746399,
        0.34865015745162964,
        0.35201042890548706,
        0.10125380754470825,
        0.10981738567352295,
        0.14514470100402832,
        0.43929725885391235,
        0.49127328395843506,
        0.8181006908416748,
        0.3062966465950012,
        0.984172523021698,
        0.6817065477371216,
        0.9403955340385437,
        0.7141080498695374,
        0.018023908138275146,
        0.7029440999031067,
        0.8489200472831726,
        0.5570930242538452,
        0.823980450630188,
        0.3587294816970825,
        0.4169729948043823,
        0.4502637982368469,
        0.20260775089263916,
        0.31025993824005127,
        0.8107001185417175,
        0.5829797387123108,
        0.2681010365486145,
        0.645699679851532,
        0.5842126607894897,
        0.343570351600647,
        0.6091899275779724,
        0.21151119470596313,
        0.8847157955169678,
        0.8374214172363281,
        0.48598575592041016,
        0.8249741196632385,
        0.46874821186065674,
        0.8534214496612549,
        0.8730460405349731,
        0.5417731404304504,
        0.04241764545440674,
        0.49590879678726196,
        0.8802740573883057,
        0.29903489351272583,
        0.0844336748123169,
        0.03894519805908203
    ],
    "y_values": [
        0.8414105176925659,
        0.24465996026992798,
        0.27212148904800415,
        0.03025376796722412,
        0.9251009225845337,
        0.600692868232727,
        0.683314859867096,
        0.9607753753662109,
        0.5855861902236938,
        0.9900148510932922,
        0.0829285979270935,
        0.06276082992553711,
        0.09305745363235474,
        0.7672598958015442,
        0.7184032797813416,
        0.3236568570137024,
        0.7904976606369019,
        0.5260767936706543,
        0.27031785249710083,
        0.9884147047996521,
        0.3620549440383911,
        0.27417707443237305,
        0.03880256414413452,
        0.9612030386924744,
        0.05094629526138306,
        0.5739152431488037,
        0.8720580339431763,
        0.9224896430969238,
        0.48100757598876953,
        0.15441912412643433,
        0.9608352780342102,
        0.22414648532867432,
        0.2904507517814636,
        0.9668365120887756,
        0.1016959547996521,
        0.014010369777679443,
        0.330940842628479,
        0.27086347341537476,
        0.9016391634941101,
        0.7469832897186279,
        0.047801434993743896,
        0.5306364297866821,
        0.9506094455718994,
        0.3808383345603943,
        0.5299362540245056,
        0.38430482149124146,
        0.9330419301986694,
        0.9349591135978699,
        0.2758713364601135,
        0.6295782923698425,
        0.06565654277801514,
        0.982285737991333,
        0.0690617561340332,
        0.34246891736984253,
        0.494154155254364,
        0.9079538583755493,
        0.11682528257369995,
        0.009298443794250488,
        0.11436659097671509,
        0.26375705003738403,
        0.6054322123527527,
        0.8786964416503906,
        0.6048192977905273,
        0.30891597270965576,
        0.3708725571632385,
        0.19261705875396729,
        0.5852106213569641,
        0.13292866945266724,
        0.24297398328781128,
        0.37646621465682983,
        0.8525525331497192,
        0.061419129371643066,
        0.008086204528808594,
        0.3543723225593567,
        0.30105912685394287,
        0.44760823249816895,
        0.9723089933395386,
        0.44086772203445435,
        0.22948354482650757,
        0.7349779009819031,
        0.5013998746871948,
        0.792580783367157,
        0.9466120004653931,
        0.7838492393493652,
        0.04977220296859741,
        0.771790087223053,
        0.973283052444458,
        0.17302989959716797,
        0.9453022480010986,
        0.2424892783164978,
        0.12561571598052979,
        0.5479382872581482,
        0.18402111530303955,
        0.5196020007133484,
        0.37281227111816406,
        0.3270891308784485,
        0.3129146695137024,
        0.37687408924102783,
        0.6499035954475403,
        0.8746951818466187
    ]
}