{
    "format": 2,
    "name": "n70k9_25",
    "n": 70,
    "k": 9,
    "optimal_solution": 9.251524925231934,
    "x_values": [
        0.9019256234169006,
        0.9413732290267944,
        0.6897588968276978,
        0.9181554913520813,
        0.7857101559638977,
        0.0055828094482421875,
        0.8970574736595154,
        0.08946692943572998,
        0.9745898246765137,
        0.2969200611114502,
        0.2823135256767273,
        0.73982834815979,
        0.3045099973678589,
        0.9738016128540039,
        0.4961312413215637,
        0.08532506227493286,
        0.4048041105270386,
        0.6991336941719055,
        0.016981065273284912,
        0.9096383452415466,
        0.5702928900718689,
        0.944084107875824,
        0.18274140357971191,
        0.4532194137573242,
        0.7542188167572021,
        0.33474040031433105,
        0.3250496983528137,
        0.0455249547958374,
        0.6891190409660339,
        0.9454432725906372,
        0.4047728180885315,
        0.021702110767364502,
        0.0573236346244812,
        0.7264981865882874,
        0.24774962663650513,
        0.4412913918495178,
        0.44750845432281494,
        0.604320764541626,
        0.48432213068008423,
        0.8114616274833679,
        0.12180757522583008,
        0.7865539789199829,
        0.9549736380577087,
        0.6404786705970764,
        0.07541018724441528,
        0.24902743101119995,
        0.1229163408279419,
        0.7822394371032715,
        0.7957539558410645,
        0.8520564436912537,
        0.6763727068901062,
        0.7669163346290588,
        0.04657214879989624,
        0.0026397109031677246,
        0.10367131233215332,
        0.3852006196975708,
        0.22893816232681274,
        0.6301419138908386,
        0.36729198694229126,
        0.2083892822265625,
        0.8042468428611755,
        0.9547306299209595,
        0.3897009491920471,
        0.49563872814178467,
        0.5204411149024963,
        0.6336846351623535,
        0.9041532874107361,
        0.742534339427948,
        0.28723275661468506,
        0.11960077285766602
    ],
    "y_values": [
        0.6639442443847656,
        0.9917582273483276,
        0.469565749168396,
        0.7385721802711487,
        0.5828413367271423,
        0.8222065567970276,
        0.18017864227294922,
        0.5200434327125549,
        0.697750449180603,
        0.6517425775527954,
        0.6336544156074524,
        0.6722355484962463,
        0.8008852601051331,
        0.9931469559669495,
        0.39182519912719727,
        0.30207687616348267,
        0.5713613629341125,
        0.1209375262260437,
        0.9577318429946899,
        0.6354138851165771,
        0.6493178009986877,
        0.25300103425979614,
        0.7333163022994995,
        0.2512626647949219,
        0.3223791718482971,
        0.6479620337486267,
        0.8332764506340027,
        0.6276668906211853,
        0.1085931658744812,
        0.5888749957084656,
        0.9599983096122742,
        0.5615397095680237,
        0.07169735431671143,
        0.3573814034461975,
        0.7501335144042969,
        0.9603654146194458,
        0.5862737894058228,
        0.8946822881698608,
        0.5731212496757507,
        0.9329782128334045,
        0.6268423199653625,
        0.9931221008300781,
        0.23813337087631226,
        0.3113422393798828,
        0.6001526117324829,
        0.016179203987121582,
        0.23855817317962646,
        0.6054115891456604,
        0.2081790566444397,
        0.19370484352111816,
        0.4602312445640564,
        0.13411396741867065,
        0.7350335121154785,
        0.9446815848350525,
        0.08944088220596313,
        0.9020512104034424,
        0.21700429916381836,
        0.15759199857711792,
        0.5317165851593018,
        0.8941165208816528,
        0.8880507946014404,
        0.6556921005249023,
        0.8110863566398621,
        0.3173254132270813,
        0.6185671091079712,
        0.03234344720840454,
        0.7621229887008667,
        0.531308114528656,
        0.004094839096069336,
        0.008001208305358887
    ]
}