{
    "format": 10,
    "name": "n100k3_38",
    "n": 100,
    "k": 3,
    "optimal_solution": 55.23873984200405,
    "x_values": [
        0.19083423876452998,
        0.017383819894154384,
        0.15052011221097084,
        0.6962926083376847,
        0.3627550724302927,
        0.5328588820762457,
        0.5871869493767161,
        0.888901249999236,
        0.8791882022503583,
        0.1428935732098815,
        0.010532746895916989,
        0.046420149731241755,
        0.9628701138415087,
        0.7788601575020173,
        0.5941519796198567,
        0.6654620413988919,
        0.670019181204806,
        0.3895124818087382,
        0.5975069137530328,
        0.744278378799163,
        0.8140431410458224,
        0.4890035788514945,
        0.27890186596584676,
        0.8194970993489856,
        0.3450325896114893,
        0.7145650735695783,
        0.18684519211744688,
        0.2114368916450502,
        0.8600437450206045,
        0.008517901722948418,
        0.9928945956127608,
        0.6992967470918525,
        0.2504344447889283,
        0.7764211542731917,
        0.443413236244664,
        0.584848580334111,
        0.42695082410721386,
        0.6876710106586454,
        0.21876172093630553,
        0.9299997471548566,
        0.864977526143772,
        0.12986954729319877,
        0.7024364663552767,
        0.3607864199098594,
        0.8695517584413057,
        0.07897453564452084,
        0.8008897040156844,
        0.6262624042866983,
        0.9418181963899224,
        0.5237299826623577,
        0.8145161365558767,
        0.5434053818542243,
        0.7111222305354057,
        0.5597663485325093,
        0.13846221143117288,
        0.26669107082278753,
        0.7998423104069132,
        0.7321280735035224,
        0.8089718521714189,
        0.9235319098728613,
        0.5896454099612327,
        0.08423241006634541,
        0.183528768800589,
        0.8888378091696019,
        0.4837503443577076,
        0.29806724507561067,
        0.20405945341328324,
        0.03351991444126323,
        0.197153585422839,
        0.3394828329865519,
        0.69312031364973,
        0.2853385942559664,
        0.004259404443117232,
        0.6578510160606668,
        0.9282651713132724,
        0.19149296761941692,
        0.5063529876657638,
        0.9306812233980984,
        0.24688833683582279,
        0.7481450321939334,
        0.8634445697889147,
        0.42018967650743344,
        0.2962270266788034,
        0.8607951452762928,
        0.03895991543484534,
        0.3095984361014239,
        0.4728828228809224,
        0.7936561476592962,
        0.5797137735119352,
        0.39914673654604826,
        0.22489289753353436,
        0.6911484962239126,
        0.6806137388425334,
        0.8402119861854622,
        0.04627194580925542,
        0.5962328267144048,
        0.4808288566272343,
        0.05097414904322339,
        0.12374486940276508,
        0.018954260245127807
    ],
    "y_values": [
        0.5028501155171308,
        0.8792301055391025,
        0.6589552585344778,
        0.5084539613029146,
        0.5310710841426821,
        0.1595918423920779,
        0.693970174591234,
        0.72397394677178,
        0.3106209781641467,
        0.03123564153849734,
        0.41649436625847946,
        0.3375417604419856,
        0.8753377748356662,
        0.9031721555486764,
        0.0733220316333486,
        0.08025176424667035,
        0.12467422981662324,
        0.12086241360040528,
        0.5093596810668441,
        0.14298673031893105,
        0.9349580798138379,
        0.9642750469540053,
        0.11991341742712758,
        0.14526447826258504,
        0.37544470073777125,
        0.07026771608139126,
        0.12569423681870195,
        0.8277270916666588,
        0.7734763604023422,
        0.5444416402850304,
        0.8324193361241915,
        0.021248281342692854,
        0.7640128739542268,
        0.6000396187163634,
        0.6079271501245817,
        0.959649535261438,
        0.9256923720557668,
        0.521921415913102,
        0.6911391016823141,
        0.4737607408515927,
        0.6208931308585158,
        0.030558416380529474,
        0.20345153103885827,
        0.4127222258137758,
        0.029111611602762433,
        0.4587153560517714,
        0.4488192290181824,
        0.3930506905169139,
        0.2666775890637235,
        0.9655309191567774,
        0.06017766108311706,
        0.17515968667875925,
        0.3878779530827825,
        0.3483068304088146,
        0.8058905448881016,
        0.1756539400244269,
        0.004791927520799488,
        0.27164920418839333,
        0.5097499701099367,
        0.28454069573304075,
        0.6408002182272247,
        0.0799749774395252,
        0.7293949690269846,
        0.056124651048719665,
        0.5261946358557192,
        0.14879358410221655,
        0.2174830702173015,
        0.5018065164919161,
        0.7640246845195015,
        0.19329946842242285,
        0.4694203500248143,
        0.12543920397790864,
        0.10384937430624064,
        0.5113932580085873,
        0.6319840097462037,
        0.6455223789070289,
        0.5548794938029199,
        0.6934481214230392,
        0.8902385539217643,
        0.7029491922371843,
        0.31321473906791364,
        0.2408899294833633,
        0.9705141035150865,
        0.6211854192777237,
        0.4788351145800769,
        0.9389325454271371,
        0.6852891297489567,
        0.25876380130860244,
        0.7073438229058336,
        0.40522073052094565,
        0.8379876227202888,
        0.5384907059229023,
        0.547880993399405,
        0.05345046346408455,
        0.2811476730556175,
        0.07085827831179003,
        0.9679929745333203,
        0.5959858576658618,
        0.8270159001552209,
        0.33023520589229205
    ],