{
    "format": 10,
    "name": "n100k3_47",
    "n": 100,
    "k": 3,
    "optimal_solution": 51.03920562248824,
    "x_values": [
        0.7793620077378363,
        0.8803357624942078,
        0.8896571782435093,
        0.7282787011433023,
        0.43320186812496553,
        0.940499675567846,
        0.14822801663835672,
        0.12731226020516095,
        0.6487937789412924,
        0.34796488730020947,
        0.06022324105637933,
        0.26797496132168863,
        0.14853867223610862,
        0.8894751693507046,
        0.8517723969732829,
        0.7177151914232551,
        0.37611840841947186,
        0.14076277503534074,
        0.8068672785707329,
        0.6968037883754321,
        0.14775717536952016,
        0.8665806391062468,
        0.713119802503521,
        0.500801336124831,
        0.3656376797539713,
        0.9540639855737919,
        0.1300967849217658,
        0.06402738323614077,
        0.1422968108749033,
        0.2887215395231738,
        0.14327604945482564,
        0.21274531260952423,
        0.11472259648273564,
        0.022135487090126693,
        0.6646162405697269,
        0.838199197522547,
        0.25009944750814717,
        0.8569515328524013,
        0.047165241811566005,
        0.5351886262405459,
        0.23485753004415022,
        0.22734803856985153,
        0.10779542970137457,
        0.7815459754624658,
        0.6704251616664132,
        0.3354187980072829,
        0.9591842324595097,
        0.7764848543655228,
        0.7031120550097337,
        0.0036410882137881684,
        0.38457355827395945,
        0.6552364437690977,
        0.25415941702141753,
        0.6049760672205169,
        0.415600597795848,
        0.34056021702314576,
        0.9039742223343942,
        0.372857128286305,
        0.7011324440600428,
        0.3488860122287327,
        0.4702800437968856,
        0.08010825478675354,
        0.7180184407588077,
        0.6625771631416122,
        0.16600555532972716,
        0.5096700849471162,
        0.353164704232396,
        0.9837818131267265,
        0.5742023269356563,
        0.8886940849838688,
        0.5288104989462533,
        0.7275430818299631,
        0.26191603931213847,
        0.7845569650659313,
        0.6936100409088547,
        0.49779105344640806,
        0.9941849622311972,
        0.43111045857314334,
        0.12065905519664488,
        0.6009913991300686,
        0.5342517972251924,
        0.28151734665704153,
        0.004399367538947763,
        0.5590248621218448,
        0.7769688597372638,
        0.016747095294877612,
        0.6576695603520901,
        0.583356611633983,
        0.8804754916447041,
        0.18504206633614262,
        0.675099423109272,
        0.9655394262281811,
        0.02780178520756349,
        0.5679871471000444,
        0.6529552483166374,
        0.24377955442540877,
        0.37665733987462424,
        0.6074157655326624,
        0.9842308322616646,
        0.00411702196817243
    ],
    "y_values": [
        0.09517520676249935,
        0.9662183893679646,
        0.6014157666469175,
        0.631213435500994,
        0.18458511482071538,
        0.5285607263412755,
        0.1633091651204761,
        0.17696744729530522,
        0.35512697796137027,
        0.560311297684125,
        0.3585764630201954,
        0.7451025760581659,
        0.02622590152392601,
        0.7649358520627815,
        0.7812378450237832,
        0.9401690997189917,
        0.07394118445682785,
        0.2165204311554123,
        0.9719159389500761,
        0.5528219241737841,
        0.24940659289028955,
        0.5188592637402164,
        0.13630409942894783,
        0.7347555781684306,
        0.3187469219796739,
        0.703405743703545,
        0.9980237010796098,
        0.9878240487382071,
        0.5616343603567342,
        0.42024942098365203,
        0.6168359472405572,
        0.7111273124859422,
        0.7294080186964426,
        0.15942671103986228,
        0.23045233513819197,
        0.8032070126688414,
        0.5772273504691364,
        0.9165729919303439,
        0.6781984563940379,
        0.397228524100554,
        0.05708608817158711,
        0.005242884302577466,
        0.280050677542765,
        0.39358115891789824,
        0.5160637811007305,
        0.35917869932670643,
        0.14397491298853893,
        0.30377765646228216,
        0.7878029279022778,
        0.644132199431471,
        0.054803792065946544,
        0.4189854961566981,
        0.15876438243343816,
        0.9304492901229416,
        0.8007745200996739,
        0.8564365298481238,
        0.7405439034212865,
        0.3164886272187146,
        0.04625727027291382,
        0.11182526931175274,
        0.1020800949554933,
        0.31989013438618596,
        0.5634380961740092,
        0.5988555440348913,
        0.8793754479744043,
        0.054026927082721055,
        0.833863412554646,
        0.3481091777538061,
        0.9474929876492701,
        0.35048209230234484,
        0.4482197910233843,
        0.9272547664665315,
        0.09418832254176934,
        0.152172503594191,
        0.48381747511057127,
        0.0012207010972020704,
        0.11435388136568936,
        0.9346381544673052,
        0.9265792352739679,
        0.42468581825623364,
        0.7703900595560067,
        0.9936547200130239,
        0.41762450535633644,
        0.13428878237343467,
        0.5984094270642462,
        0.7382344925169925,
        0.3004671477039984,
        0.4917566583520967,
        0.4929656616205661,
        0.58452143632708,
        0.8102977040175091,
        0.137417844131705,
        0.29935980926467953,
        0.5407227856606988,
        0.9054713558480719,
        0.165600777556016,
        0.7313960766129332,
        0.2353028110107429,
        0.1394965003899611,
        0.5451328048268257
    ],