{
    "format": 10,
    "name": "n100k20_23",
    "n": 100,
    "k": 20,
    "optimal_solution": 193.84835098436125,
    "x_values": [
        0.2442237311569332,
        0.7357448202588044,
        0.995055968416211,
        0.06428308844696029,
        0.7761557389104399,
        0.7706969578745142,
        0.2969323086933534,
        0.6618239083414097,
        0.7823955263193104,
        0.995034615159907,
        0.006587387914497866,
        0.19614878736313746,
        0.5054551390333861,
        0.6562909000965705,
        0.15625449493327848,
        0.2813743838841184,
        0.334104250320701,
        0.3034607918146771,
        0.013526350777601781,
        0.2929423221535471,
        0.11827077375947115,
        0.7728636021865178,
        0.7108593905603388,
        0.7289745476050885,
        0.4924159725270547,
        0.313366103471292,
        0.013153639699256536,
        0.739338932943593,
        0.5888026419117206,
        0.8042356885975324,
        0.08015561793544979,
        0.8605204531586887,
        0.2175728017385814,
        0.6217666609578809,
        0.5267046783096593,
        0.05319165094096023,
        0.7188794015434661,
        0.7460103268204896,
        0.4668821152673672,
        0.4508320975005251,
        0.13168903548518207,
        0.2107945213400645,
        0.7382586392886223,
        0.6972141572644905,
        0.9538960073698844,
        0.898414065965379,
        0.2443249353570024,
        0.3223866555203301,
        0.19574098126669326,
        0.9959948449126936,
        0.9683938831056156,
        0.28304906154576337,
        0.4193488343108446,
        0.5863451415404146,
        0.39418444658311125,
        0.6105949976930535,
        0.4898151335199942,
        0.7394599301727023,
        0.209119141328599,
        0.30505299942006514,
        0.045650451896654065,
        0.663552016419159,
        0.28046503009385015,
        0.6499818634950917,
        0.6497052823278046,
        0.2816546440415719,
        0.6942091722218907,
        0.9779489001700887,
        0.986669637722044,
        0.1033258140474912,
        0.5701217198161628,
        0.04697096156966307,
        0.12147356105379459,
        0.7828883829576642,
        0.8661784127303974,
        0.24085206531975167,
        0.9179273497879906,
        0.10450409014395512,
        0.3377949310638513,
        0.4893694783594569,
        0.46971495719702894,
        0.932269953656879,
        0.27893404804936595,
        0.5991112300309124,
        0.30686252981650963,
        0.51430838283875,
        0.261314954072402,
        0.4974744460350914,
        0.15863970287779217,
        0.6251072409315251,
        0.4174565230420255,
        0.9162546529265723,
        0.03966051980916152,
        0.9876712200820613,
        0.1413554477458383,
        0.6213946322289444,
        0.3882544513759665,
        0.1963021797593063,
        0.230138276352014,
        0.44184140991221865
    ],
    "y_values": [
        0.31163978673588877,
        0.3614419842202604,
        0.7843133930064925,
        0.7255064875961988,
        0.1862253437228979,
        0.2974897858250557,
        0.453896288286617,
        0.4580227481319913,
        0.3093175420776699,
        0.47125947064445817,
        0.886662023873156,
        0.35674789091435344,
        0.4340837645869505,
        0.9884632865538348,
        0.9107861899051379,
        0.30071924186384646,
        0.9966436465509911,
        0.0824976099521284,
        0.44776596879439834,
        0.31083687806612637,
        0.804184066671321,
        0.3005100802637698,
        0.8382319732680982,
        0.7991397132810133,
        0.3665262373681617,
        0.7489502586114308,
        0.08855777016387467,
        0.8366944843043065,
        0.3631215060137112,
        0.4796581089685257,
        0.1120472307808974,
        0.9033073771324437,
        0.41595018007415296,
        0.4785356694120685,
        0.8982542914113756,
        0.9218717489190639,
        0.006105916746262041,
        0.15744629491461692,
        0.6839785572861671,
        0.9393929940282472,
        0.5440694859397582,
        0.8772906986193574,
        0.14804909450285697,
        0.9468726938385195,
        0.29684643138932887,
        0.4786706969154557,
        0.49370875689861793,
        0.13468283337015519,
        0.8274283142345915,
        0.20177054160808838,
        0.1508516208263252,
        0.9801775321273719,
        0.8668905651820917,
        0.6225271267567348,
        0.47857275613121386,
        0.08692942337509169,
        0.936868021137604,
        0.3258089335058616,
        0.2687743146812587,
        0.08303613065690496,
        0.9250661783801654,
        0.4353516241682893,
        0.9751243870277434,
        0.1377883588377743,
        0.8103332906046832,
        0.11152322668319803,
        0.26143751856940534,
        0.5527790676500689,
        0.02278525965552447,
        0.22557474866250216,
        0.917210825077866,
        0.0673509504718498,
        0.33646280194031375,
        0.3733125758007534,
        0.16772070209293866,
        0.4804949953056311,
        0.35965976343348327,
        0.3392997560564156,
        0.6732226362291498,
        0.05141900472940342,
        0.8138711222481403,
        0.6289113273265179,
        0.693633529162977,
        0.5414615491058868,
        0.5292619932087117,
        0.8624315518213211,
        0.7918222277507224,
        0.21174734837579012,
        0.5596310339496154,
        0.3173439252565162,
        0.8531727021391847,
        0.09548556088989812,
        0.9984432208728191,
        0.46969789200888246,
        0.596936810882355,
        0.00048474949558119373,
        0.25422272738748775,
        0.18914420994176073,
        0.2741643290006842,
        0.8578526027837082
    ],