{
    "format": 10,
    "name": "n100k20_2",
    "n": 100,
    "k": 20,
    "optimal_solution": 215.90718562511844,
    "x_values": [
        0.8196621351163175,
        0.263927171351652,
        0.31499360469654547,
        0.3809498533919793,
        0.9107394186172019,
        0.9850648999997159,
        0.9604730071478338,
        0.2817191864809371,
        0.7799220783044029,
        0.7802933641180017,
        0.9769584103062264,
        0.12547931570823934,
        0.3786697634219365,
        0.6078009863757075,
        0.8554210490995816,
        0.6839596756016644,
        0.07453818511461074,
        0.9466080963811003,
        0.6723673417725959,
        0.7897779107391684,
        0.9160735714918589,
        0.08194920642797454,
        0.17735666122955562,
        0.46752608296128517,
        0.11853312516865211,
        0.5131666187287469,
        0.10478421909728075,
        0.36263021193399714,
        0.061957908421266916,
        0.7663919747162874,
        0.28233277107697086,
        0.8119699112194514,
        0.5542557691651339,
        0.5133173782542497,
        0.45525613095604134,
        0.4254267002806339,
        0.10779745511111472,
        0.9112398254156013,
        0.2078849848921095,
        0.9633273124693588,
        0.050298634249839824,
        0.5435381097705304,
        0.3680937325945832,
        0.3406542464959146,
        0.22588537790463248,
        0.9704907121961526,
        0.34267292717165676,
        0.5461504201037672,
        0.8215724272109243,
        0.6584423850715668,
        0.37904568508265024,
        0.4129522363563356,
        0.6962376173754242,
        0.11151249404091257,
        0.03068257783450834,
        0.9215853891332721,
        0.12449599991871163,
        0.16096722695935617,
        0.2932789882309941,
        0.9340246589057466,
        0.6134907798030588,
        0.43721763788782175,
        0.23197717758761915,
        0.48724967536450137,
        0.7141175121308581,
        0.6575580888404668,
        0.17732686762456662,
        0.5690479592417528,
        0.6916356366920963,
        0.7863011707235924,
        0.13165645703661033,
        0.147836506078323,
        0.5192844616240475,
        0.6215742756329425,
        0.8672481964874865,
        0.3398260287108622,
        0.9261045102207096,
        0.2788915128006191,
        0.03333426479451995,
        0.5743211588865106,
        0.35977697341685766,
        0.7321108235348497,
        0.7872523222899759,
        0.512878205189728,
        0.17659926662267988,
        0.48522448070126345,
        0.3590547659934775,
        0.9798720183170634,
        0.2639611307736951,
        0.7938426865474378,
        0.08345781747066616,
        0.04069380314778537,
        0.26736254145827576,
        0.8807692851379886,
        0.1738954548955487,
        0.9787521831960765,
        0.9165877176519629,
        0.14597819341758056,
        0.9445152619925493,
        0.2953348797381321
    ],
    "y_values": [
        0.11812910114524,
        0.16733552897576176,
        0.7449288395845954,
        0.6510269593658956,
        0.8274665090689777,
        0.28233259788237375,
        0.33435636928161594,
        0.7037638147084969,
        0.8834358880904316,
        0.6908062518866276,
        0.5743554193325395,
        0.17786764956625167,
        0.5633351962219659,
        0.4827022958070476,
        0.9557308971039161,
        0.6102219512965088,
        0.36098214867508527,
        0.28850248558355474,
        0.03505648779588477,
        0.36809526209376875,
        0.5695735161147895,
        0.6117576237813297,
        0.35651989628806025,
        0.7549143594629155,
        0.247961797997729,
        0.8986946815805439,
        0.35753422967482273,
        0.0004320789380831691,
        0.5779141768099278,
        0.46606836720924505,
        0.20722919071119172,
        0.30516827653997736,
        0.9792924610195094,
        0.29505948569403007,
        0.8081895018275478,
        0.6255552606380452,
        0.5665680762477332,
        0.29365363516450205,
        0.9797824780763669,
        0.7649605721383869,
        0.6369664490408492,
        0.7327182175252828,
        0.16297569368466847,
        0.4664916607661538,
        0.8896992988739375,
        0.9993081363424055,
        0.7396473083470423,
        0.33300566606023774,
        0.8631211680393683,
        0.2528237243713657,
        0.08003761028553558,
        0.6551684412071261,
        0.7620522088392793,
        0.7337725456164275,
        0.36697703291323547,
        0.8485154700006804,
        0.8059132427079705,
        0.376131135350267,
        0.4390444029253613,
        0.4358629332375664,
        0.06713394498118974,
        0.753099023839235,
        0.4197052040996483,
        0.39789652971338385,
        0.659099895505314,
        0.8261010868811749,
        0.22420336405555608,
        0.5110183545125075,
        0.5042040400318876,
        0.3975077878991763,
        0.3534025885189801,
        0.3057466159174679,
        0.6612766534462035,
        0.7832481203741518,
        0.1894880999274744,
        0.12753569310391966,
        0.3095728593771887,
        0.31037747962054785,
        0.16102545487572395,
        0.5778288079100292,
        0.6028949774662581,
        0.9189634909200481,
        0.45611441228716554,
        0.2892494340745396,
        0.28786890227906325,
        0.06829956103182999,
        0.2677941612069572,
        0.7254726029847396,
        0.15021680776052138,
        0.1424718489196488,
        0.1364255992656619,
        0.17657011543530687,
        0.29801995209363996,
        0.5753461139054317,
        0.6301662848516432,
        0.31124983668860584,
        0.3202842443751902,
        0.7111601497983493,
        0.759794824560284,
        0.5360037381519663
    ],