{
    "format": 10,
    "name": "n100k20_24",
    "n": 100,
    "k": 20,
    "optimal_solution": 216.36283804462389,
    "x_values": [
        0.8505161668538485,
        0.4412527887518811,
        0.4453695484614799,
        0.29047144035489525,
        0.5159375133779716,
        0.5201889871816621,
        0.840167962532336,
        0.3794970378993142,
        0.05391122836337514,
        0.00631491203366541,
        0.6667796705793805,
        0.6654713617189695,
        0.573777098780147,
        0.8827859486205071,
        0.37132920882484255,
        0.5055550316972733,
        0.3571129386794931,
        0.923365772381872,
        0.13322519257694254,
        0.07208485935880449,
        0.09550676816039305,
        0.6562702067603031,
        0.41377315656839875,
        0.5143966052502208,
        0.49990957028347116,
        0.3891419682664671,
        0.7027259935079,
        0.9132061619090001,
        0.47448008402375685,
        0.2373447236744416,
        0.07269522184678778,
        0.9837835303531068,
        0.6231173000162893,
        0.8187762671730708,
        0.4353801426290732,
        0.573558351845028,
        0.6894411437098542,
        0.6775123370907546,
        0.9710565472215312,
        0.5282375587551694,
        0.8040279215517392,
        0.5408806422927406,
        0.2879882488533948,
        0.6493881688706103,
        0.7311008247919903,
        0.6186969863454704,
        0.3333207647686651,
        0.2664619978784235,
        0.9702426660715062,
        0.5989191543569722,
        0.12317899244753461,
        0.9456350925615544,
        0.42524871993164215,
        0.25307245460655226,
        0.7817142526075945,
        0.937372715723866,
        0.153656552065225,
        0.6949521253325046,
        0.6635089665326498,
        0.5333080812332828,
        0.16983391253358937,
        0.6777879476207248,
        0.5049951021154203,
        0.7978213273563631,
        0.5310125127561758,
        0.32684231013755816,
        0.6616686302593825,
        0.35509031809847347,
        0.7081854491421355,
        0.08600769437558042,
        0.055642656563587356,
        0.12032301647851107,
        0.8312010671220166,
        0.11359929141755143,
        0.7067205548337411,
        0.16466402181448303,
        0.9485424270610985,
        0.6321682676228734,
        0.14832927685782715,
        0.18102786956509176,
        0.08167582137047824,
        0.35317862843106496,
        0.4884945986823651,
        0.5298459917305864,
        0.9995973686214472,
        0.9446937385158781,
        0.35344894600001797,
        0.5368148744730723,
        0.7693346088209622,
        0.18336676003920416,
        0.9219208009190479,
        0.5342768316454714,
        0.7949859582057094,
        0.351184299610644,
        0.6555335901624529,
        0.8755270836775965,
        0.4282467940699012,
        0.7584895328116388,
        0.11898350338109964,
        0.07581405565198529
    ],
    "y_values": [
        0.7915015261768502,
        0.21979838286016595,
        0.47101577402078465,
        0.31301157308241645,
        0.21343502804386316,
        0.771939836532828,
        0.3185466111052285,
        0.19968146738558012,
        0.38784474993714946,
        0.42070951554762903,
        0.32529462001408993,
        0.31599823221291434,
        0.564625964504841,
        0.23233864149953953,
        0.5056748605951564,
        0.7974345319048504,
        0.2416515680898763,
        0.3354591103171104,
        0.8681225390030296,
        0.04724597403156061,
        0.6317670458976458,
        0.29400588805091943,
        0.8760310525094341,
        0.7068392521038904,
        0.5458615315703896,
        0.5980605509758341,
        0.3251345392366699,
        0.8923833827890861,
        0.7061589386286012,
        0.382522591125662,
        0.7694474299496746,
        0.9981848637190271,
        0.04154835371169141,
        0.8486091827854256,
        0.5822752225765928,
        0.1366231539073326,
        0.435448942109425,
        0.509756628920689,
        0.5234731086270035,
        0.7581301634347765,
        0.3050458044317672,
        0.49050880437566013,
        0.44022580374467823,
        0.40106668011516444,
        0.036101728312738945,
        0.8353095317899135,
        0.8433020030689476,
        0.671440885421275,
        0.892483487722926,
        0.8855177584307016,
        0.9389328076029114,
        0.04437936921151986,
        0.18879057796061893,
        0.05773570509171344,
        0.6402931732689732,
        0.5973567849308346,
        0.4507548774846466,
        0.9647018227657397,
        0.6260558465429041,
        0.43414440836134705,
        0.06101522453989516,
        0.174151312016248,
        0.33340623561999716,
        0.15080602491363437,
        0.2859993317974425,
        0.16420930719893345,
        0.5415100726093257,
        0.9321630967372282,
        0.4985581682811361,
        0.5805060119914366,
        0.7139079996331479,
        0.19902501028943742,
        0.11413776046114776,
        0.48079276428495676,
        0.9607797159284176,
        0.10906690040135858,
        0.8803511083050688,
        0.29176816408186357,
        0.2430311930854191,
        0.3425437018669014,
        0.05940197173100026,
        0.5123812809857031,
        0.45984630546443905,
        0.2046133163318712,
        0.18367269727753066,
        0.023414049448480134,
        0.7165565304557981,
        0.46150317064779756,
        0.9627435159481255,
        0.9967074152740913,
        0.4145617342875062,
        0.4868355322470992,
        0.6541728412010415,
        0.5856224679060732,
        0.8855255758048531,
        0.4894846542817636,
        0.9090589307824701,
        0.6619934401349011,
        0.7812985759866419,
        0.38731755176374594
    ],