{
    "format": 2,
    "name": "n80k5_85",
    "n": 80,
    "k": 5,
    "optimal_solution": 16.048683166503906,
    "x_values": [
        0.15744882822036743,
        0.9153879880905151,
        0.25478118658065796,
        0.5861200094223022,
        0.284420371055603,
        0.7899601459503174,
        0.8743600845336914,
        0.4687040448188782,
        0.6192790865898132,
        0.4339543581008911,
        0.7194956541061401,
        0.025160551071166992,
        0.856170654296875,
        0.5356053709983826,
        0.4950946569442749,
        0.10015559196472168,
        0.923433244228363,
        0.5600461959838867,
        0.3666210174560547,
        0.28504544496536255,
        0.01467221975326538,
        0.6730511784553528,
        0.5234153270721436,
        0.7019891738891602,
        0.37275373935699463,
        0.36709505319595337,
        0.37314915657043457,
        0.5697138905525208,
        0.2151983380317688,
        0.5233045220375061,
        0.6626725792884827,
        0.6453458070755005,
        0.13586550951004028,
        0.163019597530365,
        0.3012501001358032,
        0.3490074872970581,
        0.4933326244354248,
        0.15513473749160767,
        0.48509734869003296,
        0.35087257623672485,
        0.7086788415908813,
        0.4523049592971802,
        0.8757508993148804,
        0.5794534683227539,
        0.06867921352386475,
        0.9997609257698059,
        0.8595153093338013,
        0.4332646131515503,
        0.9757598638534546,
        0.3316727876663208,
        0.9927778840065002,
        0.504802405834198,
        0.2862456440925598,
        0.2472345232963562,
        0.34168869256973267,
        0.08463704586029053,
        0.961707353591919,
        0.23207306861877441,
        0.7583863735198975,
        0.8022605776786804,
        0.2668837308883667,
        0.6755855083465576,
        0.5677611827850342,
        0.40138572454452515,
        0.22238290309906006,
        0.6424285173416138,
        0.10910290479660034,
        0.1461085081100464,
        0.622897207736969,
        0.6528461575508118,
        0.8563804626464844,
        0.5553572773933411,
        0.9829134345054626,
        0.5827458500862122,
        0.14130961894989014,
        0.5251501202583313,
        0.14039289951324463,
        0.5040440559387207,
        0.30155330896377563,
        0.22102218866348267
    ],
    "y_values": [
        0.25362086296081543,
        0.021571040153503418,
        0.3905714750289917,
        0.5995203852653503,
        0.8991252183914185,
        0.23701614141464233,
        0.10647422075271606,
        0.7306588888168335,
        0.06824302673339844,
        0.6410130262374878,
        0.5553818941116333,
        0.24528765678405762,
        0.9063161015510559,
        0.8514200448989868,
        0.4280049204826355,
        0.45128530263900757,
        0.3492422103881836,
        0.6920798420906067,
        0.06406652927398682,
        0.8196883201599121,
        0.6911867260932922,
        0.1706276535987854,
        0.9191814064979553,
        0.5601986050605774,
        0.08610272407531738,
        0.05904489755630493,
        0.29638242721557617,
        0.1479310393333435,
        0.7321969866752625,
        0.008282065391540527,
        0.5927058458328247,
        0.05064582824707031,
        0.6726869344711304,
        0.994280219078064,
        0.9388160705566406,
        0.015946149826049805,
        0.48942357301712036,
        0.9405313730239868,
        0.16665977239608765,
        0.17594468593597412,
        0.7266336679458618,
        0.5363438725471497,
        0.6008216738700867,
        0.350955069065094,
        0.4061501622200012,
        0.5635195970535278,
        0.2562984228134155,
        0.70821213722229,
        0.4420301914215088,
        0.10000580549240112,
        0.47978609800338745,
        0.31278014183044434,
        0.8064310550689697,
        0.8298101425170898,
        0.2509552836418152,
        0.5142855048179626,
        0.8405508995056152,
        0.10906356573104858,
        0.2545323371887207,
        0.8966319561004639,
        0.7346433997154236,
        0.1010359525680542,
        0.33764374256134033,
        0.9700798988342285,
        0.8161588907241821,
        0.6298542618751526,
        0.08603376150131226,
        0.1357588768005371,
        0.8471206426620483,
        0.964965283870697,
        0.8923336863517761,
        0.06152218580245972,
        0.20804786682128906,
        0.2217504382133484,
        0.37468594312667847,
        0.15734517574310303,
        0.3176190257072449,
        0.15525925159454346,
        0.15776562690734863,
        0.29161620140075684
    ]
}