{
    "format": 2,
    "name": "n80k7_64",
    "n": 80,
    "k": 7,
    "optimal_solution": 13.15992546081543,
    "x_values": [
        0.14978891611099243,
        0.6965212821960449,
        0.3720661997795105,
        0.26687783002853394,
        0.2802339792251587,
        0.7054229974746704,
        0.7558833956718445,
        0.5996178388595581,
        0.6738045811653137,
        0.7750398516654968,
        0.10907876491546631,
        0.9556993246078491,
        0.8096035718917847,
        0.9723619818687439,
        0.7336248159408569,
        0.46209216117858887,
        0.1515774130821228,
        0.6853657960891724,
        0.441314697265625,
        0.05967766046524048,
        0.7428562045097351,
        0.7167925834655762,
        0.2965160012245178,
        0.1683882474899292,
        0.7953869700431824,
        0.19819635152816772,
        0.8369125723838806,
        0.5784269571304321,
        0.01732391119003296,
        0.4784296154975891,
        0.01883465051651001,
        0.254353404045105,
        0.1599104404449463,
        0.0007715821266174316,
        0.04337722063064575,
        0.09813416004180908,
        0.8358052968978882,
        0.42495614290237427,
        0.6554253101348877,
        0.2107471227645874,
        0.8154841661453247,
        0.3734357953071594,
        0.5004732012748718,
        0.11164158582687378,
        0.016120433807373047,
        0.650668203830719,
        0.19593894481658936,
        0.7163822054862976,
        0.6625626683235168,
        0.5016663670539856,
        0.04821288585662842,
        0.2615995407104492,
        0.4606081247329712,
        0.5221996903419495,
        0.8968862891197205,
        0.9986193776130676,
        0.5169289708137512,
        0.38771724700927734,
        0.3356807827949524,
        0.8129676580429077,
        0.25877219438552856,
        0.10310190916061401,
        0.829033374786377,
        0.762165904045105,
        0.4415906071662903,
        0.2991141080856323,
        0.7342817187309265,
        0.7690154910087585,
        0.013073503971099854,
        0.9972383379936218,
        0.16361266374588013,
        0.8810649514198303,
        0.22166424989700317,
        0.540747880935669,
        0.9136087894439697,
        0.21622121334075928,
        0.04002600908279419,
        0.6549389958381653,
        0.43073153495788574,
        0.8583874106407166
    ],
    "y_values": [
        0.6329150199890137,
        0.7688809037208557,
        0.99338299036026,
        0.27358460426330566,
        0.0936269760131836,
        0.6430769562721252,
        0.8838676810264587,
        0.7286710143089294,
        0.8169884085655212,
        0.8882180452346802,
        0.2743932008743286,
        0.5146422386169434,
        0.2919699549674988,
        0.16552579402923584,
        0.8715647459030151,
        0.5331529974937439,
        0.46786123514175415,
        0.664786159992218,
        0.22437334060668945,
        0.8471092581748962,
        0.867263913154602,
        0.17580294609069824,
        0.09339064359664917,
        0.5853009223937988,
        0.6005744338035583,
        0.5050414204597473,
        0.6497709155082703,
        0.8435019850730896,
        0.5207135081291199,
        0.0337870717048645,
        0.022577643394470215,
        0.45900827646255493,
        0.30673253536224365,
        0.8717296719551086,
        0.7340520024299622,
        0.9671584963798523,
        0.8226547241210938,
        0.27454209327697754,
        0.8238314986228943,
        0.6469935178756714,
        0.8248981833457947,
        0.6892842650413513,
        0.44442588090896606,
        0.07892900705337524,
        0.7130216360092163,
        0.9076565504074097,
        0.8840577602386475,
        0.08537214994430542,
        0.39713215827941895,
        0.39686572551727295,
        0.4062086343765259,
        0.9930487871170044,
        0.7299448847770691,
        0.8502085208892822,
        0.9371729493141174,
        0.34783387184143066,
        0.454162061214447,
        0.24706482887268066,
        0.5078396797180176,
        0.5648055076599121,
        0.997968852519989,
        0.7737516164779663,
        0.09730750322341919,
        0.24260926246643066,
        0.8134651780128479,
        0.4083181619644165,
        0.23105168342590332,
        0.23439526557922363,
        0.8858821392059326,
        0.5393487811088562,
        0.9098436236381531,
        0.4192729592323303,
        0.10320127010345459,
        0.8460699319839478,
        0.8905385136604309,
        0.10476386547088623,
        0.31568729877471924,
        0.9759465456008911,
        0.889822244644165,
        0.9934744238853455
    ]
}