{
    "format": 8,
    "name": "n80k9_75",
    "n": 80,
    "k": 9,
    "capacity": 9,
    "optimal_solution": 10.873465538024902,
    "x_values": [
        0.43929874897003174,
        0.2450042963027954,
        0.14531594514846802,
        0.2216644287109375,
        0.13440781831741333,
        0.006839632987976074,
        0.11224609613418579,
        0.6460943818092346,
        0.5651219487190247,
        0.7062367796897888,
        0.8940350413322449,
        0.24248504638671875,
        0.8559961318969727,
        0.5181311368942261,
        0.31723082065582275,
        0.5111498236656189,
        0.34013378620147705,
        0.4329412579536438,
        0.140363872051239,
        0.5107855200767517,
        0.1247183084487915,
        0.08332318067550659,
        0.7951653003692627,
        0.7297315001487732,
        0.8000030517578125,
        0.4184896945953369,
        0.567617654800415,
        0.45531904697418213,
        0.37495917081832886,
        0.5266625285148621,
        0.06400173902511597,
        0.7923606634140015,
        0.9408372640609741,
        0.4345434904098511,
        0.1261705756187439,
        0.5557317733764648,
        0.57951819896698,
        0.5959891080856323,
        0.17492496967315674,
        0.18986260890960693,
        0.5419888496398926,
        0.3643070459365845,
        0.8944774866104126,
        0.7557293772697449,
        0.49849820137023926,
        0.5287627577781677,
        0.26461488008499146,
        0.6961317658424377,
        0.021795690059661865,
        0.6248181462287903,
        0.4855878949165344,
        0.11149418354034424,
        0.21251678466796875,
        0.5080515742301941,
        0.47847574949264526,
        0.4869810938835144,
        0.9467719197273254,
        0.4322758913040161,
        0.05154275894165039,
        0.39813387393951416,
        0.32497119903564453,
        0.48789292573928833,
        0.2750449776649475,
        0.6207025051116943,
        0.7488902807235718,
        0.14781224727630615,
        0.35550087690353394,
        0.6386483907699585,
        0.41991156339645386,
        0.7620298266410828,
        0.8917678594589233,
        0.696510374546051,
        0.5199581384658813,
        0.2610408067703247,
        0.9342401027679443,
        0.8995306491851807,
        0.5427857637405396,
        0.6146888732910156,
        0.3262042999267578,
        0.6168027520179749
    ],
    "y_values": [
        0.6325139403343201,
        0.5381227731704712,
        0.7491679191589355,
        0.6978023648262024,
        0.8177424669265747,
        0.9260730743408203,
        0.3575263023376465,
        0.22643238306045532,
        0.15758663415908813,
        0.44239985942840576,
        0.07929772138595581,
        0.8386048674583435,
        0.2745664715766907,
        0.08550983667373657,
        0.09692615270614624,
        0.6908106803894043,
        0.11036413908004761,
        0.5963631272315979,
        0.35288017988204956,
        0.03655707836151123,
        0.35051411390304565,
        0.6089974045753479,
        0.31961125135421753,
        0.2797147035598755,
        0.3365108370780945,
        0.6271457076072693,
        0.02154409885406494,
        0.7068808078765869,
        0.501086413860321,
        0.777593731880188,
        0.9638991355895996,
        0.5006706118583679,
        0.8251921534538269,
        0.17413651943206787,
        0.9850305318832397,
        0.07161754369735718,
        0.7334136366844177,
        0.5544880628585815,
        0.3876463770866394,
        0.23245549201965332,
        0.6631215810775757,
        0.457273006439209,
        0.3058454990386963,
        0.8523144125938416,
        0.4076427221298218,
        0.2987384796142578,
        0.8799907565116882,
        0.3812841773033142,
        0.21613895893096924,
        0.8398272395133972,
        0.07011950016021729,
        0.05195021629333496,
        0.4634494185447693,
        0.4894450306892395,
        0.36846327781677246,
        0.6759881377220154,
        0.058054983615875244,
        0.665105938911438,
        0.0946698784828186,
        0.6189481019973755,
        0.6136296391487122,
        0.7861328125,
        0.22396445274353027,
        0.14768105745315552,
        0.0793771743774414,
        0.652838945388794,
        0.9265317916870117,
        0.907203197479248,
        0.6830795407295227,
        0.9211463332176208,
        0.20903044939041138,
        0.16533249616622925,
        0.9002822637557983,
        0.6599076390266418,
        0.5258178114891052,
        0.4796558618545532,
        0.2217961549758911,
        0.002913832664489746,
        0.6543797850608826,
        0.663942813873291
    ]
}