{
    "format": 8,
    "name": "n80k9_97",
    "n": 80,
    "k": 9,
    "capacity": 9,
    "optimal_solution": 10.579362869262695,
    "x_values": [
        0.6259915828704834,
        0.41383564472198486,
        0.3327748775482178,
        0.3950129747390747,
        0.7258904576301575,
        0.959517240524292,
        0.6774461269378662,
        0.12723642587661743,
        0.6514205932617188,
        0.017190754413604736,
        0.18925988674163818,
        0.2562686800956726,
        0.7713577747344971,
        0.8060568571090698,
        0.21310168504714966,
        0.35394710302352905,
        0.4260491132736206,
        0.7266387939453125,
        0.8629640340805054,
        0.7781460881233215,
        0.6785175204277039,
        0.2129892110824585,
        0.4113643765449524,
        0.799131453037262,
        0.25555431842803955,
        0.8261124491691589,
        0.7668488621711731,
        0.08022212982177734,
        0.2539578080177307,
        0.8103699088096619,
        0.08000463247299194,
        0.11440777778625488,
        0.514850914478302,
        0.4307359457015991,
        0.5589622259140015,
        0.25974738597869873,
        0.5458253026008606,
        0.22218257188796997,
        0.6225361227989197,
        0.2259569764137268,
        0.43195509910583496,
        0.31568729877471924,
        0.16868996620178223,
        0.5155444741249084,
        0.5701547861099243,
        0.8513352274894714,
        0.3198704123497009,
        0.77986741065979,
        0.5470438003540039,
        0.6430839896202087,
        0.2827553153038025,
        0.9905375838279724,
        0.23668771982192993,
        0.2552914023399353,
        0.24912810325622559,
        0.135064959526062,
        0.46938079595565796,
        0.48213547468185425,
        0.2560632824897766,
        0.4724169373512268,
        0.6522066593170166,
        0.867650032043457,
        0.08467507362365723,
        0.2199971079826355,
        0.9517350196838379,
        0.7534890174865723,
        0.23776108026504517,
        0.4308546185493469,
        0.11411529779434204,
        0.6948283910751343,
        0.5228160619735718,
        0.1421295404434204,
        0.5463936924934387,
        0.6614593863487244,
        0.8303929567337036,
        0.039263010025024414,
        0.9145090579986572,
        0.5715781450271606,
        0.12282240390777588,
        0.42230767011642456
    ],
    "y_values": [
        0.7721367478370667,
        0.24984639883041382,
        0.7337134480476379,
        0.6013476252555847,
        0.9882180094718933,
        0.1277613639831543,
        0.5450889468193054,
        0.27700453996658325,
        0.6330217719078064,
        0.2048664689064026,
        0.7374590039253235,
        0.9463158845901489,
        0.4260141849517822,
        0.46979624032974243,
        0.470681369304657,
        0.6950039267539978,
        0.6827923655509949,
        0.7844259738922119,
        0.7279474139213562,
        0.2809551954269409,
        0.06703317165374756,
        0.15216070413589478,
        0.2945922017097473,
        0.9149740934371948,
        0.6214848756790161,
        0.8878623843193054,
        0.0759926438331604,
        0.8235440850257874,
        0.6174049377441406,
        0.2296128273010254,
        0.011087238788604736,
        0.678573727607727,
        0.2163127064704895,
        0.9337170124053955,
        0.7386330366134644,
        0.072052001953125,
        0.22832810878753662,
        0.5910312533378601,
        0.43694376945495605,
        0.16460514068603516,
        0.6979665756225586,
        0.3450345993041992,
        0.8308188319206238,
        0.6984961032867432,
        0.1277998685836792,
        0.13861769437789917,
        0.17155534029006958,
        0.18234270811080933,
        0.2947084903717041,
        0.5139054656028748,
        0.3580533266067505,
        0.7973419427871704,
        0.9805158972740173,
        0.18286734819412231,
        0.08836841583251953,
        0.2671663165092468,
        0.38054096698760986,
        0.904766857624054,
        0.22994470596313477,
        0.6679020524024963,
        0.265045166015625,
        0.638347327709198,
        0.9432905316352844,
        0.7429413199424744,
        0.47790104150772095,
        0.8611384630203247,
        0.2600975036621094,
        0.8301668763160706,
        0.6674917936325073,
        0.5648139119148254,
        0.8011078238487244,
        0.45247459411621094,
        0.6832867860794067,
        0.4260275363922119,
        0.8647820353507996,
        0.6601372361183167,
        0.6383377313613892,
        0.5343778729438782,
        0.39529871940612793,
        0.8797754645347595
    ]
}