{
    "format": 8,
    "name": "n80k9_38",
    "n": 80,
    "k": 9,
    "capacity": 9,
    "optimal_solution": 11.578527450561523,
    "x_values": [
        0.46141159534454346,
        0.7574098706245422,
        0.9758194088935852,
        0.4574090242385864,
        0.04097062349319458,
        0.5069220066070557,
        0.01903092861175537,
        0.5797103047370911,
        0.43186402320861816,
        0.5865692496299744,
        0.6029943823814392,
        0.9159119129180908,
        0.8344192504882812,
        0.6144500374794006,
        0.6156668663024902,
        0.11919385194778442,
        0.47119319438934326,
        0.49059051275253296,
        0.31776291131973267,
        0.6460570693016052,
        0.37820613384246826,
        0.4786515235900879,
        0.4778897762298584,
        0.4163981080055237,
        0.36859893798828125,
        0.1760740876197815,
        0.3385058045387268,
        0.043386638164520264,
        0.6599327325820923,
        0.13926482200622559,
        0.18040817975997925,
        0.23217368125915527,
        0.7036564350128174,
        0.5560779571533203,
        0.7919037342071533,
        0.7552863359451294,
        0.1367599368095398,
        0.634482204914093,
        0.8202316164970398,
        0.971043050289154,
        0.1472550630569458,
        0.412418007850647,
        0.2661556601524353,
        0.12896603345870972,
        0.7043326497077942,
        0.6221193075180054,
        0.52660071849823,
        0.4430510997772217,
        0.21256226301193237,
        0.9998308420181274,
        0.13774549961090088,
        0.2503623366355896,
        0.015576958656311035,
        0.3382984399795532,
        0.6981896162033081,
        0.32667386531829834,
        0.8001755475997925,
        0.48708575963974,
        0.4314005374908447,
        0.09609365463256836,
        0.1128915548324585,
        0.8499144911766052,
        0.18210911750793457,
        0.5502510666847229,
        0.8420844674110413,
        0.8271681070327759,
        0.9095056056976318,
        0.5876597166061401,
        0.709861695766449,
        0.4397836923599243,
        0.7986911535263062,
        0.36122047901153564,
        0.6466990113258362,
        0.8899253010749817,
        0.7353041172027588,
        0.557793915271759,
        0.7249352335929871,
        0.6070981621742249,
        0.3057880997657776,
        0.8907449245452881
    ],
    "y_values": [
        0.8295201659202576,
        0.5167657136917114,
        0.5151951909065247,
        0.17494255304336548,
        0.9567145705223083,
        0.678933322429657,
        0.7375125288963318,
        0.7735127806663513,
        0.35661447048187256,
        0.7871227264404297,
        0.24431705474853516,
        0.1758682131767273,
        0.8382669687271118,
        0.29705381393432617,
        0.026700079441070557,
        0.9647351503372192,
        0.4150944948196411,
        0.9507616758346558,
        0.2349560260772705,
        0.42167508602142334,
        0.6208499073982239,
        0.22603756189346313,
        0.7249532341957092,
        0.7528359889984131,
        0.6979821920394897,
        0.9903696775436401,
        0.48498034477233887,
        0.38390910625457764,
        0.794414222240448,
        0.7996937036514282,
        0.6411429643630981,
        0.46453386545181274,
        0.3719055652618408,
        0.2211521863937378,
        0.08248722553253174,
        0.760003924369812,
        0.9984046816825867,
        0.6676955223083496,
        0.0286482572555542,
        0.5548643469810486,
        0.7308793663978577,
        0.17227286100387573,
        0.10551220178604126,
        0.4850790500640869,
        0.3720226287841797,
        0.5223298668861389,
        0.7463654279708862,
        0.819380521774292,
        0.9699243903160095,
        0.20394366979599,
        0.551555335521698,
        0.6668934226036072,
        0.018607020378112793,
        0.5390443801879883,
        0.11202538013458252,
        0.21221256256103516,
        0.9894333481788635,
        0.2910250425338745,
        0.9849062561988831,
        0.3521784543991089,
        0.37478429079055786,
        0.9210634827613831,
        0.26418066024780273,
        0.8651822805404663,
        0.07239103317260742,
        0.7270439863204956,
        0.38754868507385254,
        0.9993168711662292,
        0.6471641063690186,
        0.34805965423583984,
        0.3917291760444641,
        0.4988461136817932,
        0.2749882936477661,
        0.5781441330909729,
        0.4816899299621582,
        0.2861323356628418,
        0.13774383068084717,
        0.41310620307922363,
        0.7250738739967346,
        0.17540276050567627
    ]
}