{
    "format": 2,
    "name": "n100k2_26",
    "n": 100,
    "k": 2,
    "optimal_solution": 35.567527770996094,
    "x_values": [
        0.08837467432022095,
        0.6431828737258911,
        0.5616933703422546,
        0.0018295645713806152,
        0.2958429455757141,
        0.32776689529418945,
        0.788181483745575,
        0.8488979339599609,
        0.007942616939544678,
        0.2858947515487671,
        0.21746337413787842,
        0.4850172996520996,
        0.21227431297302246,
        0.139898419380188,
        0.40656501054763794,
        0.3274190425872803,
        0.07942575216293335,
        0.6712306141853333,
        0.21360015869140625,
        0.4018121361732483,
        0.886250376701355,
        0.8026429414749146,
        0.5555487871170044,
        0.8387704491615295,
        0.4871963858604431,
        0.1092294454574585,
        0.8775835633277893,
        0.8484176993370056,
        0.7765100598335266,
        0.8381484746932983,
        0.04536879062652588,
        0.654775083065033,
        0.36324363946914673,
        0.5646547079086304,
        0.5329423546791077,
        0.20185315608978271,
        0.9255958199501038,
        0.08449500799179077,
        0.0006178021430969238,
        0.17066478729248047,
        0.06033015251159668,
        0.5639877319335938,
        0.8271622061729431,
        0.44412410259246826,
        0.4987751245498657,
        0.48865681886672974,
        0.30722367763519287,
        0.7373701333999634,
        0.8652487397193909,
        0.11277002096176147,
        0.7116909623146057,
        0.5432078242301941,
        0.08810216188430786,
        0.16179651021957397,
        0.5966743230819702,
        0.8703765273094177,
        0.8193079233169556,
        0.7725510001182556,
        0.16506975889205933,
        0.1902787685394287,
        0.4548131227493286,
        0.7683914303779602,
        0.7614144682884216,
        0.6739461421966553,
        0.7695115804672241,
        0.8594671487808228,
        0.2414189577102661,
        0.4829235076904297,
        0.3733201026916504,
        0.5753827691078186,
        0.6874728798866272,
        0.435172975063324,
        0.23373478651046753,
        0.2740151286125183,
        0.5227190256118774,
        0.6991302967071533,
        0.1623714566230774,
        0.20115745067596436,
        0.5206637382507324,
        0.8245459198951721,
        0.3408832550048828,
        0.10463124513626099,
        0.7893152832984924,
        0.22068649530410767,
        0.6052970886230469,
        0.3763546347618103,
        0.5391825437545776,
        0.7261948585510254,
        0.23792678117752075,
        0.7227069735527039,
        0.9664996862411499,
        0.03604471683502197,
        0.6650967001914978,
        0.9179571270942688,
        0.6456555724143982,
        0.4141322374343872,
        0.7461740970611572,
        0.08575117588043213,
        0.11178481578826904,
        0.379894495010376
    ],
    "y_values": [
        0.56596440076828,
        0.0042424798011779785,
        0.7394875288009644,
        0.9945145845413208,
        0.12406677007675171,
        0.44344574213027954,
        0.7637103796005249,
        0.12089675664901733,
        0.5699030756950378,
        0.9595695734024048,
        0.09150266647338867,
        0.8657805323600769,
        0.7206658124923706,
        0.8524094223976135,
        0.5560728907585144,
        0.34823286533355713,
        0.2779219150543213,
        0.017346084117889404,
        0.685208261013031,
        0.6738714575767517,
        0.11087310314178467,
        0.05226773023605347,
        0.934683084487915,
        0.14095687866210938,
        0.8182715177536011,
        0.8279308676719666,
        0.6169381737709045,
        0.14935827255249023,
        0.9702606797218323,
        0.11679649353027344,
        0.2070339322090149,
        0.11868202686309814,
        0.2877020239830017,
        0.26291072368621826,
        0.2747253179550171,
        0.056503891944885254,
        0.5603613257408142,
        0.5539038181304932,
        0.6417034864425659,
        0.912157416343689,
        0.8731805086135864,
        0.7972005605697632,
        0.39805519580841064,
        0.40581804513931274,
        0.4864264130592346,
        0.5160912871360779,
        0.6522836685180664,
        0.8711738586425781,
        0.2769976854324341,
        0.2818857431411743,
        0.6028771996498108,
        0.5069886445999146,
        0.08685857057571411,
        0.5995804071426392,
        0.50675368309021,
        0.5990002751350403,
        0.00216752290725708,
        0.4059203267097473,
        0.4143584370613098,
        0.24635714292526245,
        0.8944326043128967,
        0.027614891529083252,
        0.8505238890647888,
        0.5711336731910706,
        0.7652332782745361,
        0.26827776432037354,
        0.6544827222824097,
        0.5327515602111816,
        0.4737016558647156,
        0.8967276215553284,
        0.8854017853736877,
        0.986127495765686,
        0.4240489602088928,
        0.38096535205841064,
        0.016703367233276367,
        0.22874951362609863,
        0.5559352040290833,
        0.2707595229148865,
        0.5432687997817993,
        0.7794471979141235,
        0.41124486923217773,
        0.3517169952392578,
        0.46932607889175415,
        0.7181495428085327,
        0.7272347211837769,
        0.8669458627700806,
        0.729515552520752,
        0.280243456363678,
        0.2501818537712097,
        0.7659657001495361,
        0.7049500346183777,
        0.6374985575675964,
        0.12534964084625244,
        0.014731764793395996,
        0.4111443758010864,
        0.460379421710968,
        0.5192039012908936,
        0.7702171206474304,
        0.9211401343345642,
        0.5738770365715027
    ]
}