{
    "format": 2,
    "name": "n100k2_82",
    "n": 100,
    "k": 2,
    "optimal_solution": 37.115875244140625,
    "x_values": [
        0.8838804364204407,
        0.5777287483215332,
        0.08504462242126465,
        0.9929282069206238,
        0.10898399353027344,
        0.6398674845695496,
        0.44809168577194214,
        0.2978205680847168,
        0.9826406240463257,
        0.1624990701675415,
        0.8801261186599731,
        0.3780837655067444,
        0.7942428588867188,
        0.19688671827316284,
        0.984233021736145,
        0.8957627415657043,
        0.888894259929657,
        0.2073596715927124,
        0.3435121178627014,
        0.6621941328048706,
        0.9579967260360718,
        0.9714972972869873,
        0.8016865253448486,
        0.954339861869812,
        0.1307792067527771,
        0.955880880355835,
        0.5852452516555786,
        0.903140127658844,
        0.0907825231552124,
        0.9398683905601501,
        0.4965067505836487,
        0.08713048696517944,
        0.6989947557449341,
        0.528130054473877,
        0.03903663158416748,
        0.11858439445495605,
        0.23729509115219116,
        0.3889901041984558,
        0.27482807636260986,
        0.21217447519302368,
        0.39565879106521606,
        0.701471209526062,
        0.8846548795700073,
        0.4121423363685608,
        0.8636494278907776,
        0.7583722472190857,
        0.5067867040634155,
        0.22161561250686646,
        0.5172941088676453,
        0.2337302565574646,
        0.6834362149238586,
        0.18345850706100464,
        0.2491798996925354,
        0.3197633624076843,
        0.2694528102874756,
        0.6462724804878235,
        0.012811779975891113,
        0.7140812873840332,
        0.47953593730926514,
        0.16514581441879272,
        0.9158604145050049,
        0.673039972782135,
        0.11114507913589478,
        0.3709524869918823,
        0.5583816170692444,
        0.4135706424713135,
        0.6924715042114258,
        0.17857855558395386,
        0.0681004524230957,
        0.6788098216056824,
        0.6934955716133118,
        0.8488787412643433,
        0.824701726436615,
        0.632667601108551,
        0.6758553385734558,
        0.6994113326072693,
        0.886416494846344,
        0.30027222633361816,
        0.7608182430267334,
        0.90928053855896,
        0.5181774497032166,
        0.277763307094574,
        0.46136730909347534,
        0.586938202381134,
        0.632254421710968,
        0.37264496088027954,
        0.5205771327018738,
        0.03319293260574341,
        0.6782339215278625,
        0.2935667634010315,
        0.4217461347579956,
        0.3810872435569763,
        0.7345077991485596,
        0.953961968421936,
        0.972383439540863,
        0.4584866166114807,
        0.37668806314468384,
        0.8221731781959534,
        0.3426659107208252,
        0.9067738056182861
    ],
    "y_values": [
        0.33526724576950073,
        0.5606059432029724,
        0.880693793296814,
        0.351610004901886,
        0.4128633141517639,
        0.6321905255317688,
        0.9777120351791382,
        0.6579315662384033,
        0.504788339138031,
        0.9444210529327393,
        0.7516747117042542,
        0.8892842531204224,
        0.042334914207458496,
        0.4427710175514221,
        0.6061320304870605,
        0.9742409586906433,
        0.3717365264892578,
        0.48255330324172974,
        0.3120657205581665,
        0.5523325204849243,
        0.7553760409355164,
        0.7683268189430237,
        0.18598484992980957,
        0.4306456446647644,
        0.061877429485321045,
        0.12267988920211792,
        0.9436333179473877,
        0.3571075201034546,
        0.7373970746994019,
        0.22118407487869263,
        0.8825280666351318,
        0.28839266300201416,
        0.17927628755569458,
        0.3581792712211609,
        0.030611693859100342,
        0.6006633043289185,
        0.55723637342453,
        0.0614849328994751,
        0.3083467483520508,
        0.26359885931015015,
        0.11313199996948242,
        0.6699978709220886,
        0.6825808882713318,
        0.4298705458641052,
        0.5057092905044556,
        0.1386774182319641,
        0.5809268355369568,
        0.607461154460907,
        0.25161683559417725,
        0.5697739124298096,
        0.5310566425323486,
        0.23401731252670288,
        0.6024214625358582,
        0.16501611471176147,
        0.7565435767173767,
        0.9097382426261902,
        0.4435560703277588,
        0.8207828998565674,
        0.2970292568206787,
        0.22294169664382935,
        0.27730119228363037,
        0.9500841498374939,
        0.2078905701637268,
        0.2892415523529053,
        0.8468747735023499,
        0.45372384786605835,
        0.8217096328735352,
        0.185433030128479,
        0.22068369388580322,
        0.9373752474784851,
        0.5620481371879578,
        0.02211219072341919,
        0.903331995010376,
        0.7414058446884155,
        0.514579713344574,
        0.7467557787895203,
        0.2933542728424072,
        0.2232610583305359,
        0.9959273934364319,
        0.08846789598464966,
        0.30154871940612793,
        0.8818888664245605,
        0.017531931400299072,
        0.3973957896232605,
        0.15891796350479126,
        0.8813649415969849,
        0.029948174953460693,
        0.07448136806488037,
        0.08496004343032837,
        0.8647173643112183,
        0.10172700881958008,
        0.08787482976913452,
        0.44028544425964355,
        0.43603283166885376,
        0.030908405780792236,
        0.9338628649711609,
        0.3787711262702942,
        0.013618111610412598,
        0.2432742714881897,
        0.08104801177978516
    ]
}