{
    "format": 2,
    "name": "n100k2_85",
    "n": 100,
    "k": 2,
    "optimal_solution": 37.25004577636719,
    "x_values": [
        0.3693956136703491,
        0.896929144859314,
        0.10905522108078003,
        0.865629255771637,
        0.13882768154144287,
        0.14952236413955688,
        0.08322465419769287,
        0.3018415570259094,
        0.4988570809364319,
        0.6641190648078918,
        0.18222546577453613,
        0.626655638217926,
        0.39853405952453613,
        0.783306896686554,
        0.9059940576553345,
        0.9018712043762207,
        0.26258206367492676,
        0.7243345379829407,
        0.5142312049865723,
        0.34315216541290283,
        0.855975866317749,
        0.6530299186706543,
        0.8414837121963501,
        0.6410207152366638,
        0.028911054134368896,
        0.7709177732467651,
        0.02604597806930542,
        0.14668476581573486,
        0.022331416606903076,
        0.5008243322372437,
        0.4909123182296753,
        0.4463880658149719,
        0.6754553914070129,
        0.4141721725463867,
        0.3936479091644287,
        0.15321552753448486,
        0.5725864768028259,
        0.46798062324523926,
        0.18049383163452148,
        0.9411783218383789,
        0.8361532092094421,
        0.577433705329895,
        0.9841251373291016,
        0.23976409435272217,
        0.6215837597846985,
        0.7986959218978882,
        0.5604127645492554,
        0.9590508937835693,
        0.27397817373275757,
        0.011755585670471191,
        0.20236361026763916,
        0.04834073781967163,
        0.7472432851791382,
        0.8606510162353516,
        0.061488330364227295,
        0.4212839603424072,
        0.10688722133636475,
        0.9130057692527771,
        0.029979050159454346,
        0.9024503231048584,
        0.6394456624984741,
        0.21100741624832153,
        0.08872735500335693,
        0.7895681262016296,
        0.6201466917991638,
        0.7911871075630188,
        0.309362530708313,
        0.04726380109786987,
        0.4233905076980591,
        0.5341470241546631,
        0.39858007431030273,
        0.21252673864364624,
        0.8703785538673401,
        0.5213307738304138,
        0.6389610767364502,
        0.8126593828201294,
        0.14602184295654297,
        0.7270709872245789,
        0.8663039803504944,
        0.4980790615081787,
        0.9995530843734741,
        0.10795730352401733,
        0.9294947385787964,
        0.796517550945282,
        0.016365408897399902,
        0.5621777176856995,
        0.1475008726119995,
        0.5516772866249084,
        0.658805251121521,
        0.35759133100509644,
        0.5407546162605286,
        0.07476943731307983,
        0.6479049324989319,
        0.8992253541946411,
        0.43170785903930664,
        0.44460076093673706,
        0.4056384563446045,
        0.898838222026825,
        0.4674113988876343,
        0.13897740840911865
    ],
    "y_values": [
        0.9640257358551025,
        0.9419771432876587,
        0.1414245367050171,
        0.928568422794342,
        0.4168727397918701,
        0.928855299949646,
        0.4172053337097168,
        0.12678104639053345,
        0.5168412923812866,
        0.8489617705345154,
        0.09536290168762207,
        0.5637611746788025,
        0.1641385555267334,
        0.6730760931968689,
        0.3899396061897278,
        0.6876040101051331,
        0.7096496224403381,
        0.0005399584770202637,
        0.5250354409217834,
        0.5060081481933594,
        0.6629233956336975,
        0.03265339136123657,
        0.8798406720161438,
        0.45221036672592163,
        0.7697980999946594,
        0.1584187150001526,
        0.10915237665176392,
        0.6145124435424805,
        0.7615169286727905,
        0.03718137741088867,
        0.21771454811096191,
        0.37693852186203003,
        0.32198232412338257,
        0.6083753108978271,
        0.43567413091659546,
        0.5518007278442383,
        0.7477366924285889,
        0.9539937376976013,
        0.654059886932373,
        0.347032368183136,
        0.5894123911857605,
        0.08347070217132568,
        0.2379654049873352,
        0.8057252168655396,
        0.12987667322158813,
        0.42998671531677246,
        0.8077465891838074,
        0.7022144794464111,
        0.7881777882575989,
        0.7014837265014648,
        0.920468270778656,
        0.64649897813797,
        0.7359279990196228,
        0.5744310617446899,
        0.8025109171867371,
        0.17414617538452148,
        0.3392527103424072,
        0.0008466243743896484,
        0.44723087549209595,
        0.44979459047317505,
        0.5266172289848328,
        0.8736531734466553,
        0.5269373655319214,
        0.7216342091560364,
        0.8097873330116272,
        0.11297190189361572,
        0.17923873662948608,
        0.8565194606781006,
        0.20321470499038696,
        0.8645996451377869,
        0.1786366105079651,
        0.3036237955093384,
        0.7249095439910889,
        0.40179359912872314,
        0.7765460014343262,
        0.5027431845664978,
        0.9739719033241272,
        0.5186782479286194,
        0.6964913010597229,
        0.29922640323638916,
        0.7036272287368774,
        0.04233819246292114,
        0.14279049634933472,
        0.9245383143424988,
        0.6737605333328247,
        0.9089324474334717,
        0.17440026998519897,
        0.20021039247512817,
        0.3852911591529846,
        0.06422686576843262,
        0.07206404209136963,
        0.7638373970985413,
        0.5711626410484314,
        0.30015313625335693,
        0.13945454359054565,
        0.10111689567565918,
        0.4731556177139282,
        0.35074591636657715,
        0.7986955642700195,
        0.19576966762542725
    ]
}