{
    "format": 2,
    "name": "n80k2_65",
    "n": 80,
    "k": 2,
    "optimal_solution": 28.967533111572266,
    "x_values": [
        0.49881476163864136,
        0.21547728776931763,
        0.3460944890975952,
        0.6270095705986023,
        0.5980916023254395,
        0.6896771192550659,
        0.8023988008499146,
        0.42463988065719604,
        0.14552760124206543,
        0.6761059761047363,
        0.5917378067970276,
        0.6826078295707703,
        0.12347292900085449,
        0.3518526554107666,
        0.8109871745109558,
        0.6058707237243652,
        0.33472055196762085,
        0.05391186475753784,
        0.4917842745780945,
        0.9809241890907288,
        0.2022293210029602,
        0.7174277901649475,
        0.2793310880661011,
        0.8846861720085144,
        0.9294435977935791,
        0.2501852512359619,
        0.3092806339263916,
        0.35140764713287354,
        0.07116907835006714,
        0.10849475860595703,
        0.3321382403373718,
        0.23148125410079956,
        0.8575378060340881,
        0.7273155450820923,
        0.9431036710739136,
        0.4480282664299011,
        0.7756479382514954,
        0.2919086813926697,
        0.6679312586784363,
        0.0467262864112854,
        0.4888594150543213,
        0.8443270325660706,
        0.9927176237106323,
        0.04591161012649536,
        0.07544666528701782,
        0.22002458572387695,
        0.7676699757575989,
        0.16862446069717407,
        0.015287995338439941,
        0.4710981845855713,
        0.9663066267967224,
        0.4706725478172302,
        0.14793378114700317,
        0.04579329490661621,
        0.18489396572113037,
        0.06784611940383911,
        0.3532572388648987,
        0.5877386927604675,
        0.8858004212379456,
        0.6835731863975525,
        0.19237226247787476,
        0.745481550693512,
        0.3579614758491516,
        0.5414530038833618,
        0.3125934600830078,
        0.2662840485572815,
        0.4170615077018738,
        0.7930054664611816,
        0.5110718011856079,
        0.4252648949623108,
        0.3676146864891052,
        0.8408329486846924,
        0.7686025500297546,
        0.3065416216850281,
        0.1692093014717102,
        0.11918532848358154,
        0.5491448044776917,
        0.4714329242706299,
        0.9160277247428894,
        0.7627331018447876
    ],
    "y_values": [
        0.7025629878044128,
        0.5509647130966187,
        0.0592765212059021,
        0.8732280731201172,
        0.9634936451911926,
        0.29178106784820557,
        0.2502681612968445,
        0.4912174344062805,
        0.13758671283721924,
        0.27368927001953125,
        0.5186389684677124,
        0.30367791652679443,
        0.8449138402938843,
        0.01951587200164795,
        0.2914333939552307,
        0.5357877612113953,
        0.09396946430206299,
        0.17783218622207642,
        0.40882182121276855,
        0.27567028999328613,
        0.4187728762626648,
        0.5352756381034851,
        0.4132159352302551,
        0.3458878993988037,
        0.5539856553077698,
        0.08311372995376587,
        0.5994833707809448,
        0.0629376769065857,
        0.2783227562904358,
        0.2536410093307495,
        0.6832440495491028,
        0.3437046408653259,
        0.8642309904098511,
        0.9181452989578247,
        0.34941160678863525,
        0.2067941427230835,
        0.04520195722579956,
        0.7696956992149353,
        0.48205476999282837,
        0.6998594999313354,
        0.8271166086196899,
        0.6812050938606262,
        0.9099122285842896,
        0.9427310824394226,
        0.015273034572601318,
        0.9727481603622437,
        0.3893217444419861,
        0.8703799843788147,
        0.2329983115196228,
        0.44581592082977295,
        0.7198687195777893,
        0.9948369860649109,
        0.7514830231666565,
        0.7569736838340759,
        0.06112247705459595,
        0.6384260058403015,
        0.9143946766853333,
        0.5165039300918579,
        0.180902361869812,
        0.9518784284591675,
        0.3029966950416565,
        0.08284062147140503,
        0.125136137008667,
        0.9637091755867004,
        0.6250431537628174,
        0.7643150687217712,
        0.7934591174125671,
        0.5412062406539917,
        0.15995991230010986,
        0.08045917749404907,
        0.2727805972099304,
        0.6772682070732117,
        0.4928693175315857,
        0.03953021764755249,
        0.6357235312461853,
        0.1561872363090515,
        0.7006629705429077,
        0.9584550261497498,
        0.737930178642273,
        0.7358114123344421
    ]
}