{
    "format": 2,
    "name": "n70k10_42",
    "n": 70,
    "k": 10,
    "optimal_solution": 8.375016212463379,
    "x_values": [
        0.701215386390686,
        0.22745180130004883,
        0.49109363555908203,
        0.020120680332183838,
        0.9610704183578491,
        0.2082686424255371,
        0.957882821559906,
        0.06858086585998535,
        0.2579231858253479,
        0.11615604162216187,
        0.656544029712677,
        0.683102011680603,
        0.09959322214126587,
        0.8052070140838623,
        0.45762044191360474,
        0.1173824667930603,
        0.8232818245887756,
        0.536058247089386,
        0.9253904819488525,
        0.2630801796913147,
        0.46426016092300415,
        0.4670395255088806,
        0.6575473546981812,
        0.43758147954940796,
        0.5031690001487732,
        0.04296618700027466,
        0.44126033782958984,
        0.8420748710632324,
        0.07420557737350464,
        0.8382876515388489,
        0.8353388905525208,
        0.1992475986480713,
        0.7613425850868225,
        0.9255604147911072,
        0.7983118891716003,
        0.6673718690872192,
        0.6686025857925415,
        0.6711951494216919,
        0.6434416770935059,
        0.43007057905197144,
        0.7673344612121582,
        0.2512953281402588,
        0.8449122905731201,
        0.3109080195426941,
        0.9516921043395996,
        0.37823575735092163,
        0.4241211414337158,
        0.4532485604286194,
        0.5775202512741089,
        0.3944854736328125,
        0.6835240721702576,
        0.3933272361755371,
        0.5694118738174438,
        0.3612016439437866,
        0.9384037256240845,
        0.8864266276359558,
        0.9763482213020325,
        0.7034329771995544,
        0.020001530647277832,
        0.09530377388000488,
        0.8441458940505981,
        0.11094564199447632,
        0.6384733319282532,
        0.3681609630584717,
        0.4871487617492676,
        0.7704871892929077,
        0.0886959433555603,
        0.3595987558364868,
        0.06598764657974243,
        0.9725642204284668
    ],
    "y_values": [
        0.2632611393928528,
        0.04948335886001587,
        0.3113325834274292,
        0.43784773349761963,
        0.5268014669418335,
        0.017768144607543945,
        0.2185923457145691,
        0.4559217691421509,
        0.413533091545105,
        0.23892539739608765,
        0.5497046709060669,
        0.498660147190094,
        0.8299883008003235,
        0.07002472877502441,
        0.21948188543319702,
        0.3967638611793518,
        0.1513269543647766,
        0.8757758140563965,
        0.20675873756408691,
        0.6032207012176514,
        0.335193395614624,
        0.5810601711273193,
        0.884198784828186,
        0.5776090621948242,
        0.6035480499267578,
        0.29902446269989014,
        0.9969272613525391,
        0.6705753207206726,
        0.16194719076156616,
        0.980826199054718,
        0.2413640022277832,
        0.9068204760551453,
        0.7816587090492249,
        0.38531410694122314,
        0.7433176040649414,
        0.1383211612701416,
        0.027908742427825928,
        0.688450276851654,
        0.4230768084526062,
        0.8092261552810669,
        0.18676835298538208,
        0.35625791549682617,
        0.9970368146896362,
        0.9244731068611145,
        0.3317321538925171,
        0.6083813905715942,
        0.3021920919418335,
        0.2371876835823059,
        0.31644749641418457,
        0.6646193861961365,
        0.7347648739814758,
        0.9835482835769653,
        0.7782284617424011,
        0.9827240109443665,
        0.02776312828063965,
        0.4688531160354614,
        0.060884714126586914,
        0.18852967023849487,
        0.5362802147865295,
        0.7740131616592407,
        0.4723280072212219,
        0.8112603425979614,
        0.27988332509994507,
        0.5552358031272888,
        0.6462114453315735,
        0.7642627358436584,
        0.7202154994010925,
        0.04850280284881592,
        0.8690803647041321,
        0.4139586091041565
    ]
}