{
    "format": 2,
    "name": "n70k10_8",
    "n": 70,
    "k": 10,
    "optimal_solution": 8.4832763671875,
    "x_values": [
        0.8163409233093262,
        0.581121563911438,
        0.7622145414352417,
        0.45334315299987793,
        0.2686307430267334,
        0.9757230281829834,
        0.8184155225753784,
        0.8896792531013489,
        0.9826509356498718,
        0.504794180393219,
        0.8515114188194275,
        0.03518319129943848,
        0.545266330242157,
        0.8777660727500916,
        0.4452008008956909,
        0.2858240008354187,
        0.5494990348815918,
        0.8328593969345093,
        0.5354195833206177,
        0.00891047716140747,
        0.8418031930923462,
        0.5246146321296692,
        0.6593631505966187,
        0.49055254459381104,
        0.6083016395568848,
        0.41589319705963135,
        0.09750854969024658,
        0.42333531379699707,
        0.47405505180358887,
        0.006551563739776611,
        0.5535450577735901,
        0.41832417249679565,
        0.05236935615539551,
        0.7370078563690186,
        0.4730679392814636,
        0.11380940675735474,
        0.6112271547317505,
        0.246243417263031,
        0.7728094458580017,
        0.2449144721031189,
        0.6309184432029724,
        0.19600659608840942,
        0.555560827255249,
        0.6952887773513794,
        0.7020177841186523,
        0.442510724067688,
        0.9779678583145142,
        0.4194573163986206,
        0.13093781471252441,
        0.02662789821624756,
        0.002382516860961914,
        0.12614428997039795,
        0.7124250531196594,
        0.09044057130813599,
        0.5153762698173523,
        0.8084824085235596,
        0.7242261171340942,
        0.8661784529685974,
        0.8195815682411194,
        0.9889684319496155,
        0.17046058177947998,
        0.024408817291259766,
        0.019946694374084473,
        0.8435123562812805,
        0.8825459480285645,
        0.9807567596435547,
        0.5197598934173584,
        0.5580993294715881,
        0.4084508419036865,
        0.6434394121170044
    ],
    "y_values": [
        0.21502822637557983,
        0.211286723613739,
        0.5472390055656433,
        0.7686640024185181,
        0.6434407234191895,
        0.4352424740791321,
        0.8275560140609741,
        0.1732945442199707,
        0.9685545563697815,
        0.09785294532775879,
        0.1954258680343628,
        0.6162787675857544,
        0.7633134722709656,
        0.27156317234039307,
        0.37653064727783203,
        0.5377837419509888,
        0.7949752807617188,
        0.2775058150291443,
        0.8015875220298767,
        0.09070539474487305,
        0.8011804223060608,
        0.6635245084762573,
        0.6984825134277344,
        0.3896936774253845,
        0.8720574378967285,
        0.6460365056991577,
        0.8364139199256897,
        0.14192545413970947,
        0.4047046899795532,
        0.506690263748169,
        0.8053120970726013,
        0.516850471496582,
        0.6902288794517517,
        0.9264807105064392,
        0.950843334197998,
        0.6417064070701599,
        0.7148677706718445,
        0.1772630214691162,
        0.32372570037841797,
        0.366863489151001,
        0.1511031985282898,
        0.514171302318573,
        0.9265069961547852,
        0.34418952465057373,
        0.5348025560379028,
        0.13453155755996704,
        0.5605307221412659,
        0.9547228217124939,
        0.9451045989990234,
        0.40476667881011963,
        0.19552069902420044,
        0.7160112857818604,
        0.5634655952453613,
        0.3584408164024353,
        0.22944414615631104,
        0.14674776792526245,
        0.33474528789520264,
        0.6031723618507385,
        0.47898703813552856,
        0.40071171522140503,
        0.7594214677810669,
        0.7763139605522156,
        0.9197723865509033,
        0.45162516832351685,
        0.7360957264900208,
        0.4007847309112549,
        0.43773728609085083,
        0.4648016095161438,
        0.39331841468811035,
        0.6986623406410217
    ]
}