{
    "format": 2,
    "name": "n70k4_33",
    "n": 70,
    "k": 4,
    "optimal_solution": 16.198575973510742,
    "x_values": [
        0.4308130741119385,
        0.763195812702179,
        0.12935775518417358,
        0.10290402173995972,
        0.9519570469856262,
        0.8583027124404907,
        0.11652898788452148,
        0.3630015254020691,
        0.6602055430412292,
        0.10089516639709473,
        0.20574092864990234,
        0.9547094106674194,
        0.027893006801605225,
        0.19962269067764282,
        0.8396089673042297,
        0.18482017517089844,
        0.41589051485061646,
        0.15035390853881836,
        0.06701815128326416,
        0.3141061067581177,
        0.11519593000411987,
        0.22854268550872803,
        0.48261988162994385,
        0.4624335765838623,
        0.06345313787460327,
        0.5430097579956055,
        0.5198650360107422,
        0.040146708488464355,
        0.28689807653427124,
        0.1524849534034729,
        0.5329026579856873,
        0.4699462652206421,
        0.5932411551475525,
        0.880901575088501,
        0.6879383325576782,
        0.5939406752586365,
        0.2548177242279053,
        0.9380220174789429,
        0.4846736192703247,
        0.8448470830917358,
        0.7496881484985352,
        0.5917600393295288,
        0.10826706886291504,
        0.4211881756782532,
        0.8645327687263489,
        0.643162190914154,
        0.28721141815185547,
        0.18072009086608887,
        0.3089955449104309,
        0.634810209274292,
        0.179823100566864,
        0.38128989934921265,
        0.460823118686676,
        0.4671509861946106,
        0.6002923846244812,
        0.0017200112342834473,
        0.31552255153656006,
        0.4759320020675659,
        0.2982625365257263,
        0.071896493434906,
        0.41766422986984253,
        0.30534613132476807,
        0.8463627696037292,
        0.6677274703979492,
        0.29428863525390625,
        0.44661271572113037,
        0.38540130853652954,
        0.9473236799240112,
        0.3479703664779663,
        0.24642610549926758
    ],
    "y_values": [
        0.6186586022377014,
        0.14297699928283691,
        0.27878618240356445,
        0.9018049240112305,
        0.5272274613380432,
        0.39455974102020264,
        0.6689477562904358,
        0.6779949069023132,
        0.7500165104866028,
        0.1830970048904419,
        0.10912847518920898,
        0.8032532930374146,
        0.3448609709739685,
        0.7690781950950623,
        0.3546542525291443,
        0.7130142450332642,
        0.3211899995803833,
        0.16005825996398926,
        0.32769232988357544,
        0.3607364296913147,
        0.8609229326248169,
        0.9211540818214417,
        0.1656157374382019,
        0.5280252695083618,
        0.6917036175727844,
        0.9720330834388733,
        0.3317002058029175,
        0.3005925416946411,
        0.9199044108390808,
        0.6695432066917419,
        0.8496759533882141,
        0.45627307891845703,
        0.6247574090957642,
        0.011256039142608643,
        0.44168418645858765,
        0.32534557580947876,
        0.1317458152770996,
        0.11393284797668457,
        0.38055694103240967,
        0.47521400451660156,
        0.3119838237762451,
        0.8919982314109802,
        0.46949291229248047,
        0.8953678011894226,
        0.0728643536567688,
        0.7505653500556946,
        0.5871726274490356,
        0.27064013481140137,
        0.12092000246047974,
        0.015037477016448975,
        0.27094054222106934,
        0.8276804685592651,
        0.46482545137405396,
        0.11999839544296265,
        0.12418508529663086,
        0.41164177656173706,
        0.8528070449829102,
        0.8443435430526733,
        0.32619452476501465,
        0.5763306021690369,
        0.008178949356079102,
        0.5057312846183777,
        0.9772769808769226,
        0.9062028527259827,
        0.3560416102409363,
        0.4601011276245117,
        0.12621891498565674,
        0.18303519487380981,
        0.5216931104660034,
        0.7617345452308655
    ]
}