{
    "format": 2,
    "name": "n100k4_8",
    "n": 100,
    "k": 4,
    "optimal_solution": 22.68680763244629,
    "x_values": [
        0.8219475746154785,
        0.8243558406829834,
        0.603783130645752,
        0.1836811900138855,
        0.4763661026954651,
        0.010271608829498291,
        0.14929407835006714,
        0.2552330493927002,
        0.800901472568512,
        0.3654738664627075,
        0.7803214192390442,
        0.5555891394615173,
        0.6306543946266174,
        0.5074601173400879,
        0.4688345193862915,
        0.31030040979385376,
        0.36372560262680054,
        0.6531052589416504,
        0.13481533527374268,
        0.3714122772216797,
        0.9126371145248413,
        0.9014110565185547,
        0.10665422677993774,
        0.7728884220123291,
        0.13150173425674438,
        0.8254572153091431,
        0.9291715621948242,
        0.605681300163269,
        0.2052718997001648,
        0.6293138265609741,
        0.9567039608955383,
        0.5193676352500916,
        0.9901256561279297,
        0.8131449818611145,
        0.29319602251052856,
        0.3378627896308899,
        0.4155469536781311,
        0.3935425281524658,
        0.1907130479812622,
        0.9822937250137329,
        0.8971246480941772,
        0.19507604837417603,
        0.8018266558647156,
        0.970244288444519,
        0.3228803277015686,
        0.48049432039260864,
        0.7584083676338196,
        0.9045229554176331,
        0.931423008441925,
        0.812855064868927,
        0.49328964948654175,
        0.8936715722084045,
        0.35226529836654663,
        0.778843343257904,
        0.2995838522911072,
        0.43181532621383667,
        0.38198864459991455,
        0.0791882872581482,
        0.3304750323295593,
        0.8265295624732971,
        0.7006110548973083,
        0.6259821653366089,
        0.6841859221458435,
        0.7340275645256042,
        0.9428350329399109,
        0.9975054264068604,
        0.6466339826583862,
        0.962749719619751,
        0.7673226594924927,
        0.5214152932167053,
        0.4771091938018799,
        0.8985565900802612,
        0.02745276689529419,
        0.651526153087616,
        0.49005579948425293,
        0.4318021535873413,
        0.9161516427993774,
        0.32550448179244995,
        0.4827623963356018,
        0.3744466304779053,
        0.5885092616081238,
        0.8886597752571106,
        0.9188964366912842,
        0.49275630712509155,
        0.4228031039237976,
        0.9753134250640869,
        0.07050001621246338,
        0.6943840384483337,
        0.9511499404907227,
        0.5533967018127441,
        0.4491269588470459,
        0.18005287647247314,
        0.04100316762924194,
        0.3980867862701416,
        0.713043749332428,
        0.2850915789604187,
        0.9220857620239258,
        0.9848119616508484,
        0.373047411441803,
        0.662076473236084
    ],
    "y_values": [
        0.8547436594963074,
        0.9213941097259521,
        0.13924378156661987,
        0.17312878370285034,
        0.32151973247528076,
        0.9771137833595276,
        0.20728862285614014,
        0.5742534399032593,
        0.6115679740905762,
        0.46524763107299805,
        0.07315438985824585,
        0.5750617980957031,
        0.9173403978347778,
        0.13536763191223145,
        0.16914242506027222,
        0.9835571646690369,
        0.020354270935058594,
        0.054958879947662354,
        0.39641058444976807,
        0.698833167552948,
        0.9502202868461609,
        0.28167861700057983,
        0.9780981540679932,
        0.8029818534851074,
        0.9880185127258301,
        0.43412262201309204,
        0.30750685930252075,
        0.3783634305000305,
        0.7121543884277344,
        0.4513726234436035,
        0.45647329092025757,
        0.5954458117485046,
        0.9952060580253601,
        0.9950550198554993,
        0.4953154921531677,
        0.7433159947395325,
        0.7146179676055908,
        0.13824886083602905,
        0.29268062114715576,
        0.21211814880371094,
        0.7336718440055847,
        0.2601376175880432,
        0.9474023580551147,
        0.6324335932731628,
        0.7767916917800903,
        0.7644122242927551,
        0.30375540256500244,
        0.6910221576690674,
        0.37863320112228394,
        0.7276464104652405,
        0.1901187300682068,
        0.7573390007019043,
        0.35115760564804077,
        0.125568687915802,
        0.7479015588760376,
        0.6708540916442871,
        0.606870710849762,
        0.51125168800354,
        0.38739925622940063,
        0.884356677532196,
        0.5279664397239685,
        0.19708383083343506,
        0.2602110505104065,
        0.004207015037536621,
        0.8328155875205994,
        0.5875166058540344,
        0.9141608476638794,
        0.8163720965385437,
        0.7603591084480286,
        0.962222158908844,
        0.8632051348686218,
        0.4443588852882385,
        0.3119701147079468,
        0.11233395338058472,
        0.7508221864700317,
        0.3921682834625244,
        0.22409498691558838,
        0.2791263461112976,
        0.3080114722251892,
        0.6147757768630981,
        0.48938244581222534,
        0.7535415291786194,
        0.7060061097145081,
        0.018080055713653564,
        0.7767231464385986,
        0.66921067237854,
        0.5219006538391113,
        0.39828985929489136,
        0.36922216415405273,
        0.6351136565208435,
        0.5047745108604431,
        0.737752377986908,
        0.06985855102539062,
        0.20208674669265747,
        0.7687867879867554,
        0.38716578483581543,
        0.6318648457527161,
        0.8177105188369751,
        0.2461470365524292,
        0.9056912064552307
    ]
}