{
    "format": 8,
    "name": "n30k7_7",
    "n": 30,
    "k": 7,
    "capacity": 5,
    "optimal_solution": 3.6488020420074463,
    "x_values": [
        0.07406210899353027,
        0.15601015090942383,
        0.8779938220977783,
        0.2483716607093811,
        0.44746828079223633,
        0.09583520889282227,
        0.2661307454109192,
        0.11412185430526733,
        0.41336941719055176,
        0.517577052116394,
        0.9893549084663391,
        0.20262348651885986,
        0.6451901793479919,
        0.9346109628677368,
        0.812789797782898,
        0.5663318634033203,
        0.5644192099571228,
        0.6325162649154663,
        0.36512744426727295,
        0.29591548442840576,
        0.6657496690750122,
        0.2420249581336975,
        0.28018486499786377,
        0.19222193956375122,
        0.9521353840827942,
        0.5356377959251404,
        0.8670654296875,
        0.8592971563339233,
        0.5929587483406067,
        0.825249433517456
    ],
    "y_values": [
        0.2163274884223938,
        0.2115897536277771,
        0.20534956455230713,
        0.21335071325302124,
        0.9624069333076477,
        0.09806787967681885,
        0.841659426689148,
        0.019432663917541504,
        0.08013325929641724,
        0.2100898027420044,
        0.049307286739349365,
        0.4868411421775818,
        0.09133142232894897,
        0.8325331211090088,
        0.9426413774490356,
        0.33170342445373535,
        0.25280797481536865,
        0.6301552653312683,
        0.07819050550460815,
        0.08438360691070557,
        0.24537497758865356,
        0.857428252696991,
        0.5678433775901794,
        0.09540611505508423,
        0.2885914444923401,
        0.215925395488739,
        0.012292861938476562,
        0.345578670501709,
        0.6597893238067627,
        0.9677606821060181
    ]
}