{
    "format": 8,
    "name": "n40k3_44",
    "n": 40,
    "k": 3,
    "capacity": 14,
    "optimal_solution": 10.6470308303833,
    "x_values": [
        0.30356085300445557,
        0.2760547995567322,
        0.1143675446510315,
        0.29523414373397827,
        0.9696739912033081,
        0.5196623802185059,
        0.9617261290550232,
        0.840234100818634,
        0.4477434754371643,
        0.7677345871925354,
        0.3758102059364319,
        0.112606942653656,
        0.9642476439476013,
        0.18940967321395874,
        0.9411427974700928,
        0.9827108383178711,
        0.8584325909614563,
        0.9904152154922485,
        0.4715172052383423,
        0.593203604221344,
        0.6670077443122864,
        0.4392004609107971,
        0.11583685874938965,
        0.7276976704597473,
        0.3136720657348633,
        0.7100886702537537,
        0.13071727752685547,
        0.4340323209762573,
        0.4945027828216553,
        0.28324204683303833,
        0.4257814884185791,
        0.8196589350700378,
        0.49435287714004517,
        0.6603909730911255,
        0.27085667848587036,
        0.531938374042511,
        0.016700804233551025,
        0.9527475237846375,
        0.0298081636428833,
        0.3402790427207947
    ],
    "y_values": [
        0.408094584941864,
        0.04974645376205444,
        0.38275861740112305,
        0.5772150754928589,
        0.6989578008651733,
        0.757570743560791,
        0.7055593729019165,
        0.03725844621658325,
        0.436576247215271,
        0.012148737907409668,
        0.11079925298690796,
        0.6014177203178406,
        0.8486309051513672,
        0.2075134515762329,
        0.1127576231956482,
        0.9404439330101013,
        0.9728714823722839,
        0.6833984851837158,
        0.7532920837402344,
        0.4633786678314209,
        0.12016195058822632,
        0.3569585084915161,
        0.6429303884506226,
        0.32974666357040405,
        0.3042941689491272,
        0.10015064477920532,
        0.7936829924583435,
        0.6458112001419067,
        0.2927359938621521,
        0.7232490181922913,
        0.6194877624511719,
        0.6879470944404602,
        0.5336065292358398,
        0.8169885873794556,
        0.02750575542449951,
        0.9308485388755798,
        0.10258060693740845,
        0.5834078788757324,
        0.17009490728378296,
        0.05598098039627075
    ]
}