{
    "format": 5,
    "name": "n90k9_46",
    "n": 90,
    "k": 9,
    "optimal_solution": 0.27347517013549805,
    "x_values": [
        0.9561652541160583,
        0.34284132719039917,
        0.07358324527740479,
        0.16782498359680176,
        0.09753155708312988,
        0.15688788890838623,
        0.24363970756530762,
        0.25636541843414307,
        0.8462687134742737,
        0.8014087080955505,
        0.5239359140396118,
        0.6438481211662292,
        0.5587518811225891,
        0.6721493005752563,
        0.8249642252922058,
        0.3292323350906372,
        0.3100629448890686,
        0.11614787578582764,
        0.5717471241950989,
        0.8408141732215881,
        0.4905608892440796,
        0.9199216961860657,
        0.4412614703178406,
        0.39413779973983765,
        0.7250635027885437,
        0.9459733366966248,
        0.570666491985321,
        0.6075911521911621,
        0.10257214307785034,
        0.5374873280525208,
        0.46388792991638184,
        0.05889970064163208,
        0.6485174894332886,
        0.33589738607406616,
        0.7541829943656921,
        0.6873800754547119,
        0.2588893175125122,
        0.9924456477165222,
        0.9931992292404175,
        0.6134874224662781,
        0.11698263883590698,
        0.7323850989341736,
        0.777879536151886,
        0.8056595921516418,
        0.8204563856124878,
        0.7223852872848511,
        0.12704557180404663,
        0.9299660325050354,
        0.08682167530059814,
        0.0856243371963501,
        0.7881834506988525,
        0.28627556562423706,
        0.9384188652038574,
        0.45647650957107544,
        0.6402602195739746,
        0.8101485371589661,
        0.9153892397880554,
        0.3462727665901184,
        0.9913353323936462,
        0.4021831750869751,
        0.6549948453903198,
        0.32091373205184937,
        0.5174121260643005,
        0.5745358467102051,
        0.5220374464988708,
        0.4316849112510681,
        0.5695242881774902,
        0.016374528408050537,
        0.9702026844024658,
        0.9079232811927795,
        0.44466209411621094,
        0.1311318278312683,
        0.22526884078979492,
        0.9643726944923401,
        0.013630986213684082,
        0.35318899154663086,
        0.9437418580055237,
        0.3803722858428955,
        0.7568821310997009,
        0.4902305603027344,
        0.26767081022262573,
        0.5090393424034119,
        0.8479751348495483,
        0.0010808706283569336,
        0.9037649631500244,
        0.05256783962249756,
        0.022875070571899414,
        0.4005677103996277,
        0.40681707859039307,
        0.5269895195960999
    ],
    "y_values": [
        0.13897055387496948,
        0.6545864343643188,
        0.9507566094398499,
        0.501312792301178,
        0.33301758766174316,
        0.9188412427902222,
        0.4812639355659485,
        0.5177122950553894,
        0.13296693563461304,
        0.3431210517883301,
        0.7224605679512024,
        0.9763561487197876,
        0.9484145045280457,
        0.5718295574188232,
        0.314083993434906,
        0.8696507811546326,
        0.8210263848304749,
        0.7701922059059143,
        0.23018741607666016,
        0.5842587351799011,
        0.20681023597717285,
        0.6692447662353516,
        0.29077261686325073,
        0.47151440382003784,
        0.6916324496269226,
        0.9196351170539856,
        0.06808316707611084,
        0.05019503831863403,
        0.2866632342338562,
        0.8953396677970886,
        0.9792923927307129,
        0.11855369806289673,
        0.6186808347702026,
        0.3432021737098694,
        0.5693705081939697,
        0.8176009058952332,
        0.7120189666748047,
        0.9947423338890076,
        0.039697110652923584,
        0.7684213519096375,
        0.7242975831031799,
        0.9790973663330078,
        0.28812241554260254,
        0.41050487756729126,
        0.4211331009864807,
        0.05595511198043823,
        0.9333956837654114,
        0.6378893256187439,
        0.4528495669364929,
        0.015182077884674072,
        0.28255194425582886,
        0.19470900297164917,
        0.0405573844909668,
        0.5286300182342529,
        0.5570102334022522,
        0.9889109134674072,
        0.78080815076828,
        0.5817054510116577,
        0.274244487285614,
        0.2237873077392578,
        0.8180511593818665,
        0.9298099279403687,
        0.079623281955719,
        0.5102968215942383,
        0.560123860836029,
        0.7869621515274048,
        0.753964900970459,
        0.5613391399383545,
        0.06892216205596924,
        0.6268701553344727,
        0.3716205358505249,
        0.060442984104156494,
        0.13477826118469238,
        0.22091877460479736,
        0.8418476581573486,
        0.3192051649093628,
        0.6953896880149841,
        0.04061174392700195,
        0.32347196340560913,
        0.9337173104286194,
        0.4275244474411011,
        0.1341860294342041,
        0.031021833419799805,
        0.4926007390022278,
        0.1645735502243042,
        0.8234498500823975,
        0.48441171646118164,
        0.8229804635047913,
        0.4450507164001465,
        0.22791576385498047
    ]
}