{
    "format": 5,
    "name": "n70k5_88",
    "n": 70,
    "k": 5,
    "optimal_solution": 0.35112476348876953,
    "x_values": [
        0.6687714457511902,
        0.815260112285614,
        0.0960308313369751,
        0.7417577505111694,
        0.9098110198974609,
        0.6132183074951172,
        0.4165641665458679,
        0.9607438445091248,
        0.537862241268158,
        0.968261182308197,
        0.6048826575279236,
        0.2909308671951294,
        0.7750272154808044,
        0.11867070198059082,
        0.7502951622009277,
        0.6686087846755981,
        0.9498143196105957,
        0.5317505598068237,
        0.8713149428367615,
        0.6355292201042175,
        0.3007779121398926,
        0.7266205549240112,
        0.3112574815750122,
        0.03276228904724121,
        0.030441641807556152,
        0.007511734962463379,
        0.707985520362854,
        0.9489790797233582,
        0.16744476556777954,
        0.4684183597564697,
        0.28684788942337036,
        0.9588878750801086,
        0.3839479088783264,
        0.8205763101577759,
        0.09606510400772095,
        0.9609719514846802,
        0.24584269523620605,
        0.43705010414123535,
        0.9302916526794434,
        0.27215075492858887,
        0.6887650489807129,
        0.8948011994361877,
        0.9377979636192322,
        0.8137679696083069,
        0.3412299156188965,
        0.5551109910011292,
        0.29786378145217896,
        0.4845729470252991,
        0.2154039740562439,
        0.5146415829658508,
        0.15323913097381592,
        0.17162829637527466,
        0.05574619770050049,
        0.937324583530426,
        0.7413586974143982,
        0.7814987897872925,
        0.9211844801902771,
        0.9523335099220276,
        0.6138508915901184,
        0.3884207606315613,
        0.024561643600463867,
        0.1640772819519043,
        0.13266783952713013,
        0.659956693649292,
        0.6501564383506775,
        0.5918587446212769,
        0.36269503831863403,
        0.20422214269638062,
        0.2302646040916443,
        0.3709518313407898
    ],
    "y_values": [
        0.7275641560554504,
        0.355196475982666,
        0.34553098678588867,
        0.1836245059967041,
        0.09746789932250977,
        0.21087759733200073,
        0.3654404878616333,
        0.8051590323448181,
        0.09857118129730225,
        0.562079668045044,
        0.8099067807197571,
        0.48630648851394653,
        0.12834829092025757,
        0.23921972513198853,
        0.3141605257987976,
        0.2575686573982239,
        0.6057173013687134,
        0.18110054731369019,
        0.4664379954338074,
        0.5511566996574402,
        0.479220449924469,
        0.35392677783966064,
        0.5622524619102478,
        0.29201269149780273,
        0.5929847955703735,
        0.3825324773788452,
        0.954379677772522,
        0.07528179883956909,
        0.7043049335479736,
        0.4893292784690857,
        0.6205415725708008,
        0.6230611801147461,
        0.6772513389587402,
        0.23831164836883545,
        0.7048543691635132,
        0.23539644479751587,
        0.12088209390640259,
        0.2844415307044983,
        0.06933915615081787,
        0.2930490970611572,
        0.23991256952285767,
        0.10990971326828003,
        0.238531231880188,
        0.36508017778396606,
        0.45703738927841187,
        0.8258267045021057,
        0.33296382427215576,
        0.08751952648162842,
        0.9094037413597107,
        0.3809756636619568,
        0.3042343258857727,
        0.7030584216117859,
        0.8678202629089355,
        0.8974733352661133,
        0.015705347061157227,
        0.21528887748718262,
        0.9372769594192505,
        0.9966858625411987,
        0.8202568888664246,
        0.6183618307113647,
        0.4303193688392639,
        0.11562556028366089,
        0.6464682817459106,
        0.5246937870979309,
        0.576272189617157,
        0.050436973571777344,
        0.9492287039756775,
        0.7306478023529053,
        0.3309794068336487,
        0.5647510290145874
    ]
}