{
    "format": 2,
    "name": "n40k10_66",
    "n": 40,
    "k": 10,
    "optimal_solution": 3.906925678253174,
    "x_values": [
        0.6514662504196167,
        0.8725646138191223,
        0.4944823980331421,
        0.08226597309112549,
        0.5733422636985779,
        0.880325973033905,
        0.30951935052871704,
        0.31399625539779663,
        0.8423856496810913,
        0.24349933862686157,
        0.7661170959472656,
        0.039737820625305176,
        0.19349128007888794,
        0.4714791774749756,
        0.684624433517456,
        0.8691074848175049,
        0.8544825911521912,
        0.2679058313369751,
        0.14398306608200073,
        0.8410010933876038,
        0.4717879295349121,
        0.2587587237358093,
        0.49637073278427124,
        0.07530844211578369,
        0.19739538431167603,
        0.551539957523346,
        0.5661163926124573,
        0.9236420392990112,
        0.07629352807998657,
        0.5608661770820618,
        0.6318801045417786,
        0.08484911918640137,
        0.7155252695083618,
        0.12133413553237915,
        0.0733717679977417,
        0.1115526556968689,
        0.7249420881271362,
        0.4027608633041382,
        0.717867374420166,
        0.9338502883911133
    ],
    "y_values": [
        0.8370554447174072,
        0.919579029083252,
        0.2859569787979126,
        0.49926382303237915,
        0.1046789288520813,
        0.670233964920044,
        0.07006317377090454,
        0.38331156969070435,
        0.0053591132164001465,
        0.5110360383987427,
        0.9034073352813721,
        0.8016972541809082,
        0.6581736207008362,
        0.37176913022994995,
        0.7508809566497803,
        0.4982295632362366,
        0.5184611678123474,
        0.44171494245529175,
        0.6437278389930725,
        0.5247658491134644,
        0.17652827501296997,
        0.6357939839363098,
        0.5795385241508484,
        0.12273186445236206,
        0.05851948261260986,
        0.9845144152641296,
        0.07640504837036133,
        0.5375970005989075,
        0.8075931668281555,
        0.28936630487442017,
        0.5366397500038147,
        0.10516691207885742,
        0.6038112044334412,
        0.865443229675293,
        0.4904699921607971,
        0.9168022274971008,
        0.9749612808227539,
        0.8070515990257263,
        0.8833162188529968,
        0.06461942195892334
    ]
}