{
    "format": 2,
    "name": "n40k10_4",
    "n": 40,
    "k": 10,
    "optimal_solution": 4.200512886047363,
    "x_values": [
        0.3885802626609802,
        0.3721393346786499,
        0.7176869511604309,
        0.45528101921081543,
        0.6027422547340393,
        0.43479758501052856,
        0.032146155834198,
        0.9709196090698242,
        0.4800221920013428,
        0.03304743766784668,
        0.37637990713119507,
        0.6508165597915649,
        0.1021910309791565,
        0.9455342888832092,
        0.7598677277565002,
        0.4594818949699402,
        0.054439008235931396,
        0.8389945030212402,
        0.9305917024612427,
        0.8761363625526428,
        0.23062485456466675,
        0.5417459607124329,
        0.8208487629890442,
        0.4204363226890564,
        0.6337945461273193,
        0.23020106554031372,
        0.8106791377067566,
        0.7540808320045471,
        0.09706014394760132,
        0.6762180924415588,
        0.7060014605522156,
        0.5755084753036499,
        0.8589393496513367,
        0.5079612135887146,
        0.8434234857559204,
        0.4453198313713074,
        0.9834721684455872,
        0.9951139688491821,
        0.5278834104537964,
        0.7159978151321411
    ],
    "y_values": [
        0.022478103637695312,
        0.5211842656135559,
        0.1883772611618042,
        0.16560477018356323,
        0.39884549379348755,
        0.8307963609695435,
        0.36405134201049805,
        0.7982065081596375,
        0.09872704744338989,
        0.38178908824920654,
        0.6668877601623535,
        0.9964346885681152,
        0.9503573179244995,
        0.39267563819885254,
        0.7911191582679749,
        0.7486876845359802,
        0.692588210105896,
        0.04821056127548218,
        0.9825969934463501,
        0.6914368867874146,
        0.9150168895721436,
        0.7954840064048767,
        0.9306473135948181,
        0.4696105718612671,
        0.44317948818206787,
        0.4263123869895935,
        0.8321890234947205,
        0.5354783535003662,
        0.32605165243148804,
        0.5771186947822571,
        0.17819446325302124,
        0.997504711151123,
        0.7869817614555359,
        0.019742727279663086,
        0.3397274613380432,
        0.6962445974349976,
        0.3420472741127014,
        0.12383049726486206,
        0.24870282411575317,
        0.0796845555305481
    ]
}