{
    "format": 2,
    "name": "n40k10_80",
    "n": 40,
    "k": 10,
    "optimal_solution": 4.283288955688477,
    "x_values": [
        0.20607197284698486,
        0.4816175699234009,
        0.7372795343399048,
        0.15002840757369995,
        0.8537108302116394,
        0.6664351224899292,
        0.3688076138496399,
        0.005394339561462402,
        0.4271639585494995,
        0.9103593826293945,
        0.8478822708129883,
        0.6437435150146484,
        0.10293632745742798,
        0.7466247081756592,
        0.9321590065956116,
        0.899817168712616,
        0.38067519664764404,
        0.7512746453285217,
        0.8681879043579102,
        0.4183800220489502,
        0.8260281682014465,
        0.0698784589767456,
        0.3327041268348694,
        0.4713723659515381,
        0.27279984951019287,
        0.05293792486190796,
        0.0704459547996521,
        0.19301050901412964,
        0.3787168264389038,
        0.9435797929763794,
        0.6975790858268738,
        0.3568873405456543,
        0.3991551399230957,
        0.9630399346351624,
        0.8717562556266785,
        0.2599790096282959,
        0.01906132698059082,
        0.045926809310913086,
        0.09331059455871582,
        0.3681102991104126
    ],
    "y_values": [
        0.03439837694168091,
        0.7465087175369263,
        0.8604581356048584,
        0.6523974537849426,
        0.8697957396507263,
        0.3340345025062561,
        0.2978588938713074,
        0.8053743243217468,
        0.7687568664550781,
        0.3806726932525635,
        0.5024223923683167,
        0.9106366634368896,
        0.6111091375350952,
        0.21875852346420288,
        0.03708928823471069,
        0.6429319977760315,
        0.5763126611709595,
        0.05039101839065552,
        0.09254169464111328,
        0.2269344925880432,
        0.005475103855133057,
        0.7239356637001038,
        0.7708063125610352,
        0.6816966533660889,
        0.34828048944473267,
        0.26155930757522583,
        0.5809089541435242,
        0.3486347198486328,
        0.966192901134491,
        0.5527169108390808,
        0.5926439166069031,
        0.4099929928779602,
        0.30759596824645996,
        0.3360840082168579,
        0.5039290189743042,
        0.5209828615188599,
        0.41760551929473877,
        0.22426921129226685,
        0.05072283744812012,
        0.6640846729278564
    ]
}