{
    "format": 2,
    "name": "n40k10_60",
    "n": 40,
    "k": 10,
    "optimal_solution": 3.550156593322754,
    "x_values": [
        0.5836563110351562,
        0.5691060423851013,
        0.5298494100570679,
        0.628400444984436,
        0.8633653521537781,
        0.8044030070304871,
        0.9237167239189148,
        0.776862382888794,
        0.7731600999832153,
        0.7106122970581055,
        0.7492186427116394,
        0.8546979427337646,
        0.3668942451477051,
        0.231164813041687,
        0.7342548966407776,
        0.23764008283615112,
        0.5887488126754761,
        0.6539701223373413,
        0.7044413089752197,
        0.6285626888275146,
        0.7575346827507019,
        0.9300228357315063,
        0.14056634902954102,
        0.6444164514541626,
        0.9590755701065063,
        0.17425274848937988,
        0.11146336793899536,
        0.19279909133911133,
        0.5839661955833435,
        0.4911092519760132,
        0.7443251013755798,
        0.035832762718200684,
        0.8308635354042053,
        0.37325817346572876,
        0.9226502180099487,
        0.006465792655944824,
        0.7505362033843994,
        0.12734639644622803,
        0.4767165780067444,
        0.26589345932006836
    ],
    "y_values": [
        0.8268685340881348,
        0.23001223802566528,
        0.7834538221359253,
        0.5242141485214233,
        0.3961915373802185,
        0.31011712551116943,
        0.03876417875289917,
        0.6426041126251221,
        0.9456053972244263,
        0.7472649216651917,
        0.8828369975090027,
        0.9619749188423157,
        0.5458168387413025,
        0.8893957138061523,
        0.715286910533905,
        0.512319028377533,
        0.3115723729133606,
        0.1865483522415161,
        0.03137516975402832,
        0.5324105024337769,
        0.2982825040817261,
        0.877692461013794,
        0.80422043800354,
        0.4458187222480774,
        0.2125871181488037,
        0.9786148071289062,
        0.7771087884902954,
        0.4669545888900757,
        0.21644216775894165,
        0.3806804418563843,
        0.052021324634552,
        0.9529136419296265,
        0.032853007316589355,
        0.40384286642074585,
        0.333099365234375,
        0.8368957042694092,
        0.7338520288467407,
        0.7409718632698059,
        0.5131656527519226,
        0.42762666940689087
    ]
}