{
    "format": 2,
    "name": "n40k10_82",
    "n": 40,
    "k": 10,
    "optimal_solution": 4.319036483764648,
    "x_values": [
        0.4809422492980957,
        0.04512304067611694,
        0.9191918969154358,
        0.423495888710022,
        0.23135024309158325,
        0.1545875072479248,
        0.8760535717010498,
        0.32390302419662476,
        0.012645304203033447,
        0.8136981725692749,
        0.5939063429832458,
        0.6946551203727722,
        0.015808165073394775,
        0.39528703689575195,
        0.03192967176437378,
        0.4774566888809204,
        0.8671994805335999,
        0.8734675645828247,
        0.5719940066337585,
        0.0483664870262146,
        0.11111825704574585,
        0.5831278562545776,
        0.3902592062950134,
        0.0380825400352478,
        0.964337944984436,
        0.9892423748970032,
        0.5841108560562134,
        0.8295036554336548,
        0.9014490842819214,
        0.6717577576637268,
        0.7112703323364258,
        0.6020034551620483,
        0.13135439157485962,
        0.03411358594894409,
        0.5732119083404541,
        0.5119380354881287,
        0.11427932977676392,
        0.24166584014892578,
        0.8668974041938782,
        0.3091955780982971
    ],
    "y_values": [
        0.9951192140579224,
        0.7425772547721863,
        0.7645382285118103,
        0.7957706451416016,
        0.7014195322990417,
        0.7885494232177734,
        0.08955574035644531,
        0.14781057834625244,
        0.7523065209388733,
        0.3138447403907776,
        0.13994097709655762,
        0.5818431973457336,
        0.8740018010139465,
        0.6814354658126831,
        0.09204047918319702,
        0.6911166906356812,
        0.484463095664978,
        0.8915491104125977,
        0.7973107695579529,
        0.9313802123069763,
        0.7178576588630676,
        0.982720136642456,
        0.9124475121498108,
        0.9219619035720825,
        0.8221018314361572,
        0.47579747438430786,
        0.9782388210296631,
        0.20729529857635498,
        0.6388123631477356,
        0.6223753690719604,
        0.7547720074653625,
        0.29456627368927,
        0.20647013187408447,
        0.33486706018447876,
        0.5034738183021545,
        0.8167327642440796,
        0.027872681617736816,
        0.34600526094436646,
        0.4485830068588257,
        0.6101794242858887
    ]
}