{
    "format": 2,
    "name": "n40k10_89",
    "n": 40,
    "k": 10,
    "optimal_solution": 4.186327934265137,
    "x_values": [
        0.047808289527893066,
        0.6286176443099976,
        0.46018779277801514,
        0.5248587131500244,
        0.3951139450073242,
        0.6522916555404663,
        0.6141594648361206,
        0.5988529920578003,
        0.1701575517654419,
        0.7328072190284729,
        0.6847386956214905,
        0.8490988612174988,
        0.1271190643310547,
        0.14320814609527588,
        0.6482402682304382,
        0.899973452091217,
        0.11644595861434937,
        0.9775324463844299,
        0.05124783515930176,
        0.8093207478523254,
        0.2748335599899292,
        0.47984540462493896,
        0.6199356317520142,
        0.6491636037826538,
        0.6073372960090637,
        0.19461703300476074,
        0.3303508162498474,
        0.599012017250061,
        0.7791823744773865,
        0.550624668598175,
        0.4454338550567627,
        0.5165294408798218,
        0.7760281562805176,
        0.17753303050994873,
        0.6740054488182068,
        0.8264026641845703,
        0.9976508021354675,
        0.09160083532333374,
        0.04225879907608032,
        0.721964418888092
    ],
    "y_values": [
        0.2623353600502014,
        0.4191593527793884,
        0.07292282581329346,
        0.23974299430847168,
        0.9546301364898682,
        0.8068200945854187,
        0.09606766700744629,
        0.7661601305007935,
        0.7546667456626892,
        0.9391621351242065,
        0.42514681816101074,
        0.00517117977142334,
        0.38358569145202637,
        0.5086376667022705,
        0.24522125720977783,
        0.8796156644821167,
        0.09110826253890991,
        0.5266230702400208,
        0.9928517937660217,
        0.5182926654815674,
        0.39635926485061646,
        0.9861223697662354,
        0.6415333151817322,
        0.5555757880210876,
        0.7281945943832397,
        0.06503170728683472,
        0.16868752241134644,
        0.8180116415023804,
        0.5107018351554871,
        0.7144359350204468,
        0.2926490902900696,
        0.10269522666931152,
        0.5441535711288452,
        0.9380809664726257,
        0.969319760799408,
        0.11473339796066284,
        0.9052447080612183,
        0.9076640009880066,
        0.006851136684417725,
        0.6721158623695374
    ]
}