{
    "format": 8,
    "name": "n30k2_60",
    "n": 30,
    "k": 2,
    "capacity": 15,
    "optimal_solution": 9.500932693481445,
    "x_values": [
        0.37922048568725586,
        0.836066484451294,
        0.584393322467804,
        0.7020446062088013,
        0.3753473162651062,
        0.7374598383903503,
        0.04569286108016968,
        0.3811987042427063,
        0.16129624843597412,
        0.7878842949867249,
        0.6323537230491638,
        0.04530912637710571,
        0.25909096002578735,
        0.39035457372665405,
        0.6810484528541565,
        0.1216888427734375,
        0.6410004496574402,
        0.8238851428031921,
        0.7178887724876404,
        0.26430243253707886,
        0.03639364242553711,
        0.12805330753326416,
        0.5701814293861389,
        0.46238046884536743,
        0.950702965259552,
        0.4806947112083435,
        0.28088313341140747,
        0.0628432035446167,
        0.7811018824577332,
        0.0708124041557312
    ],
    "y_values": [
        0.5824658274650574,
        0.9177567958831787,
        0.9259424209594727,
        0.2792336940765381,
        0.7411980628967285,
        0.3890867829322815,
        0.3051271438598633,
        0.7967904210090637,
        0.7338698506355286,
        0.7020178437232971,
        0.2820243239402771,
        0.3744319677352905,
        0.852363646030426,
        0.8608179092407227,
        0.8579508662223816,
        0.7919401526451111,
        0.13429266214370728,
        0.10717856884002686,
        0.5124914050102234,
        0.8134390115737915,
        0.5966315865516663,
        0.3310618996620178,
        0.9115890264511108,
        0.26139819622039795,
        0.47988855838775635,
        0.6036973595619202,
        0.27360355854034424,
        0.16041940450668335,
        0.35499292612075806,
        0.9205157160758972
    ]
}