{
    "format": 8,
    "name": "n30k2_70",
    "n": 30,
    "k": 2,
    "capacity": 15,
    "optimal_solution": 10.501787185668945,
    "x_values": [
        0.3474222421646118,
        0.5922901630401611,
        0.9272314310073853,
        0.19783979654312134,
        0.9330171942710876,
        0.2871987819671631,
        0.5163042545318604,
        0.5152251720428467,
        0.21868157386779785,
        0.4885028600692749,
        0.20151323080062866,
        0.3386386036872864,
        0.35947972536087036,
        0.3794441819190979,
        0.07448667287826538,
        0.5834924578666687,
        0.687177300453186,
        0.911628782749176,
        0.46232926845550537,
        0.4689176082611084,
        0.21249908208847046,
        0.911233127117157,
        0.026840567588806152,
        0.891883909702301,
        0.8274349570274353,
        0.2485247254371643,
        0.37220990657806396,
        0.540766179561615,
        0.4961361289024353,
        0.8712863922119141
    ],
    "y_values": [
        0.2252253293991089,
        0.8223767876625061,
        0.9036158323287964,
        0.46768617630004883,
        0.4597773551940918,
        0.36178267002105713,
        0.7992050051689148,
        0.45487552881240845,
        0.13797152042388916,
        0.5371581315994263,
        3.898143768310547e-05,
        0.3868027329444885,
        0.6384456753730774,
        0.4307609796524048,
        0.3494356870651245,
        0.029507875442504883,
        0.45822328329086304,
        0.7002133727073669,
        0.788411557674408,
        0.47616899013519287,
        0.6955596804618835,
        0.41977202892303467,
        0.9411372542381287,
        0.26927894353866577,
        0.3088722825050354,
        0.972759485244751,
        0.5217575430870056,
        0.090659499168396,
        0.2773217558860779,
        0.1267269253730774
    ]
}