{
    "format": 5,
    "name": "n90k4_11",
    "n": 90,
    "k": 4,
    "optimal_solution": 0.4546653628349304,
    "x_values": [
        0.1627359390258789,
        0.14783787727355957,
        0.5943713784217834,
        0.506862223148346,
        0.9030014872550964,
        0.5720848441123962,
        0.1693357229232788,
        0.9542874097824097,
        0.525303840637207,
        0.25006532669067383,
        0.8404444456100464,
        0.0847630500793457,
        0.15402495861053467,
        0.27306121587753296,
        0.4192282557487488,
        0.7931851744651794,
        0.5443223714828491,
        0.6827189326286316,
        0.3583482503890991,
        0.06242966651916504,
        0.6699133515357971,
        0.5167208909988403,
        0.8413349390029907,
        0.4928603768348694,
        0.004784762859344482,
        0.6467123031616211,
        0.39982837438583374,
        0.10690319538116455,
        0.44780290126800537,
        0.20017844438552856,
        0.9583349823951721,
        0.7269755601882935,
        0.3939899206161499,
        0.49289941787719727,
        0.8233453035354614,
        0.5638492703437805,
        0.8939352035522461,
        0.17560070753097534,
        0.8766366839408875,
        0.20138084888458252,
        0.9265124797821045,
        0.8650442361831665,
        0.3578745722770691,
        0.5942756533622742,
        0.37680721282958984,
        0.3127761483192444,
        0.09908401966094971,
        0.034908831119537354,
        0.5558169484138489,
        0.1054733395576477,
        0.9489572048187256,
        0.0769340991973877,
        0.632435142993927,
        0.3846893310546875,
        0.6620414853096008,
        0.08026677370071411,
        0.9043585062026978,
        0.7039086818695068,
        0.7394283413887024,
        0.2569674849510193,
        0.05858641862869263,
        0.6743675470352173,
        0.5683953762054443,
        0.4611608386039734,
        0.6414110660552979,
        0.18524378538131714,
        0.722726583480835,
        0.5079375505447388,
        0.9552037715911865,
        0.5286009311676025,
        0.9849210977554321,
        0.6185671091079712,
        0.0004843473434448242,
        0.3965912461280823,
        0.9474349617958069,
        0.2471662163734436,
        0.4044479727745056,
        0.8143185377120972,
        0.6553810238838196,
        0.5675355792045593,
        0.41060227155685425,
        0.7482050657272339,
        0.11859273910522461,
        0.022438466548919678,
        0.36910927295684814,
        0.705504834651947,
        0.025251686573028564,
        0.7159856557846069,
        0.35709619522094727,
        0.7207849025726318
    ],
    "y_values": [
        0.9793127775192261,
        0.4112609624862671,
        0.8129580020904541,
        0.4491756558418274,
        0.4987729787826538,
        0.06605678796768188,
        0.869148850440979,
        0.1400812864303589,
        0.7853652834892273,
        0.9337722063064575,
        0.9469730257987976,
        0.05139148235321045,
        0.46926581859588623,
        0.0991278886795044,
        0.8797234296798706,
        0.785239577293396,
        0.5838335752487183,
        0.4985020160675049,
        0.09918898344039917,
        0.7998520731925964,
        0.7817046046257019,
        0.43370407819747925,
        0.44400352239608765,
        0.2201143503189087,
        0.1373072862625122,
        0.5774094462394714,
        0.7804809212684631,
        0.39408594369888306,
        0.2955986261367798,
        0.6141226887702942,
        0.32858794927597046,
        0.3615427017211914,
        0.12352395057678223,
        0.7806036472320557,
        0.3284651041030884,
        0.9521371126174927,
        0.6713058352470398,
        0.46491456031799316,
        0.7883776426315308,
        0.21607816219329834,
        0.04734092950820923,
        0.342316210269928,
        0.5495889782905579,
        0.8825715780258179,
        0.9633001089096069,
        0.22361838817596436,
        0.36251670122146606,
        0.5935820937156677,
        0.07326638698577881,
        0.0711098313331604,
        0.794156014919281,
        0.04038935899734497,
        0.35156553983688354,
        0.4002377986907959,
        0.42733585834503174,
        0.011360526084899902,
        0.928360104560852,
        0.9897950887680054,
        0.4068338871002197,
        0.9389370679855347,
        0.06352603435516357,
        0.5509376525878906,
        0.34584981203079224,
        0.00655674934387207,
        0.9853276014328003,
        0.576890230178833,
        0.8439966440200806,
        0.781513512134552,
        0.5404341816902161,
        0.3037855625152588,
        0.10788589715957642,
        0.13203352689743042,
        0.29118067026138306,
        0.45030128955841064,
        0.9706882238388062,
        0.0072473883628845215,
        0.9506568312644958,
        0.48204946517944336,
        0.35127586126327515,
        0.02269071340560913,
        0.38923394680023193,
        0.5947162508964539,
        0.875379741191864,
        0.4544200897216797,
        0.4633941650390625,
        0.22941339015960693,
        0.9030983448028564,
        0.8910667896270752,
        0.745289146900177,
        0.619585394859314
    ]
}