{
    "format": 8,
    "name": "n30k4_96",
    "n": 30,
    "k": 4,
    "capacity": 8,
    "optimal_solution": 6.66928768157959,
    "x_values": [
        0.19199204444885254,
        0.33210277557373047,
        0.8179640769958496,
        0.5897920727729797,
        0.7805860638618469,
        0.5012521743774414,
        0.5202214121818542,
        0.66634601354599,
        0.12953996658325195,
        0.7666345834732056,
        0.7090504169464111,
        0.15153205394744873,
        0.7948949933052063,
        0.3050048351287842,
        0.5359930992126465,
        0.1635492444038391,
        0.627220869064331,
        0.37007617950439453,
        0.0037348270416259766,
        0.19461816549301147,
        0.30771225690841675,
        0.9278916716575623,
        0.20336854457855225,
        0.941388726234436,
        0.46016162633895874,
        0.8243639469146729,
        0.7912027835845947,
        0.41261082887649536,
        0.5733441710472107,
        0.013172447681427002
    ],
    "y_values": [
        0.16970151662826538,
        0.1130266785621643,
        0.9730197191238403,
        0.9431923031806946,
        0.6118319630622864,
        0.5624999403953552,
        0.9745165705680847,
        0.8855297565460205,
        0.5370396375656128,
        0.012075483798980713,
        0.1733236312866211,
        0.5961894392967224,
        0.6249046325683594,
        0.9050922393798828,
        0.4568246603012085,
        0.11662286520004272,
        0.4946287274360657,
        0.22126543521881104,
        0.15016335248947144,
        0.35851025581359863,
        0.6435250043869019,
        0.8098731637001038,
        0.37969326972961426,
        0.4557177424430847,
        0.598971962928772,
        0.030593693256378174,
        0.7925607562065125,
        0.7204951643943787,
        0.447166383266449,
        0.10371977090835571
    ]
}