{
    "format": 8,
    "name": "n30k4_4",
    "n": 30,
    "k": 4,
    "capacity": 8,
    "optimal_solution": 6.428712844848633,
    "x_values": [
        0.03132796287536621,
        0.2937612533569336,
        0.8970931768417358,
        0.6598634123802185,
        0.18519353866577148,
        0.5695562362670898,
        0.9296206831932068,
        0.2838178873062134,
        0.9974794387817383,
        0.19024443626403809,
        0.35526102781295776,
        0.9617682099342346,
        0.4451751112937927,
        0.38475537300109863,
        0.5413395762443542,
        0.6256834268569946,
        0.3667774200439453,
        0.8983660936355591,
        0.7498974800109863,
        0.4680598974227905,
        0.6637312769889832,
        0.8297878503799438,
        0.9184562563896179,
        0.4496381878852844,
        0.4669433832168579,
        0.2989463210105896,
        0.15457463264465332,
        0.7386277914047241,
        0.9468348622322083,
        0.6011534333229065
    ],
    "y_values": [
        0.4771807789802551,
        0.019567787647247314,
        0.11622112989425659,
        0.11817353963851929,
        0.8980506062507629,
        0.7040475606918335,
        0.6467092037200928,
        0.5133289098739624,
        0.9155451059341431,
        0.22037923336029053,
        0.25303030014038086,
        0.5491815805435181,
        0.36995232105255127,
        0.33271175622940063,
        0.33803892135620117,
        0.34228944778442383,
        0.9981447458267212,
        0.6418753862380981,
        0.7086485028266907,
        0.6048180460929871,
        0.3087465763092041,
        0.09582823514938354,
        0.8125155568122864,
        0.844444990158081,
        0.7465253472328186,
        0.5534054040908813,
        0.8657704591751099,
        0.3854612112045288,
        0.38161808252334595,
        0.6324093341827393
    ]
}