{
    "format": 8,
    "name": "n40k4_5",
    "n": 40,
    "k": 4,
    "capacity": 10,
    "optimal_solution": 8.737051010131836,
    "x_values": [
        0.27981483936309814,
        0.9386518001556396,
        0.4996040463447571,
        0.4773055911064148,
        0.39111727476119995,
        0.9691967368125916,
        0.7514762878417969,
        0.7693411111831665,
        0.9219236373901367,
        0.35516905784606934,
        0.43318307399749756,
        0.8314260840415955,
        0.29765480756759644,
        0.7244147062301636,
        0.2727651000022888,
        0.7650601267814636,
        0.541110098361969,
        0.043471336364746094,
        0.12731927633285522,
        0.35573065280914307,
        0.08946400880813599,
        0.8049306273460388,
        0.05526018142700195,
        0.5251554846763611,
        0.7906898856163025,
        0.9328262209892273,
        0.41697126626968384,
        0.7500820755958557,
        0.1336178183555603,
        0.619917631149292,
        0.39775943756103516,
        0.3687623143196106,
        0.7991248965263367,
        0.6708177924156189,
        0.7483914494514465,
        0.584697961807251,
        0.4239426255226135,
        0.025799930095672607,
        0.7366858124732971,
        0.34990745782852173
    ],
    "y_values": [
        0.9955212473869324,
        0.5622649192810059,
        0.006600022315979004,
        0.14520132541656494,
        0.16802233457565308,
        0.7363585233688354,
        0.6722554564476013,
        0.834402859210968,
        0.7413973808288574,
        0.9524200558662415,
        0.825203537940979,
        0.9959067106246948,
        0.39208120107650757,
        0.9619454145431519,
        0.11486446857452393,
        0.7812277674674988,
        0.8618564605712891,
        0.9510735869407654,
        0.7296628355979919,
        0.908263087272644,
        0.571453332901001,
        0.4914565682411194,
        0.05980944633483887,
        0.4162776470184326,
        0.37191909551620483,
        0.8527407646179199,
        0.3320373296737671,
        0.6685720086097717,
        0.8205689787864685,
        0.015582561492919922,
        0.9810940027236938,
        0.5517163872718811,
        0.23191994428634644,
        0.9616022706031799,
        0.03635817766189575,
        0.9872000813484192,
        0.2681965231895447,
        0.41087019443511963,
        0.6768950819969177,
        0.39671236276626587
    ]
}