{
    "format": 8,
    "name": "n40k4_87",
    "n": 40,
    "k": 4,
    "capacity": 10,
    "optimal_solution": 9.1038236618042,
    "x_values": [
        0.3660336136817932,
        0.8544340133666992,
        0.9996169805526733,
        0.6902307271957397,
        0.8763086795806885,
        0.25553464889526367,
        0.8184476494789124,
        0.507638692855835,
        0.12336713075637817,
        0.6938481330871582,
        0.5611924529075623,
        0.5865886807441711,
        0.7173895835876465,
        0.7733952403068542,
        0.9723241925239563,
        0.9228152632713318,
        0.08351540565490723,
        0.28841185569763184,
        0.04427647590637207,
        0.03313523530960083,
        0.990853488445282,
        0.9864123463630676,
        0.3792065382003784,
        0.488134503364563,
        0.9206189513206482,
        0.4068174958229065,
        0.21109139919281006,
        0.03977280855178833,
        0.8918861150741577,
        0.8295570015907288,
        0.15025991201400757,
        0.7461123466491699,
        0.5467847585678101,
        0.3725607395172119,
        0.4084694981575012,
        0.3317435383796692,
        0.3953861594200134,
        0.20876973867416382,
        0.1487407088279724,
        0.7012812495231628
    ],
    "y_values": [
        0.7320740818977356,
        0.926221489906311,
        0.5774018168449402,
        0.7154247164726257,
        0.4123324155807495,
        0.4546613097190857,
        0.37919968366622925,
        0.581042468547821,
        0.40346938371658325,
        0.5073197484016418,
        0.05741208791732788,
        0.7689283490180969,
        0.43176478147506714,
        0.8790250420570374,
        0.5735527873039246,
        0.6047095060348511,
        0.26424962282180786,
        0.35115116834640503,
        0.36461949348449707,
        0.3910973072052002,
        0.5023363828659058,
        0.04640793800354004,
        0.7582340836524963,
        0.491868793964386,
        0.28266966342926025,
        0.89747154712677,
        0.8234379887580872,
        0.8933078646659851,
        0.026929914951324463,
        0.939810037612915,
        0.6237456202507019,
        0.12210315465927124,
        0.8595836758613586,
        0.9790686964988708,
        0.8199855089187622,
        0.8590799570083618,
        0.5713942646980286,
        0.7158070802688599,
        0.8720417022705078,
        0.9322115778923035
    ]
}