{
    "format": 8,
    "name": "n40k4_81",
    "n": 40,
    "k": 4,
    "capacity": 10,
    "optimal_solution": 8.38504409790039,
    "x_values": [
        0.98275226354599,
        0.9586029052734375,
        0.5032384395599365,
        0.9110302925109863,
        0.13554269075393677,
        0.08131623268127441,
        0.3259073495864868,
        0.06956005096435547,
        0.06355535984039307,
        0.9420756697654724,
        0.07375985383987427,
        0.4640490412712097,
        0.6950010657310486,
        0.7524998784065247,
        0.9612998962402344,
        0.0831751823425293,
        0.19780361652374268,
        0.8544018864631653,
        0.794710099697113,
        0.6486073732376099,
        0.25128883123397827,
        0.6952123045921326,
        0.38658225536346436,
        0.19312089681625366,
        0.1263074278831482,
        0.6581422686576843,
        0.7038120031356812,
        0.6293272972106934,
        0.3081035614013672,
        0.41551780700683594,
        0.1256181001663208,
        0.7180973291397095,
        0.7134233117103577,
        0.2298135757446289,
        0.3167346715927124,
        0.4679414629936218,
        0.7895809412002563,
        0.8789066672325134,
        0.6345973610877991,
        0.8386102318763733
    ],
    "y_values": [
        0.4397081136703491,
        0.6793720722198486,
        0.27395302057266235,
        0.9690543413162231,
        0.3827667832374573,
        0.3485821485519409,
        0.8659853339195251,
        0.9406602382659912,
        0.3218469023704529,
        0.6140841245651245,
        0.8337966799736023,
        0.3670881986618042,
        0.5219603776931763,
        0.49138063192367554,
        0.32144761085510254,
        0.47271043062210083,
        0.13455826044082642,
        0.8899897336959839,
        0.20766162872314453,
        0.6007778644561768,
        0.7042227983474731,
        0.6310601830482483,
        0.8301820158958435,
        0.3112083077430725,
        0.5410313010215759,
        0.06595844030380249,
        0.8974767923355103,
        0.6790744066238403,
        0.6331705451011658,
        0.8146970868110657,
        0.36470168828964233,
        0.5448578596115112,
        0.4843127727508545,
        0.72213214635849,
        0.9564834237098694,
        0.6690661907196045,
        0.5312075614929199,
        0.442180335521698,
        0.9922513365745544,
        0.16415095329284668
    ]
}