{
    "format": 5,
    "name": "n40k3_31",
    "n": 40,
    "k": 3,
    "optimal_solution": 0.5610884428024292,
    "x_values": [
        0.0290566086769104,
        0.08956336975097656,
        0.5744385719299316,
        0.44004714488983154,
        0.7827795743942261,
        0.18037521839141846,
        0.6507120728492737,
        0.18321126699447632,
        0.9514235854148865,
        0.6881181597709656,
        0.2981063723564148,
        0.9459692239761353,
        0.7670313119888306,
        0.03234738111495972,
        0.04985266923904419,
        0.6738454699516296,
        0.7621403336524963,
        0.8970704078674316,
        0.6850584149360657,
        0.5740232467651367,
        0.8700029253959656,
        0.31611329317092896,
        0.5702393054962158,
        0.6939356923103333,
        0.07286602258682251,
        0.6311309337615967,
        0.9068711400032043,
        0.984343945980072,
        0.6477211713790894,
        0.24110782146453857,
        0.18700098991394043,
        0.025425970554351807,
        0.40875154733657837,
        0.4837026000022888,
        0.16339784860610962,
        0.07559269666671753,
        0.04418814182281494,
        0.04655188322067261,
        0.12457621097564697,
        0.1697797179222107
    ],
    "y_values": [
        0.9970200657844543,
        0.2791595458984375,
        0.7164297103881836,
        0.5950530767440796,
        0.8545960783958435,
        0.2962718605995178,
        0.14763188362121582,
        0.36666595935821533,
        0.9146350026130676,
        0.02578216791152954,
        0.9036340117454529,
        0.45220041275024414,
        0.05821824073791504,
        0.3453177809715271,
        0.5072232484817505,
        0.5801786780357361,
        0.20237118005752563,
        0.6154225468635559,
        0.5952783823013306,
        0.2848024368286133,
        0.07654684782028198,
        0.19357609748840332,
        0.5758182406425476,
        0.6168949604034424,
        0.47565650939941406,
        0.9934981465339661,
        0.9034045934677124,
        0.4732281565666199,
        0.5829859972000122,
        0.7159415483474731,
        0.60147625207901,
        0.6918372511863708,
        0.17638391256332397,
        0.22924721240997314,
        0.0745624303817749,
        0.18771356344223022,
        0.09352552890777588,
        0.17928314208984375,
        0.29872411489486694,
        0.044688522815704346
    ]
}