{
    "format": 5,
    "name": "n40k3_64",
    "n": 40,
    "k": 3,
    "optimal_solution": 0.48624247312545776,
    "x_values": [
        0.871725857257843,
        0.8210037350654602,
        0.16607141494750977,
        0.8273094296455383,
        0.9051257967948914,
        0.5855890512466431,
        0.1770607829093933,
        0.23757976293563843,
        0.1896284818649292,
        0.9753163456916809,
        0.16702157258987427,
        0.10542988777160645,
        0.7816104292869568,
        0.5506561398506165,
        0.6859613060951233,
        0.3240625858306885,
        0.9716988205909729,
        0.31045305728912354,
        0.418700635433197,
        0.13854992389678955,
        0.07829183340072632,
        0.821503758430481,
        0.24941682815551758,
        0.1538192629814148,
        0.25784796476364136,
        0.635277271270752,
        0.04205131530761719,
        0.34308457374572754,
        0.02765733003616333,
        0.8560993075370789,
        0.013251066207885742,
        0.4770583510398865,
        0.569645345211029,
        0.9919692277908325,
        0.6367758512496948,
        0.9002672433853149,
        0.8494543433189392,
        0.3292365074157715,
        0.31464511156082153,
        0.8609924912452698
    ],
    "y_values": [
        0.16968929767608643,
        0.9559019207954407,
        0.854053795337677,
        0.8281764388084412,
        0.17599117755889893,
        0.6943399906158447,
        0.6987372636795044,
        0.08339351415634155,
        0.9826130867004395,
        0.1875525712966919,
        0.3809685707092285,
        0.39841461181640625,
        0.5668577551841736,
        0.2851559519767761,
        0.07605612277984619,
        0.6532166004180908,
        0.8612411618232727,
        0.41172081232070923,
        0.9400205612182617,
        0.529691755771637,
        0.7978639006614685,
        0.4757382869720459,
        0.9213129878044128,
        0.820055365562439,
        0.5793058276176453,
        0.2675406336784363,
        0.8622674942016602,
        0.5554425120353699,
        0.3618982434272766,
        0.21485239267349243,
        0.6484677195549011,
        0.1588362455368042,
        0.5711503028869629,
        0.8298587799072266,
        0.31637072563171387,
        0.6328660845756531,
        0.1364297866821289,
        0.41126561164855957,
        0.5191938281059265,
        0.20840495824813843
    ]
}