{
    "format": 2,
    "name": "n90k5_20",
    "n": 90,
    "k": 5,
    "optimal_solution": 17.960771560668945,
    "x_values": [
        0.6437193155288696,
        0.8066408038139343,
        0.7647155523300171,
        0.9103724956512451,
        0.19221317768096924,
        0.7339500188827515,
        0.2807018756866455,
        0.9633227586746216,
        0.6921263337135315,
        0.20941346883773804,
        0.05281531810760498,
        0.4270533323287964,
        0.4252912998199463,
        0.25787830352783203,
        0.6558313369750977,
        0.5939364433288574,
        0.8412861824035645,
        0.7648407816886902,
        0.09950858354568481,
        0.5569902062416077,
        0.06625831127166748,
        0.8358663320541382,
        0.8046079277992249,
        0.4101575016975403,
        0.8275529146194458,
        0.3980759382247925,
        0.9675336480140686,
        0.4318692684173584,
        0.9508582353591919,
        0.18999320268630981,
        0.4989798665046692,
        0.3353113532066345,
        0.5021971464157104,
        0.09023630619049072,
        0.15451514720916748,
        0.5835443735122681,
        0.6990315318107605,
        0.21401554346084595,
        0.2865034341812134,
        0.8044854998588562,
        0.08538401126861572,
        0.008653223514556885,
        0.08120584487915039,
        0.17647212743759155,
        0.0251389741897583,
        0.9675875306129456,
        0.5802295804023743,
        0.19245022535324097,
        0.0758468508720398,
        0.5175691843032837,
        0.06854832172393799,
        0.1259784698486328,
        0.43700408935546875,
        0.25068020820617676,
        0.4769940972328186,
        0.1874246597290039,
        0.11479657888412476,
        0.1520317792892456,
        0.5091912150382996,
        0.099062979221344,
        0.7111067771911621,
        0.2821153402328491,
        0.03371763229370117,
        0.23493355512619019,
        0.621222198009491,
        0.4644206166267395,
        0.41189146041870117,
        0.650837779045105,
        0.4708753228187561,
        0.5559844374656677,
        0.8340744376182556,
        0.5893111824989319,
        0.031284868717193604,
        0.26413214206695557,
        0.14553368091583252,
        0.5513352155685425,
        0.878207802772522,
        0.8181403875350952,
        0.5842474699020386,
        0.4512302875518799,
        0.4913821220397949,
        0.9079502820968628,
        0.7238699793815613,
        0.8035137057304382,
        0.665293276309967,
        0.5937861204147339,
        0.20090818405151367,
        0.27920758724212646,
        0.06035912036895752,
        0.7932649254798889
    ],
    "y_values": [
        0.4191474914550781,
        0.07869809865951538,
        0.10979574918746948,
        0.10576587915420532,
        0.0007749795913696289,
        0.015414297580718994,
        0.5942702293395996,
        0.12134361267089844,
        0.9134770631790161,
        0.20065957307815552,
        0.7209572196006775,
        0.9367082118988037,
        0.7357620596885681,
        0.598606526851654,
        0.15229123830795288,
        0.3370068073272705,
        0.702437162399292,
        0.6745991706848145,
        0.9747775197029114,
        0.7555639147758484,
        0.24633413553237915,
        0.32189327478408813,
        0.5787400603294373,
        0.8985956311225891,
        0.7663421630859375,
        0.8411351442337036,
        0.18303614854812622,
        0.47986799478530884,
        0.7932363748550415,
        0.9534276723861694,
        0.7081755995750427,
        0.29645270109176636,
        0.4634042978286743,
        0.9695969223976135,
        0.10599696636199951,
        0.8711105585098267,
        0.06269681453704834,
        0.08444452285766602,
        0.19440919160842896,
        0.450136661529541,
        0.18609178066253662,
        0.714161217212677,
        0.2635575532913208,
        0.7397335767745972,
        0.6464375853538513,
        0.4416349530220032,
        0.9784101247787476,
        0.7573692202568054,
        0.17568552494049072,
        0.3577544689178467,
        0.6895779967308044,
        0.9953118562698364,
        0.24087220430374146,
        0.10276973247528076,
        0.19933831691741943,
        0.5071128606796265,
        0.34641754627227783,
        0.2432073950767517,
        0.794700026512146,
        0.10452485084533691,
        0.2708367705345154,
        0.2340867519378662,
        0.40925246477127075,
        0.173143208026886,
        0.10492533445358276,
        0.687240719795227,
        0.6990238428115845,
        0.6919416785240173,
        0.4579809904098511,
        0.6567986011505127,
        0.904312014579773,
        0.5222414135932922,
        0.5110381841659546,
        0.6848627328872681,
        0.6193807721138,
        0.7447770237922668,
        0.5052227973937988,
        0.33797264099121094,
        0.8758823871612549,
        0.33926981687545776,
        0.2359943985939026,
        0.7697473168373108,
        0.17855125665664673,
        0.6522682905197144,
        0.5242398977279663,
        0.049445390701293945,
        0.9479613900184631,
        0.500704824924469,
        0.6291126608848572,
        0.8814396858215332
    ]
}