{
    "format": 2,
    "name": "n50k7_72",
    "n": 50,
    "k": 7,
    "optimal_solution": 7.853787422180176,
    "x_values": [
        0.6907870173454285,
        0.9030049443244934,
        0.46494001150131226,
        0.7026280760765076,
        0.34231454133987427,
        0.09881782531738281,
        0.657842218875885,
        0.49849289655685425,
        0.028632760047912598,
        0.07931870222091675,
        0.8385065197944641,
        0.2966662049293518,
        0.10708284378051758,
        0.6615293622016907,
        0.2813166379928589,
        0.09415090084075928,
        0.5276103615760803,
        0.422180712223053,
        0.08923780918121338,
        0.843173623085022,
        0.046192169189453125,
        0.8614650368690491,
        0.21986079216003418,
        0.5520127415657043,
        0.964233934879303,
        0.8981855511665344,
        0.2154647707939148,
        0.6993209719657898,
        0.12552541494369507,
        0.09621524810791016,
        0.9098252058029175,
        0.6771635413169861,
        0.9633435606956482,
        0.6569691300392151,
        0.18699640035629272,
        0.27644795179367065,
        0.4596700072288513,
        0.306599497795105,
        0.3904377222061157,
        0.4835026264190674,
        0.24238067865371704,
        0.6678919792175293,
        0.20760411024093628,
        0.07635164260864258,
        0.5255955457687378,
        0.681312620639801,
        0.5767914652824402,
        0.3499871492385864,
        0.6021242737770081,
        0.8048914074897766
    ],
    "y_values": [
        0.5427497029304504,
        0.5185912847518921,
        0.7511207461357117,
        0.7472142577171326,
        0.8853933811187744,
        0.8251636624336243,
        0.7165194749832153,
        0.03244739770889282,
        0.674921452999115,
        0.05165380239486694,
        0.9941137433052063,
        0.35922861099243164,
        0.2732362151145935,
        0.4020830988883972,
        0.5504025816917419,
        0.48976027965545654,
        0.6150268316268921,
        0.1854444146156311,
        0.6923168897628784,
        0.033329665660858154,
        0.8401485681533813,
        0.737003743648529,
        0.9667525887489319,
        0.33836984634399414,
        0.3388887643814087,
        0.2351042628288269,
        0.927530825138092,
        0.06520813703536987,
        0.9402251243591309,
        0.30329668521881104,
        0.026974976062774658,
        0.36565661430358887,
        0.7174131870269775,
        0.24646985530853271,
        0.08765935897827148,
        0.9696041941642761,
        0.5903860330581665,
        0.7013967633247375,
        0.5506676435470581,
        0.050390660762786865,
        0.746465802192688,
        0.7695549726486206,
        0.7216441035270691,
        0.8006457686424255,
        0.3630545139312744,
        0.23007476329803467,
        0.6389017701148987,
        0.582366406917572,
        0.6865628361701965,
        0.3898388147354126
    ]
}