{
    "format": 2,
    "name": "n50k7_26",
    "n": 50,
    "k": 7,
    "optimal_solution": 7.390621662139893,
    "x_values": [
        0.49300676584243774,
        0.7644619345664978,
        0.13194459676742554,
        0.9373742341995239,
        0.07071179151535034,
        0.7855095863342285,
        0.01927119493484497,
        0.6429981589317322,
        0.49221205711364746,
        0.574718713760376,
        0.9177345037460327,
        0.14515948295593262,
        0.008241534233093262,
        0.8310123682022095,
        0.5963099002838135,
        0.854074239730835,
        0.5442734956741333,
        0.801915168762207,
        0.9941456317901611,
        0.3572317957878113,
        0.006377100944519043,
        0.4363618493080139,
        0.15708839893341064,
        0.42209917306900024,
        0.9184252619743347,
        0.4928079843521118,
        0.9298876523971558,
        0.6134016513824463,
        0.47664010524749756,
        0.7461338639259338,
        0.9484342336654663,
        0.7503731846809387,
        0.8560997843742371,
        0.8303350210189819,
        0.08901798725128174,
        0.353939414024353,
        0.02397763729095459,
        0.9839069843292236,
        0.0022430419921875,
        0.6551962494850159,
        0.4505999684333801,
        0.8163769245147705,
        0.5762584209442139,
        0.06249290704727173,
        0.4629223942756653,
        0.6841655373573303,
        0.7159395217895508,
        0.5231313705444336,
        0.5894857048988342,
        0.10786956548690796
    ],
    "y_values": [
        0.47161585092544556,
        0.38162511587142944,
        0.7538161277770996,
        0.7490118145942688,
        0.4857666492462158,
        0.8421124219894409,
        0.40714937448501587,
        0.14814633131027222,
        0.02108973264694214,
        0.20772933959960938,
        0.9465538263320923,
        0.2770324945449829,
        0.6489705443382263,
        0.33861297369003296,
        0.9680567383766174,
        0.4405173659324646,
        0.7640466690063477,
        0.7276224493980408,
        0.9000580310821533,
        0.9568333625793457,
        0.1614101529121399,
        0.07185208797454834,
        0.005195021629333496,
        0.7060702443122864,
        0.14907169342041016,
        0.5487495064735413,
        0.6449899673461914,
        0.4409863352775574,
        0.45254433155059814,
        0.21290642023086548,
        0.7390323877334595,
        0.949327290058136,
        0.4477754235267639,
        0.14413756132125854,
        0.3228989243507385,
        0.31169742345809937,
        0.946184515953064,
        0.8933639526367188,
        0.9023206233978271,
        0.7070246934890747,
        0.46423113346099854,
        0.9434360861778259,
        0.4064825773239136,
        0.8160006999969482,
        0.13264477252960205,
        0.9032716751098633,
        0.3511906862258911,
        0.9188889861106873,
        0.3501516580581665,
        0.3416787385940552
    ]
}