{
    "format": 2,
    "name": "n50k7_49",
    "n": 50,
    "k": 7,
    "optimal_solution": 7.087061405181885,
    "x_values": [
        0.007457435131072998,
        0.3601929545402527,
        0.338722825050354,
        0.5674049854278564,
        0.43680131435394287,
        0.7977840900421143,
        0.6611323952674866,
        0.20216459035873413,
        0.9472485184669495,
        0.6917489767074585,
        0.27919071912765503,
        0.6238390803337097,
        0.8310974836349487,
        0.7166109085083008,
        0.36765724420547485,
        0.4386419653892517,
        0.059628307819366455,
        0.5893905162811279,
        0.44800907373428345,
        0.014259874820709229,
        0.2382870316505432,
        0.06692057847976685,
        0.3033173084259033,
        0.10410583019256592,
        0.537725567817688,
        0.4280727505683899,
        0.604343056678772,
        0.51760333776474,
        0.9666988253593445,
        0.5796735286712646,
        0.4241034984588623,
        0.16183751821517944,
        0.02634960412979126,
        0.5412144660949707,
        0.8620917797088623,
        0.25120335817337036,
        0.6393154859542847,
        0.913088321685791,
        0.9237140417098999,
        0.34586524963378906,
        0.8645268082618713,
        0.04260456562042236,
        0.8173045516014099,
        0.9810317158699036,
        0.699229896068573,
        0.941963791847229,
        0.8283385038375854,
        0.2572687864303589,
        0.9752565026283264,
        0.5344293117523193
    ],
    "y_values": [
        0.769416332244873,
        0.131638765335083,
        0.645520806312561,
        0.10570257902145386,
        0.17693167924880981,
        0.12491106986999512,
        0.643021821975708,
        0.8937298655509949,
        0.6000279784202576,
        0.8286241888999939,
        0.688714325428009,
        0.5441252589225769,
        0.7544217109680176,
        0.4433335065841675,
        0.04712611436843872,
        0.44480597972869873,
        0.055367469787597656,
        0.3736758828163147,
        0.4734153747558594,
        0.6032801866531372,
        0.7913427948951721,
        0.9547006487846375,
        0.13103115558624268,
        0.06842869520187378,
        0.591197669506073,
        0.7747364044189453,
        0.5906599164009094,
        0.40192097425460815,
        0.5737388134002686,
        0.5440254807472229,
        0.5560915470123291,
        0.9414367079734802,
        0.24178212881088257,
        0.6573300361633301,
        0.2869876027107239,
        0.8641182780265808,
        0.8581991195678711,
        0.9301800727844238,
        0.3396478295326233,
        0.14121687412261963,
        0.07879972457885742,
        0.0787736177444458,
        0.5849121809005737,
        0.9891499280929565,
        0.9598235487937927,
        0.9204760789871216,
        0.30666810274124146,
        0.02463245391845703,
        0.5941581726074219,
        0.5757260322570801
    ]
}