{
    "format": 2,
    "name": "n50k7_56",
    "n": 50,
    "k": 7,
    "optimal_solution": 7.3687520027160645,
    "x_values": [
        0.6005384922027588,
        0.16903775930404663,
        0.8086726069450378,
        0.046301305294036865,
        0.6552108526229858,
        0.8284501433372498,
        0.7264019846916199,
        0.856801450252533,
        0.24088817834854126,
        0.810833215713501,
        0.8465328812599182,
        0.871027410030365,
        0.29847031831741333,
        0.01958829164505005,
        0.8606705069541931,
        0.6574795842170715,
        0.28551310300827026,
        0.7451502084732056,
        0.09472554922103882,
        0.27997100353240967,
        0.6784555912017822,
        0.5557026267051697,
        0.9134805798530579,
        0.12691128253936768,
        0.5591816902160645,
        0.22864502668380737,
        0.5053671002388,
        0.8261457085609436,
        0.6918545365333557,
        0.3783908486366272,
        0.6818820238113403,
        0.8860127925872803,
        0.8750015497207642,
        0.5819092988967896,
        0.7110114097595215,
        0.5863922834396362,
        0.7314581871032715,
        0.13474249839782715,
        0.9163326025009155,
        0.8683462738990784,
        0.9265429377555847,
        0.4780743718147278,
        0.39261239767074585,
        0.7373487949371338,
        0.23468178510665894,
        0.5295635461807251,
        0.6491133570671082,
        0.06060338020324707,
        0.4727640748023987,
        0.3987855315208435
    ],
    "y_values": [
        0.8254825472831726,
        0.35754823684692383,
        0.28576886653900146,
        0.5646635293960571,
        0.7901639342308044,
        0.14693957567214966,
        0.16295629739761353,
        0.7561691999435425,
        0.9763194918632507,
        0.9145486354827881,
        0.03870600461959839,
        0.05219674110412598,
        0.31140029430389404,
        0.5737308263778687,
        0.8590238094329834,
        0.23383557796478271,
        0.3124274015426636,
        0.5121577978134155,
        0.8938338756561279,
        0.18363648653030396,
        0.4122985005378723,
        0.6819974780082703,
        0.8142468333244324,
        0.791443407535553,
        0.6057504415512085,
        0.02266693115234375,
        0.29362422227859497,
        0.7340816855430603,
        0.9031137824058533,
        0.13740462064743042,
        0.2747935652732849,
        0.5039927959442139,
        0.042339026927948,
        0.3546295166015625,
        0.972493052482605,
        0.945013701915741,
        0.04518240690231323,
        0.7207424640655518,
        0.8805528283119202,
        0.5145775079727173,
        0.778417706489563,
        0.8674569129943848,
        0.6576918363571167,
        0.6218106150627136,
        0.06040215492248535,
        0.4297468662261963,
        0.4643571972846985,
        0.455072283744812,
        0.7613316178321838,
        0.345745325088501
    ]
}