{
    "format": 2,
    "name": "n40k6_1",
    "n": 40,
    "k": 6,
    "optimal_solution": 5.5598907470703125,
    "x_values": [
        0.7713689804077148,
        0.6426578164100647,
        0.21640902757644653,
        0.5350331664085388,
        0.7265247702598572,
        0.5495048761367798,
        0.03464055061340332,
        0.6040855050086975,
        0.4497283101081848,
        0.0008959174156188965,
        0.001079857349395752,
        0.501695454120636,
        0.28436267375946045,
        0.4339306950569153,
        0.3519572615623474,
        0.5732213854789734,
        0.35286974906921387,
        0.5981612205505371,
        0.2995375990867615,
        0.3114126920700073,
        0.5978617072105408,
        0.8886503577232361,
        0.10924851894378662,
        0.38830018043518066,
        0.7382476925849915,
        0.06753939390182495,
        0.8614400029182434,
        0.30434650182724,
        0.6948385238647461,
        0.37228912115097046,
        0.7901230454444885,
        0.5610823035240173,
        0.9109945297241211,
        0.8484412431716919,
        0.23420459032058716,
        0.8427532911300659,
        0.6633641719818115,
        0.7199901938438416,
        0.04299795627593994,
        0.03167992830276489
    ],
    "y_values": [
        0.11645007133483887,
        0.06600308418273926,
        0.0189286470413208,
        0.7018125057220459,
        0.8686836361885071,
        0.3320862054824829,
        0.7646177411079407,
        0.7412517070770264,
        0.12460243701934814,
        0.7965930104255676,
        0.9556413292884827,
        0.5893261432647705,
        0.05260652303695679,
        0.8764368295669556,
        0.11009800434112549,
        0.536004364490509,
        0.762305498123169,
        0.4754895567893982,
        0.09570896625518799,
        0.9619540572166443,
        0.2488025426864624,
        0.7818915843963623,
        0.1321185827255249,
        0.6144654750823975,
        0.49020302295684814,
        0.6855406165122986,
        0.05103433132171631,
        0.8650965690612793,
        0.9481418132781982,
        0.9594340920448303,
        0.6405258774757385,
        0.6802378296852112,
        0.8819469213485718,
        0.8356116414070129,
        0.9553017616271973,
        0.8028600811958313,
        0.25765228271484375,
        0.3104158639907837,
        0.4875650405883789,
        0.6866788268089294
    ]
}