{
    "format": 8,
    "name": "n50k5_37",
    "n": 50,
    "k": 5,
    "capacity": 10,
    "optimal_solution": 9.719778060913086,
    "x_values": [
        0.6432899832725525,
        0.6784657835960388,
        0.2398194670677185,
        0.7525807619094849,
        0.1467806100845337,
        0.5370070934295654,
        0.0173148512840271,
        0.16660243272781372,
        0.053715527057647705,
        0.4879372715950012,
        0.39777833223342896,
        0.0579606294631958,
        0.06721526384353638,
        0.8544671535491943,
        0.21891319751739502,
        0.10933160781860352,
        0.36179447174072266,
        0.037801384925842285,
        0.9882197976112366,
        0.8144162893295288,
        0.8080127239227295,
        0.21397358179092407,
        0.30153876543045044,
        0.6907373666763306,
        0.42673033475875854,
        0.1907241940498352,
        0.6796606779098511,
        0.6663193106651306,
        0.39623647928237915,
        0.919441819190979,
        0.013193964958190918,
        0.5793144702911377,
        0.3105526566505432,
        0.8708431720733643,
        0.7971482872962952,
        0.18130797147750854,
        0.6356507539749146,
        0.3220120668411255,
        0.496847927570343,
        0.3062213063240051,
        0.29973626136779785,
        0.4983476400375366,
        0.028085291385650635,
        0.16259533166885376,
        0.9284152984619141,
        0.4451971650123596,
        0.13956493139266968,
        0.46305155754089355,
        0.5238026976585388,
        0.1838359236717224
    ],
    "y_values": [
        0.8776764273643494,
        0.6519724726676941,
        0.33801358938217163,
        0.4343809485435486,
        0.1559460163116455,
        0.692176342010498,
        0.24932414293289185,
        0.905456006526947,
        0.6356551647186279,
        0.25318533182144165,
        0.673589289188385,
        0.7531489133834839,
        0.037594735622406006,
        0.5269594192504883,
        0.026104450225830078,
        0.46107012033462524,
        0.5818756818771362,
        0.31199854612350464,
        0.8041636943817139,
        0.3032910227775574,
        0.5339569449424744,
        0.11549562215805054,
        0.304090678691864,
        0.8610280752182007,
        0.23182421922683716,
        0.6354596614837646,
        0.9149800539016724,
        0.8393370509147644,
        0.9308642148971558,
        0.22865372896194458,
        0.2307073473930359,
        0.6321247816085815,
        0.8094555139541626,
        0.0054149627685546875,
        0.7085725665092468,
        0.34176355600357056,
        0.241183340549469,
        0.9138354063034058,
        0.47179555892944336,
        0.8797431588172913,
        0.6366405487060547,
        0.28486305475234985,
        0.7129768133163452,
        0.10780876874923706,
        0.8722810745239258,
        0.14725041389465332,
        0.6872764229774475,
        0.37636566162109375,
        0.2033092975616455,
        0.944776713848114
    ]
}