{
    "format": 8,
    "name": "n50k5_75",
    "n": 50,
    "k": 5,
    "capacity": 10,
    "optimal_solution": 9.388131141662598,
    "x_values": [
        0.5006438493728638,
        0.6534720659255981,
        0.7458540201187134,
        0.9613539576530457,
        0.7133863568305969,
        0.8729921579360962,
        0.5486896634101868,
        0.7327263951301575,
        0.4085850119590759,
        0.5082541108131409,
        0.17698538303375244,
        0.7746542096138,
        0.8562273979187012,
        0.05957001447677612,
        0.701663613319397,
        0.8610784411430359,
        0.8273170590400696,
        0.3220481872558594,
        0.5726209282875061,
        0.5422108173370361,
        0.5972349047660828,
        0.15863215923309326,
        0.05828094482421875,
        0.9033980965614319,
        0.9971721172332764,
        0.48755311965942383,
        0.08287841081619263,
        0.41160154342651367,
        0.44999122619628906,
        0.1785907745361328,
        0.6289013624191284,
        0.06163579225540161,
        0.22753864526748657,
        0.7268190979957581,
        0.4409652352333069,
        0.20445436239242554,
        0.21669840812683105,
        0.08661341667175293,
        0.6305615901947021,
        0.36596542596817017,
        0.9805881977081299,
        0.29699379205703735,
        0.5454637408256531,
        0.9394131898880005,
        0.5242712497711182,
        0.6151519417762756,
        0.10876810550689697,
        0.8208363652229309,
        0.6454707384109497,
        0.1693798303604126
    ],
    "y_values": [
        0.2818790078163147,
        0.5680195093154907,
        0.898883044719696,
        0.7319861054420471,
        0.427162230014801,
        0.3221031427383423,
        0.11068165302276611,
        0.33503299951553345,
        0.9429880380630493,
        0.22520869970321655,
        0.8992012739181519,
        0.9156683087348938,
        0.8191681504249573,
        0.7071527242660522,
        0.4799233078956604,
        0.522503674030304,
        0.06663280725479126,
        0.06456822156906128,
        0.26127368211746216,
        0.6312668919563293,
        0.023560702800750732,
        0.5168832540512085,
        0.2505664825439453,
        0.781989574432373,
        0.27862095832824707,
        0.9293947815895081,
        0.1357557773590088,
        0.8716583847999573,
        0.013803184032440186,
        0.9351862072944641,
        0.8718042969703674,
        0.9469610452651978,
        0.91759192943573,
        0.6651412844657898,
        0.8225314021110535,
        0.1860443353652954,
        0.12475693225860596,
        0.008729100227355957,
        0.4455360174179077,
        0.2304370403289795,
        0.8597596287727356,
        0.28452861309051514,
        0.6375018358230591,
        0.8330857157707214,
        0.20144355297088623,
        0.3737497925758362,
        0.3810570240020752,
        0.7150014042854309,
        0.8238421678543091,
        0.3797341585159302
    ]
}