{
    "format": 8,
    "name": "n50k5_56",
    "n": 50,
    "k": 5,
    "capacity": 10,
    "optimal_solution": 9.829828262329102,
    "x_values": [
        0.5333398580551147,
        0.3945324420928955,
        0.08031702041625977,
        0.4687715172767639,
        0.10273247957229614,
        0.7438437938690186,
        0.7461037039756775,
        0.8589422106742859,
        0.13212263584136963,
        0.3741493225097656,
        0.008812308311462402,
        0.4962744116783142,
        0.921384334564209,
        0.6422733664512634,
        0.035620033740997314,
        0.05502617359161377,
        0.08144688606262207,
        0.5486325025558472,
        0.5366106629371643,
        0.5948150157928467,
        0.19461792707443237,
        0.8640046715736389,
        0.04971867799758911,
        0.7817922234535217,
        0.4455220103263855,
        0.17992126941680908,
        0.7084043025970459,
        0.7409612536430359,
        0.6149000525474548,
        0.1595636010169983,
        0.5615698099136353,
        0.18147659301757812,
        0.28078991174697876,
        0.4470183849334717,
        0.9539045691490173,
        0.007623791694641113,
        0.7640426158905029,
        0.295149028301239,
        0.6677327752113342,
        0.5116363167762756,
        0.6253839731216431,
        0.3035064935684204,
        0.861376166343689,
        0.2635267376899719,
        0.16129809617996216,
        0.8705998659133911,
        0.32420480251312256,
        0.5725979804992676,
        0.3226579427719116,
        0.41860610246658325
    ],
    "y_values": [
        0.9431941509246826,
        0.208889901638031,
        0.9016445279121399,
        0.2521587014198303,
        0.7011443972587585,
        0.9232761263847351,
        0.1496872901916504,
        0.6129473447799683,
        0.7128667235374451,
        0.0573650598526001,
        0.10746979713439941,
        0.9852259755134583,
        0.9532154202461243,
        0.8386635184288025,
        0.5906166434288025,
        0.31196558475494385,
        0.2715885639190674,
        0.36659061908721924,
        0.797066867351532,
        0.7608810663223267,
        0.8286702036857605,
        0.424241304397583,
        0.9650816321372986,
        0.029352009296417236,
        0.9924090504646301,
        0.9873009920120239,
        0.29299819469451904,
        0.4403083324432373,
        0.1808246374130249,
        0.19237881898880005,
        0.9318556189537048,
        0.003500819206237793,
        0.6792898178100586,
        0.1142001748085022,
        0.21256887912750244,
        0.3072119951248169,
        0.9556515216827393,
        0.20554226636886597,
        0.7688117623329163,
        0.4761011004447937,
        0.32639169692993164,
        0.6149526238441467,
        0.7806615829467773,
        0.712611734867096,
        0.4364457130432129,
        0.71633380651474,
        0.8747204542160034,
        0.9367019534111023,
        0.2212824821472168,
        0.14671087265014648
    ]
}