{
    "format": 8,
    "name": "n100k2_18",
    "n": 100,
    "k": 2,
    "capacity": 50,
    "optimal_solution": 35.311622619628906,
    "x_values": [
        0.7205613255500793,
        0.3217461109161377,
        0.9361265897750854,
        0.20664829015731812,
        0.4229227304458618,
        0.8512269854545593,
        0.024607837200164795,
        0.4200934171676636,
        0.9863206744194031,
        0.2175723910331726,
        0.41409367322921753,
        0.4185817241668701,
        0.7608553171157837,
        0.558018684387207,
        0.7965989112854004,
        0.430009126663208,
        0.26424258947372437,
        0.7251559495925903,
        0.8813545107841492,
        0.7383278608322144,
        0.5409539937973022,
        0.13821643590927124,
        0.12695658206939697,
        0.3529227375984192,
        0.12405657768249512,
        0.9391856789588928,
        0.7929469347000122,
        0.5673180818557739,
        0.0070770978927612305,
        0.3747296929359436,
        0.8153571486473083,
        0.28124934434890747,
        0.8881874084472656,
        0.914388120174408,
        0.7849107980728149,
        0.8274747133255005,
        0.32177305221557617,
        0.31249767541885376,
        0.1697562336921692,
        0.45096713304519653,
        0.26931649446487427,
        0.363115131855011,
        0.0366368293762207,
        0.6217615008354187,
        0.18496805429458618,
        0.35992544889450073,
        0.24069643020629883,
        0.6172859072685242,
        0.1461436152458191,
        0.6043818593025208,
        0.990510880947113,
        0.47800785303115845,
        0.6861405968666077,
        0.6683719158172607,
        0.09488463401794434,
        0.671089231967926,
        0.42704910039901733,
        0.4981382489204407,
        0.6922550201416016,
        0.5953909158706665,
        0.603585958480835,
        0.6433589458465576,
        0.16673898696899414,
        0.7024392485618591,
        0.13199877738952637,
        0.8470700979232788,
        0.9140718579292297,
        0.7212074398994446,
        0.481816828250885,
        0.05021798610687256,
        0.3816554546356201,
        0.3149442672729492,
        0.5091294646263123,
        0.7923290729522705,
        0.31743645668029785,
        0.11622083187103271,
        0.41806232929229736,
        0.005308806896209717,
        0.13166207075119019,
        0.14685922861099243,
        0.8580940961837769,
        0.18572551012039185,
        0.9448295831680298,
        0.17666226625442505,
        0.2866665720939636,
        0.03802996873855591,
        0.35133546590805054,
        0.739611029624939,
        0.19186270236968994,
        0.43977195024490356,
        0.36874377727508545,
        0.7094664573669434,
        0.6036269664764404,
        0.7449464797973633,
        0.06965923309326172,
        0.49526160955429077,
        0.843105137348175,
        0.7136666178703308,
        0.6958948969841003,
        0.3980857729911804
    ],
    "y_values": [
        0.3876084089279175,
        0.3357296586036682,
        0.6772866249084473,
        0.4985334873199463,
        0.11409777402877808,
        0.11705023050308228,
        0.7545856833457947,
        0.22181081771850586,
        0.17357802391052246,
        0.4212758541107178,
        0.036398470401763916,
        0.14605069160461426,
        0.95253586769104,
        0.952545702457428,
        0.4660201668739319,
        0.10888391733169556,
        0.6658785343170166,
        0.02128821611404419,
        0.7298502922058105,
        0.9228339791297913,
        0.27965790033340454,
        0.5026241540908813,
        0.09912294149398804,
        0.2137058973312378,
        0.38276582956314087,
        0.8409870862960815,
        0.447019100189209,
        0.7020772695541382,
        0.8784523606300354,
        0.3738618493080139,
        0.15582215785980225,
        0.04708892107009888,
        0.07041680812835693,
        0.47228461503982544,
        0.8103556036949158,
        0.022593379020690918,
        0.9834696054458618,
        0.11297160387039185,
        0.6533491015434265,
        0.7688494324684143,
        0.7320697903633118,
        0.11531412601470947,
        0.7810339331626892,
        0.4067181944847107,
        0.2944030165672302,
        0.6000604629516602,
        0.6422536373138428,
        0.8843209147453308,
        0.030988335609436035,
        0.8075078129768372,
        0.43394285440444946,
        0.8788178563117981,
        0.7196146845817566,
        0.3772326111793518,
        0.22169995307922363,
        0.4798738360404968,
        0.6600062251091003,
        0.5431275367736816,
        0.6906778812408447,
        0.4375126361846924,
        0.5846497416496277,
        0.8948220014572144,
        0.18490070104599,
        0.9409810900688171,
        0.796252965927124,
        0.3626067638397217,
        0.4357494115829468,
        0.8636589646339417,
        0.9688432812690735,
        0.2772389054298401,
        0.26614516973495483,
        0.13129353523254395,
        0.806657612323761,
        0.9765780568122864,
        0.26270443201065063,
        0.02105337381362915,
        0.11249113082885742,
        0.27781420946121216,
        0.8244768381118774,
        0.09747052192687988,
        0.024037480354309082,
        0.35784780979156494,
        0.6163994669914246,
        0.49194616079330444,
        0.9222737550735474,
        0.8966966271400452,
        0.028820157051086426,
        0.3941512107849121,
        0.7712072730064392,
        0.923507034778595,
        0.4375572204589844,
        0.9495261311531067,
        0.5705133080482483,
        0.14224570989608765,
        0.12997221946716309,
        0.48550695180892944,
        0.682555079460144,
        0.42221271991729736,
        0.7821721434593201,
        0.10062271356582642
    ]
}