{
    "format": 8,
    "name": "n100k2_53",
    "n": 100,
    "k": 2,
    "capacity": 50,
    "optimal_solution": 37.05442810058594,
    "x_values": [
        0.29381686449050903,
        0.5962817072868347,
        0.7787383198738098,
        0.29141509532928467,
        0.5659689903259277,
        0.980832040309906,
        0.14749211072921753,
        0.6215129494667053,
        0.06308591365814209,
        0.16143256425857544,
        0.36337488889694214,
        0.6741228699684143,
        0.9140425324440002,
        0.9353699088096619,
        0.1388254165649414,
        0.5327510237693787,
        0.9156747460365295,
        0.17046082019805908,
        0.6923044323921204,
        0.3484956622123718,
        0.6558659076690674,
        0.565970242023468,
        0.32964712381362915,
        0.26307469606399536,
        0.7787722945213318,
        0.8810974955558777,
        0.15832513570785522,
        0.9467942118644714,
        0.5393253564834595,
        0.368289589881897,
        0.3793003559112549,
        0.22975564002990723,
        0.8361700177192688,
        0.42423421144485474,
        0.8187424540519714,
        0.017992019653320312,
        0.6521747708320618,
        0.6981014013290405,
        0.48148399591445923,
        0.37554502487182617,
        0.8557049036026001,
        0.5147147178649902,
        0.026581287384033203,
        0.07564079761505127,
        0.4965142607688904,
        0.014897346496582031,
        0.9177669286727905,
        0.7162421941757202,
        0.7037932276725769,
        0.007902801036834717,
        0.2730157971382141,
        0.7694572806358337,
        0.05340677499771118,
        0.41329628229141235,
        0.9818336367607117,
        0.07960927486419678,
        0.516744077205658,
        0.008049726486206055,
        0.4106934070587158,
        0.41390568017959595,
        0.299924373626709,
        0.742725133895874,
        0.13218653202056885,
        0.2097344994544983,
        0.7556473016738892,
        0.2746003270149231,
        0.4885675311088562,
        0.7027609348297119,
        0.006051182746887207,
        0.6614455580711365,
        0.10199660062789917,
        0.25122833251953125,
        0.7024978399276733,
        0.3678392767906189,
        0.6216226816177368,
        0.660905659198761,
        0.23017048835754395,
        0.42140471935272217,
        0.3914610743522644,
        0.7961903214454651,
        0.041638851165771484,
        0.6139225959777832,
        0.4238216280937195,
        0.886106550693512,
        0.9997267127037048,
        0.935215950012207,
        0.8613442182540894,
        0.8336008787155151,
        0.9914458394050598,
        0.7977446913719177,
        0.8122601509094238,
        0.20620661973953247,
        0.6485423445701599,
        0.9542864561080933,
        0.22731071710586548,
        0.992551863193512,
        0.7443497180938721,
        0.46913766860961914,
        0.5104312896728516,
        0.9277310967445374
    ],
    "y_values": [
        0.4515179395675659,
        0.0680660605430603,
        0.14523428678512573,
        0.23788464069366455,
        0.3413282036781311,
        0.5485678911209106,
        0.7681007981300354,
        0.47722941637039185,
        0.5984271764755249,
        0.3679730296134949,
        0.9948095679283142,
        0.8545572757720947,
        0.2137625813484192,
        0.4461445212364197,
        0.6599798202514648,
        0.4328998923301697,
        0.9668476581573486,
        0.14235734939575195,
        0.7730569839477539,
        0.11000418663024902,
        0.6947901248931885,
        0.700990617275238,
        0.6866216063499451,
        0.8333394527435303,
        0.14099180698394775,
        0.687511682510376,
        0.40439867973327637,
        0.9068419337272644,
        0.9284621477127075,
        0.1999448537826538,
        0.6142494678497314,
        0.07538968324661255,
        0.47260648012161255,
        0.7380203604698181,
        0.1450483798980713,
        0.04166388511657715,
        0.9159863591194153,
        0.367465615272522,
        0.1584518551826477,
        0.14307177066802979,
        0.11732298135757446,
        0.47628486156463623,
        0.029620110988616943,
        0.3739061951637268,
        0.3364267945289612,
        0.6077317595481873,
        0.19059574604034424,
        0.3638607859611511,
        0.004122555255889893,
        0.011943459510803223,
        0.6497759222984314,
        0.12446939945220947,
        0.6626954674720764,
        0.84103924036026,
        0.402126669883728,
        0.02880960702896118,
        0.8071290850639343,
        0.3431193232536316,
        0.21105670928955078,
        0.16315573453903198,
        0.4098002314567566,
        0.17777234315872192,
        0.12661892175674438,
        0.7621988654136658,
        0.7001996636390686,
        0.1972218155860901,
        0.0003362894058227539,
        0.8749295473098755,
        0.31848400831222534,
        0.7064096927642822,
        0.6816706657409668,
        0.572521984577179,
        0.9101006984710693,
        0.8651314973831177,
        0.8981837034225464,
        0.7464279532432556,
        0.7520715594291687,
        0.23918360471725464,
        0.31571316719055176,
        0.787938117980957,
        0.17771857976913452,
        0.14571356773376465,
        0.5415104627609253,
        0.11404377222061157,
        0.8907358646392822,
        0.3024452328681946,
        0.014302194118499756,
        0.26962822675704956,
        0.2270931601524353,
        0.14187347888946533,
        0.5980242490768433,
        0.07167041301727295,
        0.5577992796897888,
        0.8508347868919373,
        0.9831451773643494,
        0.18458503484725952,
        0.24305951595306396,
        0.8786560297012329,
        0.9005040526390076,
        0.7491447925567627
    ]
}