{
    "format": 2,
    "name": "n50k4_36",
    "n": 50,
    "k": 4,
    "optimal_solution": 10.172323226928711,
    "x_values": [
        0.6297327280044556,
        0.8639957904815674,
        0.3275887966156006,
        0.021887123584747314,
        0.7332870364189148,
        0.5821329355239868,
        0.7084078788757324,
        0.9160577654838562,
        0.9294534921646118,
        0.29202723503112793,
        0.4329676628112793,
        0.6799734830856323,
        0.8397231698036194,
        0.010546386241912842,
        0.8106386065483093,
        0.9707309007644653,
        0.44901859760284424,
        0.6539409160614014,
        0.3556021451950073,
        0.09515547752380371,
        0.42111897468566895,
        0.7015158534049988,
        0.39345860481262207,
        0.8459301590919495,
        0.5614153146743774,
        0.7340949177742004,
        0.3690991997718811,
        0.37240004539489746,
        0.37558501958847046,
        0.723444938659668,
        0.7127167582511902,
        0.8890404105186462,
        0.058712005615234375,
        0.8012310862541199,
        0.8173762559890747,
        0.8069701194763184,
        0.6699879169464111,
        0.1068047285079956,
        0.7202680110931396,
        0.10527390241622925,
        0.38260436058044434,
        0.07499849796295166,
        0.1411609649658203,
        0.13328343629837036,
        0.871478259563446,
        0.8316473960876465,
        0.6475630402565002,
        0.595089316368103,
        0.10660183429718018,
        0.3607087731361389
    ],
    "y_values": [
        0.6500555872917175,
        0.01810377836227417,
        0.26350629329681396,
        0.15412884950637817,
        0.34081655740737915,
        0.887833297252655,
        0.30412399768829346,
        0.14327222108840942,
        0.37049633264541626,
        0.5757344961166382,
        0.32767248153686523,
        0.6358112096786499,
        0.48954474925994873,
        0.9425852298736572,
        0.1318688988685608,
        0.7892241477966309,
        0.4382362365722656,
        0.8071291446685791,
        0.6734546422958374,
        0.6168066263198853,
        0.5349196791648865,
        0.5763368010520935,
        0.8102598786354065,
        0.2505805492401123,
        0.8949100971221924,
        0.19633227586746216,
        0.752650260925293,
        0.5100140571594238,
        0.37045198678970337,
        0.5480115413665771,
        0.26682448387145996,
        0.40611451864242554,
        0.5757114291191101,
        0.22564369440078735,
        0.8477454781532288,
        0.5003054141998291,
        0.8986076712608337,
        0.9013386368751526,
        0.0661165714263916,
        0.7928714156150818,
        0.7526814341545105,
        0.9069791436195374,
        0.7086790204048157,
        0.36482661962509155,
        0.4549781084060669,
        0.49882811307907104,
        0.07168430089950562,
        0.22251856327056885,
        0.6576277017593384,
        0.15271955728530884
    ]
}