{
    "format": 2,
    "name": "n50k4_38",
    "n": 50,
    "k": 4,
    "optimal_solution": 10.107341766357422,
    "x_values": [
        0.4544054865837097,
        0.9012173414230347,
        0.5149025917053223,
        0.5386422276496887,
        0.8695316314697266,
        0.5857179164886475,
        0.08500957489013672,
        0.061017394065856934,
        0.43901753425598145,
        0.6566052436828613,
        0.13501137495040894,
        0.5283013582229614,
        0.8767066597938538,
        0.07437634468078613,
        0.4778660535812378,
        0.697452962398529,
        0.6728610396385193,
        0.13602513074874878,
        0.360295832157135,
        0.8314080238342285,
        0.2264609932899475,
        0.9019888043403625,
        0.0764281153678894,
        0.7351411581039429,
        0.16447651386260986,
        0.9804590344429016,
        0.3497539758682251,
        0.5850406885147095,
        0.5511050820350647,
        0.768010675907135,
        0.4955441355705261,
        0.29445236921310425,
        0.2301551103591919,
        0.13413256406784058,
        0.09813421964645386,
        0.9411686658859253,
        0.316386342048645,
        0.7109845280647278,
        0.8834563493728638,
        0.44075489044189453,
        0.7800725698471069,
        0.4186040163040161,
        0.5000298023223877,
        0.30159157514572144,
        0.0025385618209838867,
        0.8872045874595642,
        0.41772544384002686,
        0.6759917140007019,
        0.6846867799758911,
        0.17121601104736328
    ],
    "y_values": [
        0.9073370099067688,
        0.2539898753166199,
        0.2051529884338379,
        0.0788036584854126,
        0.8766448497772217,
        0.23481935262680054,
        0.41794610023498535,
        0.8284986019134521,
        0.47786271572113037,
        0.3806270956993103,
        0.211231529712677,
        0.9022411108016968,
        0.4233606457710266,
        0.9688078761100769,
        0.16051596403121948,
        0.3834313154220581,
        0.8474496603012085,
        0.0060010552406311035,
        0.16096550226211548,
        0.5219767689704895,
        0.25582510232925415,
        0.37833601236343384,
        0.06098049879074097,
        0.5725362300872803,
        0.5028405785560608,
        0.3671194911003113,
        0.5066468715667725,
        0.6329113245010376,
        0.8729067444801331,
        0.7908368706703186,
        0.23585408926010132,
        0.05784517526626587,
        0.5320058465003967,
        0.7863842248916626,
        0.37276577949523926,
        0.47484326362609863,
        0.2549164891242981,
        0.8652302026748657,
        0.3543846011161804,
        0.5577386021614075,
        0.3645380139350891,
        0.17525774240493774,
        0.9468058347702026,
        0.6821171641349792,
        0.5018289685249329,
        0.8729607462882996,
        0.7617194652557373,
        0.3995975852012634,
        0.718170166015625,
        0.60634845495224
    ]
}