{
    "format": 2,
    "name": "n20k3_45",
    "n": 20,
    "k": 3,
    "optimal_solution": 5.131000518798828,
    "x_values": [
        0.11470681428909302,
        0.9593966603279114,
        0.8683117628097534,
        0.41596388816833496,
        0.6475492715835571,
        0.36284154653549194,
        0.7020803689956665,
        0.4352913498878479,
        0.9583669900894165,
        0.38903969526290894,
        0.3262482285499573,
        0.7150541543960571,
        0.18334156274795532,
        0.610854983329773,
        0.5130248665809631,
        0.3287340998649597,
        0.09082180261611938,
        0.2865053415298462,
        0.824368953704834,
        0.42769086360931396
    ],
    "y_values": [
        0.8517575263977051,
        0.26564526557922363,
        0.6684221029281616,
        0.8333166241645813,
        0.27009665966033936,
        0.430044949054718,
        0.10382676124572754,
        0.15012431144714355,
        0.7901527285575867,
        0.4622648358345032,
        0.016048908233642578,
        0.2335200309753418,
        0.7592867612838745,
        0.37245017290115356,
        0.6419288516044617,
        0.5089635848999023,
        0.4453607201576233,
        0.15895342826843262,
        0.9302347302436829,
        0.9832288026809692
    ]
}