{
    "format": 8,
    "name": "n90k5_56",
    "n": 90,
    "k": 5,
    "capacity": 18,
    "optimal_solution": 17.419937133789062,
    "x_values": [
        0.00825577974319458,
        0.9143818616867065,
        0.8125154376029968,
        0.6032598614692688,
        0.20372754335403442,
        0.3262695074081421,
        0.0007790923118591309,
        0.3674793839454651,
        0.06067812442779541,
        0.8349210619926453,
        0.49211251735687256,
        0.47111302614212036,
        0.19186300039291382,
        0.011075735092163086,
        0.16487568616867065,
        0.4053574800491333,
        0.3880569338798523,
        0.7242445349693298,
        0.08927905559539795,
        0.4883626103401184,
        0.8858594298362732,
        0.8338889479637146,
        0.24558836221694946,
        0.42606472969055176,
        0.4501892328262329,
        0.6487990021705627,
        0.902712881565094,
        0.6709787249565125,
        0.6726311445236206,
        0.36728501319885254,
        0.9679864048957825,
        0.9012981057167053,
        0.032854676246643066,
        0.6391313076019287,
        0.7379471659660339,
        0.5649214386940002,
        0.26034313440322876,
        0.7992391586303711,
        0.021856248378753662,
        0.434765100479126,
        0.7265223264694214,
        0.5442056655883789,
        0.9674476981163025,
        0.7354612350463867,
        0.10017645359039307,
        0.8117472529411316,
        0.9830098152160645,
        0.307664155960083,
        0.63815838098526,
        0.6190290451049805,
        0.31672149896621704,
        0.8551850318908691,
        0.0725482702255249,
        0.09234768152236938,
        0.628704309463501,
        0.49095338582992554,
        0.2860400676727295,
        0.3809530735015869,
        0.23551660776138306,
        0.4405796527862549,
        0.8456252813339233,
        0.6145110726356506,
        0.7331401705741882,
        0.5357887148857117,
        0.10646635293960571,
        0.3651122450828552,
        0.5864845514297485,
        0.060716211795806885,
        0.12440162897109985,
        0.9775375723838806,
        0.9866396188735962,
        0.04108536243438721,
        0.10651499032974243,
        0.978286623954773,
        0.8097043633460999,
        0.6748596429824829,
        0.24366581439971924,
        0.45888572931289673,
        0.022902846336364746,
        0.6721712946891785,
        0.3640509247779846,
        0.8426024913787842,
        0.3000240921974182,
        0.4445366859436035,
        0.34029680490493774,
        0.8737185597419739,
        0.6390005946159363,
        0.6405504941940308,
        0.3531652092933655,
        0.7066120505332947
    ],
    "y_values": [
        0.027240097522735596,
        0.3519642949104309,
        0.15759360790252686,
        0.20645707845687866,
        0.1896456480026245,
        0.5025454759597778,
        0.2990119457244873,
        0.04641944169998169,
        0.938986599445343,
        0.1132432222366333,
        0.9456626176834106,
        0.08344161510467529,
        0.7145465016365051,
        0.1723264455795288,
        0.7544185519218445,
        0.036748647689819336,
        0.6344778537750244,
        0.7753468751907349,
        0.2450883984565735,
        0.7228370308876038,
        0.13821929693222046,
        0.08332788944244385,
        0.4017706513404846,
        0.6001628041267395,
        0.136843740940094,
        0.16637814044952393,
        0.8935356140136719,
        0.949435830116272,
        0.88899165391922,
        0.6198325753211975,
        0.34686195850372314,
        0.3131239414215088,
        0.14827746152877808,
        0.805920422077179,
        0.6885232925415039,
        0.6372159719467163,
        0.21990901231765747,
        0.2759853005409241,
        0.3721160292625427,
        0.9564085006713867,
        0.17259001731872559,
        0.7938522100448608,
        0.31641697883605957,
        0.7463375329971313,
        0.9058275818824768,
        0.9648703932762146,
        0.6324587464332581,
        0.18897467851638794,
        0.925644040107727,
        0.9117908477783203,
        0.6123266220092773,
        0.6424212455749512,
        0.324629008769989,
        0.5220098495483398,
        0.07458651065826416,
        0.8579528331756592,
        0.7471007108688354,
        0.062195420265197754,
        0.5174649357795715,
        0.22349393367767334,
        0.12226158380508423,
        0.8929803967475891,
        0.6006860136985779,
        0.4730154275894165,
        0.22319060564041138,
        0.024770677089691162,
        0.28491634130477905,
        0.2343348264694214,
        0.5777414441108704,
        0.21469438076019287,
        0.554815411567688,
        0.09103071689605713,
        0.6884418725967407,
        0.48787033557891846,
        0.9227516055107117,
        0.4019209146499634,
        0.7655794620513916,
        0.072806715965271,
        0.14082634449005127,
        0.164198100566864,
        0.991976261138916,
        0.3609127998352051,
        0.1323300004005432,
        0.10834801197052002,
        0.5516320466995239,
        0.8390825986862183,
        0.7282045483589172,
        0.4947073459625244,
        0.10653144121170044,
        0.1740754246711731
    ]
}