{
    "format": 8,
    "name": "n90k5_82",
    "n": 90,
    "k": 5,
    "capacity": 18,
    "optimal_solution": 18.804706573486328,
    "x_values": [
        0.3621911406517029,
        0.9380380511283875,
        0.9256529211997986,
        0.6171003580093384,
        0.7398487329483032,
        0.9104567766189575,
        0.35010582208633423,
        0.40203094482421875,
        0.643214762210846,
        0.3674207925796509,
        0.5300651788711548,
        0.3891909718513489,
        0.9049211144447327,
        0.38001686334609985,
        0.1857295036315918,
        0.7708733677864075,
        0.7104111909866333,
        0.6652646064758301,
        0.779325544834137,
        0.2780115604400635,
        0.1766970157623291,
        0.6534486413002014,
        0.9850476384162903,
        0.8161060214042664,
        0.3431415557861328,
        0.5479775071144104,
        0.643092155456543,
        0.08297109603881836,
        0.08378630876541138,
        0.41270536184310913,
        0.9260754585266113,
        0.9347004890441895,
        0.6585319638252258,
        0.8848939538002014,
        0.9681618213653564,
        0.8957754373550415,
        0.30632317066192627,
        0.8382678627967834,
        0.9830106496810913,
        0.4389413595199585,
        0.5416869521141052,
        0.28286319971084595,
        0.14564067125320435,
        0.040210604667663574,
        0.5628153085708618,
        0.9581488966941833,
        0.15342307090759277,
        0.38976985216140747,
        0.9149115681648254,
        0.797222375869751,
        0.30851590633392334,
        0.1892322301864624,
        0.7895657420158386,
        0.8417519330978394,
        0.7786571383476257,
        0.3912537097930908,
        0.32729291915893555,
        0.05197763442993164,
        0.6579459309577942,
        0.9516916871070862,
        0.1731165647506714,
        0.30889785289764404,
        0.23143351078033447,
        0.6240041851997375,
        0.4353260397911072,
        0.11161136627197266,
        0.25642168521881104,
        0.929271399974823,
        0.42106908559799194,
        0.11149632930755615,
        0.3768880367279053,
        0.46991485357284546,
        0.9283021688461304,
        0.8026449680328369,
        0.6420450806617737,
        0.6023425459861755,
        0.6717110872268677,
        0.28797709941864014,
        0.6321943998336792,
        0.4523451328277588,
        0.39538753032684326,
        0.05220746994018555,
        0.006986439228057861,
        0.8426814079284668,
        0.23418599367141724,
        0.06029796600341797,
        0.4544522762298584,
        0.26914727687835693,
        0.4397287368774414,
        0.4553529620170593
    ],
    "y_values": [
        0.30276036262512207,
        0.39809650182724,
        0.1131696105003357,
        0.3953644633293152,
        0.11750209331512451,
        0.6838445663452148,
        0.030192434787750244,
        0.7649322748184204,
        0.2756825089454651,
        0.146262526512146,
        0.7350438237190247,
        0.02989441156387329,
        0.7939084768295288,
        0.9415061473846436,
        0.3784545660018921,
        0.8832219243049622,
        0.10289645195007324,
        0.8631076812744141,
        0.43655896186828613,
        0.6654343605041504,
        0.7361600995063782,
        0.506555438041687,
        0.7748495936393738,
        0.6393532156944275,
        0.3891906142234802,
        0.6121094822883606,
        0.5816614627838135,
        0.5844574570655823,
        0.7565188407897949,
        0.5983167886734009,
        0.14444512128829956,
        0.055491864681243896,
        0.7313075065612793,
        0.3078159689903259,
        0.14254015684127808,
        0.4142596125602722,
        0.0822555422782898,
        0.6448377370834351,
        0.061154186725616455,
        0.8492276668548584,
        0.5446817874908447,
        0.4138985872268677,
        0.9299663305282593,
        0.9365447163581848,
        0.8675309419631958,
        0.6450902819633484,
        0.06326895952224731,
        0.03453642129898071,
        0.42157453298568726,
        0.19452911615371704,
        0.8683359026908875,
        0.7966470122337341,
        0.9969474077224731,
        0.7405276298522949,
        0.33598005771636963,
        0.6044011116027832,
        0.11167407035827637,
        0.25773829221725464,
        0.7256196141242981,
        0.483490526676178,
        0.46529698371887207,
        0.26936495304107666,
        0.4106135368347168,
        0.42636948823928833,
        0.8522595763206482,
        0.09568381309509277,
        0.12922728061676025,
        0.0036951303482055664,
        0.9864802360534668,
        0.1883743405342102,
        0.8034014105796814,
        0.3847869634628296,
        0.6796439290046692,
        0.5181965827941895,
        0.43736958503723145,
        0.8319246768951416,
        0.6817101240158081,
        0.7978141903877258,
        0.8107683062553406,
        0.21594512462615967,
        0.41197091341018677,
        0.6934124827384949,
        0.4256565570831299,
        0.5760583877563477,
        0.15190690755844116,
        0.9687131643295288,
        0.7238448262214661,
        0.8174508213996887,
        0.0785326361656189,
        0.8773289918899536
    ]
}