{
    "format": 2,
    "name": "n70k3_53",
    "n": 70,
    "k": 3,
    "optimal_solution": 19.107162475585938,
    "x_values": [
        0.8868296146392822,
        0.02697092294692993,
        0.6275030970573425,
        0.59223473072052,
        0.39198964834213257,
        0.4200103282928467,
        0.7607594728469849,
        0.6860297322273254,
        0.17713439464569092,
        0.1378493309020996,
        0.6828316450119019,
        0.6103516817092896,
        0.5214576125144958,
        0.9682744741439819,
        0.6895265579223633,
        0.5942385196685791,
        0.5556958317756653,
        0.5846697092056274,
        0.5946006774902344,
        0.672370195388794,
        0.612643837928772,
        0.6370778679847717,
        0.3375011086463928,
        0.18807876110076904,
        0.06237298250198364,
        0.9333521127700806,
        0.24871176481246948,
        0.5263062119483948,
        0.41931837797164917,
        0.1317952275276184,
        0.46401911973953247,
        0.41757452487945557,
        0.42808449268341064,
        0.4919620156288147,
        0.09527170658111572,
        0.660998523235321,
        0.4135499596595764,
        0.09187066555023193,
        0.8561297655105591,
        0.3138468265533447,
        0.47892487049102783,
        0.532858669757843,
        0.34983545541763306,
        0.23771929740905762,
        0.9918918013572693,
        0.947892427444458,
        0.3971065878868103,
        0.05491906404495239,
        0.19097256660461426,
        0.18735003471374512,
        0.11570411920547485,
        0.3316918611526489,
        0.9500426650047302,
        0.053879737854003906,
        0.39556026458740234,
        0.16632461547851562,
        0.806328535079956,
        0.44320493936538696,
        0.44964760541915894,
        0.6485304236412048,
        0.16473835706710815,
        0.004481911659240723,
        0.5677159428596497,
        0.6802100539207458,
        0.873725175857544,
        0.9626789093017578,
        0.2602192163467407,
        0.0755162239074707,
        0.4968549609184265,
        0.43253177404403687
    ],
    "y_values": [
        0.7342407703399658,
        0.7450913190841675,
        0.8988984227180481,
        0.15758079290390015,
        0.11344587802886963,
        0.6612495183944702,
        0.18333107233047485,
        0.8606355786323547,
        0.6685011982917786,
        0.10308855772018433,
        0.7599543333053589,
        0.8880848288536072,
        0.3614189028739929,
        0.2684541940689087,
        0.531217098236084,
        0.9102345108985901,
        0.4403873682022095,
        0.2339450716972351,
        0.8565592765808105,
        0.1559683084487915,
        0.3149973750114441,
        0.8391554951667786,
        0.08468252420425415,
        0.28869712352752686,
        0.012395143508911133,
        0.7550778388977051,
        0.20526283979415894,
        0.744171142578125,
        0.05391818284988403,
        0.9821535348892212,
        0.44877105951309204,
        0.2080315351486206,
        0.572285532951355,
        0.47704482078552246,
        0.14284157752990723,
        0.6275449395179749,
        0.4893481731414795,
        0.9133127331733704,
        0.6979554891586304,
        0.9243754148483276,
        0.15343791246414185,
        0.364579439163208,
        0.556831955909729,
        0.9189196228981018,
        0.07200902700424194,
        0.9053291082382202,
        0.32020723819732666,
        0.6117861866950989,
        0.43627339601516724,
        0.30400949716567993,
        0.3733890652656555,
        0.12873005867004395,
        0.32592374086380005,
        0.23696047067642212,
        0.3480525612831116,
        0.8376613259315491,
        0.788047730922699,
        0.12673091888427734,
        0.4597638249397278,
        0.38947921991348267,
        0.6511549353599548,
        0.764546811580658,
        0.43228673934936523,
        0.37466299533843994,
        0.9740720987319946,
        0.4709363579750061,
        0.9327554106712341,
        0.10855954885482788,
        0.2581210732460022,
        0.5053374171257019
    ]
}