{
    "format": 2,
    "name": "n30k7_50",
    "n": 30,
    "k": 7,
    "optimal_solution": 3.8722684383392334,
    "x_values": [
        0.3984792232513428,
        0.7026022672653198,
        0.5561157464981079,
        0.8917335867881775,
        0.022526800632476807,
        0.6509232521057129,
        0.823915421962738,
        0.3264352083206177,
        0.31125766038894653,
        0.6549489498138428,
        0.968153178691864,
        0.13881510496139526,
        0.588239312171936,
        0.13360697031021118,
        0.26484251022338867,
        0.7163841724395752,
        0.11172610521316528,
        0.21306908130645752,
        0.31119006872177124,
        0.24798977375030518,
        0.7855674624443054,
        0.5399109721183777,
        0.3764835000038147,
        0.1027534008026123,
        0.3586544990539551,
        0.7331886291503906,
        0.09476029872894287,
        0.18338215351104736,
        0.76768958568573,
        0.5765029191970825
    ],
    "y_values": [
        0.9593618512153625,
        0.8509324789047241,
        0.9142258763313293,
        0.6248463988304138,
        0.11824697256088257,
        0.16879284381866455,
        0.43998605012893677,
        0.263960599899292,
        0.1985534429550171,
        0.8768832683563232,
        0.29310691356658936,
        0.2953770160675049,
        0.5472268462181091,
        0.12920409440994263,
        0.3084825873374939,
        0.946382462978363,
        0.21121740341186523,
        0.7345679402351379,
        0.6894179582595825,
        0.38839787244796753,
        0.007046759128570557,
        0.2567775845527649,
        0.961724579334259,
        0.0401839017868042,
        0.4271162748336792,
        0.4248291850090027,
        0.3866141438484192,
        0.5932131409645081,
        0.03769642114639282,
        0.3587495684623718
    ]
}