{
    "format": 2,
    "name": "n30k7_32",
    "n": 30,
    "k": 7,
    "optimal_solution": 3.681530237197876,
    "x_values": [
        0.8063888549804688,
        0.3974376916885376,
        0.16580039262771606,
        0.6717762351036072,
        0.16541069746017456,
        0.2604979872703552,
        0.2420836091041565,
        0.19692933559417725,
        0.06368780136108398,
        0.7476930618286133,
        0.3737333416938782,
        0.6090183854103088,
        0.5569665431976318,
        0.9972519874572754,
        0.5447245836257935,
        0.27517664432525635,
        0.6605554819107056,
        0.25388169288635254,
        0.4611000418663025,
        0.3107460141181946,
        0.3927857279777527,
        0.8587468862533569,
        0.02851027250289917,
        0.43013274669647217,
        0.5328820943832397,
        0.3657211661338806,
        0.4316250681877136,
        0.8802134990692139,
        0.9790739417076111,
        0.989128828048706
    ],
    "y_values": [
        0.32722681760787964,
        0.02723139524459839,
        0.4965828061103821,
        0.3997691869735718,
        0.7838730216026306,
        0.6115277409553528,
        0.8176600933074951,
        0.8825036883354187,
        0.6266986727714539,
        0.3536909222602844,
        0.4944576025009155,
        0.5820217728614807,
        0.08634388446807861,
        0.8191086053848267,
        0.6785255670547485,
        0.05728036165237427,
        0.3870465159416199,
        0.6058829426765442,
        0.11611330509185791,
        0.5483108162879944,
        0.7102046012878418,
        0.7953624725341797,
        0.30299311876296997,
        0.6718538403511047,
        0.22760170698165894,
        0.2803007960319519,
        0.24186468124389648,
        0.3651884198188782,
        0.3035460114479065,
        0.6346470713615417
    ]
}