{
    "format": 2,
    "name": "n50k10_79",
    "n": 50,
    "k": 10,
    "optimal_solution": 5.920853614807129,
    "x_values": [
        0.01922285556793213,
        0.38202768564224243,
        0.34018921852111816,
        0.7831270098686218,
        0.04988241195678711,
        0.10729742050170898,
        0.12028539180755615,
        0.26655828952789307,
        0.6556442379951477,
        0.6551744937896729,
        0.14120745658874512,
        0.70462566614151,
        0.02888166904449463,
        0.7141293883323669,
        0.39056336879730225,
        0.7101203799247742,
        0.050720930099487305,
        0.5541900992393494,
        0.8475822806358337,
        0.8852106928825378,
        0.6834611892700195,
        0.6130672693252563,
        0.2946017384529114,
        0.1733325719833374,
        0.05717647075653076,
        0.5025922656059265,
        0.17302751541137695,
        0.6077722311019897,
        0.045235276222229004,
        0.9845609664916992,
        0.6230316162109375,
        0.8073862195014954,
        0.8647246956825256,
        0.47614985704421997,
        0.09585410356521606,
        0.688784122467041,
        0.8708900213241577,
        0.6775751709938049,
        0.33388185501098633,
        0.021082639694213867,
        0.5616692900657654,
        0.7095129489898682,
        0.7507658004760742,
        0.9525942802429199,
        0.7923053503036499,
        0.4658468961715698,
        0.8514053225517273,
        0.8473799824714661,
        0.5371861457824707,
        0.7135394215583801
    ],
    "y_values": [
        0.4817867875099182,
        0.30493927001953125,
        0.5330634117126465,
        0.5762708187103271,
        0.5333753824234009,
        0.9079960584640503,
        0.19046145677566528,
        0.13540858030319214,
        0.3393979072570801,
        0.8419204950332642,
        0.6008991003036499,
        0.9680788516998291,
        0.6114113330841064,
        0.6608234643936157,
        0.762103796005249,
        0.6145851016044617,
        0.02069753408432007,
        0.3040845990180969,
        0.48859328031539917,
        0.2372429370880127,
        0.44169753789901733,
        0.03746896982192993,
        0.42408663034439087,
        0.021079719066619873,
        0.7335182428359985,
        0.37411952018737793,
        0.7675643563270569,
        0.11602801084518433,
        0.7066544890403748,
        0.07759058475494385,
        0.7775714993476868,
        0.8328527212142944,
        0.998679518699646,
        0.5498329401016235,
        0.9906113743782043,
        0.6646841764450073,
        0.18201035261154175,
        0.28517234325408936,
        0.40136075019836426,
        0.11643236875534058,
        0.8332670331001282,
        0.7204003930091858,
        0.41484731435775757,
        0.7641623020172119,
        0.0638350248336792,
        0.31612056493759155,
        0.5335416793823242,
        0.2736744284629822,
        0.07416456937789917,
        0.6289936900138855
    ]
}