{
    "format": 2,
    "name": "n90k8_7",
    "n": 90,
    "k": 8,
    "optimal_solution": 12.684539794921875,
    "x_values": [
        0.6933492422103882,
        0.1525496244430542,
        0.24430042505264282,
        0.23095405101776123,
        0.8342193961143494,
        0.14998096227645874,
        0.42786723375320435,
        0.20154744386672974,
        0.22018033266067505,
        0.10470497608184814,
        0.45787084102630615,
        0.9745003581047058,
        0.16055768728256226,
        0.7886894345283508,
        0.34963101148605347,
        0.49180471897125244,
        0.16812443733215332,
        0.7634337544441223,
        0.8776385188102722,
        0.06414157152175903,
        0.4472894072532654,
        0.1533445119857788,
        0.29984766244888306,
        0.32945048809051514,
        0.4707874655723572,
        0.6777622103691101,
        0.6755645275115967,
        0.6838053464889526,
        0.6550533771514893,
        0.7303516268730164,
        0.25430577993392944,
        0.7605511546134949,
        0.7746368646621704,
        0.15433090925216675,
        0.296083927154541,
        0.013892292976379395,
        0.295998752117157,
        0.9126095175743103,
        0.3432545065879822,
        0.8426393270492554,
        0.7787164449691772,
        0.23220568895339966,
        0.5063270330429077,
        0.8538350462913513,
        0.14738839864730835,
        0.4648056626319885,
        0.22421950101852417,
        0.003994166851043701,
        0.5568109154701233,
        0.35536450147628784,
        0.3740032911300659,
        0.3926661014556885,
        0.7965556979179382,
        0.8034541010856628,
        0.8562539219856262,
        0.6240530610084534,
        0.2225250005722046,
        0.7541405558586121,
        0.5299786925315857,
        0.19727420806884766,
        0.9915099740028381,
        0.07125627994537354,
        0.038176894187927246,
        0.31522005796432495,
        0.7064100503921509,
        0.6323686242103577,
        0.13434934616088867,
        0.9237935543060303,
        0.6157279014587402,
        0.050067126750946045,
        0.8118193745613098,
        0.9158834218978882,
        0.786540687084198,
        0.6106374859809875,
        0.8606093525886536,
        0.3246983289718628,
        0.7846158742904663,
        0.34609901905059814,
        0.1508370041847229,
        0.3530502915382385,
        0.8748908042907715,
        0.4759671092033386,
        0.4150822162628174,
        0.9179890155792236,
        0.4759250283241272,
        0.3451250195503235,
        0.8330928087234497,
        0.4943639039993286,
        0.6849110126495361,
        0.3131476044654846
    ],
    "y_values": [
        0.2659997344017029,
        0.17757439613342285,
        0.11059761047363281,
        0.18768537044525146,
        0.6214019060134888,
        0.22481131553649902,
        0.5094183087348938,
        0.1486339569091797,
        0.751182496547699,
        0.18427246809005737,
        0.5283243656158447,
        0.886908769607544,
        0.016703307628631592,
        0.6328023672103882,
        0.8278802037239075,
        0.22088557481765747,
        0.9597081542015076,
        0.1025092601776123,
        0.4916743040084839,
        0.936252236366272,
        0.15362250804901123,
        0.9953163266181946,
        0.21893185377120972,
        0.7451209425926208,
        0.28252357244491577,
        0.19907927513122559,
        0.819552481174469,
        0.04083949327468872,
        0.7383812665939331,
        0.8585125207901001,
        0.45298463106155396,
        0.7116757035255432,
        0.3997388482093811,
        0.4230508804321289,
        0.9710251688957214,
        0.5432589054107666,
        0.2829930782318115,
        0.29290151596069336,
        0.4237733483314514,
        0.21046823263168335,
        0.7299086451530457,
        0.7092109322547913,
        0.541998028755188,
        0.17134863138198853,
        0.3620770573616028,
        0.8053371906280518,
        0.39813095331192017,
        0.7935604453086853,
        0.9846224188804626,
        0.6775981783866882,
        0.038814425468444824,
        0.5495914816856384,
        0.6965082883834839,
        0.14728868007659912,
        0.8891902565956116,
        0.4467880129814148,
        0.8953871726989746,
        0.21802300214767456,
        0.8565770983695984,
        0.6857600212097168,
        0.8073411583900452,
        0.7221593856811523,
        0.9623338580131531,
        0.33219945430755615,
        0.666772186756134,
        0.19040018320083618,
        0.7856839895248413,
        0.959892988204956,
        0.4981289505958557,
        0.10565346479415894,
        0.23647701740264893,
        0.9387031197547913,
        0.918523907661438,
        0.7652811408042908,
        0.6995001435279846,
        0.5335040092468262,
        0.2606508135795593,
        0.8821256160736084,
        0.7613812685012817,
        0.8888468146324158,
        0.8788052797317505,
        0.16296088695526123,
        0.015981554985046387,
        0.4868146777153015,
        0.7400264143943787,
        0.45860427618026733,
        0.2584768533706665,
        0.1516892910003662,
        0.12813055515289307,
        0.2066183090209961
    ]
}