{
    "format": 2,
    "name": "n80k6_82",
    "n": 80,
    "k": 6,
    "optimal_solution": 14.738298416137695,
    "x_values": [
        0.7624600529670715,
        0.1862274408340454,
        0.6973802447319031,
        0.29761362075805664,
        0.4858151078224182,
        0.41708630323410034,
        0.06018102169036865,
        0.8226965069770813,
        0.7721198797225952,
        0.4881885051727295,
        0.6931285858154297,
        0.04083657264709473,
        0.4008309245109558,
        0.9529613256454468,
        0.3980645537376404,
        0.3268486261367798,
        0.6184673309326172,
        0.4384273886680603,
        0.4535791873931885,
        0.8030173182487488,
        0.4767051935195923,
        0.309644877910614,
        0.5643793940544128,
        0.23718661069869995,
        0.5704239010810852,
        0.6563653349876404,
        0.32528263330459595,
        0.40602797269821167,
        0.522635817527771,
        0.23783165216445923,
        0.08697521686553955,
        0.5143618583679199,
        0.21189981698989868,
        0.691077709197998,
        0.1813707947731018,
        0.845073938369751,
        0.5846266150474548,
        0.9326865077018738,
        0.40361088514328003,
        0.5110005140304565,
        0.6268054246902466,
        0.03223031759262085,
        0.029392778873443604,
        0.4387460947036743,
        0.7400359511375427,
        0.3212014436721802,
        0.7784079313278198,
        0.2539932131767273,
        0.7347080707550049,
        0.07218199968338013,
        0.044804155826568604,
        0.16354960203170776,
        0.554080605506897,
        0.2737286686897278,
        0.30059534311294556,
        0.6246164441108704,
        0.013149142265319824,
        0.24961251020431519,
        0.26402604579925537,
        0.4427310824394226,
        0.8467258810997009,
        0.432059645652771,
        0.8393844366073608,
        0.09660923480987549,
        0.058779120445251465,
        0.7600564956665039,
        0.2506493330001831,
        0.47640323638916016,
        0.09008520841598511,
        0.6625494360923767,
        0.9191024303436279,
        0.5726710557937622,
        0.8111994862556458,
        0.7038664817810059,
        0.6608564257621765,
        0.6260358095169067,
        0.2629443407058716,
        0.8376173377037048,
        0.5935336351394653,
        0.9420732855796814
    ],
    "y_values": [
        0.48550570011138916,
        0.7527468204498291,
        0.44505077600479126,
        0.41323214769363403,
        0.7352967262268066,
        0.9283888339996338,
        0.42053693532943726,
        0.6553097367286682,
        0.07002472877502441,
        0.20259016752243042,
        0.1458858847618103,
        0.4541161060333252,
        0.5352606773376465,
        0.3428661823272705,
        0.5151565670967102,
        0.7888240218162537,
        0.37293875217437744,
        0.4089382290840149,
        0.15109914541244507,
        0.04099303483963013,
        0.0722423791885376,
        0.7679234743118286,
        0.3301149606704712,
        0.07331699132919312,
        0.8705220818519592,
        0.2462829351425171,
        0.8976852297782898,
        0.7516835331916809,
        0.06453359127044678,
        0.9740278124809265,
        0.05590122938156128,
        0.2049582600593567,
        0.3785228133201599,
        0.2644473910331726,
        0.9825589656829834,
        0.6757596731185913,
        0.3321223258972168,
        0.5453059077262878,
        0.1749030351638794,
        0.7768638730049133,
        0.6336491107940674,
        0.4571383595466614,
        0.2793210744857788,
        0.4207983613014221,
        0.9062260389328003,
        0.4487324357032776,
        0.12283235788345337,
        0.6385382413864136,
        0.9526156783103943,
        0.8367425203323364,
        0.3566697835922241,
        0.04618406295776367,
        0.9798049926757812,
        0.6216002106666565,
        0.5490448474884033,
        0.6560903191566467,
        0.8480842113494873,
        0.48976171016693115,
        0.997931718826294,
        0.560537576675415,
        0.40420132875442505,
        0.12413561344146729,
        0.27408432960510254,
        0.18158793449401855,
        0.04335910081863403,
        0.8742966055870056,
        0.3504225015640259,
        0.48140013217926025,
        0.6681005954742432,
        0.8918298482894897,
        0.13785254955291748,
        0.51653653383255,
        0.5114392638206482,
        0.32593852281570435,
        0.2829066514968872,
        0.4437633156776428,
        0.6825931072235107,
        0.8284721374511719,
        0.38540834188461304,
        0.6789380311965942
    ]
}