{
    "format": 5,
    "name": "n80k6_59",
    "n": 80,
    "k": 6,
    "optimal_solution": 0.3441188335418701,
    "x_values": [
        0.8621479868888855,
        0.2764154076576233,
        0.46171635389328003,
        0.015975236892700195,
        0.1649181842803955,
        0.6826228499412537,
        0.921218991279602,
        0.05839574337005615,
        0.19226127862930298,
        0.7914600968360901,
        0.17377787828445435,
        0.402026891708374,
        0.12632668018341064,
        0.9848167300224304,
        0.43622052669525146,
        0.1575939655303955,
        0.4236212372779846,
        0.17331284284591675,
        0.28227537870407104,
        0.20176053047180176,
        0.12655258178710938,
        0.6562302708625793,
        0.2405046820640564,
        0.3121907114982605,
        0.4254862070083618,
        0.08204776048660278,
        0.003447294235229492,
        0.8577356338500977,
        0.06980383396148682,
        0.1751524806022644,
        0.13002026081085205,
        0.9683610796928406,
        0.2700454592704773,
        0.45599544048309326,
        0.30272436141967773,
        0.05060720443725586,
        0.6077479124069214,
        0.5284407138824463,
        0.9828769564628601,
        0.679579496383667,
        0.29875779151916504,
        0.2906912565231323,
        0.7675542235374451,
        0.6046355366706848,
        0.2677764892578125,
        0.7949581742286682,
        0.9213493466377258,
        0.8534993529319763,
        0.8221052289009094,
        0.5276315212249756,
        0.4035530090332031,
        0.5858820676803589,
        0.721839189529419,
        0.6294676065444946,
        0.926973283290863,
        0.5238637924194336,
        0.8926522731781006,
        0.5367357730865479,
        0.2959277033805847,
        0.5491730570793152,
        0.9256710410118103,
        0.2150617241859436,
        0.937170147895813,
        0.06890887022018433,
        0.3789592385292053,
        0.525796115398407,
        0.17052841186523438,
        0.5936684608459473,
        0.6808708906173706,
        0.6093270182609558,
        0.9020397067070007,
        0.8330132365226746,
        0.11247271299362183,
        0.38181424140930176,
        0.6007400751113892,
        0.34502464532852173,
        0.36357301473617554,
        0.20911169052124023,
        0.21117210388183594,
        0.30855876207351685
    ],
    "y_values": [
        0.023748278617858887,
        0.5498413443565369,
        0.7987045645713806,
        0.3145129084587097,
        0.40669965744018555,
        0.09299212694168091,
        0.09734290838241577,
        0.13469332456588745,
        0.8667886257171631,
        0.44522905349731445,
        0.37478435039520264,
        0.2795338034629822,
        0.8859971165657043,
        0.022586524486541748,
        0.1205797791481018,
        0.4625651240348816,
        0.7283452749252319,
        0.9053747057914734,
        0.20491641759872437,
        0.7206321358680725,
        0.6072616577148438,
        0.29913264513015747,
        0.4335678219795227,
        0.8723673820495605,
        0.03326141834259033,
        0.5697388648986816,
        0.853922426700592,
        0.8729400038719177,
        0.7648508548736572,
        0.6313997507095337,
        0.15605294704437256,
        0.09955137968063354,
        0.04974108934402466,
        0.1431434154510498,
        0.2718762159347534,
        0.5633209943771362,
        0.4421764016151428,
        0.7554764747619629,
        0.2785012722015381,
        0.037964582443237305,
        0.557834804058075,
        0.3504699468612671,
        0.6020979881286621,
        0.9819155335426331,
        0.9386039972305298,
        0.46450531482696533,
        0.7972670793533325,
        0.3664745092391968,
        0.3417011499404907,
        0.6666443347930908,
        0.6394649147987366,
        0.15360665321350098,
        0.6418417096138,
        0.5697550177574158,
        0.6466171145439148,
        0.7018916606903076,
        0.0689077377319336,
        0.282437264919281,
        0.9480564594268799,
        0.6544917225837708,
        0.9538078904151917,
        0.43068236112594604,
        0.6591303944587708,
        0.08373308181762695,
        0.565098762512207,
        0.27659159898757935,
        0.6142545342445374,
        0.641838014125824,
        0.4602011442184448,
        0.152582049369812,
        0.5535851716995239,
        0.214901864528656,
        0.7726250886917114,
        0.43209266662597656,
        0.6550607681274414,
        0.9860454201698303,
        0.13663792610168457,
        0.6389032006263733,
        0.76080721616745,
        0.1748371720314026
    ]
}