{
    "format": 5,
    "name": "n80k6_38",
    "n": 80,
    "k": 6,
    "optimal_solution": 0.3446880578994751,
    "x_values": [
        0.3726356625556946,
        0.48817354440689087,
        0.8258598446846008,
        0.11518120765686035,
        0.6705966591835022,
        0.5261942744255066,
        0.6243770718574524,
        0.2808023691177368,
        0.8245232701301575,
        0.9745187759399414,
        0.03524661064147949,
        0.07873260974884033,
        0.4466991424560547,
        0.2685123682022095,
        0.9872061014175415,
        0.5080587267875671,
        0.5246037840843201,
        0.2720150351524353,
        0.1573687195777893,
        0.6043553352355957,
        0.2163124680519104,
        0.458371639251709,
        0.8945020437240601,
        0.20097434520721436,
        0.9779388904571533,
        0.6693306565284729,
        0.3641655445098877,
        0.5229856967926025,
        0.9122377634048462,
        0.45139896869659424,
        0.08186739683151245,
        0.057600557804107666,
        0.12102067470550537,
        0.46441829204559326,
        0.2845737934112549,
        0.4061574339866638,
        0.1193246841430664,
        0.35582977533340454,
        0.897956371307373,
        0.9306285381317139,
        0.37091749906539917,
        0.3747086524963379,
        0.9662771224975586,
        0.3194435238838196,
        0.30744463205337524,
        0.02982914447784424,
        0.7093949317932129,
        0.6625605821609497,
        0.6347039341926575,
        0.9543853998184204,
        0.9357374310493469,
        0.6012487411499023,
        0.7445990443229675,
        0.7833430767059326,
        0.5464832186698914,
        0.3284825086593628,
        0.9667816162109375,
        0.753652036190033,
        0.4248957633972168,
        0.10901141166687012,
        0.6614779233932495,
        0.6146388053894043,
        0.06785476207733154,
        0.1812605857849121,
        0.30015629529953003,
        0.1365112066268921,
        0.5498054623603821,
        0.9009204506874084,
        0.8107588887214661,
        0.19909340143203735,
        0.73605877161026,
        0.4924461841583252,
        0.6916048526763916,
        0.16527152061462402,
        0.822433590888977,
        0.04259270429611206,
        0.47292035818099976,
        0.29034215211868286,
        0.8927871584892273,
        0.7227246165275574
    ],
    "y_values": [
        0.31251829862594604,
        0.23919224739074707,
        0.3294585347175598,
        0.12664151191711426,
        0.06912964582443237,
        0.14096474647521973,
        0.776930570602417,
        0.1327495574951172,
        0.4223480820655823,
        0.4715226888656616,
        0.3485928177833557,
        0.11403679847717285,
        0.18208974599838257,
        0.5983895063400269,
        0.034723520278930664,
        0.6969337463378906,
        0.2618370056152344,
        0.16973769664764404,
        0.44342994689941406,
        0.4771628975868225,
        0.3487047553062439,
        0.6292555332183838,
        0.6134732365608215,
        0.5710964202880859,
        0.22464793920516968,
        0.8132073879241943,
        0.17439615726470947,
        0.37282586097717285,
        0.25944244861602783,
        0.3741201162338257,
        0.9102633595466614,
        0.8448019623756409,
        0.7555431723594666,
        0.3085898756980896,
        0.009504377841949463,
        0.826724112033844,
        0.28495723009109497,
        0.8703636527061462,
        0.7623851895332336,
        0.4390447735786438,
        0.6928253769874573,
        0.978202760219574,
        0.6109448075294495,
        0.6356578469276428,
        0.7943422794342041,
        0.12457966804504395,
        0.9714174270629883,
        0.3523554801940918,
        0.13164591789245605,
        0.36147332191467285,
        0.12747341394424438,
        0.4106619358062744,
        0.7950661778450012,
        0.25634944438934326,
        0.34681248664855957,
        0.44455790519714355,
        0.3032544255256653,
        0.8645825982093811,
        0.0023449063301086426,
        0.7498738169670105,
        0.26997923851013184,
        0.9716847538948059,
        0.8991695046424866,
        0.8447239995002747,
        0.6469377875328064,
        0.891821563243866,
        0.9976270794868469,
        0.4612042307853699,
        0.14821231365203857,
        0.08119964599609375,
        0.17133814096450806,
        0.22992676496505737,
        0.8333285450935364,
        0.9451919198036194,
        0.8936347365379333,
        0.4336029887199402,
        0.7262491583824158,
        0.47476524114608765,
        0.8229886293411255,
        0.962224543094635
    ]
}