{
    "format": 10,
    "name": "n200k10_41",
    "n": 200,
    "k": 10,
    "optimal_solution": 91.41429636512117,
    "x_values": [
        0.3147196081566068,
        0.3248587783187189,
        0.7470917309999658,
        0.7258748257327421,
        0.35949031654302976,
        0.16349863356821626,
        0.35835439448897144,
        0.39698315024401787,
        0.41165781525403256,
        0.39909992726240096,
        0.07056633931659773,
        0.7483994628194941,
        0.13719471905145597,
        0.2137963888849178,
        0.9166793141127251,
        0.7017743284331579,
        0.11814328921332418,
        0.7074446697893931,
        0.292060485143414,
        0.8124641062427694,
        0.2731757586305228,
        0.2718514444168756,
        0.7861685427745934,
        0.304148146721004,
        0.9567303350386493,
        0.6729478369796398,
        0.8408508726554058,
        0.7250245939508096,
        0.4948981017846398,
        0.6176623608637295,
        0.3585154415861789,
        0.3071999519591512,
        0.18322946037093646,
        0.7597130700689062,
        0.5188868987418668,
        0.4204097253637089,
        0.1072423784575236,
        0.46524746611852974,
        0.7052253468930489,
        0.40119665864223464,
        0.2294722596394665,
        0.6831525211782409,
        0.20194888555369472,
        0.7707596719375268,
        0.252893368149984,
        0.3971195810765198,
        0.26309929997895376,
        0.9978831474003038,
        0.9387571400562901,
        0.7207720541536151,
        0.08739220082538046,
        0.8875919328370728,
        0.12090692818628546,
        0.8690638270400823,
        0.7824212803887153,
        0.3188150716345616,
        0.9119214644962187,
        0.2633519092465021,
        0.7313979304184753,
        0.00948253735818072,
        0.6971824385042372,
        0.9336487460549744,
        0.9387093516962881,
        0.30715746594417337,
        0.24923789694358434,
        0.5469350296065528,
        0.20840548838342465,
        0.5675150964119954,
        0.7724559821138143,
        0.29880420902346294,
        0.34635501136643365,
        0.7724800039930548,
        0.190409058774754,
        0.6051085626358113,
        0.9959295847275571,
        0.11103307114539374,
        0.6240662159616935,
        0.7454359506986962,
        0.12176690871271412,
        0.8846179208157897,
        0.22384119587467977,
        0.011780746672207076,
        0.6245462324722492,
        0.4407586358438449,
        0.9819380905472177,
        0.3334231917502527,
        0.3587774513638018,
        0.24535075984951804,
        0.14532798111762402,
        0.7909688654378272,
        0.5285712488895313,
        0.8870266951926106,
        0.8785085169988343,
        0.09713761760749451,
        0.2401757601294947,
        0.391702304170342,
        0.4522665029498376,
        0.6582090043558504,
        0.5331167318418061,
        0.6810909698630804,
        0.1222532715823299,
        0.31923023286441465,
        0.060371030826210426,
        0.6655299179198901,
        0.4798170409340057,
        0.5085394065621494,
        0.8478184494507236,
        0.9751928629786576,
        0.30246443569752857,
        0.454086198610825,
        0.3697128286376037,
        0.016543174694308327,
        0.441716635964722,
        0.5107784548214037,
        0.7765566124126503,
        0.9568061355357765,
        0.23742928481547732,
        0.1709825421322274,
        0.9023837955681617,
        0.26738030890041387,
        0.3479478912732459,
        0.4184851063485371,
        0.9026195241509817,
        0.8641921136222869,
        0.6114372906265503,
        0.9048744159171225,
        0.6381905561282861,
        0.27587579054744205,
        0.9404245923393544,
        0.3588250657877591,
        0.7040709897664544,
        0.47333963880507224,
        0.5216318170186783,
        0.0017158436986646208,
        0.06179154486485017,
        0.0029123429535781176,
        0.6638045212706202,
        0.7351141127439903,
        0.6783503650172362,
        0.06478298401073723,
        0.5538020524364062,
        0.586406930927488,
        0.8073729125092919,
        0.9009685823370503,
        0.07215894457606653,
        0.33815637856854697,
        0.9005583221591098,
        0.8633329782515979,
        0.8414766590170832,
        0.6110452943817699,
        0.7405004648713922,
        0.921426064609177,
        0.7715341083411279,
        0.05771985678094904,
        0.8828523349585891,
        0.4123358958695533,
        0.7595255116172508,
        0.0880314644308805,
        0.12343394558403498,
        0.15230846185291613,
        0.8961254115151198,
        0.19225072061279003,
        0.987100065898521,
        0.12997814896827653,
        0.8685664462606191,
        0.6086636277384091,
        0.661258076674737,
        0.8178438747645322,
        0.9790594842046652,
        0.2897931507479876,
        0.7138802094385265,
        0.7820158942703282,
        0.7159733468498293,
        0.7060623119769996,
        0.8391697030544036,
        0.8038226345311233,
        0.9505484578032313,
        0.8759606505180343,
        0.29616153446216353,
        0.5577899670407804,
        0.8170212162261218,
        0.38023019941004776,
        0.3824159301671264,
        0.8185442814191726,
        0.0648684126250263,
        0.5338227943379349,
        0.9588732328963052,
        0.6512072092132825,
        0.4710675809161785,
        0.9315515260799019,
        0.20485101748712997,
        0.9123867621102459,
        0.6413967420266532,
        0.06009180062936048,
        0.5717426560664505,
        0.4219471904349801,
        0.6943600907497823,
        0.40693900414994577,
        0.7194884403288322,
        0.7034263215928549
    ],