{
    "format": 5,
    "name": "n60k10_7",
    "n": 60,
    "k": 10,
    "optimal_solution": 0.2461664080619812,
    "x_values": [
        0.7676610350608826,
        0.8859235048294067,
        0.0851624608039856,
        0.15059751272201538,
        0.4877219796180725,
        0.5140912532806396,
        0.1988513469696045,
        0.7635868191719055,
        0.9813750982284546,
        0.7538216710090637,
        0.24229109287261963,
        0.15555137395858765,
        0.6731484532356262,
        0.6813496351242065,
        0.6556130051612854,
        0.8382101655006409,
        0.6892449259757996,
        0.042001962661743164,
        0.2783585786819458,
        0.9778192043304443,
        0.8870128393173218,
        0.7620431780815125,
        0.05320030450820923,
        0.2541131377220154,
        0.0016002058982849121,
        0.21765321493148804,
        0.4461934566497803,
        0.5813681483268738,
        0.9498724341392517,
        0.23921799659729004,
        0.8140330910682678,
        0.5824390649795532,
        0.1641257405281067,
        0.8836135864257812,
        0.9756258130073547,
        0.08108353614807129,
        0.4286768436431885,
        0.9656054377555847,
        0.24908632040023804,
        0.4368818998336792,
        0.3639211654663086,
        0.28921324014663696,
        0.06406891345977783,
        0.45087337493896484,
        0.9668229222297668,
        0.505505383014679,
        0.577410876750946,
        0.1260918378829956,
        0.4441564679145813,
        0.8982502222061157,
        0.674311637878418,
        0.4170657992362976,
        0.5037131309509277,
        0.14256614446640015,
        0.18395960330963135,
        0.3000628352165222,
        0.9022884368896484,
        0.41771799325942993,
        0.7697538733482361,
        0.611932098865509
    ],
    "y_values": [
        0.23708182573318481,
        0.8051409125328064,
        0.36675286293029785,
        0.1713179349899292,
        0.09386181831359863,
        0.26340770721435547,
        0.30754292011260986,
        0.48814839124679565,
        0.810904324054718,
        0.7783530354499817,
        0.1713809370994568,
        0.647007942199707,
        0.8602806925773621,
        0.17590254545211792,
        0.4188123345375061,
        0.8882024884223938,
        0.6969944834709167,
        0.6059366464614868,
        0.8454784750938416,
        0.45904672145843506,
        0.6993290185928345,
        0.7802785634994507,
        0.7705214619636536,
        0.3066735863685608,
        0.39986783266067505,
        0.9137248396873474,
        0.34509700536727905,
        0.07183170318603516,
        0.20393997430801392,
        0.44112759828567505,
        0.1439618468284607,
        0.041495323181152344,
        0.16581284999847412,
        0.6119527816772461,
        0.5604256391525269,
        0.5195149779319763,
        0.8585858941078186,
        0.536066472530365,
        0.8250858187675476,
        0.06320399045944214,
        0.7799562215805054,
        0.433724582195282,
        0.7256888747215271,
        0.9214064478874207,
        0.7238892912864685,
        0.6323114633560181,
        0.20671892166137695,
        0.27776920795440674,
        0.20413267612457275,
        0.27021437883377075,
        0.021578609943389893,
        0.7171283960342407,
        0.2745618224143982,
        0.6768317222595215,
        0.9981176257133484,
        0.9354011416435242,
        0.39061617851257324,
        0.5827721357345581,
        0.49432021379470825,
        0.5788928270339966
    ]
}