{
    "format": 5,
    "name": "n60k10_49",
    "n": 60,
    "k": 10,
    "optimal_solution": 0.25088417530059814,
    "x_values": [
        0.45664525032043457,
        0.9942566156387329,
        0.8981935977935791,
        0.7568112015724182,
        0.6827913522720337,
        0.7524759769439697,
        0.14103800058364868,
        0.9574831128120422,
        0.15588104724884033,
        0.63756263256073,
        0.03575235605239868,
        0.6903724074363708,
        0.6209249496459961,
        0.7181560397148132,
        0.9732486009597778,
        0.2913673520088196,
        0.8685048222541809,
        0.7466047406196594,
        0.43387365341186523,
        0.46529704332351685,
        0.25425970554351807,
        0.1543508768081665,
        0.5236446261405945,
        0.4842343330383301,
        0.5298151969909668,
        0.04965627193450928,
        0.8714455962181091,
        0.03446418046951294,
        0.489559531211853,
        0.4230896830558777,
        0.7070353031158447,
        0.2927055358886719,
        0.1498950719833374,
        0.29334157705307007,
        0.8708744645118713,
        0.8609199523925781,
        0.15414345264434814,
        0.6642988324165344,
        0.7397536039352417,
        0.8764247298240662,
        0.8217760920524597,
        0.6671575903892517,
        0.8559505343437195,
        0.520994246006012,
        0.08585989475250244,
        0.225844144821167,
        0.11563414335250854,
        0.15516650676727295,
        0.1925739049911499,
        0.2930273413658142,
        0.7606179118156433,
        0.5182750225067139,
        0.8545708060264587,
        0.887243390083313,
        0.35257381200790405,
        0.6985980272293091,
        0.05666762590408325,
        0.2717951536178589,
        0.35267043113708496,
        0.37222421169281006
    ],
    "y_values": [
        0.943229615688324,
        0.5515725016593933,
        0.7566645741462708,
        0.114146888256073,
        0.8085445761680603,
        0.13331180810928345,
        0.8607585430145264,
        0.46666765213012695,
        0.5331676602363586,
        0.15434253215789795,
        0.3211044669151306,
        0.11786520481109619,
        0.7194307446479797,
        0.8794066309928894,
        0.7393996119499207,
        0.19985342025756836,
        0.9858642816543579,
        0.6067602634429932,
        0.1535511016845703,
        0.3991905450820923,
        0.8845114707946777,
        0.7004425525665283,
        0.4412614703178406,
        0.9596654772758484,
        0.7270793914794922,
        0.18378043174743652,
        0.6257261037826538,
        0.4585893154144287,
        0.8458361029624939,
        0.5219745635986328,
        0.06656599044799805,
        0.8998841047286987,
        0.4733318090438843,
        0.28797799348831177,
        0.012798845767974854,
        0.2714519500732422,
        0.03765249252319336,
        0.3492736220359802,
        0.6237145066261292,
        0.7400525808334351,
        0.7649587392807007,
        0.936327338218689,
        0.6803711652755737,
        0.04803067445755005,
        0.9625687599182129,
        0.640377938747406,
        0.16072219610214233,
        0.1089625358581543,
        0.5485527515411377,
        0.9817879796028137,
        0.06434488296508789,
        0.07729047536849976,
        0.052394092082977295,
        0.020843982696533203,
        0.6882297992706299,
        0.010487854480743408,
        0.371046781539917,
        0.616523802280426,
        0.7702729105949402,
        0.5906090140342712
    ]
}