{
    "format": 2,
    "name": "n60k10_81",
    "n": 60,
    "k": 10,
    "optimal_solution": 6.507619857788086,
    "x_values": [
        0.8543993830680847,
        0.2297404408454895,
        0.6650084257125854,
        0.36254751682281494,
        0.8354983329772949,
        0.8239630460739136,
        0.18624216318130493,
        0.21446293592453003,
        0.8229954242706299,
        0.3596634864807129,
        0.7279068827629089,
        0.04588639736175537,
        0.48776042461395264,
        0.027730882167816162,
        0.6149029731750488,
        0.06804394721984863,
        0.40628182888031006,
        0.7758640646934509,
        0.10705673694610596,
        0.8870102167129517,
        0.5659403800964355,
        0.008958518505096436,
        0.8442087173461914,
        0.11624383926391602,
        0.6657788157463074,
        0.7430064678192139,
        0.29264193773269653,
        0.36716246604919434,
        0.15288299322128296,
        0.8904150128364563,
        0.07826346158981323,
        0.23533856868743896,
        0.3953530192375183,
        0.7998683452606201,
        0.9985029697418213,
        0.6327273845672607,
        0.47246646881103516,
        0.37161487340927124,
        0.016075074672698975,
        0.3568512201309204,
        0.6677147746086121,
        0.6102461814880371,
        0.32152241468429565,
        0.11600667238235474,
        0.8160752654075623,
        0.3499499559402466,
        0.36437493562698364,
        0.9333974719047546,
        0.2131035327911377,
        0.13437414169311523,
        0.7869773507118225,
        0.4171624183654785,
        0.4516174793243408,
        0.16198134422302246,
        0.7587535977363586,
        0.14571857452392578,
        0.4724779725074768,
        0.015286087989807129,
        0.8364037871360779,
        0.7535352110862732
    ],
    "y_values": [
        0.3406069278717041,
        0.8698979020118713,
        0.16615641117095947,
        0.5388200283050537,
        0.5670545697212219,
        0.4808887243270874,
        0.39519768953323364,
        0.496127188205719,
        0.685189962387085,
        0.31904882192611694,
        0.8909223079681396,
        0.5386165380477905,
        0.9385049939155579,
        0.3240814805030823,
        0.7861117124557495,
        0.8900710344314575,
        0.03124845027923584,
        0.8107458353042603,
        0.24413371086120605,
        0.861910343170166,
        0.8327744603157043,
        0.5628406405448914,
        0.5817387700080872,
        0.8891633152961731,
        0.14998269081115723,
        0.22059422731399536,
        0.16376101970672607,
        0.14612096548080444,
        0.5210765600204468,
        0.6186051368713379,
        0.1639135479927063,
        0.3612295985221863,
        0.24446749687194824,
        0.8439672589302063,
        0.2154942750930786,
        0.9965518116950989,
        0.6049820184707642,
        0.9532853364944458,
        0.26650935411453247,
        0.17574214935302734,
        0.4251352548599243,
        0.06385046243667603,
        0.0019915103912353516,
        0.9596138000488281,
        0.7041734457015991,
        0.19819390773773193,
        0.44261276721954346,
        0.7638137340545654,
        0.10790550708770752,
        0.7812873125076294,
        0.11978685855865479,
        0.18595528602600098,
        0.40142250061035156,
        0.5914438962936401,
        0.6446557641029358,
        0.16993457078933716,
        0.31884121894836426,
        0.2055666446685791,
        0.5947390198707581,
        0.7793899774551392
    ]
}