{
    "format": 5,
    "name": "n60k10_27",
    "n": 60,
    "k": 10,
    "optimal_solution": 0.25941675901412964,
    "x_values": [
        0.4230614900588989,
        0.47223013639450073,
        0.354056179523468,
        0.8460712432861328,
        0.822630763053894,
        0.882735013961792,
        0.7820895910263062,
        0.06100749969482422,
        0.24465566873550415,
        0.9777023196220398,
        0.6872147917747498,
        0.8571421504020691,
        0.5512707829475403,
        0.4489815831184387,
        0.23623472452163696,
        0.28669166564941406,
        0.6506727933883667,
        0.2375849485397339,
        0.7654223442077637,
        0.05917847156524658,
        0.5690549612045288,
        0.00296175479888916,
        0.8409831523895264,
        0.4729349613189697,
        0.6722102761268616,
        0.966098427772522,
        0.4364277720451355,
        0.862751305103302,
        0.0633319616317749,
        0.7888703942298889,
        0.627133309841156,
        0.04646950960159302,
        0.40961170196533203,
        0.7900624871253967,
        0.9311817288398743,
        0.7281756401062012,
        0.0798826813697815,
        0.5645793676376343,
        0.6113623976707458,
        0.43876028060913086,
        0.38372790813446045,
        0.4996359348297119,
        0.8942244052886963,
        0.2316495180130005,
        0.24272650480270386,
        0.27202868461608887,
        0.7016103863716125,
        0.2264927625656128,
        0.17476516962051392,
        0.7041260600090027,
        0.7675412893295288,
        0.9518604874610901,
        0.7139923572540283,
        0.6529815793037415,
        0.9996991753578186,
        0.5812513828277588,
        0.6285735368728638,
        0.3447282314300537,
        0.6772260665893555,
        0.20805907249450684
    ],
    "y_values": [
        0.8073988556861877,
        0.10283660888671875,
        0.6883516311645508,
        0.5377285480499268,
        0.6124323606491089,
        0.7724714279174805,
        0.22086447477340698,
        0.5559138059616089,
        0.6321253180503845,
        0.27208584547042847,
        0.3115989565849304,
        0.34883594512939453,
        0.7523991465568542,
        0.47455286979675293,
        0.8914187550544739,
        0.12229561805725098,
        0.9157887697219849,
        0.017606258392333984,
        0.5206091403961182,
        0.280208945274353,
        0.2376728653907776,
        0.9999755620956421,
        0.5305922627449036,
        0.42288458347320557,
        0.07527005672454834,
        0.6177374124526978,
        0.090861976146698,
        0.44282472133636475,
        0.2677137851715088,
        0.9272531867027283,
        0.32326793670654297,
        0.6644228100776672,
        0.279266357421875,
        0.16072797775268555,
        0.9422398209571838,
        0.40094679594039917,
        0.10802894830703735,
        0.13735097646713257,
        0.16031181812286377,
        0.09921348094940186,
        0.6605252623558044,
        0.8920856714248657,
        0.6480664610862732,
        0.5590794086456299,
        0.5947389006614685,
        0.6192063093185425,
        0.26266831159591675,
        0.834619402885437,
        0.24810528755187988,
        0.6632289886474609,
        0.10251587629318237,
        0.25631195306777954,
        0.3091922998428345,
        0.25311511754989624,
        0.9055667519569397,
        0.438551664352417,
        0.20759707689285278,
        0.929312527179718,
        0.6417253613471985,
        0.8357042670249939
    ]
}