{
    "format": 2,
    "name": "n30k4_43",
    "n": 30,
    "k": 4,
    "optimal_solution": 6.683830738067627,
    "x_values": [
        0.19676214456558228,
        0.5130637288093567,
        0.12086832523345947,
        0.3077487349510193,
        0.014569401741027832,
        0.1919298768043518,
        0.1852537989616394,
        0.7106840014457703,
        0.23365378379821777,
        0.5363945364952087,
        0.571172833442688,
        0.3543705940246582,
        0.424202561378479,
        0.9614084362983704,
        0.1034960150718689,
        0.2152864933013916,
        0.5785495042800903,
        0.21577823162078857,
        0.9078594446182251,
        0.35759586095809937,
        0.13588756322860718,
        0.3065432906150818,
        0.634455144405365,
        0.24717968702316284,
        0.13540929555892944,
        0.166071355342865,
        0.9773394465446472,
        0.17378950119018555,
        0.8731518387794495,
        0.4340417981147766
    ],
    "y_values": [
        0.47431480884552,
        0.43620002269744873,
        0.27171438932418823,
        0.23151123523712158,
        0.011365890502929688,
        0.030837595462799072,
        0.3531063199043274,
        0.9907562732696533,
        0.8994041681289673,
        0.7919014096260071,
        0.6815005540847778,
        0.37885117530822754,
        0.30771762132644653,
        0.44199812412261963,
        0.14812719821929932,
        0.6228573322296143,
        0.49178892374038696,
        0.414975643157959,
        0.08162182569503784,
        0.011880755424499512,
        0.17739808559417725,
        0.34280210733413696,
        0.03083217144012451,
        0.10954219102859497,
        0.22315210103988647,
        0.5830978155136108,
        0.7374650239944458,
        0.8446998596191406,
        0.8430528044700623,
        0.16769933700561523
    ]
}