{
    "format": 2,
    "name": "n30k4_88",
    "n": 30,
    "k": 4,
    "optimal_solution": 6.543382167816162,
    "x_values": [
        0.21122580766677856,
        0.39187800884246826,
        0.9176157116889954,
        0.2541285753250122,
        0.3362647294998169,
        0.7970467805862427,
        0.2820942997932434,
        0.8722423315048218,
        0.1007390022277832,
        0.5295310020446777,
        0.21056652069091797,
        0.8648658394813538,
        0.5665478706359863,
        0.08541446924209595,
        0.910805344581604,
        0.5707245469093323,
        0.46591246128082275,
        0.8814969062805176,
        0.1086418628692627,
        0.9017016887664795,
        0.8628647923469543,
        0.07091432809829712,
        0.038553595542907715,
        0.03792715072631836,
        0.364935040473938,
        0.3630635142326355,
        0.1846519112586975,
        0.18162566423416138,
        0.6972706913948059,
        0.9912309646606445
    ],
    "y_values": [
        0.7011545896530151,
        0.7701114416122437,
        0.10926997661590576,
        0.29792171716690063,
        0.9024128913879395,
        0.6718975901603699,
        0.8431324362754822,
        0.04913824796676636,
        0.6641153693199158,
        0.4919885993003845,
        0.987302839756012,
        0.8022133708000183,
        0.1505810022354126,
        0.15655392408370972,
        0.9177441000938416,
        0.89923095703125,
        0.6887136101722717,
        0.5113164186477661,
        0.6905239820480347,
        0.3030099868774414,
        0.8109420537948608,
        0.577886700630188,
        0.4600033760070801,
        0.7230733036994934,
        0.3850438594818115,
        0.12225526571273804,
        0.9618721008300781,
        0.8920479416847229,
        0.36738091707229614,
        0.5528507232666016
    ]
}