{
    "format": 2,
    "name": "n50k9_19",
    "n": 50,
    "k": 9,
    "optimal_solution": 6.375881195068359,
    "x_values": [
        0.5427525043487549,
        0.8233887553215027,
        0.24973732233047485,
        0.6687379479408264,
        0.6423410773277283,
        0.36567121744155884,
        0.10563832521438599,
        0.9197463989257812,
        0.003817617893218994,
        0.048589885234832764,
        0.9966056942939758,
        0.4320998787879944,
        0.11822390556335449,
        0.4470895528793335,
        0.9053533673286438,
        0.6797804236412048,
        0.931043267250061,
        0.004269778728485107,
        0.38988566398620605,
        0.4908130168914795,
        0.3630250096321106,
        0.801230788230896,
        0.5886310935020447,
        0.8354306817054749,
        0.11458855867385864,
        0.42955130338668823,
        0.38998842239379883,
        0.6167332530021667,
        0.5218088030815125,
        0.9775874018669128,
        0.43367135524749756,
        0.822794497013092,
        0.8954479694366455,
        0.2341325283050537,
        0.313082218170166,
        0.5196079015731812,
        0.06419295072555542,
        0.6320505142211914,
        0.5321897268295288,
        0.0866168737411499,
        0.06858795881271362,
        0.710375189781189,
        0.6856145262718201,
        0.150537371635437,
        0.8386896848678589,
        0.9241782426834106,
        0.7819018363952637,
        0.05424916744232178,
        0.5573225617408752,
        0.20118987560272217
    ],
    "y_values": [
        0.20227903127670288,
        0.3014218211174011,
        0.7707663178443909,
        0.42812883853912354,
        0.6241140961647034,
        0.5228012800216675,
        0.28860390186309814,
        0.35389214754104614,
        0.6145400404930115,
        0.8898683190345764,
        0.755810558795929,
        0.9164943695068359,
        0.9699369072914124,
        0.19761395454406738,
        0.6650939583778381,
        0.0052253007888793945,
        0.897324800491333,
        0.07273530960083008,
        0.21740013360977173,
        0.27813416719436646,
        0.0016151666641235352,
        0.3462170362472534,
        0.8044744729995728,
        0.7768261432647705,
        0.31209927797317505,
        0.852249026298523,
        0.6263508796691895,
        0.5371551513671875,
        0.3801720142364502,
        0.23113471269607544,
        0.3819350600242615,
        0.3918934464454651,
        0.017765462398529053,
        0.9521051645278931,
        0.12611323595046997,
        0.8940380811691284,
        0.8621110916137695,
        0.36371874809265137,
        0.2781596779823303,
        0.9905344843864441,
        0.11929523944854736,
        0.8689892888069153,
        0.7236484289169312,
        0.7554340362548828,
        0.03220045566558838,
        0.7478514313697815,
        0.23640042543411255,
        0.9287031888961792,
        0.27299928665161133,
        0.8994682431221008
    ]
}