{
    "format": 5,
    "name": "n50k7_3",
    "n": 50,
    "k": 7,
    "optimal_solution": 0.29770445823669434,
    "x_values": [
        0.5744778513908386,
        0.7026851177215576,
        0.5236837863922119,
        0.5264002680778503,
        0.77937251329422,
        0.8400145173072815,
        0.47553592920303345,
        0.6474581360816956,
        0.996168851852417,
        0.4100276231765747,
        0.8489242196083069,
        0.27428245544433594,
        0.04583209753036499,
        0.6477137207984924,
        0.5539713501930237,
        0.9719019532203674,
        0.37317347526550293,
        0.8121113777160645,
        0.4271233081817627,
        0.20256143808364868,
        0.15256816148757935,
        0.37735646963119507,
        0.8222141861915588,
        0.3789615035057068,
        0.586226224899292,
        0.8549959659576416,
        0.28463274240493774,
        0.35752809047698975,
        0.1108810305595398,
        0.6341167688369751,
        0.9590328931808472,
        0.7312376499176025,
        0.7327905297279358,
        0.9554773569107056,
        0.9583093523979187,
        0.36904382705688477,
        0.7099011540412903,
        0.10703456401824951,
        0.47980403900146484,
        0.579407274723053,
        0.07920926809310913,
        0.02238410711288452,
        0.23167204856872559,
        0.16216880083084106,
        0.7917709350585938,
        0.8625632524490356,
        0.8514677882194519,
        0.9865491390228271,
        0.28125590085983276,
        0.0760507583618164
    ],
    "y_values": [
        0.1413118839263916,
        0.32579505443573,
        0.4904978275299072,
        0.18458932638168335,
        0.9399663209915161,
        0.6654049754142761,
        0.8433537483215332,
        0.3716614842414856,
        0.9471873641014099,
        0.23634207248687744,
        0.5566204190254211,
        0.42128515243530273,
        0.2575206160545349,
        0.4515409469604492,
        0.7290090918540955,
        0.6572891473770142,
        0.1516299843788147,
        0.3006476163864136,
        0.9422395825386047,
        0.8721643090248108,
        0.3296072483062744,
        0.6895620822906494,
        0.4668300747871399,
        0.4770251512527466,
        0.01835864782333374,
        0.7337276339530945,
        0.5957931876182556,
        0.6413798928260803,
        0.48421579599380493,
        0.9568887948989868,
        0.7195596694946289,
        0.9233535528182983,
        0.1731134057044983,
        0.5678666830062866,
        0.9018220901489258,
        0.9796107411384583,
        0.9724748730659485,
        0.9679133296012878,
        0.976721465587616,
        0.23147356510162354,
        0.4459018111228943,
        0.8475692272186279,
        0.5072256326675415,
        0.743725061416626,
        0.7240665555000305,
        0.5513187646865845,
        0.20511746406555176,
        0.1677541732788086,
        0.23147237300872803,
        0.8283628821372986
    ]
}