{
    "format": 2,
    "name": "n50k7_69",
    "n": 50,
    "k": 7,
    "optimal_solution": 7.542679309844971,
    "x_values": [
        0.33182430267333984,
        0.9709219336509705,
        0.08501976728439331,
        0.41061490774154663,
        0.5170412063598633,
        0.25905245542526245,
        0.5650615096092224,
        0.3313748836517334,
        0.8389492630958557,
        0.6681638360023499,
        0.8751548528671265,
        0.6387386322021484,
        0.10726523399353027,
        0.4683071970939636,
        0.03346443176269531,
        0.16362416744232178,
        0.3589872717857361,
        0.03628915548324585,
        0.8916731476783752,
        0.9380955696105957,
        0.7674190402030945,
        0.0024734139442443848,
        0.5228054523468018,
        0.9667633771896362,
        0.1335657238960266,
        0.8324952125549316,
        0.684510350227356,
        0.9201586842536926,
        0.6762381196022034,
        0.9351428747177124,
        0.86150062084198,
        0.9099281430244446,
        0.35601872205734253,
        0.17311930656433105,
        0.40252685546875,
        0.5374714136123657,
        0.07748007774353027,
        0.19413155317306519,
        0.2602694034576416,
        0.5865894556045532,
        0.252746045589447,
        0.8303905129432678,
        0.7778353691101074,
        0.8111627697944641,
        0.49721449613571167,
        0.2523915767669678,
        0.9171568751335144,
        0.585127592086792,
        0.1704285740852356,
        0.3174896240234375
    ],
    "y_values": [
        0.8604487776756287,
        0.390610933303833,
        0.3564802408218384,
        0.40282994508743286,
        0.34309953451156616,
        0.36548537015914917,
        0.1765519380569458,
        0.8324703574180603,
        0.9665546417236328,
        0.45433253049850464,
        0.4737344980239868,
        0.015102922916412354,
        0.47867029905319214,
        0.8891738057136536,
        0.10780537128448486,
        0.5248486399650574,
        0.01726353168487549,
        0.30035966634750366,
        0.1434561014175415,
        0.6456423997879028,
        0.04265528917312622,
        0.7975148558616638,
        0.48125725984573364,
        0.6129183173179626,
        0.30237501859664917,
        0.9149089455604553,
        0.29491251707077026,
        0.19210296869277954,
        0.05900228023529053,
        0.2451731562614441,
        0.05734223127365112,
        0.01896721124649048,
        0.7635936141014099,
        0.9400855898857117,
        0.9539246559143066,
        0.07725131511688232,
        0.5651383399963379,
        0.7737124562263489,
        0.3735651969909668,
        0.9014358520507812,
        0.4570767879486084,
        0.1425502896308899,
        0.9588416218757629,
        0.15722811222076416,
        0.4784959554672241,
        0.1934746503829956,
        0.014870643615722656,
        0.5685948133468628,
        0.5699361562728882,
        0.5071384906768799
    ]
}