{
    "format": 8,
    "name": "n30k6_54",
    "n": 30,
    "k": 6,
    "capacity": 5,
    "optimal_solution": 4.732050895690918,
    "x_values": [
        0.751106858253479,
        0.6365343928337097,
        0.3599967956542969,
        0.36754655838012695,
        0.8798420429229736,
        0.9636507630348206,
        0.440987229347229,
        0.051708340644836426,
        0.19821065664291382,
        0.13137328624725342,
        0.4036674499511719,
        0.7658239006996155,
        0.4531092643737793,
        0.4292203187942505,
        0.16490542888641357,
        0.17410951852798462,
        0.14020705223083496,
        0.7062705159187317,
        0.8178759813308716,
        0.6539541482925415,
        0.16348224878311157,
        0.9500120878219604,
        0.3005375862121582,
        0.38771647214889526,
        0.9650676846504211,
        0.4788336157798767,
        0.9864141941070557,
        0.685369074344635,
        0.08696240186691284,
        0.972538411617279
    ],
    "y_values": [
        0.21171647310256958,
        0.6356244087219238,
        0.2186327576637268,
        0.2501527667045593,
        0.9160709381103516,
        0.3322991132736206,
        0.23409587144851685,
        0.42304307222366333,
        0.3082754611968994,
        0.3806121349334717,
        0.07552486658096313,
        0.07761478424072266,
        0.16186225414276123,
        0.6792153716087341,
        0.10089755058288574,
        0.4967421889305115,
        0.48227745294570923,
        0.749910295009613,
        0.9792073965072632,
        0.389831006526947,
        0.7570651173591614,
        0.36863183975219727,
        0.3279440402984619,
        0.8851039409637451,
        0.6660288572311401,
        0.370416522026062,
        0.27252113819122314,
        0.1638895869255066,
        0.7162961959838867,
        0.14031273126602173
    ]
}