{
    "format": 2,
    "name": "n20k6_66",
    "n": 20,
    "k": 6,
    "optimal_solution": 2.4229135513305664,
    "x_values": [
        0.2116457223892212,
        0.5148317217826843,
        0.8506847620010376,
        0.09286642074584961,
        0.916581928730011,
        0.459517240524292,
        0.8947330117225647,
        0.6734694242477417,
        0.7816357016563416,
        0.08046114444732666,
        0.7172545194625854,
        0.91768479347229,
        0.2555772066116333,
        0.5272283554077148,
        0.17340517044067383,
        0.600437343120575,
        0.4209892153739929,
        0.75693678855896,
        0.3761904239654541,
        0.15270787477493286
    ],
    "y_values": [
        0.9771281480789185,
        0.39058083295822144,
        0.33192992210388184,
        0.10754609107971191,
        0.9838451147079468,
        0.9736810922622681,
        0.048620641231536865,
        0.9435544013977051,
        0.1025199294090271,
        0.9364025592803955,
        0.05891108512878418,
        0.7530071139335632,
        0.917762279510498,
        0.3722453713417053,
        0.07809096574783325,
        0.9748796820640564,
        0.11109352111816406,
        0.5046340823173523,
        0.38155901432037354,
        0.8653563857078552
    ]
}