{
    "format": 2,
    "name": "n20k6_97",
    "n": 20,
    "k": 6,
    "optimal_solution": 2.267101287841797,
    "x_values": [
        0.7303595542907715,
        0.8960314989089966,
        0.6558629274368286,
        0.1426485776901245,
        0.5329884886741638,
        0.6689122319221497,
        0.22910571098327637,
        0.8674228191375732,
        0.8026196360588074,
        0.7033484578132629,
        0.71009361743927,
        0.11110574007034302,
        0.5632918477058411,
        0.30699622631073,
        0.03789800405502319,
        0.4357813596725464,
        0.10140115022659302,
        0.018255770206451416,
        0.21071821451187134,
        0.13448786735534668
    ],
    "y_values": [
        0.40597808361053467,
        0.8960643410682678,
        0.8562522530555725,
        0.0836591124534607,
        0.35823190212249756,
        0.7416532039642334,
        0.08078300952911377,
        0.7136126160621643,
        0.4355924725532532,
        0.7133437395095825,
        0.053516685962677,
        0.8400084972381592,
        0.2692772150039673,
        0.8713906407356262,
        0.9160600304603577,
        0.26949143409729004,
        0.08442360162734985,
        0.02649146318435669,
        0.6940008997917175,
        0.6442208290100098
    ]
}