{
    "format": 5,
    "name": "n60k3_10",
    "n": 60,
    "k": 3,
    "optimal_solution": 0.47112202644348145,
    "x_values": [
        0.1816396713256836,
        0.47751855850219727,
        0.6070880889892578,
        0.11902350187301636,
        0.25992459058761597,
        0.9772172570228577,
        0.7700895071029663,
        0.8280832171440125,
        0.36398494243621826,
        0.09609252214431763,
        0.14223968982696533,
        0.5328774452209473,
        0.020619690418243408,
        0.28959327936172485,
        0.5768291354179382,
        0.38017934560775757,
        0.4836285710334778,
        0.13535207509994507,
        0.3325958251953125,
        0.529246985912323,
        0.35914814472198486,
        0.5884215235710144,
        0.5131832361221313,
        0.7067384123802185,
        0.5798377394676208,
        0.37575191259384155,
        0.580734133720398,
        0.39790964126586914,
        0.528594970703125,
        0.9314301013946533,
        0.11222153902053833,
        0.6222434639930725,
        0.4340174198150635,
        0.3767170310020447,
        0.6228168606758118,
        0.24476879835128784,
        0.8055778741836548,
        0.11171519756317139,
        0.7927027344703674,
        0.9907712936401367,
        0.8684343099594116,
        0.39219897985458374,
        0.8616109490394592,
        0.5355843901634216,
        0.20282912254333496,
        0.12501907348632812,
        0.6513938903808594,
        0.4648703336715698,
        0.809468686580658,
        0.3174673914909363,
        0.038522541522979736,
        0.8908265233039856,
        0.3734339475631714,
        0.7106934189796448,
        0.0473366379737854,
        0.8356590867042542,
        0.33432477712631226,
        0.3213964104652405,
        0.5231082439422607,
        0.823945939540863
    ],
    "y_values": [
        0.9772436618804932,
        0.3035714626312256,
        0.19034111499786377,
        0.6900945901870728,
        0.8046665191650391,
        0.6670402884483337,
        0.5105659365653992,
        0.3977101445198059,
        0.8612849712371826,
        0.7512440085411072,
        0.4338235855102539,
        0.6333498358726501,
        0.9811257719993591,
        0.6350420713424683,
        0.1939842700958252,
        0.22674745321273804,
        0.07051825523376465,
        0.6834534406661987,
        0.07011419534683228,
        0.882164478302002,
        0.6435645818710327,
        0.10231572389602661,
        0.5695484280586243,
        0.6296204924583435,
        0.4450131058692932,
        0.16374021768569946,
        0.6350180506706238,
        0.53212970495224,
        0.4911397695541382,
        0.9007741808891296,
        0.8695968985557556,
        0.25812894105911255,
        0.6784747838973999,
        0.26652616262435913,
        0.43713146448135376,
        0.6658325791358948,
        0.6432238817214966,
        0.045234501361846924,
        0.6568704843521118,
        0.9061253070831299,
        0.8043225407600403,
        0.14119309186935425,
        0.698716402053833,
        0.08962136507034302,
        0.7051523923873901,
        0.3841294050216675,
        0.4290974736213684,
        0.3575569987297058,
        0.151885986328125,
        0.15960383415222168,
        0.25472187995910645,
        0.5956935882568359,
        0.4520268440246582,
        0.14145565032958984,
        0.9187965989112854,
        0.8513977527618408,
        0.7530834674835205,
        0.3482380509376526,
        0.17662298679351807,
        0.18408441543579102
    ]
}