{
    "format": 5,
    "name": "n60k3_62",
    "n": 60,
    "k": 3,
    "optimal_solution": 0.5161163210868835,
    "x_values": [
        0.783126175403595,
        0.3564693331718445,
        0.8816447854042053,
        0.34352266788482666,
        0.9902229309082031,
        0.9001545310020447,
        0.7886415123939514,
        0.3346848487854004,
        0.9601131081581116,
        0.6572943925857544,
        0.920544445514679,
        0.4261314868927002,
        0.7596991062164307,
        0.7809744477272034,
        0.16210389137268066,
        0.26760226488113403,
        0.0966031551361084,
        0.7164222002029419,
        0.23549878597259521,
        0.08871424198150635,
        0.6736028790473938,
        0.5604528784751892,
        0.32675713300704956,
        0.4987396001815796,
        0.807249903678894,
        0.9738087058067322,
        0.8015737533569336,
        0.18202757835388184,
        0.5329057574272156,
        0.8569693565368652,
        0.3624303340911865,
        0.10508501529693604,
        0.9266811609268188,
        0.29989439249038696,
        0.8895131945610046,
        0.745585024356842,
        0.9176483154296875,
        0.9206812977790833,
        0.7309069633483887,
        0.612244725227356,
        0.629136323928833,
        0.35256028175354004,
        0.6877892017364502,
        0.13181579113006592,
        0.16968458890914917,
        0.3918073773384094,
        0.26606518030166626,
        0.9131455421447754,
        0.42838019132614136,
        0.594347357749939,
        0.658275306224823,
        0.5590769648551941,
        0.11089789867401123,
        0.7931560277938843,
        0.5008140802383423,
        0.9228736758232117,
        0.9790121912956238,
        0.11537295579910278,
        0.33373939990997314,
        0.45854270458221436
    ],
    "y_values": [
        0.8497326374053955,
        0.23894941806793213,
        0.008122622966766357,
        0.5413380265235901,
        0.04681575298309326,
        0.25753599405288696,
        0.7965845465660095,
        0.4674147367477417,
        0.23065584897994995,
        0.12940967082977295,
        0.5357910990715027,
        0.9051312804222107,
        0.0461772084236145,
        0.270757794380188,
        0.7292627692222595,
        0.8383124470710754,
        0.5811872482299805,
        0.464250385761261,
        0.46796470880508423,
        0.43905723094940186,
        0.06383150815963745,
        0.23956161737442017,
        0.07787305116653442,
        0.48137539625167847,
        0.9720518589019775,
        0.3102601170539856,
        0.43326979875564575,
        0.9882309436798096,
        0.7159252166748047,
        0.19915860891342163,
        0.31427592039108276,
        0.4770221710205078,
        0.6810661554336548,
        0.3771359324455261,
        0.3541410565376282,
        0.4463321566581726,
        0.2513430118560791,
        0.21412819623947144,
        0.3458014130592346,
        0.799558162689209,
        0.42602747678756714,
        0.6057997345924377,
        0.7958236932754517,
        0.5288193821907043,
        0.8399713635444641,
        0.8877494931221008,
        0.3171077370643616,
        0.4466061592102051,
        0.8096424341201782,
        0.5979077219963074,
        0.08856230974197388,
        0.029988110065460205,
        0.8716670870780945,
        0.7061240077018738,
        0.26527267694473267,
        0.5562459826469421,
        0.4540354609489441,
        0.38465553522109985,
        0.04083138704299927,
        0.3218029737472534
    ]
}