{
    "format": 5,
    "name": "n60k3_28",
    "n": 60,
    "k": 3,
    "optimal_solution": 0.4822081923484802,
    "x_values": [
        0.4184240698814392,
        0.7133035063743591,
        0.8701451420783997,
        0.7932316660881042,
        0.5115147233009338,
        0.3578457236289978,
        0.21947944164276123,
        0.15600526332855225,
        0.23942923545837402,
        0.24626928567886353,
        0.29025977849960327,
        0.7959960699081421,
        0.8011690974235535,
        0.4429754614830017,
        0.5796167850494385,
        0.29234570264816284,
        0.5495485663414001,
        0.8665654063224792,
        0.56180739402771,
        0.1774388551712036,
        0.2131243348121643,
        0.32479292154312134,
        0.5589759945869446,
        0.10502666234970093,
        0.6601407527923584,
        0.5910226702690125,
        0.8490476608276367,
        0.9926066994667053,
        0.7887082695960999,
        0.34549981355667114,
        0.6094279885292053,
        0.5295464396476746,
        0.2804105281829834,
        0.8450554609298706,
        0.4434666633605957,
        0.30776476860046387,
        0.8402244448661804,
        0.36343300342559814,
        0.20918887853622437,
        0.29625219106674194,
        0.2034720778465271,
        0.5911726951599121,
        0.8636894226074219,
        0.6556295156478882,
        0.41663581132888794,
        0.8671389222145081,
        0.5543501377105713,
        0.24166542291641235,
        0.07759994268417358,
        0.5985468626022339,
        0.4907568097114563,
        0.6000786423683167,
        0.17555469274520874,
        0.35116124153137207,
        0.825587809085846,
        0.13681280612945557,
        0.18260467052459717,
        0.8345179557800293,
        0.3972843289375305,
        0.8866989016532898
    ],
    "y_values": [
        0.2807120084762573,
        0.11808633804321289,
        0.3236311078071594,
        0.3717609643936157,
        0.6233975887298584,
        0.3026636242866516,
        0.004776418209075928,
        0.15604078769683838,
        0.052618563175201416,
        0.6150102615356445,
        0.6321634650230408,
        0.44410574436187744,
        0.375946581363678,
        0.979568600654602,
        0.5662899613380432,
        0.44512683153152466,
        0.43462562561035156,
        0.2185038924217224,
        0.13151657581329346,
        0.8287888169288635,
        0.9965616464614868,
        0.7082543969154358,
        0.3071264624595642,
        0.1512407660484314,
        0.24237525463104248,
        0.10083293914794922,
        0.15018564462661743,
        0.1466185450553894,
        0.13092422485351562,
        0.5254101157188416,
        0.4643152356147766,
        0.8028778433799744,
        0.38424092531204224,
        0.42104047536849976,
        0.48567116260528564,
        0.4785533547401428,
        0.731259286403656,
        0.19450116157531738,
        0.029165565967559814,
        0.3923346996307373,
        0.7050455212593079,
        0.11684668064117432,
        0.4094269871711731,
        0.8287243843078613,
        0.5845064520835876,
        0.10789674520492554,
        0.6729034185409546,
        0.8316347599029541,
        0.2761722207069397,
        0.6847141981124878,
        0.26793283224105835,
        0.3584168553352356,
        0.6416547894477844,
        0.3550229072570801,
        0.907498300075531,
        0.6870802640914917,
        0.7712698578834534,
        0.35687255859375,
        0.10201805830001831,
        0.9410838484764099
    ]
}