{
    "format": 8,
    "name": "n100k5_28",
    "n": 100,
    "k": 5,
    "capacity": 20,
    "optimal_solution": 21.606449127197266,
    "x_values": [
        0.005353093147277832,
        0.5245957374572754,
        0.7551382184028625,
        0.9052467942237854,
        0.5005869269371033,
        0.9958978891372681,
        0.28552043437957764,
        0.3189619779586792,
        0.4536142349243164,
        0.7225934267044067,
        0.9430586099624634,
        0.9511955976486206,
        0.2913377285003662,
        0.9263529777526855,
        0.5309385061264038,
        0.48351436853408813,
        0.19280946254730225,
        0.35096561908721924,
        0.9307020902633667,
        0.1832713484764099,
        0.6884952187538147,
        0.1271575689315796,
        0.8951455354690552,
        0.19309180974960327,
        0.6047347784042358,
        0.9407720565795898,
        0.19839692115783691,
        0.19881278276443481,
        0.34388887882232666,
        0.0177648663520813,
        0.19002991914749146,
        0.8605256080627441,
        0.742182195186615,
        0.8189778923988342,
        0.44909805059432983,
        0.8970972895622253,
        0.2810302972793579,
        0.7453726530075073,
        0.9790255427360535,
        0.0782480239868164,
        0.04499983787536621,
        0.8758464455604553,
        0.9341753721237183,
        0.49491822719573975,
        0.7237189412117004,
        0.8723709583282471,
        0.8702091574668884,
        0.2550194263458252,
        0.8211873769760132,
        0.8071150183677673,
        0.45412445068359375,
        0.5156744718551636,
        0.6995639204978943,
        0.33125120401382446,
        0.9992401003837585,
        0.6689584255218506,
        0.43926066160202026,
        0.553561806678772,
        0.1733112931251526,
        0.4065091013908386,
        0.41094475984573364,
        0.9143999218940735,
        0.7216469645500183,
        0.8708938956260681,
        0.5409325361251831,
        0.32832247018814087,
        0.5213654041290283,
        0.9923797845840454,
        0.9898215532302856,
        0.041047096252441406,
        0.8360864520072937,
        0.7919900417327881,
        0.337368905544281,
        0.023353874683380127,
        0.3463588356971741,
        0.18339622020721436,
        0.48477035760879517,
        0.5240707993507385,
        0.8804331421852112,
        0.6146212816238403,
        0.16969722509384155,
        0.9875890612602234,
        0.6564780473709106,
        0.17438161373138428,
        0.9469207525253296,
        0.24620097875595093,
        0.6580442190170288,
        0.46441978216171265,
        0.5977283716201782,
        0.48928236961364746,
        0.031704485416412354,
        0.2231476902961731,
        0.036137402057647705,
        0.9447726607322693,
        0.27288228273391724,
        0.6036889553070068,
        0.9098560214042664,
        0.4351918697357178,
        0.9245884418487549,
        0.7407322525978088
    ],
    "y_values": [
        0.3572424054145813,
        0.3778214454650879,
        0.6543810963630676,
        0.1007915735244751,
        0.864354133605957,
        0.18390285968780518,
        0.28676366806030273,
        0.9352840185165405,
        0.2259988784790039,
        0.4810316562652588,
        0.9270208477973938,
        0.8757163286209106,
        0.6199276447296143,
        0.3987961411476135,
        0.48966336250305176,
        0.6720293164253235,
        0.8255700469017029,
        0.7086056470870972,
        0.8120640516281128,
        0.1666043996810913,
        0.004229426383972168,
        0.42835932970046997,
        0.04777657985687256,
        0.054097533226013184,
        0.3796241879463196,
        0.9073180556297302,
        0.5095332264900208,
        0.8488879203796387,
        0.24577325582504272,
        0.08680474758148193,
        0.5080634951591492,
        0.7237802743911743,
        0.6974788904190063,
        0.5476499795913696,
        0.7872450351715088,
        0.8111190795898438,
        0.4252864122390747,
        0.040924906730651855,
        0.7646754384040833,
        0.8140316605567932,
        0.7929179072380066,
        0.10821092128753662,
        0.3418964743614197,
        0.5349530577659607,
        0.9550945162773132,
        0.5180585384368896,
        0.4368680715560913,
        0.45526546239852905,
        0.04223746061325073,
        0.986333966255188,
        0.4936341643333435,
        0.8984236121177673,
        0.763899564743042,
        0.7627427577972412,
        0.6370154619216919,
        0.6967869400978088,
        0.4629461169242859,
        0.9378105401992798,
        0.42342662811279297,
        0.19831931591033936,
        0.8516459465026855,
        0.938112199306488,
        0.9759199023246765,
        0.11086106300354004,
        0.7388920187950134,
        0.9736171960830688,
        0.13069194555282593,
        0.47529512643814087,
        0.5311484336853027,
        0.8581989407539368,
        0.2666357755661011,
        0.8342271447181702,
        0.3896772265434265,
        0.7258734703063965,
        0.34935569763183594,
        0.4739300608634949,
        0.7581709623336792,
        0.6991363763809204,
        0.5240132808685303,
        0.7457811832427979,
        0.5314498543739319,
        0.7355723977088928,
        0.871573269367218,
        0.0852363109588623,
        0.21767443418502808,
        0.6234270930290222,
        0.1693127155303955,
        0.5453193783760071,
        0.6286672949790955,
        0.81207275390625,
        0.48762786388397217,
        0.6589257121086121,
        0.11320817470550537,
        0.7164478898048401,
        0.02611643075942993,
        0.47832685708999634,
        0.7526876926422119,
        0.43332672119140625,
        0.26743143796920776,
        0.417657732963562
    ]
}