{
    "format": 8,
    "name": "n100k5_29",
    "n": 100,
    "k": 5,
    "capacity": 20,
    "optimal_solution": 19.83090591430664,
    "x_values": [
        0.6189032196998596,
        0.9449868202209473,
        0.0612868070602417,
        0.6827074885368347,
        0.20171970129013062,
        0.8270772099494934,
        0.9739210605621338,
        0.3421022295951843,
        0.17141544818878174,
        0.49358856678009033,
        0.9048866033554077,
        0.13491696119308472,
        0.26865458488464355,
        0.39376628398895264,
        0.812147855758667,
        0.29968082904815674,
        0.3564755320549011,
        0.6767047047615051,
        0.7600579857826233,
        0.4647185802459717,
        0.5931986570358276,
        0.6174376606941223,
        0.848960280418396,
        0.01907414197921753,
        0.5734317302703857,
        0.194929838180542,
        0.946061909198761,
        0.9872081279754639,
        0.5756167769432068,
        0.9060424566268921,
        0.7776679992675781,
        0.6251874566078186,
        0.3697405457496643,
        0.17963886260986328,
        0.414970338344574,
        0.7718231081962585,
        0.2892560362815857,
        0.6496953964233398,
        0.22309333086013794,
        0.24714839458465576,
        0.5063791275024414,
        0.8779948949813843,
        0.8845648765563965,
        0.9519864916801453,
        0.4409622550010681,
        0.47078925371170044,
        0.8397111892700195,
        0.8180333375930786,
        0.8915850520133972,
        0.8458459377288818,
        0.2489338517189026,
        0.20800518989562988,
        0.9229645133018494,
        0.3672882914543152,
        0.3379541039466858,
        0.6388260126113892,
        0.33741873502731323,
        0.45853209495544434,
        0.8824706077575684,
        0.19803684949874878,
        0.2971745729446411,
        0.21431392431259155,
        0.3715137243270874,
        0.5710459351539612,
        0.26813632249832153,
        0.7416877746582031,
        0.7064087390899658,
        0.7584572434425354,
        0.4160064458847046,
        0.26447224617004395,
        0.22000420093536377,
        0.1840991973876953,
        0.7968114614486694,
        0.434670627117157,
        0.3158268332481384,
        0.40568751096725464,
        0.657762348651886,
        0.9353750944137573,
        0.3601319193840027,
        0.336584210395813,
        0.5688870549201965,
        0.6398050785064697,
        0.29334115982055664,
        0.5248775482177734,
        0.7347239255905151,
        0.9303358793258667,
        0.9615209102630615,
        0.6885684132575989,
        0.4544902443885803,
        0.329200804233551,
        0.6658611297607422,
        0.48209577798843384,
        0.2699134945869446,
        0.3153243660926819,
        0.7639857530593872,
        0.8154780268669128,
        0.3074330687522888,
        0.1118006706237793,
        0.08030378818511963,
        0.4680096507072449
    ],
    "y_values": [
        0.42606908082962036,
        0.2868790626525879,
        0.8904998302459717,
        0.7336609959602356,
        0.15912014245986938,
        0.24077755212783813,
        0.7272201180458069,
        0.4622775912284851,
        0.9355341792106628,
        0.810429573059082,
        0.011319339275360107,
        0.5140765905380249,
        0.8289852738380432,
        0.7124083638191223,
        0.2929774522781372,
        0.3446246385574341,
        0.5414592623710632,
        0.04018354415893555,
        0.5043854713439941,
        0.8385040163993835,
        0.6543118357658386,
        0.8346278667449951,
        0.03211259841918945,
        0.5057816505432129,
        0.27932971715927124,
        0.8129388093948364,
        0.23539751768112183,
        0.9860610365867615,
        0.8323928713798523,
        0.3620492219924927,
        0.02672898769378662,
        0.32047104835510254,
        0.13180619478225708,
        0.2727603316307068,
        0.1886250376701355,
        0.7121425867080688,
        0.10825276374816895,
        0.1810976266860962,
        0.47716379165649414,
        0.41596776247024536,
        0.6108353137969971,
        0.2905626893043518,
        0.11733347177505493,
        0.9555261135101318,
        0.537497878074646,
        0.7293877601623535,
        0.015111327171325684,
        0.20057475566864014,
        0.9225416779518127,
        0.540799081325531,
        0.0027629733085632324,
        0.391495943069458,
        0.21896326541900635,
        0.8396226763725281,
        0.9818236827850342,
        0.26046496629714966,
        0.7320166826248169,
        0.115237295627594,
        0.6128677129745483,
        0.6665671467781067,
        0.7151782512664795,
        0.9343060255050659,
        0.5554450750350952,
        0.6586910486221313,
        0.21632450819015503,
        0.9236461520195007,
        0.7864272594451904,
        0.0011579394340515137,
        0.05181753635406494,
        0.7774050235748291,
        0.39357179403305054,
        0.531204342842102,
        0.6598842144012451,
        0.6000250577926636,
        0.8135101795196533,
        0.6957231163978577,
        0.7873772978782654,
        0.4001918435096741,
        0.9129831790924072,
        0.3568909764289856,
        0.8360278606414795,
        0.5942422747612,
        0.3426727056503296,
        0.8894097805023193,
        0.5849993228912354,
        0.14862364530563354,
        0.4983312487602234,
        0.06081289052963257,
        0.43387216329574585,
        0.2486627697944641,
        0.09703564643859863,
        0.1584928035736084,
        0.8025755882263184,
        0.5230662226676941,
        0.9291747212409973,
        0.2084188461303711,
        0.9388664960861206,
        0.8165173530578613,
        0.030743718147277832,
        0.024299025535583496
    ]
}