{
    "format": 8,
    "name": "n100k5_3",
    "n": 100,
    "k": 5,
    "capacity": 20,
    "optimal_solution": 20.557340621948242,
    "x_values": [
        0.2563973665237427,
        0.3196623921394348,
        0.6779670119285583,
        0.11619806289672852,
        0.9371953010559082,
        0.18451839685440063,
        0.8921030759811401,
        0.004811406135559082,
        0.06598466634750366,
        0.10165303945541382,
        0.2826140522956848,
        0.32890385389328003,
        0.8305140733718872,
        0.13884788751602173,
        0.017984867095947266,
        0.1500263214111328,
        0.6473309993743896,
        0.3041917681694031,
        0.14156055450439453,
        0.44422465562820435,
        0.5084589123725891,
        0.5946106314659119,
        0.6968526244163513,
        0.3879880905151367,
        0.4683491587638855,
        0.030003249645233154,
        0.351387083530426,
        0.05382692813873291,
        0.38394975662231445,
        0.9917457699775696,
        0.4276638627052307,
        0.04731440544128418,
        0.5626001954078674,
        0.6430439352989197,
        0.8964290618896484,
        0.9727657437324524,
        0.08585864305496216,
        0.38021159172058105,
        0.8821680545806885,
        0.42754805088043213,
        0.7018436193466187,
        0.37533503770828247,
        0.17673635482788086,
        0.47806406021118164,
        0.5260389447212219,
        0.9075506925582886,
        0.02078258991241455,
        0.5077756643295288,
        0.46274733543395996,
        0.30747705698013306,
        0.6728103160858154,
        0.16714560985565186,
        0.5923997759819031,
        0.39601045846939087,
        0.150787353515625,
        0.6036316156387329,
        0.863706111907959,
        0.9287170171737671,
        0.7938661575317383,
        0.14394450187683105,
        0.610933244228363,
        0.04551076889038086,
        0.9489712715148926,
        0.6447935700416565,
        0.5898480415344238,
        0.04276508092880249,
        0.49639666080474854,
        0.3659626841545105,
        0.8135516047477722,
        0.7774462103843689,
        0.1976272463798523,
        0.3500046730041504,
        0.9998302459716797,
        0.9075995087623596,
        0.2321755290031433,
        0.5033075213432312,
        0.09579324722290039,
        0.141399085521698,
        0.5666017532348633,
        0.7946410179138184,
        0.6607454419136047,
        0.47828954458236694,
        0.731988787651062,
        0.5223293304443359,
        0.2844736576080322,
        0.2559874653816223,
        0.1879667043685913,
        0.07374584674835205,
        0.3103644847869873,
        0.02547311782836914,
        0.4723016619682312,
        0.12536531686782837,
        0.7966138124465942,
        0.9186637997627258,
        0.5580505132675171,
        0.6688956022262573,
        0.7606412768363953,
        0.5064026117324829,
        0.08295220136642456,
        0.8713474869728088
    ],
    "y_values": [
        0.39636552333831787,
        0.5848237872123718,
        0.6466436386108398,
        0.9299249649047852,
        0.4189611077308655,
        0.2455042004585266,
        0.5381531119346619,
        0.758465051651001,
        0.12395632266998291,
        0.2834007740020752,
        0.5761141180992126,
        0.4311595559120178,
        0.47475188970565796,
        0.880622386932373,
        0.1177939772605896,
        0.7442984580993652,
        0.9948167204856873,
        0.14166229963302612,
        0.5523703098297119,
        0.07665258646011353,
        0.9503339529037476,
        0.6285326480865479,
        0.15558314323425293,
        0.2196839451789856,
        0.8185194134712219,
        0.9746654629707336,
        0.9028112292289734,
        0.0596732497215271,
        0.7057980298995972,
        0.45177334547042847,
        0.5818657875061035,
        0.975116491317749,
        0.6636969447135925,
        0.6989673972129822,
        0.7891344428062439,
        0.6551992893218994,
        0.14385437965393066,
        0.08353227376937866,
        0.014149069786071777,
        0.7048067450523376,
        0.578609049320221,
        0.1841440200805664,
        0.42894744873046875,
        0.08159583806991577,
        0.6637254953384399,
        0.6221801042556763,
        0.8802264332771301,
        0.3646140694618225,
        0.7951382994651794,
        0.48251354694366455,
        0.708340048789978,
        0.3867107033729553,
        0.53704434633255,
        0.42931467294692993,
        0.8574186563491821,
        0.7404540777206421,
        0.8261549472808838,
        0.9505124688148499,
        0.9751477241516113,
        0.919867753982544,
        0.7899949550628662,
        0.5735645890235901,
        0.9767919778823853,
        0.13945645093917847,
        0.6994911432266235,
        0.9145791530609131,
        0.9775285124778748,
        0.8416610360145569,
        0.5596469044685364,
        0.04279369115829468,
        0.2631582021713257,
        0.9312050342559814,
        0.22230970859527588,
        0.718071460723877,
        0.6409928798675537,
        0.10900312662124634,
        0.32032066583633423,
        0.17635732889175415,
        0.12500596046447754,
        0.5654416084289551,
        0.12224870920181274,
        0.07128322124481201,
        0.2332642674446106,
        0.6651799082756042,
        0.9518446326255798,
        0.546656608581543,
        0.6449632048606873,
        0.32369476556777954,
        0.44648849964141846,
        0.03058725595474243,
        0.9147976040840149,
        0.20452624559402466,
        0.6343046426773071,
        0.4021766781806946,
        0.6036766767501831,
        0.3579046130180359,
        0.7006164789199829,
        0.7318330407142639,
        0.5530624389648438,
        0.29414910078048706
    ]
}