{
    "format": 2,
    "name": "n40k8_78",
    "n": 40,
    "k": 8,
    "optimal_solution": 5.188482284545898,
    "x_values": [
        0.18513411283493042,
        0.4434361457824707,
        0.49649906158447266,
        0.47100645303726196,
        0.13259267807006836,
        0.7669391632080078,
        0.08205956220626831,
        0.966474175453186,
        0.4859681725502014,
        0.7139520049095154,
        0.7197132706642151,
        0.7546496987342834,
        0.24471515417099,
        0.45630884170532227,
        0.47668707370758057,
        0.5985212326049805,
        0.9571033716201782,
        0.8472589254379272,
        0.6758666038513184,
        0.921425461769104,
        0.6465659737586975,
        0.3609151244163513,
        0.43088841438293457,
        0.24046170711517334,
        0.10990536212921143,
        0.8512871265411377,
        0.21690231561660767,
        0.7797684073448181,
        0.9629421830177307,
        0.8322967886924744,
        0.4159078598022461,
        0.9943584203720093,
        0.9487541317939758,
        0.23434525728225708,
        0.7286471128463745,
        0.6817454099655151,
        0.1364002227783203,
        0.02184826135635376,
        0.647818386554718,
        0.3307911157608032
    ],
    "y_values": [
        0.48531150817871094,
        0.9137588739395142,
        0.995734691619873,
        0.6626773476600647,
        0.9851046800613403,
        0.848345935344696,
        0.35026150941848755,
        0.4195597171783447,
        0.3391053080558777,
        0.2498043179512024,
        0.5890933871269226,
        0.5908185839653015,
        0.07261717319488525,
        0.7887992262840271,
        0.16273152828216553,
        0.5321998596191406,
        0.34242022037506104,
        0.6404322981834412,
        0.24136465787887573,
        0.4985557198524475,
        0.13089972734451294,
        0.8841625452041626,
        0.9583653211593628,
        0.2252582311630249,
        0.8897135853767395,
        0.8991902470588684,
        0.3377509117126465,
        0.713958740234375,
        0.4492073059082031,
        0.36911386251449585,
        0.09564679861068726,
        0.02937406301498413,
        0.23018771409988403,
        0.44022369384765625,
        0.4751608967781067,
        0.4223005771636963,
        0.5946282744407654,
        0.2804325819015503,
        0.49174368381500244,
        0.7785488963127136
    ]
}