{
    "format": 2,
    "name": "n40k8_85",
    "n": 40,
    "k": 8,
    "optimal_solution": 5.316265106201172,
    "x_values": [
        0.37900376319885254,
        0.7087641358375549,
        0.39639556407928467,
        0.11710715293884277,
        0.1889246106147766,
        0.3972538113594055,
        0.03830140829086304,
        0.24821555614471436,
        0.1349421739578247,
        0.4696895480155945,
        0.6206364631652832,
        0.3375864624977112,
        0.035092294216156006,
        0.2953694462776184,
        0.9222727417945862,
        0.02851194143295288,
        0.22119343280792236,
        0.7383319139480591,
        0.9957088828086853,
        0.8620725870132446,
        0.5877528786659241,
        0.72371506690979,
        0.10276871919631958,
        0.43542999029159546,
        0.9362394213676453,
        0.40725088119506836,
        0.6990633606910706,
        0.05660903453826904,
        0.15906769037246704,
        0.09841841459274292,
        0.11977905035018921,
        0.5919973850250244,
        0.9281330704689026,
        0.7133617401123047,
        0.06274443864822388,
        0.8950502276420593,
        0.20732992887496948,
        0.522529661655426,
        0.35855984687805176,
        0.5247905850410461
    ],
    "y_values": [
        0.33249467611312866,
        0.737655758857727,
        0.7032058238983154,
        0.9258958101272583,
        0.2820482850074768,
        0.9381396770477295,
        0.4688270688056946,
        0.26555120944976807,
        0.010875403881072998,
        0.9780395030975342,
        0.7125340700149536,
        0.34429609775543213,
        0.4855492115020752,
        0.773709237575531,
        0.09219342470169067,
        0.9815298914909363,
        0.6334567666053772,
        0.9733117818832397,
        0.5250905156135559,
        0.010084807872772217,
        0.15284347534179688,
        0.6740856766700745,
        0.7843503952026367,
        0.7866454124450684,
        0.3363844156265259,
        0.35317498445510864,
        0.7640312314033508,
        0.721432089805603,
        0.4579070210456848,
        0.25456273555755615,
        0.07383513450622559,
        0.35714781284332275,
        0.8281962871551514,
        0.705986499786377,
        0.9485490322113037,
        0.29816699028015137,
        0.7228993773460388,
        0.5746078491210938,
        0.6334397792816162,
        0.12686896324157715
    ]
}