{
    "format": 2,
    "name": "n40k8_26",
    "n": 40,
    "k": 8,
    "optimal_solution": 5.00502872467041,
    "x_values": [
        0.23261111974716187,
        0.023356139659881592,
        0.4090041518211365,
        0.2415875792503357,
        0.014850735664367676,
        0.542500913143158,
        0.8302556872367859,
        0.7819733023643494,
        0.3533945083618164,
        0.4844972491264343,
        0.16684210300445557,
        0.969637393951416,
        0.494800865650177,
        0.7524397969245911,
        0.141404926776886,
        0.9130776524543762,
        0.11664456129074097,
        0.6601264476776123,
        0.2205842137336731,
        0.7101314663887024,
        0.18102455139160156,
        0.7509744167327881,
        0.762387752532959,
        0.21138644218444824,
        0.45364266633987427,
        0.11937493085861206,
        0.7831749320030212,
        0.6941201090812683,
        0.4555473327636719,
        0.15084952116012573,
        0.6838082671165466,
        0.7127740979194641,
        0.6048409938812256,
        0.21532344818115234,
        0.40702390670776367,
        0.00340348482131958,
        0.2822512984275818,
        0.9214174747467041,
        0.5050455331802368,
        0.3998022675514221
    ],
    "y_values": [
        0.35748904943466187,
        0.12265670299530029,
        0.7409003376960754,
        0.7214056253433228,
        0.7738561034202576,
        0.5126449465751648,
        0.6566454172134399,
        0.39536893367767334,
        0.6737874746322632,
        0.6501333117485046,
        0.3537137508392334,
        0.2781749963760376,
        0.29563820362091064,
        0.6981127858161926,
        0.18112802505493164,
        0.6579025387763977,
        0.8251747488975525,
        0.361114501953125,
        0.931111752986908,
        0.6768046617507935,
        0.11504936218261719,
        0.014801740646362305,
        0.855789840221405,
        0.6652950644493103,
        0.5672042369842529,
        0.724976122379303,
        0.3866782784461975,
        0.4908598065376282,
        0.39342403411865234,
        0.6128644347190857,
        0.1944229006767273,
        0.0006435513496398926,
        0.9786994457244873,
        0.975542426109314,
        0.33304762840270996,
        0.12731105089187622,
        0.24923479557037354,
        0.6394727826118469,
        0.23824232816696167,
        0.47839438915252686
    ]
}