{
    "format": 2,
    "name": "n40k8_10",
    "n": 40,
    "k": 8,
    "optimal_solution": 4.274933338165283,
    "x_values": [
        0.5617963075637817,
        0.8242154717445374,
        0.30456262826919556,
        0.3009938597679138,
        0.28191858530044556,
        0.3914845585823059,
        0.05438905954360962,
        0.7253106236457825,
        0.5585775375366211,
        0.1888079047203064,
        0.7511168718338013,
        0.9949656128883362,
        0.9514455795288086,
        0.2745504379272461,
        0.12417811155319214,
        0.5403245687484741,
        0.11498671770095825,
        0.30602020025253296,
        0.27638494968414307,
        0.6925706267356873,
        0.9121969938278198,
        0.06545108556747437,
        0.4933404326438904,
        0.823143720626831,
        0.12565892934799194,
        0.7500074505805969,
        0.2202635407447815,
        0.7099238038063049,
        0.6987830400466919,
        0.2293528914451599,
        0.7967032790184021,
        0.6751314401626587,
        0.3912510275840759,
        0.18362659215927124,
        0.8005572557449341,
        0.5797762870788574,
        0.40131670236587524,
        0.6750662922859192,
        0.22151899337768555,
        0.5813983082771301
    ],
    "y_values": [
        0.991446316242218,
        0.1968192458152771,
        0.5188671350479126,
        0.7094876170158386,
        0.531068742275238,
        0.4709015488624573,
        0.24929362535476685,
        0.1519298553466797,
        0.27419209480285645,
        0.3798081874847412,
        0.6647188067436218,
        0.315377414226532,
        0.45769739151000977,
        0.32289546728134155,
        0.4016260504722595,
        0.3112022876739502,
        0.26368284225463867,
        0.9285851120948792,
        0.5297561287879944,
        0.9698439836502075,
        0.8606430888175964,
        0.377041757106781,
        0.4496394395828247,
        0.4452996850013733,
        0.22625595331192017,
        0.6233764290809631,
        0.7372820377349854,
        0.6706534028053284,
        0.3174583315849304,
        0.1137474775314331,
        0.16108930110931396,
        0.6749818921089172,
        0.8716681599617004,
        0.10725879669189453,
        0.38948965072631836,
        0.917587161064148,
        0.6680392026901245,
        0.6535050272941589,
        0.4890625476837158,
        0.9524838328361511
    ]
}