{
    "format": 2,
    "name": "n100k9_40",
    "n": 100,
    "k": 9,
    "optimal_solution": 14.096421241760254,
    "x_values": [
        0.9158073663711548,
        0.02442622184753418,
        0.6914350986480713,
        0.9702644944190979,
        0.4292212724685669,
        0.9272890686988831,
        0.6454015970230103,
        0.552949845790863,
        0.979978621006012,
        0.22163712978363037,
        0.3471028208732605,
        0.9064779281616211,
        0.8872254490852356,
        0.8861129283905029,
        0.009584188461303711,
        0.7172114849090576,
        0.5412771105766296,
        0.7030321359634399,
        0.527937114238739,
        0.583680272102356,
        0.8876358866691589,
        0.48305439949035645,
        0.11767035722732544,
        0.22869545221328735,
        0.2650536894798279,
        0.840843141078949,
        0.7157154083251953,
        0.9830601811408997,
        0.47124147415161133,
        0.7887660264968872,
        0.9724162220954895,
        0.4051212668418884,
        0.329228937625885,
        0.8990023732185364,
        0.8259404897689819,
        0.7180566787719727,
        0.5854895114898682,
        0.9430466294288635,
        0.775643527507782,
        0.005860090255737305,
        0.40393000841140747,
        0.6831740140914917,
        0.43199682235717773,
        0.22947371006011963,
        0.40156906843185425,
        0.6623244881629944,
        0.8800644278526306,
        0.2285812497138977,
        0.11833226680755615,
        0.26927828788757324,
        0.8108124136924744,
        0.1946016550064087,
        0.6959831714630127,
        0.3303397297859192,
        0.3903267979621887,
        0.26135700941085815,
        0.43988776206970215,
        0.8229103684425354,
        0.43868523836135864,
        0.9990503191947937,
        0.04303276538848877,
        0.687053918838501,
        0.5075481534004211,
        0.7804073691368103,
        0.23656129837036133,
        0.7765979170799255,
        0.48251545429229736,
        0.03469705581665039,
        0.9593803882598877,
        0.23960304260253906,
        0.40800046920776367,
        0.7479701638221741,
        0.011435508728027344,
        0.9467093348503113,
        0.7408567667007446,
        0.588667094707489,
        0.14598584175109863,
        0.751915454864502,
        0.3847365379333496,
        0.8424023389816284,
        0.8483768105506897,
        0.8892208337783813,
        0.7962031960487366,
        0.5382856130599976,
        0.9786936044692993,
        0.8743584156036377,
        0.008602738380432129,
        0.7765721678733826,
        0.35741961002349854,
        0.5043128132820129,
        0.9089369773864746,
        0.546667754650116,
        0.7058249711990356,
        0.2623167037963867,
        0.567849338054657,
        0.0678873062133789,
        0.6452004313468933,
        0.871647298336029,
        0.6621808409690857,
        0.11521518230438232
    ],
    "y_values": [
        0.2439073920249939,
        0.7854915261268616,
        0.20784777402877808,
        0.22986388206481934,
        0.8184314370155334,
        0.9421933889389038,
        0.25206369161605835,
        0.2347812056541443,
        0.8243207335472107,
        0.7350470423698425,
        0.6409512758255005,
        0.4069553017616272,
        0.23373979330062866,
        0.46594083309173584,
        0.3712853193283081,
        0.6985318064689636,
        0.8304541707038879,
        0.7829254269599915,
        0.514999270439148,
        0.032659053802490234,
        0.3192814588546753,
        0.7341671586036682,
        0.7225320339202881,
        0.39990466833114624,
        0.9648551344871521,
        0.7463778257369995,
        0.2901011109352112,
        0.49108123779296875,
        0.3534657955169678,
        0.6818467974662781,
        0.8294088840484619,
        0.9834766983985901,
        0.27444714307785034,
        0.5966408848762512,
        0.34569233655929565,
        0.5782859921455383,
        0.5507009625434875,
        0.7601397633552551,
        0.12066715955734253,
        0.5751148462295532,
        0.22692978382110596,
        0.40949058532714844,
        0.6660821437835693,
        0.03532665967941284,
        0.7420399188995361,
        0.7403964400291443,
        0.7002938985824585,
        0.8518871665000916,
        0.7678312659263611,
        0.6951460838317871,
        0.670647919178009,
        0.8178955316543579,
        0.711645245552063,
        0.8852881789207458,
        0.971540629863739,
        0.5109460949897766,
        0.8425799012184143,
        0.6469264030456543,
        0.4745962619781494,
        0.9311681389808655,
        0.9560215473175049,
        0.7017838358879089,
        0.4278942942619324,
        0.8880947828292847,
        0.8850647211074829,
        0.4196627140045166,
        0.7534914612770081,
        0.13727378845214844,
        0.10406237840652466,
        0.34554755687713623,
        0.9600560665130615,
        0.08705592155456543,
        0.5098363757133484,
        0.4034496545791626,
        0.14207810163497925,
        0.33442896604537964,
        0.7055892944335938,
        0.2654786705970764,
        0.8887594938278198,
        0.13162678480148315,
        0.4213631749153137,
        0.35202765464782715,
        0.38136786222457886,
        0.9292799234390259,
        0.13709819316864014,
        0.7552371621131897,
        0.5687565803527832,
        0.46246612071990967,
        0.8072221875190735,
        0.6490222811698914,
        0.501548707485199,
        0.37041014432907104,
        0.5801562070846558,
        0.4931909441947937,
        0.22493046522140503,
        0.8895972967147827,
        0.0121842622756958,
        0.021658897399902344,
        0.11308997869491577,
        0.020021677017211914
    ]
}