{
    "format": 10,
    "name": "n200k50_46",
    "n": 200,
    "k": 50,
    "optimal_solution": 569.0134941631895,
    "x_values": [
        0.30808623005300295,
        0.6900396095122913,
        0.5095303224280804,
        0.11284729386096226,
        0.7530615176098797,
        0.7437592412849383,
        0.6090358762990161,
        0.4212843785188555,
        0.08128251332878345,
        0.7290061664866114,
        0.22205287968752574,
        0.45049831232471527,
        0.28379292825845726,
        0.8505040054582049,
        0.8017807466351077,
        0.22401336952684403,
        0.8211339100402076,
        0.4256106345996259,
        0.34991548155378116,
        0.36997096521110917,
        0.9807933234761184,
        0.027082248128473485,
        0.5944595524739782,
        0.1873230858587358,
        0.8462294421753975,
        0.5664442447015217,
        0.24129238349732796,
        0.3371195966130235,
        0.44237492783837673,
        0.14099459492513544,
        0.7873091542425253,
        0.06915627152537929,
        0.061402452843167254,
        0.8846519083967044,
        0.47697094028271647,
        0.7310856080532633,
        0.3849400255086832,
        0.5617406768250323,
        0.9170490386067816,
        0.9427647553520688,
        0.5076795427104457,
        0.3009986033876466,
        0.7487788932814323,
        0.03717832731317561,
        0.6501576801290327,
        0.4101813291844679,
        0.4648837043173486,
        0.9073703930414376,
        0.824370145868647,
        0.8291160319634149,
        0.9308318771956259,
        0.37807525205620374,
        0.26812895784558355,
        0.0331896105641073,
        0.7431188380016013,
        0.44090968837463007,
        0.010351848096051386,
        0.9421008619798911,
        0.7086725021805058,
        0.40387483822093173,
        0.3840952188037914,
        0.39541998340966333,
        0.8891134321922467,
        0.45902813389852204,
        0.49211661445682187,
        0.07669490016911784,
        0.8158582803909472,
        0.03494177395744713,
        0.27851618224519237,
        0.28509868526992055,
        0.9713233389476221,
        0.1713120173840409,
        0.21295663894018813,
        0.5943682302664358,
        0.363908458300755,
        0.5827956499308792,
        0.8599426107089422,
        0.5017858268166625,
        0.7653264198540987,
        0.1534995779178876,
        0.8530360108758233,
        0.44458177752438943,
        0.6147840170487777,
        0.8022513186573169,
        0.8487015069718779,
        0.120398234692499,
        0.9114078663771972,
        0.17469592109619203,
        0.668208994035419,
        0.656774916310031,
        0.996584825038315,
        0.39649881487050165,
        0.07943725732830131,
        0.2605436343627686,
        0.08504180517610505,
        0.36197886473226704,
        0.36407678411018507,
        0.6071818925363077,
        0.29004325766982775,
        0.25388865624052537,
        0.3793750528183759,
        0.07067262499167037,
        0.7721981560231415,
        0.3709324604161631,
        0.22806628097721493,
        0.23423493635882997,
        0.844885650135363,
        0.1656696379486714,
        0.31781065183288526,
        0.19309013007418752,
        0.8203398597968978,
        0.029831505637274214,
        0.8768910084319155,
        0.751529597649245,
        0.7241371718555629,
        0.5945749271981847,
        0.19064363326471312,
        0.9919210980853335,
        0.0797060215333214,
        0.801905020662221,
        0.12387517138400417,
        0.5196389164264266,
        0.4090992759114189,
        0.8058710082230084,
        0.638279251708019,
        0.2217169585620289,
        0.4199094855336053,
        0.7193577707849397,
        0.6264731166242858,
        0.029845669480419335,
        0.7130265189141344,
        0.1741326488145961,
        0.08065165914161954,
        0.6429016208080904,
        0.6091897326653695,
        0.5324050421407615,
        0.8299732727745874,
        0.612979781769407,
        0.0794889443095721,
        0.3095491269832804,
        0.2965917981487174,
        0.8929162003072487,
        0.7511489766209118,
        0.7842224256063645,
        0.3208715563653327,
        0.18094869280087222,
        0.8294238852397722,
        0.9842765589782542,
        0.6153347780261057,
        0.9886201733050998,
        0.8629485182055822,
        0.7657644221113135,
        0.054426971616366115,
        0.87100866755898,
        0.8556021805209598,
        0.7326281191518601,
        0.9324670759479046,
        0.16839105192041937,
        0.5148575759424547,
        0.9993170480460855,
        0.6426235250420315,
        0.3559177198507715,
        0.3658264440513028,
        0.6802014470258856,
        0.8549338416406322,
        0.7456383920290732,
        0.32842190752136025,
        0.40656117239613965,
        0.6551749152741758,
        0.3232908889215905,
        0.09357651017451163,
        0.3625639092934281,
        0.13128039319636675,
        0.8297449647319307,
        0.43751664230308884,
        0.8835247728395033,
        0.6481808950863575,
        0.611737515711725,
        0.07093782457260411,
        0.2558967053975527,
        0.6491471326409157,
        0.9925060854348886,
        0.18831976065153921,
        0.95637769589724,
        0.30291654157998804,
        0.7755252330693599,
        0.6511103820449756,
        0.5497759760307952,
        0.5292652698306444,
        0.46838199915801826,
        0.5620428472814298,
        0.8115263050006772,
        0.09563576698200016,
        0.4088366516800892,
        0.7354239140473086,
        0.6791695055110333,
        0.9416257671980873,
        0.1758600694390553,
        0.15853994996746046,
        0.4004279437471886
    ],