{
    "format": 10,
    "name": "n200k50_13",
    "n": 200,
    "k": 50,
    "optimal_solution": 532.1265130460245,
    "x_values": [
        0.7421159121877037,
        0.4979117008539622,
        0.5058498440119009,
        0.46872300920247767,
        0.24676293764746526,
        0.0867488344260372,
        0.9095453171212395,
        0.36914137698209726,
        0.6226412176128141,
        0.9807013860060666,
        0.22501883529156785,
        0.8552125109464835,
        0.15988168812860604,
        0.24312878242395664,
        0.2667480240711615,
        0.07070315955692863,
        0.34747916649881383,
        0.4197844329643384,
        0.15432886775820953,
        0.12974123585401587,
        0.551224373732137,
        0.08761897844539435,
        0.9029881872436909,
        0.8184911373895111,
        0.14310183109032382,
        0.10677420520519754,
        0.14952107925112812,
        0.3276760887517097,
        0.7226914985730588,
        0.3606549893104801,
        0.3293230826808665,
        0.3899123229948884,
        0.6182674843571137,
        0.25841124881162003,
        0.23943687822048287,
        0.9566650899258897,
        0.4567610942363324,
        0.5330390066204792,
        0.13569972497738436,
        0.8425631560760581,
        0.04803353185489001,
        0.6697980206103463,
        0.5022965496641507,
        0.2883884822503724,
        0.10330103953517966,
        0.36824270957287353,
        0.9078513080005651,
        0.8345073927358053,
        0.3929770427624866,
        0.3182511971261196,
        0.9351950333356315,
        0.1686393351256552,
        0.4562752055616366,
        0.07288730580125169,
        0.11501276765687163,
        0.7127232932952597,
        0.6779384121054092,
        0.2721186646099937,
        0.3438958242353741,
        0.14080995362894222,
        0.7960796301328367,
        0.04772659562016379,
        0.9376180038642381,
        0.8022978029818975,
        0.04200743310980737,
        0.478837631117908,
        0.4129566682968011,
        0.24714493383043645,
        0.6765003167131277,
        0.742385575210359,
        0.32505547553557046,
        0.6982914871174583,
        0.9477833856919666,
        0.7095522442379767,
        0.8020430217136592,
        0.006020435788050449,
        0.876517282963748,
        0.08437214460800191,
        0.594363708751449,
        0.8526087445395781,
        0.5946741919434531,
        0.41309819720861085,
        0.5577712757059125,
        0.13060024621186006,
        0.8112920857510091,
        0.1898064907099727,
        0.9579010729931288,
        0.9402380230888343,
        0.49995089920146796,
        0.5564473007819883,
        0.47450774472288837,
        0.6980998144190664,
        0.28371071327803976,
        0.25620623102350437,
        0.189184783795735,
        0.5467479355226946,
        0.704207847555406,
        0.7816502192490121,
        0.04431440653306151,
        0.18796950984526573,
        0.567005430402622,
        0.6053637994667689,
        0.2353856910639086,
        0.44064001937080455,
        0.36797272991224805,
        0.6473466326575675,
        0.5562714526536684,
        0.6478025980529012,
        0.37846457488497154,
        0.9745492498199902,
        0.38326060960335273,
        0.9013205538938415,
        0.5214390985016826,
        0.3738093844354965,
        0.24808475480750936,
        0.03522417626681218,
        0.9755451787550026,
        0.7662046836009087,
        0.04379561057364589,
        0.6764025092401809,
        0.09162322110113175,
        0.30929539903128556,
        0.7563606798910849,
        0.9080514950851727,
        0.5943560211933294,
        0.5330921803894147,
        0.7275675051236327,
        0.9629871095245651,
        0.14247079712393096,
        0.49051352200782206,
        0.5223483599821234,
        0.4985039271267183,
        0.5744110513374806,
        0.024522217537720548,
        0.032733174687396116,
        0.7735928005708763,
        0.20790712458316873,
        0.033133866709959214,
        0.20278068814706296,
        0.18141937508407024,
        0.05948487926058621,
        0.6522611145550039,
        0.7832860198858075,
        0.07765097678402277,
        0.8519450944280106,
        0.42742818516212533,
        0.49973312462665564,
        0.127067808661112,
        0.8021725131138995,
        0.644863957677846,
        0.1276368459326731,
        0.10382900670578188,
        0.6427178835769107,
        0.01907174697144287,
        0.5195597605235803,
        0.6775437171590457,
        0.7519444759475772,
        0.04836794990715698,
        0.7790407800339163,
        0.40216388056364394,
        0.7134590265288522,
        0.6248652013380004,
        0.3845958441187891,
        0.8087759274514906,
        0.1547233054897429,
        0.11839890762732252,
        0.2330403376617911,
        0.7107181689228032,
        0.5303790211787351,
        0.3950080172292678,
        0.6631937729260972,
        0.32165111850585315,
        0.9121656442710563,
        0.6313086498569289,
        0.5144857577146379,
        0.6925252005473165,
        0.4120320893277918,
        0.8562698361237976,
        0.4386081108353018,
        0.5505513806920592,
        0.5337490184991774,
        0.5808155996910841,
        0.8655065341759837,
        0.8560667238829509,
        0.9164914287212257,
        0.7580866042108831,
        0.9738486493741637,
        0.8453999137474432,
        0.04354433583160844,
        0.23715691011120388,
        0.8995732273969156,
        0.3983918396340398,
        0.6440471238880706,
        0.4257377821164221,
        0.5195738786841247,
        0.9038919651108626,
        0.312822633042945,
        0.470500250880022,
        0.973925046548269,
        0.33413096654470387
    ],