{
    "format": 5,
    "name": "n50k8_10",
    "n": 50,
    "k": 8,
    "optimal_solution": 0.26189756393432617,
    "x_values": [
        0.4862678050994873,
        0.45191746950149536,
        0.311241090297699,
        0.779272735118866,
        0.20737701654434204,
        0.09170913696289062,
        0.2073114514350891,
        0.141701340675354,
        0.043958067893981934,
        0.8502909541130066,
        0.821564257144928,
        0.5109890699386597,
        0.04986006021499634,
        0.8642391562461853,
        0.10788547992706299,
        0.2945683002471924,
        0.5315085649490356,
        0.5743823051452637,
        0.7832741141319275,
        0.5781256556510925,
        0.5080683827400208,
        0.7021393179893494,
        0.4975072145462036,
        0.10089874267578125,
        0.2852388620376587,
        0.7646375298500061,
        0.9448981285095215,
        0.6199007630348206,
        0.9025070071220398,
        0.24897384643554688,
        0.2416553497314453,
        0.8099616765975952,
        0.026202738285064697,
        0.6461939811706543,
        0.0658373236656189,
        0.8436098694801331,
        0.10326749086380005,
        0.8398472666740417,
        0.5770793557167053,
        0.07069772481918335,
        0.785598635673523,
        0.7078148126602173,
        0.9550502896308899,
        0.10098999738693237,
        0.8891318440437317,
        0.30697011947631836,
        0.6540246605873108,
        0.8875895738601685,
        0.0006878972053527832,
        0.8950688242912292
    ],
    "y_values": [
        0.8605167865753174,
        0.4741879105567932,
        0.6771010756492615,
        0.3197482228279114,
        0.5366488099098206,
        0.7712965607643127,
        0.07777667045593262,
        0.07209515571594238,
        0.8361465930938721,
        0.9767490029335022,
        0.722894549369812,
        0.5507149696350098,
        0.5953755378723145,
        0.6015383005142212,
        0.021007895469665527,
        0.0327795147895813,
        0.16289126873016357,
        0.7596805691719055,
        0.4355595111846924,
        0.6421676874160767,
        0.38494449853897095,
        0.7635823488235474,
        0.798610270023346,
        0.332761287689209,
        0.28554511070251465,
        0.1402500867843628,
        0.22188705205917358,
        0.10449987649917603,
        0.7725065350532532,
        0.10874301195144653,
        0.7361499667167664,
        0.1416143774986267,
        0.2893812656402588,
        0.1451151967048645,
        0.30347955226898193,
        0.07481509447097778,
        0.13980883359909058,
        0.10457557439804077,
        0.6169710755348206,
        0.924237072467804,
        0.9075056910514832,
        0.4351496696472168,
        0.7334988117218018,
        0.6101582646369934,
        0.8684585690498352,
        0.5503941774368286,
        0.9295670986175537,
        0.8065974712371826,
        0.724454939365387,
        0.03385120630264282
    ]
}