{
    "format": 2,
    "name": "n30k10_40",
    "n": 30,
    "k": 10,
    "optimal_solution": 3.030930995941162,
    "x_values": [
        0.9956450462341309,
        0.4108262062072754,
        0.38664567470550537,
        0.9522050619125366,
        0.4364583492279053,
        0.6501194834709167,
        0.8525101542472839,
        0.7922264337539673,
        0.3352828621864319,
        0.686168909072876,
        0.1294112205505371,
        0.7838694453239441,
        0.6703927516937256,
        0.27152764797210693,
        0.9147704839706421,
        0.46315860748291016,
        0.42289263010025024,
        0.6134499907493591,
        0.4722229242324829,
        0.8745986819267273,
        0.037265002727508545,
        0.5374334454536438,
        0.6462063789367676,
        0.5045416951179504,
        0.39540451765060425,
        0.48373931646347046,
        0.07357901334762573,
        0.4652535915374756,
        0.15952378511428833,
        0.7702258825302124
    ],
    "y_values": [
        0.02328091859817505,
        0.3678154945373535,
        0.3774545192718506,
        0.8987082839012146,
        0.550621747970581,
        0.9564533829689026,
        0.6516444087028503,
        0.023792386054992676,
        0.5680641531944275,
        0.9853991270065308,
        0.9227404594421387,
        0.6624131798744202,
        0.01193690299987793,
        0.20981228351593018,
        0.23670560121536255,
        0.5894851684570312,
        0.8719981908798218,
        0.6434521675109863,
        0.854573130607605,
        0.42385804653167725,
        0.49911534786224365,
        0.7490409016609192,
        0.20354902744293213,
        0.8087184429168701,
        0.004223644733428955,
        0.9779767990112305,
        0.7028207778930664,
        0.6475779414176941,
        0.16926109790802002,
        0.9539085626602173
    ]
}