{
    "format": 2,
    "name": "n30k10_93",
    "n": 30,
    "k": 10,
    "optimal_solution": 3.2785897254943848,
    "x_values": [
        0.499431848526001,
        0.3268481492996216,
        0.8282074332237244,
        0.8735721707344055,
        0.06788039207458496,
        0.7184503078460693,
        0.4440634250640869,
        0.536272406578064,
        0.4553106427192688,
        0.4765027165412903,
        0.535856306552887,
        0.26084405183792114,
        0.07677090167999268,
        0.7369037866592407,
        0.3067554831504822,
        0.11926436424255371,
        0.8498916625976562,
        0.9481320381164551,
        0.25126945972442627,
        0.9598122239112854,
        0.6214110255241394,
        0.045752644538879395,
        0.13822466135025024,
        0.9539585113525391,
        0.3021291494369507,
        0.5492691397666931,
        0.8816420435905457,
        0.29508650302886963,
        0.48495322465896606,
        0.9475917816162109
    ],
    "y_values": [
        0.48057693243026733,
        0.27180594205856323,
        0.18994581699371338,
        0.3156794309616089,
        0.21368324756622314,
        0.2800818681716919,
        0.4472035765647888,
        0.6598092913627625,
        0.7845221757888794,
        0.6081103682518005,
        0.97490394115448,
        0.16275376081466675,
        0.6632370948791504,
        0.02055835723876953,
        0.49005573987960815,
        0.9340853095054626,
        0.5648269057273865,
        0.1402122974395752,
        0.5948351621627808,
        0.2166641354560852,
        0.39131295680999756,
        0.49646079540252686,
        0.7628065347671509,
        0.7804784774780273,
        0.9442042708396912,
        0.8093698024749756,
        0.9223088622093201,
        0.9791631102561951,
        0.03462028503417969,
        0.1474354863166809
    ]
}