{
    "format": 2,
    "name": "n30k10_89",
    "n": 30,
    "k": 10,
    "optimal_solution": 2.8907294273376465,
    "x_values": [
        0.44409847259521484,
        0.0169980525970459,
        0.20424991846084595,
        0.7334712147712708,
        0.5383279919624329,
        0.7650216221809387,
        0.09612959623336792,
        0.8702182173728943,
        0.17377543449401855,
        0.8206748962402344,
        0.11143124103546143,
        0.3410293459892273,
        0.00822824239730835,
        0.6191890835762024,
        0.8560237884521484,
        0.9594162702560425,
        0.878891110420227,
        0.9459654092788696,
        0.20746266841888428,
        0.6640021800994873,
        0.7444092035293579,
        0.2298717498779297,
        0.14551949501037598,
        0.8041446208953857,
        0.8921608328819275,
        0.8275524377822876,
        0.7234230637550354,
        0.323585569858551,
        0.7673527002334595,
        0.7129454612731934
    ],
    "y_values": [
        0.8672025799751282,
        0.44435930252075195,
        0.40292978286743164,
        0.01880747079849243,
        0.7267579436302185,
        0.6493077874183655,
        0.5288922190666199,
        0.7105839252471924,
        0.012851834297180176,
        0.25832122564315796,
        0.4047037363052368,
        0.21786463260650635,
        0.8651110529899597,
        0.22485589981079102,
        0.4772539734840393,
        0.7695044279098511,
        0.09896916151046753,
        0.26173561811447144,
        0.8294259309768677,
        0.7805548310279846,
        0.6784989237785339,
        0.6228058338165283,
        0.3212505578994751,
        0.4613083004951477,
        0.7473537921905518,
        0.12832021713256836,
        0.8798697590827942,
        0.8619329333305359,
        0.7908288240432739,
        0.9344085454940796
    ]
}