{
    "format": 2,
    "name": "n90k2_68",
    "n": 90,
    "k": 2,
    "optimal_solution": 32.174102783203125,
    "x_values": [
        0.1955830454826355,
        0.2748544216156006,
        0.4797954559326172,
        0.4260970950126648,
        0.6030440926551819,
        0.13926619291305542,
        0.1665184497833252,
        0.6958413124084473,
        0.17824411392211914,
        0.697516918182373,
        0.6577516198158264,
        0.5783404111862183,
        0.30799585580825806,
        0.4419993758201599,
        0.08818155527114868,
        0.21902775764465332,
        0.8208897113800049,
        0.1497144103050232,
        0.45055466890335083,
        0.16946500539779663,
        0.5212146043777466,
        0.10858088731765747,
        0.8609516620635986,
        0.23246026039123535,
        0.3499593138694763,
        0.2938022017478943,
        0.3817784786224365,
        0.26433122158050537,
        0.06382894515991211,
        0.43671977519989014,
        0.6455910205841064,
        0.7094950079917908,
        0.7454929947853088,
        0.4097462296485901,
        0.22359120845794678,
        0.03587055206298828,
        0.27741479873657227,
        0.02579188346862793,
        0.853095531463623,
        0.057782888412475586,
        0.01812499761581421,
        0.2013314962387085,
        0.9954618811607361,
        0.1524273157119751,
        0.9461408257484436,
        0.6512930393218994,
        0.89205002784729,
        0.49711108207702637,
        0.6880669593811035,
        0.9771562814712524,
        0.4640556573867798,
        0.8252829909324646,
        0.041394591331481934,
        0.9194049835205078,
        0.020555317401885986,
        0.339502215385437,
        0.4868783950805664,
        0.31331682205200195,
        0.26267093420028687,
        0.39427220821380615,
        0.9579139947891235,
        0.9701876640319824,
        0.49620169401168823,
        0.2142125964164734,
        0.3283282518386841,
        0.07688617706298828,
        0.5496702194213867,
        0.5293591618537903,
        0.6014737486839294,
        0.3583386540412903,
        0.05615997314453125,
        0.6784623861312866,
        0.032553017139434814,
        0.3903713822364807,
        0.3646842837333679,
        0.43568921089172363,
        0.442832350730896,
        0.06786900758743286,
        0.43310797214508057,
        0.5339813828468323,
        0.9315760731697083,
        0.9792819619178772,
        0.5419275164604187,
        0.1697809100151062,
        0.24476021528244019,
        0.09548908472061157,
        0.7524588704109192,
        0.8849171996116638,
        0.39145487546920776,
        0.4396812319755554
    ],
    "y_values": [
        0.08434808254241943,
        0.2944313883781433,
        0.260758638381958,
        0.7003376483917236,
        0.7074555158615112,
        0.7803652882575989,
        0.10010528564453125,
        0.11597973108291626,
        0.6946188807487488,
        0.03994762897491455,
        0.4391152858734131,
        0.28693175315856934,
        0.14880383014678955,
        0.811850905418396,
        0.05736398696899414,
        0.959900975227356,
        0.48487919569015503,
        0.44281065464019775,
        0.5824889540672302,
        0.08917087316513062,
        0.2520727515220642,
        0.20818591117858887,
        0.34865158796310425,
        0.46533483266830444,
        0.026408612728118896,
        0.9070360660552979,
        0.8809177279472351,
        0.4575451612472534,
        0.2391960620880127,
        0.5542131066322327,
        0.595772922039032,
        0.20477169752120972,
        0.5861265063285828,
        0.5487200021743774,
        0.3234561085700989,
        0.660732626914978,
        0.5922850370407104,
        0.6224046349525452,
        0.6103355288505554,
        0.8850806951522827,
        0.8294252753257751,
        0.9225928783416748,
        0.9829622507095337,
        0.9251374006271362,
        0.970221757888794,
        0.5507888197898865,
        0.8481392860412598,
        0.5575762987136841,
        0.40731072425842285,
        0.4311313033103943,
        0.9185559153556824,
        0.7147207260131836,
        0.6782973408699036,
        0.7793554663658142,
        0.1470707654953003,
        0.826299786567688,
        0.029648542404174805,
        0.11425966024398804,
        0.9528713226318359,
        0.5721198916435242,
        0.07808029651641846,
        0.2280924916267395,
        0.2085132598876953,
        0.9554758071899414,
        0.8466514348983765,
        0.09240293502807617,
        0.6753847599029541,
        0.23241448402404785,
        0.48361295461654663,
        0.8340563178062439,
        0.5231432318687439,
        0.23434758186340332,
        0.9512445330619812,
        0.16666001081466675,
        0.27662795782089233,
        0.8779270648956299,
        0.33910125494003296,
        0.33640986680984497,
        0.1527411937713623,
        0.9958701729774475,
        0.8975492715835571,
        0.9041844606399536,
        0.3190891742706299,
        0.8606321811676025,
        0.5929619669914246,
        0.9312810897827148,
        0.15421241521835327,
        0.47949039936065674,
        0.9969594478607178,
        0.6667789220809937
    ]
}