{
    "format": 10,
    "name": "n50k5_2",
    "n": 50,
    "k": 5,
    "optimal_solution": 48.47906848717611,
    "x_values": [
        0.012117049829535875,
        0.6496314126734165,
        0.40528751021715714,
        0.10652367789561412,
        0.9882277999338301,
        0.9213531754317401,
        0.45599490253576924,
        0.4685353115493708,
        0.7534935628758072,
        0.4445157832375659,
        0.9496841799896607,
        0.7652189870299592,
        0.22192353497327955,
        0.4804714941471713,
        0.5741220109720017,
        0.30994231697558106,
        0.19727068997133312,
        0.2019889191975689,
        0.9902304182516934,
        0.03697226527445918,
        0.527805142873998,
        0.11064807274622723,
        0.884967148854467,
        0.44234974761767,
        0.5737344153485021,
        0.7588896559411593,
        0.832147382587722,
        0.9927004876473073,
        0.278031994522269,
        0.02362605311141308,
        0.9219136394025799,
        0.2680495253698082,
        0.2937246567467674,
        0.944813176778993,
        0.8101537105193163,
        0.3341875959128753,
        0.5919180767452275,
        0.44773891031232516,
        0.22744962001116653,
        0.23329351593243575,
        0.6619794481916937,
        0.3030380730598561,
        0.5646446327150706,
        0.4071571006247917,
        0.7013296851934326,
        0.34244316349942683,
        0.9401231867205991,
        0.22881178980728167,
        0.9856384032137541,
        0.4800449220549682
    ],
    "y_values": [
        0.6797060223409064,
        0.818543517672389,
        0.7268927263776831,
        0.36019309791775855,
        0.9068715050910584,
        0.8764340798318421,
        0.7571312789276333,
        0.3111167000024676,
        0.6947317853344026,
        0.5856665863365459,
        0.1801123200709135,
        0.626507732303578,
        0.9799467276631566,
        0.21444234042868704,
        0.3859168270053941,
        0.11166816172931238,
        0.7396991894649234,
        0.4776225287288015,
        0.8314717222479135,
        0.23535803782765308,
        0.994449611413702,
        0.2164559137935118,
        0.5679250126261502,
        0.3034385797630903,
        0.42757192026429314,
        0.9130386200157579,
        0.2730462961388138,
        0.4953099319164226,
        0.7227744173425175,
        0.9290944555271312,
        0.19607612336262936,
        0.7462482736392867,
        0.5601574988863112,
        0.34899598245171837,
        0.5260521350511594,
        0.8578226218340507,
        0.9697489042673558,
        0.2436013283997296,
        0.6217341285454767,
        0.865756746226269,
        0.6588530749981858,
        0.3880202885971078,
        0.45323502766923174,
        0.09248877511005471,
        0.7012953764069145,
        0.9910329574748014,
        0.958958888362542,
        0.27347957772394227,
        0.20075820230715635,
        0.1243679664622711
    ],
    "costs": [
        39.42977653199603,
        46.28349451275998,
        22.573261632131995,
        47.17515145616245,
        24.36894912469284,
        21.438108171319126,
        30.164677305882986,
        9.55706657093832,
        44.272112550622204,
        42.11404375265799,
        25.81283910079764,
        10.638292732312571,
        44.63763443581341,
        10.46458190296704,
        11.131136978082754,
        6.102392730817692,
        36.38686851796518,
        31.435157210217042,
        32.5559995953665,
        47.05082498089114,
        21.694749435448582,
        16.833806728508478,
        18.601684555627294,
        14.388166344780197,
        31.66383295565966,
        36.22827445580553,
        25.15371889398171,
        9.573094600738715,
        18.318678735330508,
        48.97311380712423,
        34.06496852446044,
        21.227864935024773,
        5.2206163340283664,
        44.32689667034851,
        31.968490051333816,
        15.680166455165919,
        34.76353973861346,
        26.394624347258052,
        42.79675904064249,
        9.457532559286332,
        29.34528938941961,
        22.780387497611148,
        47.91940803551183,
        31.243604707863504,
        11.791194426232678,
        19.496939783367836,
        32.19515351592596,
        43.35100724682299,
        7.46422029895349,
        6.073410868281188
    ]
}