{
    "format": 10,
    "name": "n50k5_5",
    "n": 50,
    "k": 5,
    "optimal_solution": 56.17108332239332,
    "x_values": [
        0.3055487424824367,
        0.24872923796133173,
        0.8581280559408291,
        0.2542391521767997,
        0.27844817124218957,
        0.25272095996348265,
        0.9428673760507992,
        0.3895347796349987,
        0.4358941047710456,
        0.26390319749925173,
        0.4643077701649382,
        0.030627635760413385,
        0.5465955159619025,
        0.29014986596091796,
        0.7343807915694105,
        0.5523190351387062,
        0.09985237813888359,
        0.7288681839100135,
        0.09498369313628552,
        0.40721678956839213,
        0.1427012799688192,
        0.945370841122226,
        0.8301355443395507,
        0.16995639738235124,
        0.00359293510279457,
        0.12959392589120677,
        0.09589263885479626,
        0.35866478835099325,
        0.3178511322894422,
        0.018158425794518984,
        0.6098395061815061,
        0.8060536489482628,
        0.6152738524462708,
        0.9782248862466153,
        0.4157023362719676,
        0.7308078908833683,
        0.7728363364572971,
        0.12216904260140804,
        0.8364572611632095,
        0.7083482841507839,
        0.3724778604492338,
        0.6981308925490248,
        0.696314134915506,
        0.13315912083282255,
        0.7931833265693352,
        0.5526744793016345,
        0.04799419883174594,
        0.503214335720638,
        0.5482481285416076,
        0.9841060895921967
    ],
    "y_values": [
        0.6479216400165383,
        0.6359610207688857,
        0.23501164726794843,
        0.9212338721082602,
        0.7401700024103072,
        0.954646987463807,
        0.8508332946383105,
        0.3060625083516836,
        0.9950584873899213,
        0.1743567953886056,
        0.33986236710959683,
        0.8703660568323893,
        0.19847729500989897,
        0.3641324046755049,
        0.7715882964917044,
        0.08693961885431012,
        0.914635444653124,
        0.7762934949931305,
        0.8170713508473622,
        0.31934129824148383,
        0.6858231606736923,
        0.8348239897309017,
        0.46300684247405366,
        0.7041243355221887,
        0.5521632845573343,
        0.17716829033096093,
        0.040376836218305456,
        0.08245602982620959,
        0.44514220413834127,
        0.5315242155459602,
        0.018681011865808617,
        0.23795983955168754,
        0.2547270946836169,
        0.963840941777411,
        0.8023416541696305,
        0.5336467615581604,
        0.7975306995771736,
        0.0069930680595238215,
        0.7592323094085521,
        0.470887848121918,
        0.8367700393763824,
        0.4317664285556,
        0.7992726779643214,
        0.8495456564679343,
        0.3094982715458966,
        0.9010914499405497,
        0.17809087491893916,
        0.991654261148524,
        0.22018529748898874,
        0.9572783388385041
    ],
    "costs": [
        19.781455048792758,
        36.146140914913474,
        18.27574830303929,
        37.88768299967752,
        31.83157708173746,
        13.147100262595716,
        19.669324220272525,
        40.70532344928458,
        30.35888961184347,
        24.93296011874737,
        25.02127995577933,
        31.981296556644217,
        49.21494922314983,
        8.971849008007823,
        35.6278742363789,
        40.33645235161917,
        49.52475534125149,
        40.886643861765705,
        15.057485519531852,
        36.88885382373077,
        39.13682561301531,
        26.048115033846138,
        48.72046430726216,
        24.896836313100223,
        16.255135533446307,
        39.51744332208628,
        35.727292296913234,
        8.949341549570972,
        22.507457845101545,
        29.7271523300515,
        49.050769546248766,
        43.19907073713113,
        48.559092014113894,
        30.669806271150456,
        46.02036690478545,
        6.753914847296821,
        39.04306892235829,
        44.51875411486904,
        34.66838998180995,
        48.391728084943466,
        13.169033044821443,
        39.94644399158486,
        14.063789226496258,
        36.919395875006586,
        31.78007125823461,
        21.91824527632784,
        5.349308074963074,
        28.130804663964277,
        17.253256966417936,
        24.468033169464334
    ]
}