{
    "format": 10,
    "name": "n50k5_18",
    "n": 50,
    "k": 5,
    "optimal_solution": 51.28976793568377,
    "x_values": [
        0.7674131396176185,
        0.4032724249827292,
        0.4577426479991823,
        0.9904669917945886,
        0.49421229524576005,
        0.4710312492670141,
        0.870832512511633,
        0.8288381812590458,
        0.5770060545097279,
        0.5318922879439751,
        0.2466131235832415,
        0.5595138936011125,
        0.35837488415955765,
        0.6156378097014644,
        0.8905775228940931,
        0.0009696724348585706,
        0.5277371506016633,
        0.18519849561467427,
        0.14663637322572087,
        0.4697027607346598,
        0.16889632607030824,
        0.1031633714232918,
        0.3524696645586156,
        0.75937248319716,
        0.24201344629782673,
        0.6770046088231072,
        0.2949563876233863,
        0.5727609744419483,
        0.9857877523797165,
        0.22785213289090112,
        0.6037174333421218,
        0.6150867219032115,
        0.9169538363551679,
        0.28903037315027913,
        0.20106260892995775,
        0.5628822024752671,
        0.32038508942630306,
        0.7440989038794981,
        0.41475814105789255,
        0.43547975852113374,
        0.6625225145587191,
        0.3680011793850837,
        0.07448641560919689,
        0.058207806300727194,
        0.4906003044337066,
        0.031311378282125046,
        0.14961702181645353,
        0.8521724350082859,
        0.01570018129189743,
        0.1464713568709889
    ],
    "y_values": [
        0.8066651146479543,
        0.467742830067982,
        0.20402390048034047,
        0.6714809713962906,
        0.22144733133089756,
        0.7429050428641855,
        0.167744825414747,
        0.7358303844222541,
        0.6568117349947205,
        0.4612042919165473,
        0.7198164217507605,
        0.8268296806952917,
        0.1700118552675367,
        0.7297138512470207,
        0.285081028328271,
        0.5049921307863113,
        0.26790171537012053,
        0.2138270780324154,
        0.9796885256865013,
        0.42608452340611636,
        0.3914369717619448,
        0.7969482771757112,
        0.5802603075194536,
        0.03338527383810386,
        0.010376522707668645,
        0.54871552824525,
        0.4307913884247123,
        0.719997472838956,
        0.7272569687880974,
        0.7477898854193474,
        0.20787271094443383,
        0.858857689394688,
        0.1542519212763781,
        0.3095417864934116,
        0.9239747506041437,
        0.44727404991946695,
        0.768793736082468,
        0.8865681705699839,
        0.6279497496102041,
        0.19770228612775764,
        0.4690285735882672,
        0.35740393112627944,
        0.36306729637161583,
        0.9394451177074994,
        0.09136571350949885,
        0.9917196738030425,
        0.7949594189098448,
        0.7868920178420138,
        0.6163600584186263,
        0.02320889085136435
    ],
    "costs": [
        13.902238475562612,
        9.352737041790572,
        23.667514012520066,
        46.18812029955499,
        39.702362133760786,
        34.56197425561779,
        21.458614086602086,
        47.73141764227466,
        9.834904712822688,
        17.850385723658853,
        38.805221483766346,
        41.657434523937226,
        37.20975933399429,
        23.8310104577974,
        48.26147378131134,
        42.592621918816995,
        16.472371862363037,
        27.219090168735967,
        14.603361941799347,
        48.218067389606404,
        15.521416994037365,
        24.821597632505803,
        29.709604082243434,
        7.563172493048109,
        39.69468064894572,
        45.1337110811038,
        37.019274902725115,
        10.884557534402644,
        47.45231502329558,
        6.349749823385032,
        19.928976353292157,
        24.653442431350594,
        46.327588144179245,
        8.954407758196153,
        13.612211867515686,
        29.40441426596151,
        45.226804976406925,
        38.306754046836474,
        24.91441793051131,
        31.703675827308977,
        46.506338856475956,
        29.288564530093655,
        15.637526280804718,
        25.02772589999997,
        16.04802155262209,
        16.881034046144848,
        6.952822709682268,
        41.87350193520971,
        27.86500550322988,
        32.85363394502165
    ]
}