{
    "format": 10,
    "name": "n50k5_33",
    "n": 50,
    "k": 5,
    "optimal_solution": 50.28720448166382,
    "x_values": [
        0.7737905856778501,
        0.10835577093946114,
        0.1898858125306444,
        0.13346165474175375,
        0.2597585740119729,
        0.7625449354807979,
        0.08540764257470324,
        0.1773211732540656,
        0.9126304326240493,
        0.1654578692545382,
        0.6331079908214067,
        0.48760450138117284,
        0.3993600239409134,
        0.38296975578811265,
        0.04160515148524979,
        0.6073727632867914,
        0.4361225608966711,
        0.6644575657695613,
        0.08589402235136612,
        0.7319321927001275,
        0.9073486204130654,
        0.2698125848311663,
        0.1917449848229581,
        0.6741113826413366,
        0.43475054496575705,
        0.35965645857765705,
        0.8036189303720969,
        0.1404784285864874,
        0.3405441044310026,
        0.9403735816276242,
        0.800124234862799,
        0.06733703858211015,
        0.9047908219031577,
        0.6966424119399328,
        0.8792684847078804,
        0.5519252502662899,
        0.439244796684362,
        0.6126242287375323,
        0.6669827354938561,
        0.7270271440851983,
        0.5488042620601907,
        0.5658196215297616,
        0.7038898567050199,
        0.17767911208960752,
        0.8029938884378801,
        0.5926487235596885,
        0.17018395726117752,
        0.8144399269289995,
        0.862786986799115,
        0.6431250250754782
    ],
    "y_values": [
        0.10264403857596105,
        0.28314031034732146,
        0.5704289271153272,
        0.910488446113499,
        0.2703347094638434,
        0.11290304578984656,
        0.11015852752509492,
        0.006839847200212246,
        0.08409075600206184,
        0.8155674302073523,
        0.9614775207774119,
        0.6933674119656709,
        0.39677143768430123,
        0.577246409513659,
        0.18956091687446652,
        0.12099711808942082,
        0.8547206757099065,
        0.41218801827317053,
        0.1538362354466436,
        0.9057647371344736,
        0.8288485866955663,
        0.8207909368768512,
        0.030528702647035,
        0.45022459553160343,
        0.8900295275670176,
        0.15214680918783785,
        0.6192798234684117,
        0.5060887682929792,
        0.30272605793059526,
        0.30722366598129114,
        0.6182706801570405,
        0.5031964444629085,
        0.9603563138885197,
        0.39100373836789704,
        0.36398711520613214,
        0.29729500073015036,
        0.07410285391682159,
        0.5424625660991336,
        0.46335111697478415,
        0.9394955918139958,
        0.5998578751431722,
        0.2472929556822353,
        0.38558510286407266,
        0.8869152565898356,
        0.32694876156317987,
        0.6066709827754371,
        0.10178118879453002,
        0.41634233528503173,
        0.9565918316923876,
        0.6938486966435935
    ],
    "costs": [
        30.95213547772865,
        49.82648250385102,
        48.49985636100893,
        13.612493953223183,
        11.729003171395789,
        10.11555783591114,
        34.45841462272881,
        45.15936679601405,
        9.42682745740536,
        7.773634294287909,
        19.15904339194375,
        11.18272956310044,
        9.605345622961792,
        23.11889717204094,
        44.50200277576529,
        39.53761430596666,
        44.9245111898258,
        15.612015225305313,
        13.236384126853155,
        16.28175431515185,
        37.18694536967626,
        5.556643439285253,
        10.642291580437242,
        44.663356823427556,
        44.453271799273224,
        46.45111435153268,
        22.754120885111323,
        47.420129460751674,
        26.447611432622274,
        8.675290408268088,
        15.921326800869718,
        40.116128229457345,
        5.4512447847023395,
        11.274690136991904,
        16.11036618931754,
        42.57648161454968,
        39.09078601488251,
        16.391209640738882,
        15.878371403815859,
        24.07603394125039,
        40.99286956169423,
        41.60941533869866,
        26.333910095087674,
        6.333702050090986,
        39.77410700960233,
        32.85857715712622,
        37.928347244155674,
        34.33157596497601,
        33.551623761761874,
        34.75016977437187
    ]
}