{
    "format": 2,
    "name": "n70k8_42",
    "n": 70,
    "k": 8,
    "optimal_solution": 10.594151496887207,
    "x_values": [
        0.1110885739326477,
        0.9643303155899048,
        0.8903409838676453,
        0.447625994682312,
        0.743722140789032,
        0.3895978331565857,
        0.27421844005584717,
        0.19670289754867554,
        0.8795143961906433,
        0.1583535075187683,
        0.6751821637153625,
        0.13991981744766235,
        0.7294172048568726,
        0.03538644313812256,
        0.9501465559005737,
        0.7366421222686768,
        0.40236490964889526,
        0.9365185499191284,
        0.7833636403083801,
        0.38050293922424316,
        0.4086557626724243,
        0.4967476725578308,
        0.7510203123092651,
        0.5843313932418823,
        0.9411558508872986,
        0.9441553950309753,
        0.5030839443206787,
        0.3431423306465149,
        0.7201218605041504,
        0.8451908826828003,
        0.046561241149902344,
        0.7501020431518555,
        0.07657754421234131,
        0.9310656189918518,
        0.7088460922241211,
        0.16857999563217163,
        0.8211045265197754,
        0.2812415361404419,
        0.5358302593231201,
        0.7774029970169067,
        0.6464345455169678,
        0.6812554001808167,
        0.5535708069801331,
        0.09772086143493652,
        0.8241578936576843,
        0.20610690116882324,
        0.3824349641799927,
        0.44933784008026123,
        0.41006290912628174,
        0.6278713345527649,
        0.10655158758163452,
        0.2663707137107849,
        0.09139728546142578,
        0.5771948099136353,
        0.9905706644058228,
        0.8780843019485474,
        0.6457118988037109,
        0.6232626438140869,
        0.12441146373748779,
        0.7585998773574829,
        0.3974485397338867,
        0.2464187741279602,
        0.5361403226852417,
        0.42303937673568726,
        0.5104218125343323,
        0.47117936611175537,
        0.9474629759788513,
        0.7567854523658752,
        0.011704742908477783,
        0.3016248941421509
    ],
    "y_values": [
        0.779342770576477,
        0.9840186238288879,
        0.23908674716949463,
        0.12176710367202759,
        0.8164581656455994,
        0.9711769223213196,
        0.9440584182739258,
        0.18633168935775757,
        0.07567346096038818,
        0.10673737525939941,
        0.9063761234283447,
        0.6872389316558838,
        0.9761531352996826,
        0.7083163857460022,
        0.6008395552635193,
        0.6006106734275818,
        0.43156951665878296,
        0.37158387899398804,
        0.7483582496643066,
        0.9785685539245605,
        0.005314290523529053,
        0.8000382781028748,
        0.6813964247703552,
        0.8266839385032654,
        0.2805020213127136,
        0.17528778314590454,
        0.5615081191062927,
        0.7839221358299255,
        0.2056427001953125,
        0.67281174659729,
        0.529653787612915,
        0.43012475967407227,
        0.768427848815918,
        0.1318678855895996,
        0.15005207061767578,
        0.06277310848236084,
        0.6573716402053833,
        0.5890026092529297,
        0.6995928287506104,
        0.22962123155593872,
        0.04157829284667969,
        0.2593868374824524,
        0.2750954031944275,
        0.03055816888809204,
        0.38349980115890503,
        0.08645063638687134,
        0.5030933022499084,
        0.5758206248283386,
        0.5199848413467407,
        0.6402519345283508,
        0.18581533432006836,
        0.9017459154129028,
        0.5489200353622437,
        0.6032532453536987,
        0.9632313251495361,
        0.06884562969207764,
        0.8836128115653992,
        0.659469723701477,
        0.8825510144233704,
        0.043662309646606445,
        0.14705580472946167,
        0.8632742166519165,
        0.40992385149002075,
        0.7800896763801575,
        0.24339836835861206,
        0.3963722586631775,
        0.7534634470939636,
        0.734111487865448,
        0.9839049577713013,
        0.20750826597213745
    ]
}