{
    "format": 8,
    "name": "n50k10_23",
    "n": 50,
    "k": 10,
    "capacity": 5,
    "optimal_solution": 5.365640640258789,
    "x_values": [
        0.13494253158569336,
        0.6285669207572937,
        0.6792059540748596,
        0.9227949380874634,
        0.9157618284225464,
        0.6428802013397217,
        0.8151543736457825,
        0.7671491503715515,
        0.30081707239151,
        0.6175001859664917,
        0.20467454195022583,
        0.026874542236328125,
        0.46243900060653687,
        0.6025455594062805,
        0.5968354344367981,
        0.5283685326576233,
        0.1145254373550415,
        0.5359876751899719,
        0.22734618186950684,
        0.2549947500228882,
        0.09761297702789307,
        0.42469412088394165,
        0.5538167953491211,
        0.16735708713531494,
        0.08293312788009644,
        0.049583375453948975,
        0.3105587363243103,
        0.7904621958732605,
        0.34439361095428467,
        0.166559636592865,
        0.1020156741142273,
        0.5912497043609619,
        0.8210768103599548,
        0.5401660203933716,
        0.9850835800170898,
        0.5546116232872009,
        0.5012494921684265,
        0.6194750666618347,
        0.21807974576950073,
        0.18272614479064941,
        0.23178046941757202,
        0.2730230689048767,
        0.0148087739944458,
        0.16043293476104736,
        0.22750943899154663,
        0.13483142852783203,
        0.1385859251022339,
        0.8474319577217102,
        0.40466058254241943,
        0.5499836206436157
    ],
    "y_values": [
        0.712135374546051,
        0.21764010190963745,
        0.4230267405509949,
        0.6905639171600342,
        0.6983415484428406,
        0.07688605785369873,
        0.23888981342315674,
        0.7576094269752502,
        0.6298806071281433,
        0.046911656856536865,
        0.9537568688392639,
        0.6134024262428284,
        0.7823957800865173,
        0.33577805757522583,
        0.9338166117668152,
        0.737808108329773,
        0.8495197892189026,
        0.6026948690414429,
        0.3108431100845337,
        0.717014729976654,
        0.4663946032524109,
        0.772045910358429,
        0.338703453540802,
        0.2893930673599243,
        0.8438162207603455,
        0.9474852681159973,
        0.6685049533843994,
        0.437114953994751,
        0.2608102560043335,
        0.6830722093582153,
        0.5721251964569092,
        0.11819344758987427,
        0.9975090622901917,
        0.7134749293327332,
        0.20762312412261963,
        0.38140958547592163,
        0.0983019471168518,
        0.23582124710083008,
        0.9854505658149719,
        0.5783889889717102,
        0.9740269780158997,
        0.9143300652503967,
        0.19146639108657837,
        0.2821301221847534,
        0.5567650198936462,
        0.016092956066131592,
        0.8311619758605957,
        0.9595198035240173,
        0.12998420000076294,
        0.3284699320793152
    ]
}