{
    "format": 2,
    "name": "n60k6_1",
    "n": 60,
    "k": 6,
    "optimal_solution": 10.269906997680664,
    "x_values": [
        0.7072767615318298,
        0.7071301341056824,
        0.9236689805984497,
        0.5624828934669495,
        0.6374844312667847,
        0.7201560139656067,
        0.23897969722747803,
        0.023113906383514404,
        0.539006769657135,
        0.92784583568573,
        0.7845785617828369,
        0.5032050609588623,
        0.36020636558532715,
        0.8755788207054138,
        0.3014566898345947,
        0.35788780450820923,
        0.04452478885650635,
        0.650634229183197,
        0.3942316770553589,
        0.4177665710449219,
        0.17272740602493286,
        0.8705018162727356,
        0.9126801490783691,
        0.35010337829589844,
        0.5071837306022644,
        0.6239893436431885,
        0.6703017354011536,
        0.7954737544059753,
        0.37421661615371704,
        0.8093613386154175,
        0.9098449945449829,
        0.32887816429138184,
        0.5808026194572449,
        0.13123559951782227,
        0.9908647537231445,
        0.13430404663085938,
        0.46294188499450684,
        0.6244440674781799,
        0.7027953267097473,
        0.058013975620269775,
        0.48598283529281616,
        0.15112251043319702,
        0.2595292925834656,
        0.9375579953193665,
        0.5982035398483276,
        0.19992733001708984,
        0.6423909664154053,
        0.7459337711334229,
        0.03256034851074219,
        0.5552341938018799,
        0.7469533085823059,
        0.7984050512313843,
        0.410942018032074,
        0.24106013774871826,
        0.3211214542388916,
        0.8243448138237,
        0.44097214937210083,
        0.11707401275634766,
        0.8025428652763367,
        0.6363146901130676
    ],
    "y_values": [
        0.370633065700531,
        0.577756941318512,
        0.46045398712158203,
        0.41280150413513184,
        0.7215378880500793,
        0.2671680450439453,
        0.040299057960510254,
        0.5064992904663086,
        0.12375867366790771,
        0.5823651552200317,
        0.1295047402381897,
        0.4681681990623474,
        0.6048247814178467,
        0.38553792238235474,
        0.14157235622406006,
        0.1258068084716797,
        0.8838715553283691,
        0.1347368359565735,
        0.9801280498504639,
        0.6876296401023865,
        0.9851747155189514,
        0.6763168573379517,
        0.3868475556373596,
        0.12598919868469238,
        0.8571664690971375,
        0.2659098505973816,
        0.22618550062179565,
        0.6387796998023987,
        0.2568897008895874,
        0.6625385284423828,
        0.13770180940628052,
        0.27594512701034546,
        0.62347811460495,
        0.6032756567001343,
        0.8944729566574097,
        0.34905296564102173,
        0.7907342910766602,
        0.8475905060768127,
        0.4450463652610779,
        0.8422644734382629,
        0.7249093651771545,
        0.5771986842155457,
        0.043731749057769775,
        0.752700686454773,
        0.6515676379203796,
        0.7560238838195801,
        0.21601015329360962,
        0.6467239260673523,
        0.26779669523239136,
        0.1701650619506836,
        0.912286639213562,
        0.4457777142524719,
        0.4961917996406555,
        0.9073429703712463,
        0.20344984531402588,
        0.06195664405822754,
        0.7896638512611389,
        0.664530336856842,
        0.30903851985931396,
        0.8316378593444824
    ]
}