{
    "format": 2,
    "name": "n60k6_28",
    "n": 60,
    "k": 6,
    "optimal_solution": 9.91536808013916,
    "x_values": [
        0.3119434714317322,
        0.2623820900917053,
        0.601931095123291,
        0.81680828332901,
        0.9063058495521545,
        0.5144056081771851,
        0.9130620360374451,
        0.7402339577674866,
        0.9854791164398193,
        0.9091726541519165,
        0.9103097319602966,
        0.11686426401138306,
        0.23276793956756592,
        0.47237926721572876,
        0.41078782081604004,
        0.21414804458618164,
        0.8698787689208984,
        0.4018629193305969,
        0.3254168629646301,
        0.4187326431274414,
        0.161629319190979,
        0.4790259599685669,
        0.7626326084136963,
        0.5500260591506958,
        0.7215803265571594,
        0.40908485651016235,
        0.058218181133270264,
        0.8698834776878357,
        0.05323129892349243,
        0.6634529829025269,
        0.4215533137321472,
        0.46990466117858887,
        0.9598947167396545,
        0.3297904133796692,
        0.5680367946624756,
        0.39379024505615234,
        0.42890870571136475,
        0.410405695438385,
        0.22834527492523193,
        0.9725466966629028,
        0.3216091990470886,
        0.3676469922065735,
        0.776679515838623,
        0.48125380277633667,
        0.8303301930427551,
        0.2860223650932312,
        0.41270124912261963,
        0.963530421257019,
        0.17540550231933594,
        0.870473325252533,
        0.5321313738822937,
        0.7492838501930237,
        0.10060954093933105,
        0.45608991384506226,
        0.06435173749923706,
        0.3514941930770874,
        0.313631534576416,
        0.6054941415786743,
        0.6168810725212097,
        0.2567845582962036
    ],
    "y_values": [
        0.35980451107025146,
        0.1502355933189392,
        0.5076823830604553,
        0.8899467587471008,
        0.4182646870613098,
        0.46847039461135864,
        0.1434442400932312,
        0.27952855825424194,
        0.22975218296051025,
        0.9734156131744385,
        0.7450109124183655,
        0.4162743091583252,
        0.5604943633079529,
        0.9330230355262756,
        0.24946963787078857,
        0.5658862590789795,
        0.2084910273551941,
        0.4435446262359619,
        0.556065022945404,
        0.07107692956924438,
        0.9248459339141846,
        0.8600715398788452,
        0.24945205450057983,
        0.3171868324279785,
        0.4132419228553772,
        0.15885984897613525,
        0.07566767930984497,
        0.6259253025054932,
        0.09006941318511963,
        0.9867275357246399,
        0.06722575426101685,
        0.1872577667236328,
        0.817314624786377,
        0.9546808004379272,
        0.007183194160461426,
        0.824931800365448,
        0.6142452359199524,
        0.8146049976348877,
        0.1841983199119568,
        0.4995863437652588,
        0.979219377040863,
        0.9235129356384277,
        0.2566760778427124,
        0.3106917142868042,
        0.1572057008743286,
        0.32284432649612427,
        0.32852697372436523,
        0.15921801328659058,
        0.7175793647766113,
        0.8971505165100098,
        0.36244112253189087,
        0.24162805080413818,
        0.7830464839935303,
        0.33346033096313477,
        0.03890550136566162,
        0.8961347341537476,
        0.4157673120498657,
        0.7758343815803528,
        0.8951565027236938,
        0.01924443244934082
    ]
}