{
    "format": 5,
    "name": "n70k7_15",
    "n": 70,
    "k": 7,
    "optimal_solution": 0.303691565990448,
    "x_values": [
        0.2367224097251892,
        0.22663474082946777,
        0.5288646221160889,
        0.21022272109985352,
        0.36939525604248047,
        0.4539344310760498,
        0.8749217391014099,
        0.861480712890625,
        0.7469605803489685,
        0.2918165326118469,
        0.4632669687271118,
        0.3513667583465576,
        0.7356311082839966,
        0.16073977947235107,
        0.866093099117279,
        0.00760573148727417,
        0.6355329155921936,
        0.07079875469207764,
        0.6404219269752502,
        0.6546306014060974,
        0.8495503664016724,
        0.46509408950805664,
        0.02227604389190674,
        0.2197214961051941,
        0.8038763403892517,
        0.23968428373336792,
        0.9202148914337158,
        0.5954856276512146,
        0.703186571598053,
        0.7278106808662415,
        0.9719105958938599,
        0.44599848985671997,
        0.03366607427597046,
        0.40066033601760864,
        0.8797316551208496,
        0.8576916456222534,
        0.17301499843597412,
        0.5634272694587708,
        0.6389116644859314,
        0.0036455392837524414,
        0.6745930910110474,
        0.13355320692062378,
        0.6554448008537292,
        0.7025362253189087,
        0.01784878969192505,
        0.7776489853858948,
        0.7826197147369385,
        0.13019901514053345,
        0.4647185802459717,
        0.9643498659133911,
        0.0702618956565857,
        0.3333560824394226,
        0.0015923380851745605,
        0.4875257611274719,
        0.600895881652832,
        0.03625732660293579,
        0.9137640595436096,
        0.6110340356826782,
        0.7959358096122742,
        0.47275400161743164,
        0.968763530254364,
        0.0580253005027771,
        0.585496723651886,
        0.8661639094352722,
        0.8202433586120605,
        0.21530157327651978,
        0.14074599742889404,
        0.3090938925743103,
        0.3223412036895752,
        0.0395580530166626
    ],
    "y_values": [
        0.5844353437423706,
        0.1680658459663391,
        0.4126492738723755,
        0.48210686445236206,
        0.9703373312950134,
        0.8034031391143799,
        0.8081497550010681,
        0.17830294370651245,
        0.9471567869186401,
        0.9334734678268433,
        0.40714186429977417,
        0.6415926218032837,
        0.8220019936561584,
        0.003965198993682861,
        0.9351851344108582,
        0.15365344285964966,
        0.2959977984428406,
        0.6023750305175781,
        0.6817043423652649,
        0.061882853507995605,
        0.19453376531600952,
        0.2279931902885437,
        0.7523120045661926,
        0.9504383206367493,
        0.13023161888122559,
        0.7461621761322021,
        0.41110730171203613,
        0.8177493810653687,
        0.9194275140762329,
        0.7133250832557678,
        0.4282900094985962,
        0.37750327587127686,
        0.9956262707710266,
        0.5043126344680786,
        0.3458230495452881,
        0.7752060294151306,
        0.6124781966209412,
        0.9174696207046509,
        0.3068147301673889,
        0.15134048461914062,
        0.36303532123565674,
        0.21259558200836182,
        0.3990326523780823,
        0.3182041645050049,
        0.936037003993988,
        0.5050202012062073,
        0.5934110879898071,
        0.6806421279907227,
        0.2098236083984375,
        0.2547646760940552,
        0.3615661859512329,
        0.8949482440948486,
        0.2949208617210388,
        0.9145510196685791,
        0.15457546710968018,
        0.6290604472160339,
        0.40331584215164185,
        0.3957415819168091,
        0.21442121267318726,
        0.5044901967048645,
        0.4193507432937622,
        0.8738556504249573,
        0.167466402053833,
        0.36960023641586304,
        0.29127514362335205,
        0.8214001059532166,
        0.7015983462333679,
        0.06574875116348267,
        0.7748668789863586,
        0.5410112738609314
    ]
}