{
    "format": 2,
    "name": "n70k7_61",
    "n": 70,
    "k": 7,
    "optimal_solution": 11.24441909790039,
    "x_values": [
        0.3109278678894043,
        0.19654518365859985,
        0.4187735319137573,
        0.9943852424621582,
        0.5452744364738464,
        0.5664496421813965,
        0.6573883891105652,
        0.23354077339172363,
        0.5020862817764282,
        0.4062785506248474,
        0.9784148335456848,
        0.6957757472991943,
        0.09388262033462524,
        0.8908126950263977,
        0.4917193055152893,
        0.2789732813835144,
        0.22969961166381836,
        0.6936290860176086,
        0.8384556174278259,
        0.13321632146835327,
        0.4557983875274658,
        0.554872453212738,
        0.6109266877174377,
        0.31173086166381836,
        0.23716914653778076,
        0.46012890338897705,
        0.21133261919021606,
        0.9641660451889038,
        0.544037401676178,
        0.07127851247787476,
        0.4276381731033325,
        0.25245124101638794,
        0.9519898295402527,
        0.3078097105026245,
        0.11705124378204346,
        0.7800599336624146,
        0.26715975999832153,
        0.6677872538566589,
        0.6980273723602295,
        0.22567570209503174,
        0.8918142914772034,
        0.14525389671325684,
        0.045144498348236084,
        0.9846587181091309,
        0.6389104723930359,
        0.11273247003555298,
        0.43932896852493286,
        0.16024595499038696,
        0.6265379786491394,
        0.0089796781539917,
        0.6345899105072021,
        0.36841195821762085,
        0.9633066654205322,
        0.18761283159255981,
        0.5082367062568665,
        0.453907310962677,
        0.43954789638519287,
        0.3658357262611389,
        0.577328085899353,
        0.9066973924636841,
        0.7647299766540527,
        0.09792715311050415,
        0.6152940988540649,
        0.7173575162887573,
        0.5733547210693359,
        0.3868778944015503,
        0.8419342041015625,
        0.22900527715682983,
        0.38098645210266113,
        0.7382218837738037
    ],
    "y_values": [
        0.49534302949905396,
        0.7854505181312561,
        0.5113723874092102,
        0.5455582737922668,
        0.6084451675415039,
        0.48648375272750854,
        0.8841511607170105,
        0.19929516315460205,
        0.4922163486480713,
        0.6939618587493896,
        0.6322795748710632,
        0.5903258919715881,
        0.8231145143508911,
        0.5871402025222778,
        0.922828733921051,
        0.41987675428390503,
        0.915520191192627,
        0.43638813495635986,
        0.3038007616996765,
        0.3756394386291504,
        0.32794225215911865,
        0.5820204615592957,
        0.5131397247314453,
        0.3602416515350342,
        0.550798237323761,
        0.5484914183616638,
        0.32009071111679077,
        0.6478563547134399,
        0.29189515113830566,
        0.12687402963638306,
        0.8368880152702332,
        0.962796151638031,
        0.02840214967727661,
        0.9716959595680237,
        0.31384843587875366,
        0.15518534183502197,
        0.8084000945091248,
        0.09927356243133545,
        0.21964412927627563,
        0.9887716174125671,
        0.9334149360656738,
        0.07889664173126221,
        0.03053051233291626,
        0.4986094832420349,
        0.6566834449768066,
        0.3533092141151428,
        0.924120306968689,
        0.034225285053253174,
        0.5657966732978821,
        0.4479520320892334,
        0.04131227731704712,
        0.4581449031829834,
        0.4664422273635864,
        0.24254506826400757,
        0.23351287841796875,
        0.14898216724395752,
        0.7148863673210144,
        0.2234172821044922,
        0.9870324730873108,
        0.049720823764801025,
        0.6601399183273315,
        0.5938349962234497,
        0.8884109854698181,
        0.7541183233261108,
        0.7391932606697083,
        0.46552276611328125,
        0.7893880009651184,
        0.8676899075508118,
        0.2719126343727112,
        0.2299603819847107
    ]
}