{
    "format": 5,
    "name": "n70k7_95",
    "n": 70,
    "k": 7,
    "optimal_solution": 0.3107184171676636,
    "x_values": [
        0.38059794902801514,
        0.0404396653175354,
        0.6703417301177979,
        0.0322955846786499,
        0.6944695711135864,
        0.29864364862442017,
        0.4973783493041992,
        0.44965100288391113,
        0.3368832468986511,
        0.5873906016349792,
        0.4266759157180786,
        0.25869590044021606,
        0.29552793502807617,
        0.4404418468475342,
        0.1818881630897522,
        0.4254502058029175,
        0.6567181348800659,
        0.407051682472229,
        0.269059419631958,
        0.8747889399528503,
        0.30463284254074097,
        0.6298954486846924,
        0.8731197118759155,
        0.17639511823654175,
        0.29860401153564453,
        0.12228697538375854,
        0.41788649559020996,
        0.4652825593948364,
        0.7410348057746887,
        0.35501646995544434,
        0.5817989706993103,
        0.46785175800323486,
        0.6042459011077881,
        0.4415650963783264,
        0.7739075422286987,
        0.3220628499984741,
        0.3946574330329895,
        0.3772725462913513,
        0.9486197233200073,
        0.037198781967163086,
        0.8793509602546692,
        0.17135363817214966,
        0.5642459988594055,
        0.18980586528778076,
        0.8361657857894897,
        0.6332837343215942,
        0.7986143231391907,
        0.4166783094406128,
        0.6611335277557373,
        0.05263930559158325,
        0.8760405778884888,
        0.14472472667694092,
        0.24719107151031494,
        0.7006664276123047,
        0.4518245458602905,
        0.8938935995101929,
        0.7525720596313477,
        0.5245655179023743,
        0.2071428894996643,
        0.30804717540740967,
        0.7689951062202454,
        0.05955708026885986,
        0.9986143112182617,
        0.6429820656776428,
        0.9418590664863586,
        0.41413992643356323,
        0.022356748580932617,
        0.6590966582298279,
        0.195115327835083,
        0.280948281288147
    ],
    "y_values": [
        0.7934958338737488,
        0.5082296133041382,
        0.5605783462524414,
        0.47787708044052124,
        0.13324779272079468,
        0.6076337099075317,
        0.8166139125823975,
        0.010458052158355713,
        0.996036171913147,
        0.14823776483535767,
        0.9934746623039246,
        0.7947978377342224,
        0.7504863739013672,
        0.24331682920455933,
        0.03480154275894165,
        0.46515828371047974,
        0.41322219371795654,
        0.13640397787094116,
        0.6575364470481873,
        0.09321862459182739,
        0.5015153288841248,
        0.652189314365387,
        0.10528671741485596,
        0.1354253888130188,
        0.15409493446350098,
        0.6342372298240662,
        0.4991890788078308,
        0.6675497889518738,
        0.992884635925293,
        0.8772767186164856,
        0.7390441298484802,
        0.14955246448516846,
        0.7342371940612793,
        0.6077577471733093,
        0.12462025880813599,
        0.6716142296791077,
        0.9386693835258484,
        0.6498094797134399,
        0.0023212432861328125,
        0.4380412697792053,
        0.7181572318077087,
        0.3870224952697754,
        0.6203610897064209,
        0.7501696348190308,
        0.49296677112579346,
        0.3479321599006653,
        0.9878191947937012,
        0.33240807056427,
        0.15468478202819824,
        0.633073091506958,
        0.0304068922996521,
        0.7229421734809875,
        0.7409641146659851,
        0.5006604790687561,
        0.004007279872894287,
        0.044572293758392334,
        0.6668006777763367,
        0.5985614061355591,
        0.1746770739555359,
        0.4114442467689514,
        0.03387582302093506,
        0.33276939392089844,
        0.20527702569961548,
        0.9589899182319641,
        0.7351871728897095,
        0.1645132303237915,
        0.522885262966156,
        0.6474184393882751,
        0.6109907627105713,
        0.10604274272918701
    ]
}