{
    "format": 5,
    "name": "n70k7_34",
    "n": 70,
    "k": 7,
    "optimal_solution": 0.3214259147644043,
    "x_values": [
        0.9360230565071106,
        0.7790236473083496,
        0.041197359561920166,
        0.5798067450523376,
        0.9510610103607178,
        0.11278772354125977,
        0.4562617540359497,
        0.2535683512687683,
        0.3286672830581665,
        0.23578715324401855,
        0.8244279623031616,
        0.247785747051239,
        0.30541449785232544,
        0.3744162917137146,
        0.017847895622253418,
        0.9837978482246399,
        0.9294772744178772,
        0.6958122253417969,
        0.8554382920265198,
        0.030470430850982666,
        0.7441197633743286,
        0.7444016933441162,
        0.978253185749054,
        0.06973743438720703,
        0.2924286127090454,
        0.871491014957428,
        0.027608513832092285,
        0.31055182218551636,
        0.20737391710281372,
        0.7722285389900208,
        0.08422058820724487,
        0.760028064250946,
        0.9519876837730408,
        0.3355526924133301,
        0.024070382118225098,
        0.06409263610839844,
        0.6144651174545288,
        0.4522140622138977,
        0.4981445074081421,
        0.154410719871521,
        0.6179459691047668,
        0.6482202410697937,
        0.13400113582611084,
        0.6631563305854797,
        0.569139301776886,
        0.09434866905212402,
        0.9444067478179932,
        0.4038507342338562,
        0.47424715757369995,
        0.43481194972991943,
        0.7837080359458923,
        0.1613977551460266,
        0.37732040882110596,
        0.49251365661621094,
        0.5684561133384705,
        0.7785699367523193,
        0.5462654232978821,
        0.8190070986747742,
        0.012159407138824463,
        0.16590815782546997,
        0.8614777326583862,
        0.6226416826248169,
        0.851963222026825,
        0.9961495399475098,
        0.46304523944854736,
        0.6301363110542297,
        0.7217170000076294,
        0.678698718547821,
        0.824958324432373,
        0.11470973491668701
    ],
    "y_values": [
        0.6881018877029419,
        0.9411280751228333,
        0.033752381801605225,
        0.05697047710418701,
        0.36240988969802856,
        0.8131552338600159,
        0.02941650152206421,
        0.629594087600708,
        0.37479329109191895,
        0.2399505376815796,
        0.31627190113067627,
        0.8118132948875427,
        0.6652824878692627,
        0.38309043645858765,
        0.06043696403503418,
        0.7982034683227539,
        0.5812973380088806,
        0.16324251890182495,
        0.8158782124519348,
        0.7038204669952393,
        0.5276182293891907,
        0.583702027797699,
        0.1457759141921997,
        0.7086051106452942,
        0.06625473499298096,
        0.9750590920448303,
        0.5467330813407898,
        0.8729715943336487,
        0.9324594140052795,
        0.01916438341140747,
        0.6418732404708862,
        0.5093698501586914,
        0.4250968098640442,
        0.0274391770362854,
        0.08528804779052734,
        0.06828492879867554,
        0.005931258201599121,
        0.4873655438423157,
        0.6237194538116455,
        0.15667271614074707,
        0.21415215730667114,
        0.8158794641494751,
        0.5244163274765015,
        0.9478404521942139,
        0.6977309584617615,
        0.33819425106048584,
        0.9376506209373474,
        0.22054898738861084,
        0.6173527836799622,
        0.2080203890800476,
        0.9443411827087402,
        0.570250928401947,
        0.7809799909591675,
        0.4458412528038025,
        0.4774940013885498,
        0.9731237292289734,
        0.7475857138633728,
        0.7523254752159119,
        0.4245566129684448,
        0.6299590468406677,
        0.6047549247741699,
        0.333953857421875,
        0.14718568325042725,
        0.6762036681175232,
        0.9238440990447998,
        0.5900928974151611,
        0.7929950952529907,
        0.32396191358566284,
        0.6584789752960205,
        0.057778358459472656
    ]
}