{
    "format": 8,
    "name": "n20k6_28",
    "n": 20,
    "k": 6,
    "capacity": 4,
    "optimal_solution": 2.919365882873535,
    "x_values": [
        0.03050130605697632,
        0.34332484006881714,
        0.446139395236969,
        0.737124502658844,
        0.011937320232391357,
        0.7476891279220581,
        0.8964563608169556,
        0.3698349595069885,
        0.7821927070617676,
        0.31673645973205566,
        0.2534695863723755,
        0.07184511423110962,
        0.12563085556030273,
        0.6397885084152222,
        0.7757298946380615,
        0.1368831992149353,
        0.5422983765602112,
        0.8915671110153198,
        0.9405367374420166,
        0.5386360883712769
    ],
    "y_values": [
        0.6269245147705078,
        0.2711154818534851,
        0.8641078472137451,
        0.1563611626625061,
        0.5756677389144897,
        0.8490998148918152,
        0.26852017641067505,
        0.6737595200538635,
        0.8339753150939941,
        0.8799975514411926,
        0.043764352798461914,
        0.5342332720756531,
        0.7022827863693237,
        0.4146062731742859,
        0.9651256203651428,
        0.9557256102561951,
        0.3527524471282959,
        0.8027048110961914,
        0.8886734843254089,
        0.6040254235267639
    ]
}