{
    "format": 10,
    "name": "n100k5_25",
    "n": 100,
    "k": 5,
    "optimal_solution": 58.14445310916395,
    "x_values": [
        0.9950912905591349,
        0.4224333875377356,
        0.94261936069953,
        0.9729700948568393,
        0.7165094224984273,
        0.6161233076502105,
        0.3682982331668565,
        0.35422221828753964,
        0.6314763955850202,
        0.5874538748882121,
        0.3320813313713974,
        0.4386091579706878,
        0.7587965395936942,
        0.07677895135745605,
        0.6459687993647611,
        0.11143899534482626,
        0.4671446524271139,
        0.15083710750383594,
        0.7628554865319602,
        0.11610416509212174,
        0.7003178449386357,
        0.26474091502300956,
        0.3303933459999896,
        0.3497559525381492,
        0.8825816401780883,
        0.09977245470760843,
        0.4697884920502797,
        0.18105098179399237,
        0.9093816562501873,
        0.9324199242029195,
        0.9625884556329842,
        0.974208376278676,
        0.5816129799293113,
        0.6561276478974838,
        0.05662615566287943,
        0.8310515658340649,
        0.9803000455008433,
        0.3398130577047068,
        0.16652023084744094,
        0.6120001170193701,
        0.8655280571043765,
        0.4505669868872928,
        0.8791118038022884,
        0.285111843803986,
        0.06532100981637345,
        0.1054402983578403,
        0.9304207445183814,
        0.8767670288071306,
        0.662752657874769,
        0.7751113872441129,
        0.6801475333970751,
        0.04544975526589812,
        0.476063122895272,
        0.0646915116229374,
        0.30032495461796915,
        0.7880986211684371,
        0.7561169229614695,
        0.054478629103319465,
        0.7167238016093588,
        0.41787616425401575,
        0.4552591527341536,
        0.07745227290385204,
        0.5521075013795966,
        0.8046713538954575,
        0.1482739039035924,
        0.7062246706378171,
        0.5344168861200833,
        0.20475877690236044,
        0.3316239984497279,
        0.4671907545574733,
        0.7689189678531461,
        0.8354344715571591,
        0.8668005320966384,
        0.1938126264130795,
        0.3820467095429395,
        0.10945008747326412,
        0.41967533415809255,
        0.5981108889142409,
        0.5010884584661397,
        0.003744017281105294,
        0.8097681514511085,
        0.6452108287897004,
        0.8232402257977635,
        0.2992173712785329,
        0.9843137340890549,
        0.22670578293071986,
        0.6748766372510615,
        0.9184689598552928,
        0.3739967175875939,
        0.6042670136348454,
        0.3342285297460269,
        0.7382346037293736,
        0.17859414917575944,
        0.36210040524615683,
        0.012387115560791528,
        0.6736127761011154,
        0.5219068529247701,
        0.2631058668215628,
        0.14002552164706028,
        0.8068546090386246
    ],
    "y_values": [
        0.14106035554038432,
        0.5862841190055227,
        0.38788263172340165,
        0.13545694750231507,
        0.2986547257978367,
        0.5920427725805117,
        0.27550829193337756,
        0.8102383013080919,
        0.4569364582682893,
        0.3767783166825507,
        0.1839717725414538,
        0.6162458914345795,
        0.41637189363257865,
        0.12818668224008667,
        0.41280187405466373,
        0.3256294766741198,
        0.9145887365514594,
        0.05879505879917124,
        0.7500534305851532,
        0.14240012622525977,
        0.14037898237017343,
        0.89798790343559,
        0.05681121564498681,
        0.012100394611809118,
        0.5503394328544485,
        0.26666846305530034,
        0.4714283802495586,
        0.047014884860785866,
        0.8449769931357259,
        0.09363297213628352,
        0.803153010608396,
        0.22842824915502247,
        0.0902498301215996,
        0.05748786657898086,
        0.8296666436084073,
        0.26053147042923075,
        0.733696457357035,
        0.04339441958567447,
        0.19989520895441415,
        0.44880909020356263,
        0.22100941144520092,
        0.33679821717747294,
        0.41565759460943774,
        0.7876588150640731,
        0.8964915873290322,
        0.9986757360835363,
        0.8797497552800279,
        0.08209821759906788,
        0.16038391458998302,
        0.2118849390659855,
        0.877516814224234,
        0.2445618794703116,
        0.45463842231706275,
        0.5581512576547576,
        0.2427966615927114,
        0.5517671827996067,
        0.2363602521707644,
        0.5110047307025167,
        0.38020446704723443,
        0.24124694226240972,
        0.06073050110518341,
        0.8801856040139014,
        0.10616265351630771,
        0.8792617576586597,
        0.49710037355619274,
        0.6259508914256794,
        0.018416072730791933,
        0.6016308312708099,
        0.0626026487093908,
        0.7726610387001744,
        0.8919012287376153,
        0.1796682347274784,
        0.5349426383889072,
        0.24128912454444895,
        0.3084682619140813,
        0.6814925106402574,
        0.5325017883159008,
        0.9993204600126123,
        0.9077137685002669,
        0.9102820286182707,
        0.9753535598493774,
        0.9065164257514872,
        0.26781230314940263,
        0.019352302562106627,
        0.8791684122572784,
        0.5455454961362994,
        0.6586898527391986,
        0.6127192473410085,
        0.9383148371855075,
        0.5097046420669379,
        0.6769999848471632,
        0.014249150732901894,
        0.4131883930451661,
        0.619617010461996,
        0.22416055933680445,
        0.2528649178625524,
        0.469010275372056,
        0.8455293651603648,
        0.6909996977686738,
        0.3857565214421771
    ],