{
    "format": 10,
    "name": "n100k5_12",
    "n": 100,
    "k": 5,
    "optimal_solution": 67.5489059750227,
    "x_values": [
        0.897432770988486,
        0.9585271773627003,
        0.21051957926524045,
        0.2593820995446011,
        0.18557266036097764,
        0.6310936692701024,
        0.0521329084053852,
        0.6296742278526268,
        0.29251167441742143,
        0.47699976600314176,
        0.21200094377376055,
        0.44776129054640434,
        0.10448950572446702,
        0.955407352424308,
        0.32774270127734895,
        0.6999586067339352,
        0.14494940394728117,
        0.5984344660519217,
        0.3431035537254912,
        0.6707461567138996,
        0.5614156532856788,
        0.23336576652991192,
        0.984133136824446,
        0.19533094724964872,
        0.29718678498542017,
        0.7966782409629316,
        0.7456776631817685,
        0.6838603701857761,
        0.7423833526028143,
        0.7122208178719596,
        0.3534135001891674,
        0.25472314449312683,
        0.9418289505076786,
        0.38004964861467794,
        0.4427184130723911,
        0.2732406361869877,
        0.39243452861410777,
        0.7465901592830348,
        0.3784938316342322,
        0.7792485016626952,
        0.1029980197891649,
        0.06370820951150113,
        0.7014497614020337,
        0.047398046465303545,
        0.22934299569643712,
        0.730181427171833,
        0.39660743135443843,
        0.24525883380749647,
        0.2356139569769421,
        0.9287983866493569,
        0.8944290993005083,
        0.8576921407075384,
        0.5342618775911173,
        0.050804579616171575,
        0.9440508443053505,
        0.8912171152400917,
        0.18059954227017394,
        0.24404661617811008,
        0.37153944971310937,
        0.7572688894972613,
        0.6557509099094904,
        0.6249754772336119,
        0.6591799347439148,
        0.0415547900885721,
        0.3800212551929786,
        0.7081221739037039,
        0.0348747679391308,
        0.6067958566445621,
        0.19570705025084378,
        0.769852905637748,
        0.3037067376378083,
        0.21538433933783963,
        0.43023115672370493,
        0.6902600717733582,
        0.9685118579226186,
        0.7549337843446521,
        0.2204001483067468,
        0.49699521378711464,
        0.8984116985689351,
        0.7922034055258295,
        0.6324365333881293,
        0.3207435789515871,
        0.6829011553232378,
        0.35105094998929853,
        0.07750740105263221,
        0.6506274501561815,
        0.925136590106523,
        0.4826498685782231,
        0.05322420057457433,
        0.7433859296365966,
        0.3389168707283461,
        0.10092137895852493,
        0.10344546161723811,
        0.7393961769906766,
        0.22169872282915581,
        0.5292897668612848,
        0.25590354179832975,
        0.22121119467080153,
        0.9267856624034412,
        0.7089273253291902
    ],
    "y_values": [
        0.40872188941107523,
        0.07369353520735766,
        0.8218362858562965,
        0.19439351826784768,
        0.6913140603101078,
        0.8677721225652206,
        0.757402270124025,
        0.630645457983561,
        0.5514244234072985,
        0.35814731190607463,
        0.9182069634349584,
        0.6589997907896101,
        0.3201841937370915,
        0.9520531756084151,
        0.6296789466893075,
        0.4536671029484656,
        0.35140166184620103,
        0.7744740307736623,
        0.6157021345428592,
        0.5450208988450872,
        0.841920909303654,
        0.007377317385606874,
        0.9273376618445345,
        0.07698538239079356,
        0.07340359342485492,
        0.10256752797654789,
        0.3346498820565492,
        0.029001007691048075,
        0.1710771958626779,
        0.3355476925386477,
        0.5589567715727033,
        0.5871002914670668,
        0.7218598861314356,
        0.0436859915764759,
        0.15620803908392522,
        0.011659230572764412,
        0.57597497157834,
        0.6844980123647355,
        0.5059965470881554,
        0.4784643574314572,
        0.8920730612715809,
        0.5876805695426698,
        0.5530565226725527,
        0.04282069623874718,
        0.9958384819325364,
        0.2972035731116077,
        0.40739710810328156,
        0.2748605420359638,
        0.6317092004234702,
        0.8460790160177932,
        0.44501672809811754,
        0.7385064509803368,
        0.5508969145980928,
        0.060803666984222016,
        0.5731645167630565,
        0.754153304082443,
        0.4190475137151888,
        0.23005159614865422,
        0.3750501715300827,
        0.6282748513241025,
        0.4291722033274292,
        0.15448239560445132,
        0.14655783363190267,
        0.7803094258317572,
        0.6662144150892205,
        0.6994315296559485,
        0.08799194896991624,
        0.5535268030716514,
        0.9818556954392806,
        0.18263862055538382,
        0.46821719737032097,
        0.9378961628150265,
        0.8415075991854584,
        0.7601617824713375,
        0.6951185243283626,
        0.8394163672436267,
        0.07939852553777638,
        0.664368253617655,
        0.7755559923559788,
        0.16896582658689951,
        0.7066522934745642,
        0.09060569221001258,
        0.08135670575997966,
        0.7185438549409796,
        0.5458034367522409,
        0.970054298994583,
        0.5077255684786265,
        0.22489087746879832,
        0.888998383239845,
        0.21468384513211214,
        0.28605468147984203,
        0.14411078522209575,
        0.4088937034436756,
        0.25133546547439967,
        0.2529601828060224,
        0.8131968381545822,
        0.7571025989696704,
        0.10542870179455799,
        0.48345725446243737,
        0.809903317460517
    ],