{
    "format": 10,
    "name": "n100k5_6",
    "n": 100,
    "k": 5,
    "optimal_solution": 51.090048743791954,
    "x_values": [
        0.5503990956148024,
        0.24482814252569185,
        0.3714418518448158,
        0.3405127969680537,
        0.8754103278360102,
        0.10053269579921498,
        0.009305076313220084,
        0.09791459450765594,
        0.9385593875133926,
        0.6056006028812163,
        0.3898682817494895,
        0.1561859032283741,
        0.9241241121954997,
        0.8017861971698738,
        0.2045229492591315,
        0.17597815541032014,
        0.5314667515371835,
        0.11991326065411345,
        0.3616434267503509,
        0.2591485006461586,
        0.1321089016743925,
        0.25110025861993057,
        0.14739077989146987,
        0.27507107675306974,
        0.9210263262846679,
        0.15944410590291824,
        0.6197766375001071,
        0.5233965493052346,
        0.7756811701262983,
        0.9734961912723775,
        0.4256387672799242,
        0.3307400212135728,
        0.23378389735369487,
        0.30569387219839705,
        0.3601204839508777,
        0.9626736216160373,
        0.4492533186409854,
        0.9624116093471121,
        0.7613739938405253,
        0.9156783568854447,
        0.7602592949711597,
        0.10688303115300146,
        0.4642226860091746,
        0.33343781480400325,
        0.4458249368353382,
        0.5365470837328531,
        0.8452449210795231,
        0.9103637351112808,
        0.909611206641809,
        0.37091890130631333,
        0.23444326087068978,
        0.13886536808394834,
        0.7655284463501716,
        0.8999944164940868,
        0.10249759220805432,
        0.6101812671704927,
        0.12285543350770245,
        0.09833961708448724,
        0.6950945804242451,
        0.26952541476607694,
        0.8056523197436118,
        0.9547351795094439,
        0.531102865327711,
        0.4404641579198424,
        0.6568206966443876,
        0.48625341834245117,
        0.5245228517402448,
        0.31149346961476654,
        0.8328929274183858,
        0.4879822134770486,
        0.2632696707493942,
        0.8445505322508942,
        0.009386246481139726,
        0.3799443253036069,
        0.992537090692285,
        0.216457957899586,
        0.8429048193172032,
        0.37968431171797123,
        0.6316050384017015,
        0.8401591931585802,
        0.9882136280952675,
        0.024993185232368154,
        0.15317848500401865,
        0.18250923335123703,
        0.8741405164514284,
        0.10943377853708469,
        0.8809354404656525,
        0.015350196651564452,
        0.9880540459357647,
        0.7694605656160791,
        0.8859732446128774,
        0.29517180979798996,
        0.6474537467193373,
        0.5105799765855665,
        0.6460511542099104,
        0.6355633146942089,
        0.29696539102823927,
        0.40958420349352664,
        0.3590133662152901,
        0.8005213724264824
    ],
    "y_values": [
        0.969267463459685,
        0.7912999455365682,
        0.8614676396878499,
        0.48418306189607085,
        0.5245871191591275,
        0.9377880028409562,
        0.2820430721876125,
        0.8136453091727339,
        0.7681453068343064,
        0.7299193813138835,
        0.45702291493376845,
        0.47910771699187027,
        0.3439680512583403,
        0.560638389826826,
        0.4570103774137383,
        0.644524869632951,
        0.3193789757687663,
        0.3858390188162997,
        0.7683829000444259,
        0.3863917277070089,
        0.8015222237117396,
        0.830497110079484,
        0.30333804998425185,
        0.8408486564967134,
        0.4995448027498144,
        0.562862974060604,
        0.4471021088585111,
        0.1996450132315697,
        0.7691333499316486,
        0.08260032217215652,
        0.4401070094301056,
        0.3452321735733195,
        0.4486002689473876,
        0.8765938905534585,
        0.24925741599747875,
        0.9467481795672599,
        0.7133252121008447,
        0.8302714476394041,
        0.2001188357670669,
        0.8305917907684539,
        0.8366411290921124,
        0.270654327473548,
        0.8593975153558941,
        0.8477301886863946,
        0.6713724396938703,
        0.8735915876787321,
        0.2125044694236109,
        0.2535737528127734,
        0.8347115133431195,
        0.21726881661884467,
        0.5786337361609273,
        0.5679323833501824,
        0.8430873037152109,
        0.08467668717686505,
        0.6609269166570212,
        0.5263623067539285,
        0.7699083623985495,
        0.9043521410209169,
        0.6606199437239738,
        0.4656388955866635,
        0.6032847231784746,
        0.7410264685108793,
        0.23199043451012225,
        0.4419016217230576,
        0.37083055857748004,
        0.2613515663244662,
        0.33354143400728753,
        0.7236693356911991,
        0.7807531771459713,
        0.639139499057447,
        0.3049238151605448,
        0.8047917175343386,
        0.12289269464232222,
        0.8519018823230282,
        0.495183015674038,
        0.8938868666027747,
        0.03091839028599097,
        0.6734917374376245,
        0.6464308698508799,
        0.7318814969389766,
        0.09843782102431553,
        0.9925825769684062,
        0.6000110012064774,
        0.7606937036860527,
        0.8530953842976347,
        0.07187829808414126,
        0.5494585511949357,
        0.48280907349823066,
        0.7635117820923123,
        0.0729380517878575,
        0.7254667091643356,
        0.31973860275689203,
        0.0866320312133877,
        0.26673507133358676,
        0.7891991798795396,
        0.4470848853245346,
        0.32631232494186335,
        0.8797975744838015,
        0.5723306559271896,
        0.7273370120980176
    ],