{
    "format": 2,
    "name": "n100k8_30",
    "n": 100,
    "k": 8,
    "optimal_solution": 15.255014419555664,
    "x_values": [
        0.15420377254486084,
        0.22747206687927246,
        0.45740824937820435,
        0.3285239338874817,
        0.2889447808265686,
        0.8798479437828064,
        0.566708505153656,
        0.36051785945892334,
        0.18032675981521606,
        0.13070547580718994,
        0.7584240436553955,
        0.5174455046653748,
        0.0019655823707580566,
        0.9545344710350037,
        0.38208645582199097,
        0.9667459726333618,
        0.4886819124221802,
        0.9864275455474854,
        0.6553139090538025,
        0.8184511661529541,
        0.8618906140327454,
        0.13492488861083984,
        0.9245197772979736,
        0.13649088144302368,
        0.5810926556587219,
        0.9468916654586792,
        0.5982677936553955,
        0.09025871753692627,
        0.976442277431488,
        0.17256420850753784,
        0.8013705611228943,
        0.604904294013977,
        0.7984105348587036,
        0.4711223244667053,
        0.8676528930664062,
        0.13398808240890503,
        0.629191517829895,
        0.47633886337280273,
        0.47913306951522827,
        0.5771822333335876,
        0.21993720531463623,
        0.736709713935852,
        0.9971033930778503,
        0.03137481212615967,
        0.8951455950737,
        0.5885539054870605,
        0.036342740058898926,
        0.8097431063652039,
        0.24395185708999634,
        0.34468960762023926,
        0.8941869735717773,
        0.6292387247085571,
        0.06903374195098877,
        0.3637272119522095,
        0.5526536703109741,
        0.9226881861686707,
        0.8020231127738953,
        0.15871042013168335,
        0.7450406551361084,
        0.8879280686378479,
        0.8093191385269165,
        0.8253490924835205,
        0.7381593585014343,
        0.14293158054351807,
        0.49936509132385254,
        0.35477542877197266,
        0.40556585788726807,
        0.5157091617584229,
        0.8080292344093323,
        0.476986289024353,
        0.9640644788742065,
        0.8248024582862854,
        0.3917502760887146,
        0.46415817737579346,
        0.743949830532074,
        0.6664661169052124,
        0.3052677512168884,
        0.37577998638153076,
        0.6372209787368774,
        0.8054080605506897,
        0.008001148700714111,
        0.18886059522628784,
        0.3426026701927185,
        0.9250149130821228,
        0.09343600273132324,
        0.05171847343444824,
        0.6761020421981812,
        0.08354085683822632,
        0.09968554973602295,
        0.6515129208564758,
        0.6453754305839539,
        0.47471147775650024,
        0.3876493573188782,
        0.7449207305908203,
        0.1657543182373047,
        0.24109280109405518,
        0.5355451703071594,
        0.6966597437858582,
        0.5321258902549744,
        0.1289629340171814
    ],
    "y_values": [
        0.06992053985595703,
        0.3799622654914856,
        0.5305729508399963,
        0.6593448519706726,
        0.05183333158493042,
        0.9843428134918213,
        0.11994034051895142,
        0.25630390644073486,
        0.23385506868362427,
        0.5144675970077515,
        0.9160874485969543,
        0.3741350769996643,
        0.6312490701675415,
        0.06395184993743896,
        0.8992935419082642,
        0.40512335300445557,
        0.6868647336959839,
        0.9471337199211121,
        0.5053063035011292,
        0.7028846144676208,
        0.5768663883209229,
        0.23051244020462036,
        0.005329489707946777,
        0.9225229024887085,
        0.2054087519645691,
        0.6728113293647766,
        0.5671288967132568,
        0.7165988683700562,
        0.8776606917381287,
        0.09366649389266968,
        0.3368625044822693,
        0.04367208480834961,
        0.18894684314727783,
        0.7170043587684631,
        0.7168288230895996,
        0.76722252368927,
        0.1925373077392578,
        0.1476951241493225,
        0.8556722402572632,
        0.16158461570739746,
        0.6089043617248535,
        0.9199739098548889,
        0.9409832954406738,
        0.9336685538291931,
        0.6736034750938416,
        0.34013158082962036,
        0.949571430683136,
        0.6282262206077576,
        0.379622220993042,
        0.7648108005523682,
        0.9575026035308838,
        0.0423126220703125,
        0.04290485382080078,
        0.5568879246711731,
        0.815147876739502,
        0.1556161642074585,
        0.5322850346565247,
        0.5995779037475586,
        0.9163941144943237,
        0.9790335297584534,
        0.025337040424346924,
        0.25686341524124146,
        0.9287480115890503,
        0.8975561261177063,
        0.977968156337738,
        0.6793688535690308,
        0.6829341053962708,
        0.4281620979309082,
        0.6435451507568359,
        0.8337440490722656,
        0.3849376440048218,
        0.0025221705436706543,
        0.6472653150558472,
        0.907580554485321,
        0.7469058632850647,
        0.9639493823051453,
        0.9119395017623901,
        0.5886294841766357,
        0.8326320052146912,
        0.8651003837585449,
        0.18871229887008667,
        0.7427958846092224,
        0.5705632567405701,
        0.6358462572097778,
        0.9730694890022278,
        0.9978471398353577,
        0.6994553804397583,
        0.24492496252059937,
        0.6680583953857422,
        0.43284428119659424,
        0.8343936204910278,
        0.9356566071510315,
        0.260089635848999,
        0.4027417302131653,
        0.8067798018455505,
        0.3750923275947571,
        0.7397069931030273,
        0.6384570598602295,
        0.7095604538917542,
        0.7431790232658386
    ]
}