{
    "format": 5,
    "name": "n40k4_62",
    "n": 40,
    "k": 4,
    "optimal_solution": 0.4601666331291199,
    "x_values": [
        0.928573489189148,
        0.762129008769989,
        0.7958747744560242,
        0.018371641635894775,
        0.5996417999267578,
        0.3500964641571045,
        0.9717719554901123,
        0.0683477520942688,
        0.3278554677963257,
        0.046359360218048096,
        0.633131742477417,
        0.12702351808547974,
        0.8547846674919128,
        0.9309268593788147,
        0.098285973072052,
        0.3586713671684265,
        0.8016018867492676,
        0.14721190929412842,
        0.4128302335739136,
        0.6342774033546448,
        0.4067070484161377,
        0.6003445982933044,
        0.8559548258781433,
        0.02472054958343506,
        0.1334366798400879,
        0.529321014881134,
        0.8682039380073547,
        0.7628534436225891,
        0.0984603762626648,
        0.9932588934898376,
        0.2503405213356018,
        0.8437816500663757,
        0.2200222611427307,
        0.9273269772529602,
        0.4921741485595703,
        0.2510199546813965,
        0.7802155613899231,
        0.011757910251617432,
        0.1746046543121338,
        0.14945727586746216
    ],
    "y_values": [
        0.5616244077682495,
        0.7517549395561218,
        0.47080057859420776,
        0.8974856734275818,
        0.8180659413337708,
        0.26559197902679443,
        0.8043569922447205,
        0.8545526266098022,
        0.464219331741333,
        0.9588109850883484,
        0.14700084924697876,
        0.3745323419570923,
        0.025603294372558594,
        0.9264715313911438,
        0.1438869833946228,
        0.6805912256240845,
        0.5262086391448975,
        0.3661583662033081,
        0.6411159038543701,
        0.6489323377609253,
        0.5706638097763062,
        0.3659534454345703,
        0.9752672910690308,
        0.19431787729263306,
        0.8019816279411316,
        0.9340918064117432,
        0.855706512928009,
        0.9350170493125916,
        0.31104856729507446,
        0.9531123042106628,
        0.02741330862045288,
        0.9201514720916748,
        0.1376144289970398,
        0.4132276177406311,
        0.9808241128921509,
        0.46279406547546387,
        0.8777337074279785,
        0.2725377082824707,
        0.4022265672683716,
        0.7682768106460571
    ]
}