{
    "format": 5,
    "name": "n40k4_31",
    "n": 40,
    "k": 4,
    "optimal_solution": 0.44226396083831787,
    "x_values": [
        0.05472058057785034,
        0.95112544298172,
        0.9444261789321899,
        0.5493288040161133,
        0.4581846594810486,
        0.5913434624671936,
        0.3189457058906555,
        0.5660087466239929,
        0.509705662727356,
        0.5391594767570496,
        0.6046633720397949,
        0.5167236924171448,
        0.4973679780960083,
        0.7126986384391785,
        0.9055280089378357,
        0.06459152698516846,
        0.6919077038764954,
        0.15728342533111572,
        0.9528331160545349,
        0.9107065200805664,
        0.21563076972961426,
        0.6878722906112671,
        0.4885973334312439,
        0.4766054153442383,
        0.825754702091217,
        0.7703738212585449,
        0.09903961420059204,
        0.802044689655304,
        0.21332991123199463,
        0.5283193588256836,
        0.7670814394950867,
        0.6207389831542969,
        0.989377498626709,
        0.9325306415557861,
        0.02954334020614624,
        0.29323720932006836,
        0.7865151762962341,
        0.747718095779419,
        0.08440124988555908,
        0.6507280468940735
    ],
    "y_values": [
        0.9921984076499939,
        0.3784191608428955,
        0.6335857510566711,
        0.10747826099395752,
        0.7753472328186035,
        0.9421419501304626,
        0.050616681575775146,
        0.2002253532409668,
        0.03270810842514038,
        0.9792882204055786,
        0.9238250255584717,
        0.2607867121696472,
        0.10646313428878784,
        0.6787225604057312,
        0.8216281533241272,
        0.7371699810028076,
        0.2562035918235779,
        0.6176819801330566,
        0.8533598780632019,
        0.8033183813095093,
        0.7372699975967407,
        0.3245583176612854,
        0.2809895873069763,
        0.5095095038414001,
        0.27150672674179077,
        0.2894214391708374,
        0.28536659479141235,
        0.1717427372932434,
        0.5928286910057068,
        0.6973220109939575,
        0.11008810997009277,
        0.9956842660903931,
        0.6033917665481567,
        0.03286111354827881,
        0.5238407850265503,
        0.7934145927429199,
        0.7733701467514038,
        0.33720433712005615,
        0.9371059536933899,
        0.06580770015716553
    ]
}