{
    "format": 5,
    "name": "n40k4_65",
    "n": 40,
    "k": 4,
    "optimal_solution": 0.3902575373649597,
    "x_values": [
        0.23770636320114136,
        0.18431520462036133,
        0.6632643938064575,
        0.45343613624572754,
        0.1856060028076172,
        0.18527865409851074,
        0.9028234481811523,
        0.598072350025177,
        0.4811810255050659,
        0.9696456789970398,
        0.7785863876342773,
        0.9470623135566711,
        0.4995104670524597,
        0.7144137024879456,
        0.39448654651641846,
        0.05137151479721069,
        0.9854370355606079,
        0.7515953183174133,
        0.797814130783081,
        0.2319595217704773,
        0.9521646499633789,
        0.2220379114151001,
        0.7571170330047607,
        0.4134622812271118,
        0.18406766653060913,
        0.30740463733673096,
        0.217548668384552,
        0.47042369842529297,
        0.251992404460907,
        0.5927876234054565,
        0.9230285286903381,
        0.5140956044197083,
        0.32900649309158325,
        0.2653768062591553,
        0.022331535816192627,
        0.3243972659111023,
        0.6721826195716858,
        0.3161827325820923,
        0.09342348575592041,
        0.5422285199165344
    ],
    "y_values": [
        0.4460129737854004,
        0.9173329472541809,
        0.33489131927490234,
        0.04914599657058716,
        0.18043279647827148,
        0.4352031350135803,
        0.631611168384552,
        0.3069967031478882,
        0.3491751551628113,
        0.8493937849998474,
        0.9696047306060791,
        0.8049125075340271,
        0.8559423685073853,
        0.17772984504699707,
        0.6789721250534058,
        0.8163750171661377,
        0.47101932764053345,
        0.8041271567344666,
        0.6544591188430786,
        0.44320088624954224,
        0.8075181841850281,
        0.9479238390922546,
        0.8641175031661987,
        0.16946738958358765,
        0.09540539979934692,
        0.08886724710464478,
        0.45025205612182617,
        0.1686265468597412,
        0.8706994652748108,
        0.8695501685142517,
        0.34074336290359497,
        0.43208831548690796,
        0.8826481103897095,
        0.40580278635025024,
        0.06162446737289429,
        0.705748438835144,
        0.2013317346572876,
        0.7356052398681641,
        0.3463265299797058,
        0.17961138486862183
    ]
}