{
    "format": 2,
    "name": "n40k4_12",
    "n": 40,
    "k": 4,
    "optimal_solution": 7.744359016418457,
    "x_values": [
        0.5699162483215332,
        0.044065892696380615,
        0.36404693126678467,
        0.7436648011207581,
        0.3729017376899719,
        0.1873621940612793,
        0.9852417707443237,
        0.6618015170097351,
        0.449843168258667,
        0.8502245545387268,
        0.6889728307723999,
        0.5552386045455933,
        0.8760305047035217,
        0.47289514541625977,
        0.5903075337409973,
        0.6556229591369629,
        0.5829076170921326,
        0.675094723701477,
        0.47804945707321167,
        0.2243521809577942,
        0.22365373373031616,
        0.6280971765518188,
        0.2965834140777588,
        0.04154610633850098,
        0.7896565198898315,
        0.6801410913467407,
        0.1374163031578064,
        0.5720414519309998,
        0.2799004316329956,
        0.24395430088043213,
        0.21572136878967285,
        0.5558813214302063,
        0.8165783286094666,
        0.7387843132019043,
        0.3582894206047058,
        0.4882590174674988,
        0.7054657340049744,
        0.19395309686660767,
        0.5941687226295471,
        0.263363242149353
    ],
    "y_values": [
        0.9992078542709351,
        0.023031651973724365,
        0.3323177099227905,
        0.5181021690368652,
        0.7706097960472107,
        0.9440523386001587,
        0.5026200413703918,
        0.2678024172782898,
        0.7003913521766663,
        0.6860567331314087,
        0.8518451452255249,
        0.5609478950500488,
        0.8254445791244507,
        0.7064645886421204,
        0.23053604364395142,
        0.17019802331924438,
        0.4754527807235718,
        0.6965540647506714,
        0.33662933111190796,
        0.7512689828872681,
        0.41537022590637207,
        0.32001006603240967,
        0.8952020406723022,
        0.6415945291519165,
        0.7752358913421631,
        0.7798032164573669,
        0.05082416534423828,
        0.35022568702697754,
        0.4749649167060852,
        0.7348759770393372,
        0.280942440032959,
        0.0030802488327026367,
        0.34271425008773804,
        0.38600265979766846,
        0.017086565494537354,
        0.5214083790779114,
        0.8254751563072205,
        0.2913529872894287,
        0.709456741809845,
        0.2743380069732666
    ]
}