{
    "format": 5,
    "name": "n20k9_44",
    "n": 20,
    "k": 9,
    "optimal_solution": 0.2407742738723755,
    "x_values": [
        0.24485760927200317,
        0.1001320481300354,
        0.9503946304321289,
        0.02205026149749756,
        0.6574303507804871,
        0.26973235607147217,
        0.41147172451019287,
        0.4856412410736084,
        0.38783133029937744,
        0.5725502967834473,
        0.4216252565383911,
        0.6003444790840149,
        0.6102117300033569,
        0.9104520082473755,
        0.36843180656433105,
        0.3233599066734314,
        0.40639978647232056,
        0.7671252489089966,
        0.006243407726287842,
        0.7980749011039734
    ],
    "y_values": [
        0.0782933235168457,
        0.9661007523536682,
        0.5582876801490784,
        0.9910731315612793,
        0.013384222984313965,
        0.2888716459274292,
        0.7174398899078369,
        0.14790499210357666,
        0.9558306932449341,
        0.7697672247886658,
        0.22542035579681396,
        0.2035490870475769,
        0.43445611000061035,
        0.4651622772216797,
        0.536619246006012,
        0.8532081246376038,
        0.7440715432167053,
        0.9739840030670166,
        0.4281679391860962,
        0.3598329424858093
    ]
}