{
    "format": 2,
    "name": "n30k8_72",
    "n": 30,
    "k": 8,
    "optimal_solution": 3.1959939002990723,
    "x_values": [
        0.23619860410690308,
        0.7466355562210083,
        0.943789541721344,
        0.3982267379760742,
        0.8157936334609985,
        0.6471168994903564,
        0.36363792419433594,
        0.6687126755714417,
        0.6272280216217041,
        0.3154391050338745,
        0.48465418815612793,
        0.8265408277511597,
        0.4833219051361084,
        0.42106539011001587,
        0.6376792788505554,
        0.4594653248786926,
        0.6926945447921753,
        0.9168053269386292,
        0.42687875032424927,
        0.38821864128112793,
        0.12151801586151123,
        0.8091861605644226,
        0.8012645840644836,
        0.09628123044967651,
        0.9414488673210144,
        0.8696295619010925,
        0.7836955785751343,
        0.8292628526687622,
        0.40282225608825684,
        0.015091180801391602
    ],
    "y_values": [
        0.3297916650772095,
        0.8472211956977844,
        0.7411054968833923,
        0.9174121022224426,
        0.21483033895492554,
        0.3217000961303711,
        0.22069698572158813,
        0.4624063968658447,
        0.5678315758705139,
        0.07470804452896118,
        0.19413673877716064,
        0.5507850646972656,
        0.6074376702308655,
        0.6030341386795044,
        0.1416599154472351,
        0.7298768162727356,
        0.7018923759460449,
        0.24451512098312378,
        0.8552387356758118,
        0.67147296667099,
        0.6047296524047852,
        0.7108644843101501,
        0.19140535593032837,
        0.061758339405059814,
        0.5042666792869568,
        0.4611430764198303,
        0.7914142608642578,
        0.05669260025024414,
        0.23716706037521362,
        0.09528225660324097
    ]
}