{
    "format": 2,
    "name": "n30k8_63",
    "n": 30,
    "k": 8,
    "optimal_solution": 3.6873130798339844,
    "x_values": [
        0.44017237424850464,
        0.6206219792366028,
        0.7961124777793884,
        0.3774113655090332,
        0.14971697330474854,
        0.746406614780426,
        0.015593945980072021,
        0.4914661645889282,
        0.5404303669929504,
        0.6501848101615906,
        0.02655094861984253,
        0.5107494592666626,
        0.06882011890411377,
        0.21638184785842896,
        0.46567195653915405,
        0.9421573281288147,
        0.7298914790153503,
        0.11905109882354736,
        0.4808729290962219,
        0.18465203046798706,
        0.6571188569068909,
        0.7009457945823669,
        0.3405800461769104,
        0.02544701099395752,
        0.9632528424263,
        0.81575608253479,
        0.07999461889266968,
        0.9081541895866394,
        0.9777504801750183,
        0.098324716091156
    ],
    "y_values": [
        0.5809804201126099,
        0.9862990975379944,
        0.7003569602966309,
        0.34486836194992065,
        0.45424002408981323,
        0.30383390188217163,
        0.5407604575157166,
        0.3156382441520691,
        0.3479776978492737,
        0.7119413018226624,
        0.7204990983009338,
        0.05199688673019409,
        0.21954721212387085,
        0.0041640400886535645,
        0.34997665882110596,
        0.33487892150878906,
        0.824356198310852,
        0.13124829530715942,
        0.6351427435874939,
        0.9370947480201721,
        0.18760830163955688,
        0.7340449094772339,
        0.9680413603782654,
        0.6887346506118774,
        0.181263267993927,
        0.6671920418739319,
        0.5658384561538696,
        0.5953698754310608,
        0.753900945186615,
        0.3702555298805237
    ]
}