{
    "format": 2,
    "name": "n100k10_83",
    "n": 100,
    "k": 10,
    "optimal_solution": 12.001028060913086,
    "x_values": [
        0.2629856467247009,
        0.46763843297958374,
        0.267081618309021,
        0.5722723603248596,
        0.7091081142425537,
        0.9799516797065735,
        0.14179390668869019,
        0.8031619787216187,
        0.4995587468147278,
        0.003817439079284668,
        0.653229832649231,
        0.8908362984657288,
        0.3066595196723938,
        0.08552628755569458,
        0.5885546803474426,
        0.9338694214820862,
        0.911024272441864,
        0.5256248116493225,
        0.9253199100494385,
        0.04498320817947388,
        0.43244367837905884,
        0.7930727601051331,
        0.8147457838058472,
        0.04523789882659912,
        0.18897658586502075,
        0.48407769203186035,
        0.8978801369667053,
        0.8186128735542297,
        0.06427431106567383,
        0.3578950762748718,
        0.23723381757736206,
        0.8469885587692261,
        0.8013342618942261,
        0.06821805238723755,
        0.9929651618003845,
        0.12710368633270264,
        0.6733532547950745,
        0.20038634538650513,
        0.9156537652015686,
        0.7503957748413086,
        0.4479547142982483,
        0.9536498188972473,
        0.13825726509094238,
        0.7352949976921082,
        0.09336066246032715,
        0.9097434878349304,
        0.15816104412078857,
        0.8045229911804199,
        0.7108698487281799,
        0.12193965911865234,
        0.24685359001159668,
        0.8732385635375977,
        0.5561299920082092,
        0.17024236917495728,
        0.8459632992744446,
        0.368810772895813,
        0.1644260287284851,
        0.1729753613471985,
        0.115292489528656,
        0.2512657642364502,
        0.05601036548614502,
        0.7873019576072693,
        0.1518356204032898,
        0.8626062273979187,
        0.7177488803863525,
        0.14495795965194702,
        0.6598290801048279,
        0.8400123715400696,
        0.5328469276428223,
        0.17235171794891357,
        0.09724986553192139,
        0.8733460903167725,
        0.048250436782836914,
        0.490154504776001,
        0.3911136984825134,
        0.09915882349014282,
        0.10471189022064209,
        0.7027567625045776,
        0.6910461783409119,
        0.037046968936920166,
        0.5897327065467834,
        0.9515469670295715,
        0.4274803400039673,
        0.04049938917160034,
        0.13808751106262207,
        0.8790412545204163,
        0.6042692065238953,
        0.1649453043937683,
        0.15078812837600708,
        0.28830933570861816,
        0.909344494342804,
        0.9870417714118958,
        0.26097357273101807,
        0.04658770561218262,
        0.4390915632247925,
        0.4998965263366699,
        0.5520323514938354,
        0.7144520282745361,
        0.4317237138748169,
        0.8164400458335876
    ],
    "y_values": [
        0.9362939596176147,
        0.4694213271141052,
        0.08590668439865112,
        0.7000947594642639,
        0.8565754294395447,
        0.1613951325416565,
        0.6211540102958679,
        0.4060624837875366,
        0.46584832668304443,
        0.08133590221405029,
        0.625632643699646,
        0.21298223733901978,
        0.4246203303337097,
        0.5153931975364685,
        0.28115278482437134,
        0.7037968635559082,
        0.8954525589942932,
        0.08692371845245361,
        0.9385389685630798,
        0.8643333315849304,
        0.30382031202316284,
        0.30210715532302856,
        0.57192462682724,
        0.3011704683303833,
        0.5939914584159851,
        0.9162207245826721,
        0.5063914656639099,
        0.5472044348716736,
        0.5371963381767273,
        0.19227033853530884,
        0.7496170997619629,
        0.002670884132385254,
        0.13863813877105713,
        0.8161312341690063,
        0.4068107604980469,
        0.788621723651886,
        0.5686673521995544,
        0.6448394656181335,
        0.7082870006561279,
        0.28384077548980713,
        0.7820042967796326,
        0.7812653183937073,
        0.2769426107406616,
        0.25586652755737305,
        0.4345400929450989,
        0.6389671564102173,
        0.8158993721008301,
        0.050515055656433105,
        0.6333269476890564,
        0.464117169380188,
        0.6982132196426392,
        0.21145933866500854,
        0.015121519565582275,
        0.8878944516181946,
        0.29492539167404175,
        0.04888707399368286,
        0.39761513471603394,
        0.11195409297943115,
        0.8628953099250793,
        0.9083349108695984,
        0.39739376306533813,
        0.25449520349502563,
        0.17858922481536865,
        0.652777373790741,
        0.4639281630516052,
        0.9964156150817871,
        0.8630501627922058,
        0.21113872528076172,
        0.7731501460075378,
        0.9224843382835388,
        0.63969886302948,
        0.3891294598579407,
        0.9807747006416321,
        0.722038209438324,
        0.5556076765060425,
        0.8407251238822937,
        0.5666807293891907,
        0.5810361504554749,
        0.8403130173683167,
        0.18897390365600586,
        0.8739365935325623,
        0.5381380915641785,
        0.4146895408630371,
        0.1591131091117859,
        0.08728498220443726,
        0.7773934602737427,
        0.2577863931655884,
        0.06718659400939941,
        0.06731617450714111,
        0.14373779296875,
        0.4824432134628296,
        0.46320396661758423,
        0.06637698411941528,
        0.5693899393081665,
        0.8702943325042725,
        0.7717916369438171,
        0.8076760768890381,
        0.5048219561576843,
        0.5336111187934875,
        0.1768297553062439
    ]
}