{
    "format": 8,
    "name": "n80k3_16",
    "n": 80,
    "k": 3,
    "capacity": 27,
    "optimal_solution": 22.388029098510742,
    "x_values": [
        0.015929698944091797,
        0.39970827102661133,
        0.21725410223007202,
        0.15784788131713867,
        0.217471182346344,
        0.42295050621032715,
        0.7798969745635986,
        0.38826316595077515,
        0.9102710485458374,
        0.43904566764831543,
        0.8855769038200378,
        0.464513897895813,
        0.4559614062309265,
        0.573130190372467,
        0.9609687924385071,
        0.9715189933776855,
        0.09910744428634644,
        0.10914897918701172,
        0.2041999101638794,
        0.6146665215492249,
        0.8145437836647034,
        0.9571642279624939,
        0.3355656862258911,
        0.567304253578186,
        0.7400174140930176,
        0.6875345706939697,
        0.5252178907394409,
        0.3443455696105957,
        0.8983907103538513,
        0.030216336250305176,
        0.2587464451789856,
        0.3605905771255493,
        0.09461408853530884,
        0.6179593801498413,
        0.3858796954154968,
        0.6368779540061951,
        0.3815622925758362,
        0.8544740676879883,
        0.35893315076828003,
        0.04611605405807495,
        0.8459358215332031,
        0.34603196382522583,
        0.8838784098625183,
        0.3599206209182739,
        0.31906718015670776,
        0.1270158290863037,
        0.2434278130531311,
        0.6510228514671326,
        0.7774037718772888,
        0.6960914731025696,
        0.23288995027542114,
        0.01882493495941162,
        0.8283596038818359,
        0.4318573474884033,
        0.37987494468688965,
        0.03438425064086914,
        0.5369829535484314,
        0.3234354257583618,
        0.04452270269393921,
        0.5913431644439697,
        0.9253607392311096,
        0.1609969139099121,
        0.965608537197113,
        0.8557306528091431,
        0.021078765392303467,
        0.32319819927215576,
        0.13453668355941772,
        0.6203371286392212,
        0.2357872724533081,
        0.28082364797592163,
        0.34334075450897217,
        0.45605504512786865,
        0.4859415888786316,
        0.2517153024673462,
        0.5600316524505615,
        0.9142606258392334,
        0.7695329785346985,
        0.45556652545928955,
        0.8913013935089111,
        0.1526152491569519
    ],
    "y_values": [
        0.34870338439941406,
        0.999060869216919,
        0.18961721658706665,
        0.578111469745636,
        0.3437005877494812,
        0.2987619638442993,
        0.377998411655426,
        0.6090165376663208,
        0.7294422388076782,
        0.6807629466056824,
        0.5814468264579773,
        0.5383787751197815,
        0.18171048164367676,
        0.9368405938148499,
        0.6181962490081787,
        0.3184735178947449,
        0.29783695936203003,
        0.8848010301589966,
        0.268426775932312,
        0.9456127882003784,
        0.9461148381233215,
        0.028192877769470215,
        0.36860352754592896,
        0.7162705063819885,
        0.3965849280357361,
        0.9158887267112732,
        0.9971133470535278,
        0.6564100980758667,
        0.590241551399231,
        0.5783237814903259,
        0.4284473657608032,
        0.9448333978652954,
        0.5791773796081543,
        0.1350245475769043,
        0.4205836057662964,
        0.5453521609306335,
        0.8371773958206177,
        0.6431647539138794,
        0.26443082094192505,
        0.41862988471984863,
        0.7180013656616211,
        0.5610747337341309,
        0.7060810327529907,
        0.03688347339630127,
        0.8134751319885254,
        0.6528310775756836,
        0.2350928783416748,
        0.4557853937149048,
        0.8732123374938965,
        0.16037863492965698,
        0.18754982948303223,
        0.6833475232124329,
        0.2523391842842102,
        0.3454921841621399,
        0.16742604970932007,
        0.5483731627464294,
        0.40711086988449097,
        0.17251914739608765,
        0.37040257453918457,
        0.2019767165184021,
        0.6933906674385071,
        0.2846178412437439,
        0.9643440246582031,
        0.9923635721206665,
        0.5497071146965027,
        0.32296687364578247,
        0.6404907703399658,
        0.10398584604263306,
        0.08243948221206665,
        0.19653356075286865,
        0.04638099670410156,
        0.45842117071151733,
        0.34891176223754883,
        0.7816950082778931,
        0.8397844433784485,
        0.9570205807685852,
        0.3450371026992798,
        0.639483630657196,
        0.13470888137817383,
        0.07639926671981812
    ]
}