{
    "format": 8,
    "name": "n80k3_24",
    "n": 80,
    "k": 3,
    "capacity": 27,
    "optimal_solution": 23.672508239746094,
    "x_values": [
        0.633132815361023,
        0.5795650482177734,
        0.3396400213241577,
        0.8073565363883972,
        0.8180546164512634,
        0.4743845462799072,
        0.814741849899292,
        0.43832486867904663,
        0.9727332592010498,
        0.048282086849212646,
        0.37002670764923096,
        0.3126332759857178,
        0.3850354552268982,
        0.7347903251647949,
        0.011654973030090332,
        0.7933028340339661,
        0.8039857149124146,
        0.1269679069519043,
        0.11286872625350952,
        0.24641954898834229,
        0.20803558826446533,
        0.2824382781982422,
        0.2620793581008911,
        0.22720342874526978,
        0.3180336356163025,
        0.6326959133148193,
        0.7154713273048401,
        0.15611356496810913,
        0.18124604225158691,
        0.9320852756500244,
        0.5199646353721619,
        0.04470491409301758,
        0.7351013422012329,
        0.017625868320465088,
        0.11155492067337036,
        0.9945491552352905,
        0.5254746675491333,
        0.06435167789459229,
        0.38123220205307007,
        0.30168473720550537,
        0.8032290935516357,
        0.10277003049850464,
        0.6842272281646729,
        0.35778188705444336,
        0.36580199003219604,
        0.6384903788566589,
        0.28439706563949585,
        0.03245657682418823,
        0.5099475979804993,
        0.9500439167022705,
        0.9463340044021606,
        0.8603082895278931,
        0.058567941188812256,
        0.2720823884010315,
        0.967389702796936,
        0.5609840154647827,
        0.2769410014152527,
        0.9280553460121155,
        0.5592091083526611,
        0.9263651967048645,
        0.8619614839553833,
        0.44906073808670044,
        0.13423824310302734,
        0.3426321744918823,
        0.6255025863647461,
        0.43980932235717773,
        0.5146433115005493,
        0.32828372716903687,
        0.8627805709838867,
        0.7316745519638062,
        0.5116249322891235,
        0.1445438265800476,
        0.9312083721160889,
        0.95237135887146,
        0.07627081871032715,
        0.6151801943778992,
        0.06395739316940308,
        0.3827210068702698,
        0.026562631130218506,
        0.005439877510070801
    ],
    "y_values": [
        0.8644145727157593,
        0.9873414635658264,
        0.37148362398147583,
        0.5888343453407288,
        0.2989054322242737,
        0.7467021346092224,
        0.2869386672973633,
        0.769677460193634,
        0.7292250990867615,
        0.7458198070526123,
        0.09522402286529541,
        0.12565124034881592,
        0.45688074827194214,
        0.9965221285820007,
        0.8317210078239441,
        0.018076777458190918,
        0.9266724586486816,
        0.504902720451355,
        0.16904306411743164,
        0.5208438634872437,
        0.5727980732917786,
        0.2569817304611206,
        0.6159383058547974,
        0.08939564228057861,
        0.3285920023918152,
        0.8400249481201172,
        0.7845817804336548,
        0.2825520634651184,
        0.655392050743103,
        0.0658230185508728,
        0.5350770950317383,
        0.12664514780044556,
        0.6563101410865784,
        0.6737720966339111,
        0.505736768245697,
        0.28220003843307495,
        0.21438544988632202,
        0.702259361743927,
        0.57578444480896,
        0.12948518991470337,
        0.4925577640533447,
        0.9454843401908875,
        0.7277290225028992,
        0.9782789945602417,
        0.9302121996879578,
        0.4744144678115845,
        0.9681923389434814,
        0.5180896520614624,
        0.9838845133781433,
        0.954409658908844,
        0.7306813597679138,
        0.2601873278617859,
        0.4190133213996887,
        0.21853303909301758,
        0.4386711120605469,
        0.6875919103622437,
        0.13717597723007202,
        0.8660867810249329,
        0.3475368022918701,
        0.018358051776885986,
        0.2581787705421448,
        0.449444055557251,
        0.07787060737609863,
        0.5123299956321716,
        0.050174057483673096,
        0.7215234637260437,
        0.18341892957687378,
        0.2709558606147766,
        0.7038683891296387,
        0.8949280381202698,
        0.8719004392623901,
        0.15650689601898193,
        0.2640414237976074,
        0.6369053721427917,
        0.08029031753540039,
        0.1223486065864563,
        0.587385892868042,
        0.052658796310424805,
        0.5122731328010559,
        0.5526118278503418
    ]
}