{
    "format": 5,
    "name": "n100k6_33",
    "n": 100,
    "k": 6,
    "optimal_solution": 0.352636456489563,
    "x_values": [
        0.6060080528259277,
        0.9086558818817139,
        0.9157635569572449,
        0.04015260934829712,
        0.9938344955444336,
        0.9989368319511414,
        0.8629395961761475,
        0.6074077486991882,
        0.743921160697937,
        0.8358588814735413,
        0.3547211289405823,
        0.6107415556907654,
        0.8221523761749268,
        0.9568668007850647,
        0.37784457206726074,
        0.748059093952179,
        0.27632391452789307,
        0.6967950463294983,
        0.43561673164367676,
        0.21221697330474854,
        0.4803503155708313,
        0.20585060119628906,
        0.056185901165008545,
        0.27232444286346436,
        0.6623594164848328,
        0.0635787844657898,
        0.1420598030090332,
        0.24751794338226318,
        0.8324579000473022,
        0.21247780323028564,
        0.6236668825149536,
        0.3961328864097595,
        0.7037325501441956,
        0.08672380447387695,
        0.8867475986480713,
        0.24237775802612305,
        0.7714682221412659,
        0.30422496795654297,
        0.34521305561065674,
        0.8140442967414856,
        0.38573014736175537,
        0.22855037450790405,
        0.2354869842529297,
        0.3395857810974121,
        0.9722004532814026,
        0.6431576609611511,
        0.7621491551399231,
        0.30366164445877075,
        0.7964258790016174,
        0.0803646445274353,
        0.9836853742599487,
        0.6625404953956604,
        0.2983001470565796,
        0.11976861953735352,
        0.7272266745567322,
        0.6488377451896667,
        0.08755248785018921,
        0.060450077056884766,
        0.2628587484359741,
        0.47606903314590454,
        0.9752765893936157,
        0.6031725406646729,
        0.8468743562698364,
        0.24303066730499268,
        0.5294129848480225,
        0.527137279510498,
        0.8466066122055054,
        0.5064231157302856,
        0.8216595649719238,
        0.4739803671836853,
        0.4795583486557007,
        0.5449185371398926,
        0.344326376914978,
        0.4465765357017517,
        0.3340694308280945,
        0.2520284652709961,
        0.3033199906349182,
        0.3810938596725464,
        0.321048378944397,
        0.9142435789108276,
        0.4156709909439087,
        0.11964946985244751,
        0.22947204113006592,
        0.5004644393920898,
        0.7754977345466614,
        0.17547982931137085,
        0.4641619920730591,
        0.09971439838409424,
        0.7537060976028442,
        0.1315312385559082,
        0.9784116148948669,
        0.758980393409729,
        0.6087891459465027,
        0.32695865631103516,
        0.8774873614311218,
        0.1088210940361023,
        0.6315305233001709,
        0.6918961405754089,
        0.3715860843658447,
        0.31892818212509155
    ],
    "y_values": [
        0.995979905128479,
        0.2544085383415222,
        0.5256627202033997,
        0.8690028190612793,
        0.9709393382072449,
        0.34953099489212036,
        0.24785715341567993,
        0.5900213718414307,
        0.849342942237854,
        0.05408120155334473,
        0.5140908360481262,
        0.5349985957145691,
        0.6834093332290649,
        0.837374746799469,
        0.5786424875259399,
        0.13611727952957153,
        0.006348788738250732,
        0.9439950585365295,
        0.3143407106399536,
        0.6192200779914856,
        0.010943710803985596,
        0.7246129512786865,
        0.9847679734230042,
        0.77534419298172,
        0.10694319009780884,
        0.3340250253677368,
        0.16503602266311646,
        0.1404152512550354,
        0.63752281665802,
        0.6359798312187195,
        0.5454489588737488,
        0.23424482345581055,
        0.24223941564559937,
        0.5477564930915833,
        0.29040729999542236,
        0.48442578315734863,
        0.968903124332428,
        0.2588607668876648,
        0.2132664918899536,
        0.04793804883956909,
        0.04045212268829346,
        0.2363479733467102,
        0.5872940421104431,
        0.9891355037689209,
        0.2669283151626587,
        0.4470197558403015,
        0.10531413555145264,
        0.7870681285858154,
        0.46164655685424805,
        0.8280243277549744,
        0.19109350442886353,
        0.2955356240272522,
        0.7776161432266235,
        0.16820186376571655,
        0.5055878162384033,
        0.7466827630996704,
        0.9739078283309937,
        0.31293821334838867,
        0.2426832914352417,
        0.5567653179168701,
        0.24880534410476685,
        0.38085877895355225,
        0.2152978777885437,
        0.7332971692085266,
        0.155007004737854,
        0.7586634159088135,
        0.09878265857696533,
        0.13871806859970093,
        0.3456573486328125,
        0.9500202536582947,
        0.7252752184867859,
        0.09151965379714966,
        0.47477370500564575,
        0.6479992866516113,
        0.14290344715118408,
        0.30633461475372314,
        0.5780683159828186,
        0.7055052518844604,
        0.27230435609817505,
        0.9694244861602783,
        0.8629260659217834,
        0.31622743606567383,
        0.48688775300979614,
        0.2957146167755127,
        0.7603446841239929,
        0.9705745577812195,
        0.828040599822998,
        0.5339791774749756,
        0.7344381809234619,
        0.7427380084991455,
        0.14977294206619263,
        0.6885464191436768,
        0.5759440064430237,
        0.8878549337387085,
        0.772332489490509,
        0.6264370083808899,
        0.47755444049835205,
        0.02256220579147339,
        0.6291850209236145,
        0.8520535826683044
    ]
}