{
    "format": 2,
    "name": "n100k6_6",
    "n": 100,
    "k": 6,
    "optimal_solution": 18.359817504882812,
    "x_values": [
        0.04063153266906738,
        0.26514261960983276,
        0.26397407054901123,
        0.5827623009681702,
        0.6481053829193115,
        0.6585832834243774,
        0.2688743472099304,
        0.23406612873077393,
        0.30353790521621704,
        0.3337438702583313,
        0.8148305416107178,
        0.3069443106651306,
        0.9970318675041199,
        0.5454719662666321,
        0.5997022390365601,
        0.6245713829994202,
        0.6835720539093018,
        0.016903579235076904,
        0.153700053691864,
        0.2717972993850708,
        0.4326643943786621,
        0.4096145033836365,
        0.47785621881484985,
        0.040517985820770264,
        0.5947607159614563,
        0.8459686636924744,
        0.047275424003601074,
        0.4081379771232605,
        0.9151726961135864,
        0.1066443920135498,
        0.761853039264679,
        0.5578698515892029,
        0.7460602521896362,
        0.6538549065589905,
        0.043531835079193115,
        0.18127280473709106,
        0.4934448003768921,
        0.13608819246292114,
        0.5942823886871338,
        0.8813596963882446,
        0.638690710067749,
        0.82856684923172,
        0.5464931726455688,
        0.4482061266899109,
        0.1570415496826172,
        0.21547693014144897,
        0.5109828114509583,
        0.9592406153678894,
        0.9592269659042358,
        0.8440830707550049,
        0.41693902015686035,
        0.4187665581703186,
        0.7498598098754883,
        0.9854720234870911,
        0.42397385835647583,
        0.8708055019378662,
        0.3586044907569885,
        0.8398542404174805,
        0.22814828157424927,
        0.07976001501083374,
        0.8739563226699829,
        0.2893531322479248,
        0.8024347424507141,
        0.5276764631271362,
        0.11363756656646729,
        0.3698931932449341,
        0.5364699959754944,
        0.9029031991958618,
        0.45426779985427856,
        0.3634708523750305,
        0.7233625054359436,
        0.08643358945846558,
        0.32611727714538574,
        0.04520142078399658,
        0.5794485211372375,
        0.16834121942520142,
        0.311646044254303,
        0.977863073348999,
        0.09540843963623047,
        0.8327656388282776,
        0.8903145790100098,
        0.0780913233757019,
        0.924795925617218,
        0.5118612051010132,
        0.5400266051292419,
        0.7091184854507446,
        0.09910321235656738,
        0.7725246548652649,
        0.7750530242919922,
        0.12335222959518433,
        0.6343525648117065,
        0.24630892276763916,
        0.9418690204620361,
        0.10820776224136353,
        0.5818770527839661,
        0.026744306087493896,
        0.3486798405647278,
        0.1436786651611328,
        0.3496726155281067,
        0.6899900436401367
    ],
    "y_values": [
        0.825706958770752,
        0.5398502945899963,
        0.45065391063690186,
        0.8880770206451416,
        0.33586585521698,
        0.0662345290184021,
        0.043049633502960205,
        0.19967889785766602,
        0.6649693250656128,
        0.6321582198143005,
        0.8181195259094238,
        0.3455471992492676,
        0.6828844547271729,
        0.4838380217552185,
        0.990278959274292,
        0.12124240398406982,
        0.4842068552970886,
        0.4754074215888977,
        0.36674171686172485,
        0.07626515626907349,
        0.023605644702911377,
        0.10386031866073608,
        0.32664525508880615,
        0.3340418338775635,
        0.11648398637771606,
        0.08792662620544434,
        0.9639933109283447,
        0.10541194677352905,
        0.34293150901794434,
        0.9835972189903259,
        0.8497697710990906,
        0.8155996799468994,
        0.23738330602645874,
        0.8090348243713379,
        0.9519751667976379,
        0.2894858717918396,
        0.30247312784194946,
        0.5357757210731506,
        0.4015727639198303,
        0.32051247358322144,
        0.8993181586265564,
        0.5234881043434143,
        0.37660056352615356,
        0.38108038902282715,
        0.02517300844192505,
        0.6044928431510925,
        0.24169951677322388,
        0.19935548305511475,
        0.5495126247406006,
        0.22636502981185913,
        0.8456886410713196,
        0.9995198845863342,
        0.2611008882522583,
        0.2752460837364197,
        0.5774440765380859,
        0.8974819183349609,
        0.4815496802330017,
        0.8902350664138794,
        0.8318350315093994,
        0.5492033362388611,
        0.4098222255706787,
        0.49213939905166626,
        0.6012484431266785,
        0.9181249141693115,
        0.7581747770309448,
        0.1483994722366333,
        0.9309056997299194,
        0.4213947653770447,
        0.09508413076400757,
        0.28819704055786133,
        0.30562907457351685,
        0.4372645616531372,
        0.20857495069503784,
        0.0010543465614318848,
        0.8467729687690735,
        0.9850901365280151,
        0.7816796898841858,
        0.7722985744476318,
        0.943331778049469,
        0.8037721514701843,
        0.825227677822113,
        0.23380941152572632,
        0.06580919027328491,
        0.8840522766113281,
        0.4066677689552307,
        0.031058967113494873,
        0.8572520017623901,
        0.3827465772628784,
        0.889292299747467,
        0.7834996581077576,
        0.42486321926116943,
        0.8004248738288879,
        0.39729243516921997,
        0.7804627418518066,
        0.051404476165771484,
        0.12981760501861572,
        0.49627959728240967,
        0.010762691497802734,
        0.46059566736221313,
        0.9451588988304138
    ]
}