{
    "format": 2,
    "name": "n80k8_99",
    "n": 80,
    "k": 8,
    "optimal_solution": 11.466044425964355,
    "x_values": [
        0.27605247497558594,
        0.10651320219039917,
        0.7914226055145264,
        0.7146191000938416,
        0.5215522646903992,
        0.7898885011672974,
        0.8288551568984985,
        0.1509871482849121,
        0.5740797519683838,
        0.40676742792129517,
        0.32946687936782837,
        0.7198180556297302,
        0.020289242267608643,
        0.44467228651046753,
        0.5646390318870544,
        0.08139932155609131,
        0.7133087515830994,
        0.3403403162956238,
        0.8143958449363708,
        0.5477951169013977,
        0.8067466616630554,
        0.0817977786064148,
        0.18252116441726685,
        0.478789746761322,
        0.27892225980758667,
        0.6691852807998657,
        0.545215368270874,
        0.19170254468917847,
        0.8009780049324036,
        0.18021559715270996,
        0.9342475533485413,
        0.389628529548645,
        0.5246961712837219,
        0.8664774894714355,
        0.40750956535339355,
        0.6670804023742676,
        0.496151328086853,
        0.357977032661438,
        0.03158748149871826,
        0.6852596998214722,
        0.8238555788993835,
        0.2770126461982727,
        0.759334146976471,
        0.16927874088287354,
        0.0638422966003418,
        0.5014300346374512,
        0.8943700194358826,
        0.4845094084739685,
        0.5167959928512573,
        0.8211907148361206,
        0.24734371900558472,
        0.06947708129882812,
        0.14130723476409912,
        0.16218477487564087,
        0.03973644971847534,
        0.3132379651069641,
        0.40283381938934326,
        0.5198878049850464,
        0.19224870204925537,
        0.1369258165359497,
        0.08708733320236206,
        0.3938305377960205,
        0.2963626980781555,
        0.15059638023376465,
        0.8356824517250061,
        0.9300779104232788,
        0.5800319910049438,
        0.2554948329925537,
        0.04628831148147583,
        0.4240507483482361,
        0.19107681512832642,
        0.5524689555168152,
        0.2327289581298828,
        0.8786784410476685,
        0.44326841831207275,
        0.95647132396698,
        0.40376412868499756,
        0.24725329875946045,
        0.5937917232513428,
        0.7259824872016907
    ],
    "y_values": [
        0.4819372892379761,
        0.15050965547561646,
        0.8682811260223389,
        0.7638915777206421,
        0.5419497489929199,
        0.7372778654098511,
        0.19506841897964478,
        0.13233017921447754,
        0.5175380706787109,
        0.4953309893608093,
        0.06172269582748413,
        0.41412824392318726,
        0.47726792097091675,
        0.6418967247009277,
        0.10952484607696533,
        0.9063254594802856,
        0.5850321054458618,
        0.18530404567718506,
        0.13016951084136963,
        0.5487349629402161,
        0.5793604254722595,
        0.25703489780426025,
        0.428249716758728,
        0.3521902561187744,
        0.4514783024787903,
        0.6818341612815857,
        0.7764914035797119,
        0.09981685876846313,
        0.6546815633773804,
        0.30515289306640625,
        0.32184362411499023,
        0.09158891439437866,
        0.10860615968704224,
        0.18027091026306152,
        0.8625041842460632,
        0.6396595239639282,
        0.21952229738235474,
        0.6931887865066528,
        0.7334932684898376,
        0.43370068073272705,
        0.6124467253684998,
        0.6866893172264099,
        0.8139193654060364,
        0.36565303802490234,
        0.06273210048675537,
        0.24671101570129395,
        0.35628777742385864,
        0.6769561767578125,
        0.9433772563934326,
        0.060821354389190674,
        0.6863898634910583,
        0.8940011262893677,
        0.9796748757362366,
        0.32208186388015747,
        0.8487377166748047,
        0.2971014380455017,
        0.7685176134109497,
        0.9949294924736023,
        0.5079136490821838,
        0.07365214824676514,
        0.8767834305763245,
        0.35566216707229614,
        0.7585994601249695,
        0.6403315663337708,
        0.05326026678085327,
        0.2395850419998169,
        0.8008050322532654,
        0.33675074577331543,
        0.4967825412750244,
        0.5588229298591614,
        0.6931094527244568,
        0.007103562355041504,
        0.9220758080482483,
        0.48710280656814575,
        0.40498942136764526,
        0.2174365520477295,
        0.7285536527633667,
        0.8023717403411865,
        0.8380728363990784,
        0.3399353623390198
    ]
}