{
    "format": 2,
    "name": "n80k8_42",
    "n": 80,
    "k": 8,
    "optimal_solution": 11.251992225646973,
    "x_values": [
        0.1381339430809021,
        0.1858912706375122,
        0.2753658890724182,
        0.15118110179901123,
        0.3521464467048645,
        0.35289520025253296,
        0.21007955074310303,
        0.26276832818984985,
        0.011869251728057861,
        0.8477252721786499,
        0.922813355922699,
        0.7247605919837952,
        0.12191873788833618,
        0.44576042890548706,
        0.905332624912262,
        0.35589414834976196,
        0.46135157346725464,
        0.008098840713500977,
        0.8062105178833008,
        0.01796954870223999,
        0.8570234179496765,
        0.7346276640892029,
        0.9131392240524292,
        0.41599762439727783,
        0.35287243127822876,
        0.5287519097328186,
        0.9082045555114746,
        0.7325668931007385,
        0.4702245593070984,
        0.46580958366394043,
        0.8749830722808838,
        0.3117344379425049,
        0.4194187521934509,
        0.4128921627998352,
        0.0709804892539978,
        0.7559889554977417,
        0.12965869903564453,
        0.4929552674293518,
        0.33501672744750977,
        0.36658740043640137,
        0.821757435798645,
        0.8510702252388,
        0.054351747035980225,
        0.37591469287872314,
        0.4561002254486084,
        0.6380745768547058,
        0.5005507469177246,
        0.45532160997390747,
        0.7032098174095154,
        0.7835061550140381,
        0.2104494571685791,
        0.8012900352478027,
        0.03798043727874756,
        0.3059830069541931,
        0.40585023164749146,
        0.3253806233406067,
        0.0604405403137207,
        0.8618519306182861,
        0.2613542675971985,
        0.46202778816223145,
        0.33928555250167847,
        0.4347115159034729,
        0.747268795967102,
        0.7920659780502319,
        0.8461270928382874,
        0.9527820944786072,
        0.8418463468551636,
        0.5805504322052002,
        0.5188842415809631,
        0.8112667798995972,
        0.9509366154670715,
        0.7764644026756287,
        0.030243277549743652,
        0.11019885540008545,
        0.743541955947876,
        0.7570878863334656,
        0.9842683672904968,
        0.47271227836608887,
        0.3248220682144165,
        0.7387463450431824
    ],
    "y_values": [
        0.7543647885322571,
        0.4200795292854309,
        0.9165343046188354,
        0.09704828262329102,
        0.6946716904640198,
        0.9715728759765625,
        0.6441913843154907,
        0.993803083896637,
        0.5476987957954407,
        0.9214367270469666,
        0.7325473427772522,
        0.29806768894195557,
        0.7790703773498535,
        0.7294228076934814,
        0.9554585814476013,
        0.36182284355163574,
        0.8144579529762268,
        0.7829931974411011,
        0.07642817497253418,
        0.7802534103393555,
        0.6429680585861206,
        0.5860323905944824,
        0.4582691788673401,
        0.006653726100921631,
        0.9053387641906738,
        0.4954953193664551,
        0.8198971152305603,
        0.9338436722755432,
        0.3835078477859497,
        0.29988062381744385,
        0.9271839261054993,
        0.43323904275894165,
        0.10378885269165039,
        0.2371814250946045,
        0.0498582124710083,
        0.4781758785247803,
        0.5824454426765442,
        0.3462289571762085,
        0.0591273307800293,
        0.9708989262580872,
        0.3527008891105652,
        0.8850075602531433,
        0.9754732251167297,
        0.822372317314148,
        0.347404420375824,
        0.07497233152389526,
        0.026107192039489746,
        0.041481196880340576,
        0.514237642288208,
        0.6713656187057495,
        0.28660041093826294,
        0.38182544708251953,
        0.41758066415786743,
        0.31241297721862793,
        0.23586708307266235,
        0.23525476455688477,
        0.44763439893722534,
        0.9455993175506592,
        0.2035975456237793,
        0.2636873126029968,
        0.47003352642059326,
        0.8414461016654968,
        0.3228020668029785,
        0.30415964126586914,
        0.5562124848365784,
        0.8096515536308289,
        0.18453657627105713,
        0.008756875991821289,
        0.7508875727653503,
        0.8373336791992188,
        0.01510918140411377,
        0.9904319047927856,
        0.7075954675674438,
        0.953952968120575,
        0.9055288434028625,
        0.9286110401153564,
        0.48474007844924927,
        0.5290611982345581,
        0.9882503747940063,
        0.2825206518173218
    ]
}