{
    "format": 2,
    "name": "n80k8_46",
    "n": 80,
    "k": 8,
    "optimal_solution": 12.258211135864258,
    "x_values": [
        0.762169361114502,
        0.7483924031257629,
        0.12190699577331543,
        0.030162334442138672,
        0.6686680912971497,
        0.32008475065231323,
        0.4608725309371948,
        0.6497192978858948,
        0.594107985496521,
        0.6716489791870117,
        0.1200634241104126,
        0.8517383337020874,
        0.7933639883995056,
        0.08464431762695312,
        0.39673227071762085,
        0.8292255997657776,
        0.7751571536064148,
        0.6768218278884888,
        0.45705562829971313,
        0.959463894367218,
        0.7997727990150452,
        0.10095798969268799,
        0.9571181535720825,
        0.5156399011611938,
        0.9302209615707397,
        0.7516783475875854,
        0.9273285269737244,
        0.6201691031455994,
        0.990427553653717,
        0.49342912435531616,
        0.06753730773925781,
        0.009892284870147705,
        0.21197229623794556,
        0.04425925016403198,
        0.5033942461013794,
        0.1557953953742981,
        0.5444828271865845,
        0.932168185710907,
        0.6322264671325684,
        0.7157104015350342,
        0.6457527875900269,
        0.9130973219871521,
        0.05915665626525879,
        0.4082232117652893,
        0.137859046459198,
        0.8247776627540588,
        0.5605804324150085,
        0.9968399405479431,
        0.24353450536727905,
        0.056652843952178955,
        0.5309711694717407,
        0.9487211108207703,
        0.47748106718063354,
        0.7332350015640259,
        0.017340362071990967,
        0.9681193232536316,
        0.11475497484207153,
        0.6621900200843811,
        0.8442932367324829,
        0.6128129363059998,
        0.4717296361923218,
        0.38736510276794434,
        0.6850155591964722,
        0.12611663341522217,
        0.6494139432907104,
        0.06651914119720459,
        0.7480655312538147,
        0.4240608215332031,
        0.7774127721786499,
        0.9714552760124207,
        0.24111050367355347,
        0.8917511701583862,
        0.5064231753349304,
        0.3213321566581726,
        0.0790092945098877,
        0.3022692799568176,
        0.36934471130371094,
        0.1099812388420105,
        0.3003579378128052,
        0.058734774589538574
    ],
    "y_values": [
        0.3748224377632141,
        0.01651453971862793,
        0.19406241178512573,
        0.7359192371368408,
        0.6336460113525391,
        0.5096753835678101,
        0.4755023717880249,
        0.7800798416137695,
        0.1936708688735962,
        0.29927849769592285,
        0.5911986231803894,
        0.7921908497810364,
        0.6679949760437012,
        0.6640533208847046,
        0.6536991000175476,
        0.39790987968444824,
        0.23135685920715332,
        0.17916733026504517,
        0.7710958123207092,
        0.32799357175827026,
        0.7680472731590271,
        0.3407462239265442,
        0.8229106068611145,
        0.8724952340126038,
        0.0220755934715271,
        0.6553992033004761,
        0.14246457815170288,
        0.9269856214523315,
        0.6884279251098633,
        0.6242016553878784,
        0.6310926079750061,
        0.44655513763427734,
        0.9670815467834473,
        0.5114104747772217,
        0.9354621171951294,
        0.9959010481834412,
        0.5300900340080261,
        0.7938724160194397,
        0.40986788272857666,
        0.5978560447692871,
        0.41324907541275024,
        0.03968310356140137,
        0.28178679943084717,
        0.19589108228683472,
        0.4695199131965637,
        0.42361897230148315,
        0.22361290454864502,
        0.07948058843612671,
        0.6348645687103271,
        0.9169421792030334,
        0.3272818922996521,
        0.505789577960968,
        0.47056299448013306,
        0.03519397974014282,
        0.35534554719924927,
        0.4799737334251404,
        0.1369941234588623,
        0.13972502946853638,
        0.6272793412208557,
        0.039433956146240234,
        0.22421365976333618,
        0.03694337606430054,
        0.9158638715744019,
        0.1719210147857666,
        0.39067208766937256,
        0.6047250032424927,
        0.13286763429641724,
        0.4194984436035156,
        0.42540109157562256,
        0.014824211597442627,
        0.28263258934020996,
        0.8339731693267822,
        0.9971198439598083,
        0.8138071894645691,
        0.5236701965332031,
        0.05942237377166748,
        0.39282310009002686,
        0.4798540472984314,
        0.7695621848106384,
        0.3942776918411255
    ]
}