{
    "format": 8,
    "name": "n20k9_83",
    "n": 20,
    "k": 9,
    "capacity": 3,
    "optimal_solution": 1.420527458190918,
    "x_values": [
        0.37513846158981323,
        0.6290417313575745,
        0.07819163799285889,
        0.680343747138977,
        0.3965156674385071,
        0.01817995309829712,
        0.9611086845397949,
        0.8551687598228455,
        0.8573811650276184,
        0.7460781335830688,
        0.7975314259529114,
        0.8723714351654053,
        0.4871004819869995,
        0.3639594316482544,
        0.4566393494606018,
        0.04756927490234375,
        0.3190000653266907,
        0.5502405166625977,
        0.16648823022842407,
        0.7799752354621887
    ],
    "y_values": [
        0.11837106943130493,
        0.09383195638656616,
        0.26876717805862427,
        0.4705527424812317,
        0.0765882134437561,
        0.8856574296951294,
        0.5767375826835632,
        0.4726828336715698,
        0.3830023407936096,
        0.5090513825416565,
        0.5593467354774475,
        0.5997506380081177,
        0.283588171005249,
        0.11539262533187866,
        0.16002017259597778,
        0.9642413854598999,
        0.23123812675476074,
        0.9258548617362976,
        0.525270402431488,
        0.3057536482810974
    ]
}