{
    "format": 2,
    "name": "n100k9_36",
    "n": 100,
    "k": 9,
    "optimal_solution": 14.954914093017578,
    "x_values": [
        0.4591450095176697,
        0.947292149066925,
        0.34579211473464966,
        0.026899397373199463,
        0.04192560911178589,
        0.5333784222602844,
        0.2712398171424866,
        0.8948241472244263,
        0.8528541326522827,
        0.026686131954193115,
        0.09014338254928589,
        0.013420522212982178,
        0.7734894752502441,
        0.9851554036140442,
        0.21517044305801392,
        0.9123753309249878,
        0.06563252210617065,
        0.4164885878562927,
        0.0371246337890625,
        0.7291147708892822,
        0.3252822160720825,
        0.4714478850364685,
        0.5163796544075012,
        0.6187800765037537,
        0.5652557015419006,
        0.877892792224884,
        0.10647284984588623,
        0.9695417881011963,
        0.2831641435623169,
        0.7544974088668823,
        0.4209687113761902,
        0.2661968469619751,
        0.6679067611694336,
        0.8490768074989319,
        0.3729681372642517,
        0.1937069296836853,
        0.6754929423332214,
        0.52122962474823,
        0.6968457698822021,
        0.10361534357070923,
        0.5700545907020569,
        0.612838089466095,
        0.892536997795105,
        0.792286217212677,
        0.8156973123550415,
        0.24976670742034912,
        0.32027506828308105,
        0.9348536729812622,
        0.1788129210472107,
        0.9360889196395874,
        0.1519092321395874,
        0.4998064637184143,
        0.3967139720916748,
        0.30812913179397583,
        0.9278812408447266,
        0.3897494673728943,
        0.514087975025177,
        0.8149435520172119,
        0.04278266429901123,
        0.6658617258071899,
        0.9425067901611328,
        0.468946635723114,
        0.6885286569595337,
        0.3245367407798767,
        0.0932503342628479,
        0.9980654716491699,
        0.4409117102622986,
        0.2367836833000183,
        0.5429326891899109,
        0.9761884212493896,
        0.3348207473754883,
        0.05236262083053589,
        0.3894261121749878,
        0.13294190168380737,
        0.11972039937973022,
        0.9523941278457642,
        0.013345956802368164,
        0.7772612571716309,
        0.07189685106277466,
        0.8055899739265442,
        0.24668198823928833,
        0.6139975786209106,
        0.4339945912361145,
        0.8406636118888855,
        0.4473223090171814,
        0.360215425491333,
        0.5883641839027405,
        0.5809004306793213,
        0.2260759472846985,
        0.3039945363998413,
        0.6174768805503845,
        0.04047495126724243,
        0.6452409029006958,
        0.7699649930000305,
        0.9388253092765808,
        0.47822290658950806,
        0.7415118217468262,
        0.9874144196510315,
        0.7186416983604431,
        0.4313902258872986
    ],
    "y_values": [
        0.7447521686553955,
        0.9260913133621216,
        0.15409237146377563,
        0.145474374294281,
        0.6100620627403259,
        0.656235933303833,
        0.7849828600883484,
        0.22794580459594727,
        0.4395105242729187,
        0.3192167282104492,
        0.09360861778259277,
        0.9633411169052124,
        0.8263212442398071,
        0.25208622217178345,
        0.37785106897354126,
        0.4220426082611084,
        0.6448808312416077,
        0.9587705731391907,
        0.7466334104537964,
        0.679639995098114,
        0.693071722984314,
        0.9319158792495728,
        0.030986547470092773,
        0.1947716474533081,
        0.6906881332397461,
        0.6791719794273376,
        0.4402312636375427,
        0.6360036730766296,
        0.9642534852027893,
        0.5656243562698364,
        0.9348900318145752,
        0.24276024103164673,
        0.397416353225708,
        0.9829471707344055,
        0.8098048567771912,
        0.021890997886657715,
        0.3457145094871521,
        0.040941834449768066,
        0.14212191104888916,
        0.9138879776000977,
        0.7079190015792847,
        0.9506778717041016,
        0.8978092670440674,
        0.9640130400657654,
        0.6304234266281128,
        0.5549630522727966,
        0.3088250756263733,
        0.297724187374115,
        0.9049848318099976,
        0.48765677213668823,
        0.6613588333129883,
        0.27802711725234985,
        0.5348833203315735,
        0.38867151737213135,
        0.1712927222251892,
        0.6341469287872314,
        0.06286418437957764,
        0.8959428668022156,
        0.6281564831733704,
        0.8912202715873718,
        0.8299656510353088,
        0.49313944578170776,
        0.7322745323181152,
        0.8919419646263123,
        0.890058696269989,
        0.3188742399215698,
        0.727681040763855,
        0.9870994091033936,
        0.8276166915893555,
        0.840911328792572,
        0.3888731002807617,
        0.6966979503631592,
        0.02542257308959961,
        0.6486610174179077,
        0.7583259344100952,
        0.40989577770233154,
        0.9920684695243835,
        0.21152746677398682,
        0.8483532071113586,
        0.15119898319244385,
        0.7543476223945618,
        0.35199540853500366,
        0.5179556608200073,
        0.6090846061706543,
        0.2294100522994995,
        0.4658988118171692,
        0.6886628270149231,
        0.5310862064361572,
        0.1569610834121704,
        0.44663774967193604,
        0.5532724261283875,
        0.7537458539009094,
        0.20257651805877686,
        0.32356685400009155,
        0.6847813129425049,
        0.529669463634491,
        0.7441288828849792,
        0.043298542499542236,
        0.4348519444465637,
        0.9780633449554443
    ]
}