{
    "format": 2,
    "name": "n60k3_80",
    "n": 60,
    "k": 3,
    "optimal_solution": 15.806068420410156,
    "x_values": [
        0.3092040419578552,
        0.779374897480011,
        0.3333956003189087,
        0.4221023917198181,
        0.282167911529541,
        0.8540327548980713,
        0.5541066527366638,
        0.842906653881073,
        0.33197444677352905,
        0.9145382046699524,
        0.4860352873802185,
        0.7753956317901611,
        0.2674480676651001,
        0.44219332933425903,
        0.7699607014656067,
        0.6783034205436707,
        0.674967348575592,
        0.8163653016090393,
        0.7602208256721497,
        0.6110395789146423,
        0.4587401747703552,
        0.568335235118866,
        0.17108118534088135,
        0.974937379360199,
        0.4289204478263855,
        0.8474842309951782,
        0.09783995151519775,
        0.9085519909858704,
        0.7874252200126648,
        0.5585507750511169,
        0.8964798450469971,
        0.8304139971733093,
        0.35501158237457275,
        0.0501481294631958,
        0.008344173431396484,
        0.29186195135116577,
        0.6020379066467285,
        0.4217355251312256,
        0.9677609205245972,
        0.9846884608268738,
        0.6206719279289246,
        0.589824378490448,
        0.19571292400360107,
        0.5464702248573303,
        0.9252660274505615,
        0.5311262011528015,
        0.6571511626243591,
        0.5539323687553406,
        0.8144918084144592,
        0.39269769191741943,
        0.42136436700820923,
        0.17082548141479492,
        0.36527544260025024,
        0.8155024647712708,
        0.711651623249054,
        0.8151415586471558,
        0.21829509735107422,
        0.4561014175415039,
        0.4625808000564575,
        0.7837032079696655
    ],
    "y_values": [
        0.4104852080345154,
        0.13914990425109863,
        0.8205738663673401,
        0.577392041683197,
        0.7160872220993042,
        0.7179059982299805,
        0.10686242580413818,
        0.959477424621582,
        0.6793454885482788,
        0.37497419118881226,
        0.9735744595527649,
        0.28858035802841187,
        0.7297424674034119,
        0.9949276447296143,
        0.49109333753585815,
        0.604641854763031,
        0.32979893684387207,
        0.06472957134246826,
        0.06036251783370972,
        0.6970755457878113,
        0.6502490043640137,
        0.9454293251037598,
        0.07617819309234619,
        0.004627704620361328,
        0.812832772731781,
        0.9500728249549866,
        0.06186258792877197,
        0.028299927711486816,
        0.16755461692810059,
        0.9796332716941833,
        0.05610239505767822,
        0.3566707968711853,
        0.3119834065437317,
        0.7592805027961731,
        0.8030093312263489,
        0.18710088729858398,
        0.21527349948883057,
        0.455135703086853,
        0.2276267409324646,
        0.9686431288719177,
        0.4553847312927246,
        0.1103506088256836,
        0.7849616408348083,
        0.04920780658721924,
        0.4825866222381592,
        0.44095420837402344,
        0.24045681953430176,
        0.3067898750305176,
        0.6596142649650574,
        0.559705376625061,
        0.16063988208770752,
        0.3385658264160156,
        0.2397262454032898,
        0.8756948709487915,
        0.3065750002861023,
        0.2275126576423645,
        0.9582368731498718,
        0.2017369270324707,
        0.1872413158416748,
        0.2950705885887146
    ]
}