{
    "format": 2,
    "name": "n60k3_42",
    "n": 60,
    "k": 3,
    "optimal_solution": 16.816566467285156,
    "x_values": [
        0.8433036208152771,
        0.653906524181366,
        0.6783748269081116,
        0.5255841612815857,
        0.5060507655143738,
        0.43928152322769165,
        0.8384644985198975,
        0.776576042175293,
        0.42508983612060547,
        0.9360914826393127,
        0.41016459465026855,
        0.7974389791488647,
        0.028854727745056152,
        0.632731556892395,
        0.37330061197280884,
        0.9642966389656067,
        0.5945859551429749,
        0.6247081756591797,
        0.2058964967727661,
        0.32615774869918823,
        0.4326375722885132,
        0.0659865140914917,
        0.10517704486846924,
        0.8825492858886719,
        0.6538687944412231,
        0.6072216629981995,
        0.9607327580451965,
        0.9389508366584778,
        0.11399191617965698,
        0.9853049516677856,
        0.9760844707489014,
        0.5243030786514282,
        0.06469088792800903,
        0.33037155866622925,
        0.5487159490585327,
        0.7280243039131165,
        0.7363383173942566,
        0.19262701272964478,
        0.34877854585647583,
        0.7056135535240173,
        0.06259095668792725,
        0.5588776469230652,
        0.5087736248970032,
        0.1170610785484314,
        0.9074630737304688,
        0.20988810062408447,
        0.4994099736213684,
        0.5210379958152771,
        0.538994312286377,
        0.08795511722564697,
        0.5387150645256042,
        0.7320205569267273,
        0.7299045324325562,
        0.25533026456832886,
        0.07871979475021362,
        0.5748904347419739,
        0.5360113382339478,
        0.1472223997116089,
        0.4654467701911926,
        0.6634364724159241
    ],
    "y_values": [
        0.9460054039955139,
        0.9862756729125977,
        0.5776796340942383,
        0.30014950037002563,
        0.4510534405708313,
        0.2633364200592041,
        0.1156960129737854,
        0.275323748588562,
        0.36949992179870605,
        0.24249982833862305,
        0.05071359872817993,
        0.4578782916069031,
        0.20135420560836792,
        0.5171741247177124,
        0.7319183349609375,
        0.5511791706085205,
        0.6255640983581543,
        0.7980093359947205,
        0.7599229216575623,
        0.6519246697425842,
        0.02535390853881836,
        0.1395002007484436,
        0.9927380084991455,
        0.7803274393081665,
        0.23087823390960693,
        0.04920130968093872,
        0.4271296262741089,
        0.45887404680252075,
        0.3352402448654175,
        0.8680086731910706,
        0.18580764532089233,
        0.6539367437362671,
        0.5777206420898438,
        0.0643431544303894,
        0.9110467433929443,
        0.4568752646446228,
        0.7187436819076538,
        0.4955793619155884,
        0.22656965255737305,
        0.645626962184906,
        0.9889012575149536,
        0.42114830017089844,
        0.8429069519042969,
        0.1891622543334961,
        0.045520007610321045,
        0.6182827949523926,
        0.6198384165763855,
        0.7641257047653198,
        0.5491423010826111,
        0.18554472923278809,
        0.9874170422554016,
        0.25890105962753296,
        0.9365739822387695,
        0.1502678394317627,
        0.6411085724830627,
        0.800515353679657,
        0.6656246185302734,
        0.5647775530815125,
        0.9043710231781006,
        0.8007269501686096
    ]
}