{
    "format": 2,
    "name": "n60k3_73",
    "n": 60,
    "k": 3,
    "optimal_solution": 16.24034881591797,
    "x_values": [
        0.22064757347106934,
        0.08538186550140381,
        0.4775802493095398,
        0.8831666707992554,
        0.8891209363937378,
        0.8789325952529907,
        0.9039665460586548,
        0.6461750864982605,
        0.2208646535873413,
        0.45038700103759766,
        0.19584983587265015,
        0.4759977459907532,
        0.7150833606719971,
        0.7003507614135742,
        0.8454681038856506,
        0.1829744577407837,
        0.5744712352752686,
        0.9423754811286926,
        0.8854768872261047,
        0.7150534987449646,
        0.3443640470504761,
        0.44755077362060547,
        0.694973886013031,
        0.28407782316207886,
        0.6721135973930359,
        0.17771708965301514,
        0.9904947280883789,
        0.8756713271141052,
        0.01071256399154663,
        0.09603261947631836,
        0.7059403657913208,
        0.5077700018882751,
        0.18502169847488403,
        0.9373732805252075,
        0.04004544019699097,
        0.16217058897018433,
        0.018319129943847656,
        0.12808197736740112,
        0.3589876890182495,
        0.65467369556427,
        0.11881500482559204,
        0.6839351058006287,
        0.3352826237678528,
        0.7077099680900574,
        0.27431732416152954,
        0.9895221590995789,
        0.007329583168029785,
        0.050737857818603516,
        0.5372794270515442,
        0.3372589945793152,
        0.07352262735366821,
        0.7799503803253174,
        0.5950275659561157,
        0.822589099407196,
        0.8785008788108826,
        0.8210748434066772,
        0.5894308090209961,
        0.752053439617157,
        0.44451338052749634,
        0.190460205078125
    ],
    "y_values": [
        0.46728789806365967,
        0.6882588267326355,
        0.6048856973648071,
        0.1340712308883667,
        0.04236876964569092,
        0.7147011756896973,
        0.06273531913757324,
        0.48184120655059814,
        0.28918182849884033,
        0.8346986174583435,
        0.021701574325561523,
        0.16361498832702637,
        0.3979722261428833,
        0.06667739152908325,
        0.37650203704833984,
        0.4989235997200012,
        0.8634286522865295,
        0.7888337969779968,
        0.7929367423057556,
        0.8522371649742126,
        0.8742703795433044,
        0.36633944511413574,
        0.6792287230491638,
        0.10056543350219727,
        0.31695759296417236,
        0.14076006412506104,
        0.7264746427536011,
        0.05358022451400757,
        0.3938760757446289,
        0.9910097718238831,
        0.03331989049911499,
        0.43244802951812744,
        0.27243727445602417,
        0.3100467920303345,
        0.5381789207458496,
        0.04163771867752075,
        0.6556779146194458,
        0.47836607694625854,
        0.5858839154243469,
        0.9253595471382141,
        0.8758420944213867,
        0.21133756637573242,
        0.09772694110870361,
        0.7775956392288208,
        0.7004522681236267,
        0.8306105136871338,
        0.5057769417762756,
        0.7816205024719238,
        0.9564180374145508,
        0.7350244522094727,
        0.39445894956588745,
        0.21614408493041992,
        0.5348199009895325,
        0.25700706243515015,
        0.851815938949585,
        0.9930657148361206,
        0.8056256175041199,
        0.43751060962677,
        0.2161385416984558,
        0.687606930732727
    ]
}