{
    "format": 2,
    "name": "n60k3_63",
    "n": 60,
    "k": 3,
    "optimal_solution": 16.06013298034668,
    "x_values": [
        0.8470916748046875,
        0.6859611868858337,
        0.6214675307273865,
        0.15033501386642456,
        0.42970937490463257,
        0.002770841121673584,
        0.2874906659126282,
        0.7868868112564087,
        0.029490411281585693,
        0.10912007093429565,
        0.3247310519218445,
        0.1102902889251709,
        0.755516529083252,
        0.11449325084686279,
        0.3398689031600952,
        0.7496404051780701,
        0.9986685514450073,
        0.8541091680526733,
        0.09314173460006714,
        0.45144176483154297,
        0.19350111484527588,
        0.2553067207336426,
        0.18819451332092285,
        0.792586624622345,
        0.8852205872535706,
        0.6697555184364319,
        0.29725754261016846,
        0.6770416498184204,
        0.7123789191246033,
        0.37819474935531616,
        0.6074165105819702,
        0.8783921599388123,
        0.16323167085647583,
        0.74415522813797,
        0.7214648127555847,
        0.993836522102356,
        0.08378607034683228,
        0.5499038100242615,
        0.27872854471206665,
        0.7322040796279907,
        0.8568465113639832,
        0.6422245502471924,
        0.10493910312652588,
        0.5951394438743591,
        0.7510964870452881,
        0.2510179281234741,
        0.6337426900863647,
        0.7130774855613708,
        0.38503092527389526,
        0.35744714736938477,
        0.35388100147247314,
        0.7753614187240601,
        0.5021837949752808,
        0.992232620716095,
        0.20362472534179688,
        0.4725785255432129,
        0.14465302228927612,
        0.11332100629806519,
        0.016150593757629395,
        0.641627848148346
    ],
    "y_values": [
        0.715886116027832,
        0.37937891483306885,
        0.9460399150848389,
        0.5091138482093811,
        0.25822269916534424,
        0.9982594847679138,
        0.8798549771308899,
        0.026764631271362305,
        0.5958592891693115,
        0.5487796664237976,
        0.28939664363861084,
        0.18053662776947021,
        0.9211317896842957,
        0.9112875461578369,
        0.023137688636779785,
        0.8280230760574341,
        0.22672545909881592,
        0.1748068928718567,
        0.39571475982666016,
        0.6983104944229126,
        0.29916924238204956,
        0.2896087169647217,
        0.5237098336219788,
        0.6995784044265747,
        0.9661844968795776,
        0.07494652271270752,
        0.6086563467979431,
        0.903903067111969,
        0.7190840244293213,
        0.80436772108078,
        0.7844454050064087,
        0.5165841579437256,
        0.19487351179122925,
        0.5716336965560913,
        0.6241377592086792,
        0.019300758838653564,
        0.2904750108718872,
        0.9512485861778259,
        0.34513992071151733,
        0.05070960521697998,
        0.39203208684921265,
        0.9367417693138123,
        0.0954974889755249,
        0.4411190152168274,
        0.2450585961341858,
        0.35721349716186523,
        0.18527978658676147,
        0.19638139009475708,
        0.01818406581878662,
        0.7268954515457153,
        0.01687943935394287,
        0.2619315981864929,
        0.43113768100738525,
        0.30137401819229126,
        0.5705437064170837,
        0.8686819672584534,
        0.26752930879592896,
        0.4604545831680298,
        0.7924898862838745,
        0.006902754306793213
    ]
}