{
    "format": 2,
    "name": "n20k10_84",
    "n": 20,
    "k": 10,
    "optimal_solution": 1.6222662925720215,
    "x_values": [
        0.5038947463035583,
        0.3658931851387024,
        0.8185961246490479,
        0.4297720789909363,
        0.0005171298980712891,
        0.34534138441085815,
        0.6187807321548462,
        0.49004703760147095,
        0.8327212333679199,
        0.6277605295181274,
        0.9718719124794006,
        0.37095844745635986,
        0.5951246023178101,
        0.1352224349975586,
        0.5945414900779724,
        0.8180733323097229,
        0.992875337600708,
        0.3037979006767273,
        0.19100290536880493,
        0.7325695753097534
    ],
    "y_values": [
        0.8295150399208069,
        0.05227494239807129,
        0.23799091577529907,
        0.3520506024360657,
        0.5160098075866699,
        0.593623697757721,
        0.11117136478424072,
        0.6157709360122681,
        0.008056581020355225,
        0.5687803626060486,
        0.5473027229309082,
        0.9473666548728943,
        0.5778273940086365,
        0.41056036949157715,
        0.09144097566604614,
        0.41728490591049194,
        0.8852373361587524,
        0.3705815076828003,
        0.07018160820007324,
        0.3502427339553833
    ]
}