{
    "format": 2,
    "name": "n40k5_17",
    "n": 40,
    "k": 5,
    "optimal_solution": 7.480800628662109,
    "x_values": [
        0.3328908681869507,
        0.11283928155899048,
        0.9770120978355408,
        0.24542438983917236,
        0.36404699087142944,
        0.4529164433479309,
        0.01820749044418335,
        0.1908508539199829,
        0.30744338035583496,
        0.9336825609207153,
        0.25528162717819214,
        0.7679145932197571,
        0.4159114360809326,
        0.004978060722351074,
        0.6354243159294128,
        0.1375754475593567,
        0.6311076283454895,
        0.2718374729156494,
        0.48247992992401123,
        0.07293134927749634,
        0.9636565446853638,
        0.21806752681732178,
        0.9317901134490967,
        0.136549174785614,
        0.44498127698898315,
        0.8238785266876221,
        0.11627602577209473,
        0.6503540277481079,
        0.3408814072608948,
        0.6564315557479858,
        0.492622971534729,
        0.06002819538116455,
        0.07631546258926392,
        0.07456177473068237,
        0.5987507104873657,
        0.05486094951629639,
        0.8483731746673584,
        0.8673403859138489,
        0.9935159683227539,
        0.3310646414756775
    ],
    "y_values": [
        0.49397802352905273,
        0.39659881591796875,
        0.5322780013084412,
        0.8151655793190002,
        0.08368217945098877,
        0.12315165996551514,
        0.8084431886672974,
        0.705218493938446,
        0.48490816354751587,
        0.4573811888694763,
        0.588969349861145,
        0.7926439642906189,
        0.911403477191925,
        0.4636332392692566,
        0.39558982849121094,
        0.3199876546859741,
        0.5745519995689392,
        0.9533802270889282,
        0.920796811580658,
        0.1433340311050415,
        0.23817670345306396,
        0.7259634733200073,
        0.29174530506134033,
        2.753734588623047e-05,
        0.608210563659668,
        0.7133165597915649,
        0.39185774326324463,
        0.1714884638786316,
        0.8623492121696472,
        0.16012907028198242,
        0.8358267545700073,
        0.7704628109931946,
        0.2602863311767578,
        0.785309374332428,
        0.19592410326004028,
        0.1295229196548462,
        0.7775760889053345,
        0.3044959306716919,
        0.8075203895568848,
        0.45032966136932373
    ]
}