{
    "format": 5,
    "name": "n40k5_24",
    "n": 40,
    "k": 5,
    "optimal_solution": 0.3584012985229492,
    "x_values": [
        0.553523063659668,
        0.7937517762184143,
        0.42469024658203125,
        0.6994187235832214,
        0.819212019443512,
        0.7310386896133423,
        0.565229594707489,
        0.7866960763931274,
        0.37503117322921753,
        0.8551066517829895,
        0.8645989298820496,
        0.6286270618438721,
        0.05425131320953369,
        0.0981873869895935,
        0.90631502866745,
        0.20840269327163696,
        0.7936608195304871,
        0.3428724408149719,
        0.3958309292793274,
        0.20415633916854858,
        0.2822343707084656,
        0.5586711168289185,
        0.7355445027351379,
        0.23819607496261597,
        0.6230260133743286,
        0.24622702598571777,
        0.5835563540458679,
        0.3948148488998413,
        0.8863326907157898,
        0.47650575637817383,
        0.5727002024650574,
        0.7164594531059265,
        0.49422788619995117,
        0.42789584398269653,
        0.3099977970123291,
        0.03288239240646362,
        0.41914308071136475,
        0.3028063178062439,
        0.6465816497802734,
        0.1819257140159607
    ],
    "y_values": [
        0.6270546317100525,
        0.4999768137931824,
        0.7976090908050537,
        0.4019705057144165,
        0.1246485710144043,
        0.035777747631073,
        0.8369779586791992,
        0.9227195382118225,
        0.9346848130226135,
        0.3007025718688965,
        0.028463900089263916,
        0.2552086114883423,
        0.0431751012802124,
        0.5236522555351257,
        0.8737238049507141,
        0.19173753261566162,
        0.19560885429382324,
        0.04512983560562134,
        0.9206178188323975,
        0.13540399074554443,
        0.18245267868041992,
        0.9399951696395874,
        0.4031403660774231,
        0.6483719348907471,
        0.33877915143966675,
        0.028968751430511475,
        0.3289046883583069,
        0.6931086778640747,
        0.8161893486976624,
        0.4699298143386841,
        0.812106192111969,
        0.11137425899505615,
        0.2545772194862366,
        0.045127928256988525,
        0.825114369392395,
        0.8090261220932007,
        0.4394097924232483,
        0.9169191122055054,
        0.0853966474533081,
        0.35155200958251953
    ]
}