{
    "format": 2,
    "name": "n100k5_52",
    "n": 100,
    "k": 5,
    "optimal_solution": 19.675060272216797,
    "x_values": [
        0.4560256004333496,
        0.06714379787445068,
        0.418782114982605,
        0.5042970180511475,
        0.5925471186637878,
        0.9863693118095398,
        0.08422267436981201,
        0.7895324230194092,
        0.6065737009048462,
        0.4645325541496277,
        0.9599044919013977,
        0.48770856857299805,
        0.5793495178222656,
        0.5029173493385315,
        0.07914000749588013,
        0.12785184383392334,
        0.2848660945892334,
        0.05151635408401489,
        0.6664028167724609,
        0.24201422929763794,
        0.7047472596168518,
        0.39903193712234497,
        0.48392993211746216,
        0.11145174503326416,
        0.7040737271308899,
        0.39728081226348877,
        0.590257465839386,
        0.17726653814315796,
        0.22745972871780396,
        0.7885894179344177,
        0.4795685410499573,
        0.7014499306678772,
        0.5740469694137573,
        0.6934928894042969,
        0.04771524667739868,
        0.8763331174850464,
        0.13729578256607056,
        0.4698669910430908,
        0.439131498336792,
        0.7116983532905579,
        0.11789029836654663,
        0.6976972222328186,
        0.52640700340271,
        0.420796275138855,
        0.8895442485809326,
        0.8730716705322266,
        0.9469279050827026,
        0.9462899565696716,
        0.13888972997665405,
        0.7291427254676819,
        0.25015419721603394,
        0.8212779760360718,
        0.26742517948150635,
        0.7815603613853455,
        0.43405312299728394,
        0.5738083720207214,
        0.4098191261291504,
        0.022607028484344482,
        0.4928470253944397,
        0.4390074610710144,
        0.10121232271194458,
        0.211328387260437,
        0.5763054490089417,
        0.6940202713012695,
        0.053689539432525635,
        0.7843385934829712,
        0.7057507038116455,
        0.0876617431640625,
        0.29561847448349,
        0.8734948039054871,
        0.28761816024780273,
        0.24290049076080322,
        0.0198325514793396,
        0.37363189458847046,
        0.40529006719589233,
        0.8621314764022827,
        0.7829928398132324,
        0.13481706380844116,
        0.29315221309661865,
        0.8882339596748352,
        0.565383791923523,
        0.5621720552444458,
        0.5159031748771667,
        0.9774180054664612,
        0.816841721534729,
        0.08140051364898682,
        0.4969179630279541,
        0.10680997371673584,
        0.8871515393257141,
        0.3264898657798767,
        0.07302957773208618,
        0.06306672096252441,
        0.10875564813613892,
        0.04561656713485718,
        0.31225091218948364,
        0.4096090793609619,
        0.8001245260238647,
        0.615422785282135,
        0.7129971385002136,
        0.5183807015419006
    ],
    "y_values": [
        0.21850723028182983,
        0.0460665225982666,
        0.48625797033309937,
        0.7419242858886719,
        0.6635568737983704,
        0.2733612656593323,
        0.9880917072296143,
        0.9909228086471558,
        0.9767234921455383,
        0.1907026171684265,
        0.4207269549369812,
        0.7340545058250427,
        0.08355730772018433,
        0.6800842881202698,
        0.7824244499206543,
        0.8356991410255432,
        0.07417428493499756,
        0.8515432476997375,
        0.15511775016784668,
        0.08474594354629517,
        0.27773815393447876,
        0.8431582450866699,
        0.2588350176811218,
        0.750251293182373,
        0.7051719427108765,
        0.42903268337249756,
        0.7359781265258789,
        0.5415899157524109,
        0.5960869789123535,
        0.31056880950927734,
        0.8852002024650574,
        0.17942661046981812,
        0.15411162376403809,
        0.6412808299064636,
        0.7765132784843445,
        0.8090788125991821,
        0.4398342967033386,
        0.6240660548210144,
        0.19741421937942505,
        0.7420476078987122,
        0.40964215993881226,
        0.5369715690612793,
        0.5633536577224731,
        0.4310590624809265,
        0.761806845664978,
        0.4026746153831482,
        0.43424516916275024,
        0.9101445078849792,
        0.07122582197189331,
        0.8706899881362915,
        0.1303045153617859,
        0.8652899861335754,
        0.3530844449996948,
        0.6326384544372559,
        0.12262487411499023,
        0.415060818195343,
        0.6723615527153015,
        0.40447479486465454,
        0.35932421684265137,
        0.39971059560775757,
        0.805411696434021,
        0.4606197476387024,
        0.9422567486763,
        0.25267261266708374,
        0.24456173181533813,
        0.8056579232215881,
        0.7594739198684692,
        0.3794148564338684,
        0.3223605751991272,
        0.7537488341331482,
        0.7062153220176697,
        0.15846776962280273,
        0.42004114389419556,
        0.730851411819458,
        0.1785317063331604,
        0.6611548066139221,
        0.47658342123031616,
        0.8289696574211121,
        0.1001049280166626,
        0.8050164580345154,
        0.8959004282951355,
        0.7270802855491638,
        0.40445786714553833,
        0.9251421093940735,
        0.7886296510696411,
        0.8492839932441711,
        0.020293474197387695,
        0.157512366771698,
        0.9395755529403687,
        0.27425479888916016,
        0.38809335231781006,
        0.2666073441505432,
        0.2003905177116394,
        0.503688395023346,
        0.7733038663864136,
        0.9820111393928528,
        0.29865896701812744,
        0.1931481957435608,
        0.3931308388710022,
        0.7003211975097656
    ]
}