{
    "format": 2,
    "name": "n100k5_11",
    "n": 100,
    "k": 5,
    "optimal_solution": 20.21526336669922,
    "x_values": [
        0.12886333465576172,
        0.07915592193603516,
        0.8381249308586121,
        0.5049673914909363,
        0.27746737003326416,
        0.24768990278244019,
        0.23135393857955933,
        0.19256454706192017,
        0.1923995018005371,
        0.9315000772476196,
        0.3151261806488037,
        0.5616576075553894,
        0.6755682826042175,
        0.7874844670295715,
        0.7725830078125,
        0.3012053370475769,
        0.8017225861549377,
        0.628389298915863,
        0.8499125242233276,
        0.5971700549125671,
        0.09153902530670166,
        0.0991295576095581,
        0.03743910789489746,
        0.80255126953125,
        0.719373345375061,
        0.12188059091567993,
        0.6770293116569519,
        0.27813881635665894,
        0.9966962337493896,
        0.8372370004653931,
        0.018827974796295166,
        0.8255437612533569,
        0.8866667151451111,
        0.8859517574310303,
        0.9439724087715149,
        0.7889633774757385,
        0.4128621220588684,
        0.30704885721206665,
        0.23428690433502197,
        0.33990728855133057,
        0.16519325971603394,
        0.23152941465377808,
        0.808012068271637,
        0.13148224353790283,
        0.3621969223022461,
        0.6813743710517883,
        0.08694332838058472,
        0.5269080400466919,
        0.6296921372413635,
        0.029787182807922363,
        0.7023701071739197,
        0.6002455949783325,
        0.5027444362640381,
        0.378726601600647,
        0.8743977546691895,
        0.6122776865959167,
        0.16422420740127563,
        0.0032098889350891113,
        0.6987109780311584,
        0.03369957208633423,
        0.3513120412826538,
        0.8174212574958801,
        0.5510700345039368,
        0.713150143623352,
        0.8011484742164612,
        0.5563180446624756,
        0.41110044717788696,
        0.7749457955360413,
        0.017971575260162354,
        0.980765163898468,
        0.8080436587333679,
        0.30836057662963867,
        0.722719132900238,
        0.9158353805541992,
        0.23332613706588745,
        0.44506126642227173,
        0.830783486366272,
        0.9573531150817871,
        0.04712188243865967,
        0.6546587944030762,
        0.5297648906707764,
        0.4759790301322937,
        0.9308065176010132,
        0.4682007431983948,
        0.6166442632675171,
        0.813370943069458,
        0.21801072359085083,
        0.6880701780319214,
        0.1667945384979248,
        0.41349875926971436,
        0.8819158673286438,
        0.050041913986206055,
        0.4216492176055908,
        0.693740963935852,
        0.8982755541801453,
        0.11522990465164185,
        0.8331831693649292,
        0.3755382299423218,
        0.28095412254333496,
        0.7656082510948181
    ],
    "y_values": [
        0.8627602458000183,
        0.5100806951522827,
        0.07731080055236816,
        0.17051011323928833,
        0.8397122621536255,
        0.10804176330566406,
        0.440310001373291,
        0.30409008264541626,
        0.4911302924156189,
        0.34715479612350464,
        0.7138022780418396,
        0.6135182976722717,
        0.13186150789260864,
        0.9504067301750183,
        0.23682355880737305,
        0.044146597385406494,
        0.398709237575531,
        0.6679925322532654,
        0.25036782026290894,
        0.3522213101387024,
        0.6725295186042786,
        0.925675094127655,
        0.92868971824646,
        0.5372995138168335,
        0.7252843379974365,
        0.3161473870277405,
        0.48771584033966064,
        0.22884058952331543,
        0.6877931952476501,
        0.7772276401519775,
        0.02208763360977173,
        0.3173123002052307,
        0.8670869469642639,
        0.0364115834236145,
        0.8103007674217224,
        0.871092677116394,
        0.8545188903808594,
        0.7651113271713257,
        0.24601787328720093,
        0.7015541195869446,
        0.4902629852294922,
        0.4446032643318176,
        0.998781144618988,
        0.8989819288253784,
        0.40293794870376587,
        0.163263201713562,
        0.6950774788856506,
        0.30260759592056274,
        0.6354777812957764,
        0.8813310861587524,
        0.6631280183792114,
        0.34298741817474365,
        0.4446779489517212,
        0.46135860681533813,
        0.3301844000816345,
        0.3060545325279236,
        0.16207975149154663,
        0.3447501063346863,
        0.2577230930328369,
        0.2823494076728821,
        0.5993037223815918,
        0.6392329335212708,
        0.18274784088134766,
        0.2935144901275635,
        0.973128616809845,
        0.43986982107162476,
        0.31975239515304565,
        0.010550737380981445,
        0.27990061044692993,
        0.3046357035636902,
        0.4094087481498718,
        0.528849720954895,
        0.7639996409416199,
        0.37716710567474365,
        0.9640117883682251,
        0.5061429738998413,
        0.38752418756484985,
        0.20796263217926025,
        0.20972901582717896,
        0.8246142268180847,
        0.15202033519744873,
        0.9312485456466675,
        0.9993228316307068,
        0.9521356821060181,
        0.47874295711517334,
        0.6082340478897095,
        0.6760356426239014,
        0.17680227756500244,
        0.918188750743866,
        0.8246414065361023,
        0.9875355958938599,
        0.4789709448814392,
        0.8966636657714844,
        0.2905898690223694,
        0.5062496662139893,
        0.7623888254165649,
        0.9081012606620789,
        0.5198715329170227,
        0.9408354759216309,
        0.5810768604278564
    ]
}