{
    "format": 2,
    "name": "n100k5_49",
    "n": 100,
    "k": 5,
    "optimal_solution": 20.900585174560547,
    "x_values": [
        0.698610782623291,
        0.8742604851722717,
        0.8857048749923706,
        0.945441484451294,
        0.10579186677932739,
        0.21222633123397827,
        0.842084527015686,
        0.14331549406051636,
        0.6967492699623108,
        0.31469082832336426,
        0.24137580394744873,
        0.5962410569190979,
        0.9335399866104126,
        0.8949571251869202,
        0.9631447196006775,
        0.04906928539276123,
        0.3232566714286804,
        0.012578010559082031,
        0.7390611171722412,
        0.8439571857452393,
        0.6599949598312378,
        0.7499165534973145,
        0.7596062421798706,
        0.3986101746559143,
        0.441150963306427,
        0.6383288502693176,
        0.6335037350654602,
        0.3848949074745178,
        0.23889678716659546,
        0.5740788578987122,
        0.8148615956306458,
        0.7863804697990417,
        0.57607501745224,
        0.343011736869812,
        0.7522087693214417,
        0.22324508428573608,
        0.23101764917373657,
        0.5307527780532837,
        0.5336816310882568,
        0.6841073036193848,
        0.022342264652252197,
        0.9169474840164185,
        0.8990707993507385,
        0.40320533514022827,
        0.8332979679107666,
        0.04550135135650635,
        0.14994341135025024,
        0.6805364489555359,
        0.13136547803878784,
        0.3141053318977356,
        0.9168412089347839,
        0.8005385398864746,
        0.31534868478775024,
        0.8046106696128845,
        0.4849321246147156,
        0.16791117191314697,
        0.40737515687942505,
        0.9608680605888367,
        0.9910991191864014,
        0.6707609295845032,
        0.0004699230194091797,
        0.14108920097351074,
        0.8260883092880249,
        0.19035816192626953,
        0.9897637963294983,
        0.32337814569473267,
        0.6967251300811768,
        0.03311711549758911,
        0.55783611536026,
        0.6954320669174194,
        0.6763156056404114,
        0.3535904884338379,
        0.060375869274139404,
        0.5766862034797668,
        0.2752836346626282,
        0.9807947874069214,
        0.3394102454185486,
        0.2878316044807434,
        0.32078832387924194,
        0.1701233983039856,
        0.04330730438232422,
        0.6955956220626831,
        0.2559887766838074,
        0.17059022188186646,
        0.6830551028251648,
        0.19447016716003418,
        0.06048583984375,
        0.5854911208152771,
        0.023231089115142822,
        0.8621835112571716,
        0.8788350224494934,
        0.5909950733184814,
        0.30631327629089355,
        0.11741256713867188,
        0.36722421646118164,
        0.6769329905509949,
        0.3660408854484558,
        0.8139368891716003,
        0.7139038443565369,
        0.5711862444877625
    ],
    "y_values": [
        0.25108546018600464,
        0.5545142292976379,
        0.026108384132385254,
        0.4521649479866028,
        0.5768879652023315,
        0.03341275453567505,
        0.5226010084152222,
        0.7086805105209351,
        0.6673505902290344,
        0.38142073154449463,
        0.8967097401618958,
        0.9994086027145386,
        0.6544921398162842,
        0.41789501905441284,
        0.48077309131622314,
        0.47961556911468506,
        0.0864405632019043,
        0.30025845766067505,
        0.6314332485198975,
        0.947467029094696,
        0.44713056087493896,
        0.07182645797729492,
        0.5399321913719177,
        0.9473611116409302,
        0.9585378170013428,
        0.5880298614501953,
        0.16630375385284424,
        0.9916940331459045,
        0.9498509764671326,
        0.924340009689331,
        0.8496279120445251,
        0.2822093963623047,
        0.5085421800613403,
        0.6398941278457642,
        0.26385509967803955,
        0.39498913288116455,
        0.0512654185295105,
        0.8579801917076111,
        0.8813246488571167,
        0.22692668437957764,
        0.8662106990814209,
        0.6697325110435486,
        0.6887850761413574,
        0.4033430814743042,
        0.9903572797775269,
        0.3520158529281616,
        0.10534864664077759,
        0.00641864538192749,
        0.8516948819160461,
        0.5409100651741028,
        0.2692944407463074,
        0.5844320058822632,
        0.2707783579826355,
        0.4410253167152405,
        0.7849565744400024,
        0.6128376126289368,
        0.10479730367660522,
        0.8912912607192993,
        0.922380805015564,
        0.4696592092514038,
        0.4269946813583374,
        0.05957907438278198,
        0.34976208209991455,
        0.4786236882209778,
        0.36267518997192383,
        0.4961584210395813,
        0.569649875164032,
        0.6958873867988586,
        0.6640139222145081,
        0.4811405539512634,
        0.7122859954833984,
        0.9138848781585693,
        0.6463963985443115,
        0.6225869655609131,
        0.7830483913421631,
        0.33027732372283936,
        0.3305343985557556,
        0.04900163412094116,
        0.5068430304527283,
        0.045043766498565674,
        0.34453707933425903,
        0.1542091965675354,
        0.47537851333618164,
        0.5686917304992676,
        0.49844682216644287,
        0.721268355846405,
        0.9783602356910706,
        0.18196558952331543,
        0.21930867433547974,
        0.22832822799682617,
        0.3241567611694336,
        0.09382009506225586,
        0.8754598498344421,
        0.24578505754470825,
        0.11630403995513916,
        0.7195625305175781,
        0.8334518671035767,
        0.7348610758781433,
        0.4214440584182739,
        0.7677602171897888
    ]
}