{
    "format": 2,
    "name": "n100k5_80",
    "n": 100,
    "k": 5,
    "optimal_solution": 20.20215606689453,
    "x_values": [
        0.22831076383590698,
        0.6065109372138977,
        0.1550072431564331,
        0.528582751750946,
        0.09351694583892822,
        0.10937076807022095,
        0.9558992981910706,
        0.09725886583328247,
        0.7060918807983398,
        0.4778628945350647,
        0.48833972215652466,
        0.3981013298034668,
        0.003159046173095703,
        0.745430052280426,
        0.09517526626586914,
        0.06705117225646973,
        0.47794151306152344,
        0.6941140294075012,
        0.639712393283844,
        0.5455846190452576,
        0.40869104862213135,
        0.4213230609893799,
        0.23628324270248413,
        0.065737783908844,
        0.7320847511291504,
        0.7399565577507019,
        0.7544445395469666,
        0.5181885361671448,
        0.7294385433197021,
        0.5831183791160583,
        0.6864699721336365,
        0.5117807984352112,
        0.7937568426132202,
        0.9838386178016663,
        0.6050658822059631,
        0.8845840692520142,
        0.4766620993614197,
        0.2201259732246399,
        0.6608516573905945,
        0.5126827359199524,
        0.6228477954864502,
        0.5938791036605835,
        0.8792911767959595,
        0.4163442850112915,
        0.33701950311660767,
        0.9669914841651917,
        0.9537634253501892,
        0.21915239095687866,
        0.5977339148521423,
        0.11433160305023193,
        0.4225362539291382,
        0.3131057620048523,
        0.08852481842041016,
        0.8679473400115967,
        0.6026920676231384,
        0.47992628812789917,
        0.3062524199485779,
        0.8310344219207764,
        0.3977816104888916,
        0.7136898040771484,
        0.4290885925292969,
        0.087429940700531,
        0.4717578887939453,
        0.6720798015594482,
        0.08932298421859741,
        0.15865176916122437,
        0.3085487484931946,
        0.6444950699806213,
        0.16728830337524414,
        0.5854896903038025,
        0.11728918552398682,
        0.8239814639091492,
        0.9591481685638428,
        0.4771091341972351,
        0.5728525519371033,
        0.2544633150100708,
        0.3402343988418579,
        0.8543015122413635,
        0.25499218702316284,
        0.47698861360549927,
        0.42415809631347656,
        0.7523972988128662,
        0.5028533339500427,
        0.18471282720565796,
        0.21255826950073242,
        0.6706055998802185,
        0.33604198694229126,
        0.9973525404930115,
        0.9158318042755127,
        0.051992952823638916,
        0.678043007850647,
        0.018024802207946777,
        0.06320822238922119,
        0.4013853669166565,
        0.5909623503684998,
        0.8743069171905518,
        0.3392115831375122,
        0.8557963371276855,
        0.976896345615387,
        0.17368710041046143
    ],
    "y_values": [
        0.12114328145980835,
        0.6396313309669495,
        0.8721486330032349,
        0.4816935062408447,
        0.4671127200126648,
        0.4596024751663208,
        0.15234583616256714,
        0.028998374938964844,
        0.9936118721961975,
        0.7990132570266724,
        0.6459674835205078,
        0.04797250032424927,
        0.914603054523468,
        0.7905218005180359,
        0.8578346967697144,
        0.9614828824996948,
        0.30490028858184814,
        0.6900516748428345,
        0.38709670305252075,
        0.6013296246528625,
        0.356356680393219,
        0.07805323600769043,
        0.18931400775909424,
        0.7555976510047913,
        0.45150673389434814,
        0.5051969289779663,
        0.8898568749427795,
        0.664159893989563,
        0.5431008338928223,
        0.33149993419647217,
        0.9722604155540466,
        0.3546519875526428,
        0.281650185585022,
        0.0363154411315918,
        0.9088354706764221,
        0.8326188921928406,
        0.6126123666763306,
        0.8976584672927856,
        0.9227496385574341,
        0.42622411251068115,
        0.7675566077232361,
        0.6819352507591248,
        0.7296655178070068,
        0.16901463270187378,
        0.17199766635894775,
        0.6379625797271729,
        0.7727012038230896,
        0.9737091064453125,
        0.17668795585632324,
        0.6532581448554993,
        0.7081001400947571,
        0.4358441233634949,
        0.7062883973121643,
        0.3662145733833313,
        0.03532963991165161,
        0.13447189331054688,
        0.08284860849380493,
        0.48566877841949463,
        0.05570107698440552,
        0.29382455348968506,
        0.23841369152069092,
        0.04075908660888672,
        0.5769878625869751,
        0.2169281244277954,
        0.7689623832702637,
        0.8561463356018066,
        0.8531095385551453,
        0.6980055570602417,
        0.760358452796936,
        0.512496292591095,
        0.43428921699523926,
        0.0004115104675292969,
        0.8454216122627258,
        0.45758378505706787,
        0.6995416879653931,
        0.045039474964141846,
        0.43943876028060913,
        0.5594039559364319,
        0.9887714385986328,
        0.5303100347518921,
        0.04302006959915161,
        0.03601723909378052,
        0.673490583896637,
        0.5932466983795166,
        0.2188536524772644,
        0.21243059635162354,
        0.28935766220092773,
        0.5220978260040283,
        0.6254852414131165,
        0.6919461488723755,
        0.5706900954246521,
        0.2972274422645569,
        0.548784077167511,
        0.23021453619003296,
        0.10892695188522339,
        0.6066134572029114,
        0.11932700872421265,
        0.9232890605926514,
        0.7067651748657227,
        0.22336828708648682
    ]
}