{
    "format": 8,
    "name": "n100k10_89",
    "n": 100,
    "k": 10,
    "capacity": 10,
    "optimal_solution": 13.549518585205078,
    "x_values": [
        0.3996032476425171,
        0.1158255934715271,
        0.8796170949935913,
        0.8872831463813782,
        0.1537843942642212,
        0.676213264465332,
        0.48123717308044434,
        0.8029834628105164,
        0.42396295070648193,
        0.6789198517799377,
        0.10443723201751709,
        0.5529374480247498,
        0.7918063402175903,
        0.17209100723266602,
        0.3540547490119934,
        0.3274737000465393,
        0.7422135472297668,
        0.15949147939682007,
        0.6562952399253845,
        0.310025691986084,
        0.7812965512275696,
        0.8959532380104065,
        0.7388337254524231,
        0.8273154497146606,
        0.5654922723770142,
        0.4515129327774048,
        0.9101758599281311,
        0.2849732041358948,
        0.397754967212677,
        0.574169397354126,
        0.9412302374839783,
        0.8438214659690857,
        0.7405466437339783,
        0.234275221824646,
        0.8187693357467651,
        0.8121917247772217,
        0.24193066358566284,
        0.7268854379653931,
        0.7611339688301086,
        0.06327205896377563,
        0.13741737604141235,
        0.7684702277183533,
        0.8618934750556946,
        0.2776695489883423,
        0.6707487106323242,
        0.5104224681854248,
        0.5174479484558105,
        0.6253668069839478,
        0.29995274543762207,
        0.8494060039520264,
        0.2782609462738037,
        0.8727099895477295,
        0.3411235213279724,
        0.5008376836776733,
        0.3694102168083191,
        0.306050181388855,
        0.6812572479248047,
        0.7048730254173279,
        0.9183263778686523,
        0.8338393568992615,
        0.6639105081558228,
        0.5204076766967773,
        0.20764237642288208,
        0.014993131160736084,
        0.971929669380188,
        0.910422682762146,
        0.7038913369178772,
        0.7187871932983398,
        0.9430155158042908,
        0.7663255333900452,
        0.6317841410636902,
        0.7751669883728027,
        0.5004611015319824,
        0.38885343074798584,
        0.6728419065475464,
        0.8711570501327515,
        0.9830015301704407,
        0.7583345174789429,
        0.9534740447998047,
        0.6846883296966553,
        0.8210487365722656,
        0.09745335578918457,
        0.08756750822067261,
        0.6776343584060669,
        0.361234188079834,
        0.2906310558319092,
        0.65202796459198,
        0.7379528880119324,
        0.7301378846168518,
        0.23807531595230103,
        0.48298388719558716,
        0.44675952196121216,
        0.7836756706237793,
        0.463145911693573,
        0.07121783494949341,
        0.5789874196052551,
        0.44563961029052734,
        0.44501835107803345,
        0.8121851682662964,
        0.04192483425140381
    ],
    "y_values": [
        0.1518467664718628,
        0.845235288143158,
        0.5784555077552795,
        0.1347905993461609,
        0.601954460144043,
        0.20256024599075317,
        0.12764501571655273,
        0.537818193435669,
        0.6385863423347473,
        0.8771727681159973,
        0.10267859697341919,
        0.2967849373817444,
        0.332783043384552,
        0.2197132110595703,
        0.49477481842041016,
        0.1787218451499939,
        0.7168260216712952,
        0.7964015007019043,
        0.060463666915893555,
        0.8026072978973389,
        0.7789959907531738,
        0.4723779559135437,
        0.6976774334907532,
        0.7313863635063171,
        0.5340276956558228,
        0.5485466718673706,
        0.911366879940033,
        0.6809414029121399,
        0.38363713026046753,
        0.7844583988189697,
        0.0999840497970581,
        0.8794116973876953,
        0.0021458864212036133,
        0.8529437184333801,
        0.5288729071617126,
        0.035784006118774414,
        0.12352460622787476,
        0.6388092041015625,
        0.29003167152404785,
        0.3481004238128662,
        0.2551770806312561,
        0.6608223915100098,
        0.9928438067436218,
        0.40388327836990356,
        0.21261519193649292,
        0.6084728837013245,
        0.49469757080078125,
        0.59928297996521,
        0.6688317656517029,
        0.4870747923851013,
        0.22014105319976807,
        0.6820141673088074,
        0.11168962717056274,
        0.6376162171363831,
        0.786853015422821,
        0.33463191986083984,
        0.7503113746643066,
        0.4643723964691162,
        0.009410262107849121,
        0.9451223015785217,
        0.7389711141586304,
        0.7433998584747314,
        0.9201391339302063,
        0.2478560209274292,
        0.04813474416732788,
        0.6666752099990845,
        0.620633065700531,
        0.4269183874130249,
        0.226140558719635,
        0.49563878774642944,
        0.10084205865859985,
        0.7715457081794739,
        0.8675515651702881,
        0.732915997505188,
        0.4613404870033264,
        0.31901121139526367,
        0.1923685073852539,
        0.7785822749137878,
        0.7418617606163025,
        0.3596518635749817,
        0.7310042381286621,
        0.002884507179260254,
        0.33338433504104614,
        0.8408347964286804,
        0.8029361367225647,
        0.36074042320251465,
        0.7222490906715393,
        0.9733840823173523,
        0.06662195920944214,
        0.507473349571228,
        0.03587031364440918,
        0.9347450137138367,
        0.3869470953941345,
        0.49348390102386475,
        0.7692773342132568,
        0.015490233898162842,
        0.980827808380127,
        0.11630302667617798,
        0.15829813480377197,
        0.6235374212265015
    ]
}