{
    "format": 2,
    "name": "n60k8_23",
    "n": 60,
    "k": 8,
    "optimal_solution": 8.532903671264648,
    "x_values": [
        0.16360992193222046,
        0.6916477084159851,
        0.37645816802978516,
        0.02285832166671753,
        0.16953575611114502,
        0.8895864486694336,
        0.7163985371589661,
        0.21169692277908325,
        0.8919327259063721,
        0.6287581920623779,
        0.9618865847587585,
        0.5941193699836731,
        0.8619848489761353,
        0.5125969648361206,
        0.5625299215316772,
        0.9085806608200073,
        0.3189675807952881,
        0.605600893497467,
        0.04127311706542969,
        0.8207599520683289,
        0.003990113735198975,
        0.9141007661819458,
        0.6616681218147278,
        0.2665688991546631,
        0.5758507251739502,
        0.10291552543640137,
        0.2827860116958618,
        0.166034996509552,
        0.9661545753479004,
        0.9629811644554138,
        0.5882393717765808,
        0.8370529413223267,
        0.3165588974952698,
        0.07277655601501465,
        0.8266106247901917,
        0.33213406801223755,
        0.7024744153022766,
        0.3080657124519348,
        0.595862627029419,
        0.9335481524467468,
        0.7761759161949158,
        0.3427537679672241,
        0.8929157853126526,
        0.14407634735107422,
        0.11318230628967285,
        0.5910640954971313,
        0.46084070205688477,
        0.06482303142547607,
        0.8182702660560608,
        0.5971868634223938,
        0.2031729817390442,
        0.14793258905410767,
        0.4783097505569458,
        0.7373866438865662,
        0.8369238972663879,
        0.6015907526016235,
        0.5777380466461182,
        0.8078365325927734,
        0.5545156002044678,
        0.45764416456222534
    ],
    "y_values": [
        0.9976310729980469,
        0.5933876037597656,
        0.9725967645645142,
        0.6489540934562683,
        0.7737017273902893,
        0.017049074172973633,
        0.10223180055618286,
        0.8852583169937134,
        0.2350025773048401,
        0.6687251329421997,
        0.5882267355918884,
        0.14616405963897705,
        0.7994651198387146,
        0.8995668292045593,
        0.8314602971076965,
        0.3450154662132263,
        0.9603843092918396,
        0.13270968198776245,
        0.17340385913848877,
        0.11822956800460815,
        0.39643824100494385,
        0.7458744645118713,
        0.4307757019996643,
        0.12172043323516846,
        0.7626476287841797,
        0.7335683703422546,
        0.31461548805236816,
        0.827117383480072,
        0.646678626537323,
        0.5321617126464844,
        0.08346956968307495,
        0.8443729877471924,
        0.8707907199859619,
        0.4300840497016907,
        0.5993547439575195,
        0.6923412084579468,
        0.4037353992462158,
        0.7137446403503418,
        0.65217125415802,
        0.950836181640625,
        0.9565410017967224,
        0.5999479293823242,
        0.4381482005119324,
        0.08502107858657837,
        0.8188104629516602,
        0.7395177483558655,
        0.3447269797325134,
        0.8781427145004272,
        0.7084795236587524,
        0.15866202116012573,
        0.8527177572250366,
        0.1672636866569519,
        0.9788867831230164,
        0.785285234451294,
        0.5010864734649658,
        0.2999340295791626,
        0.7315646409988403,
        0.37046128511428833,
        0.03260987997055054,
        0.42245930433273315
    ]
}