{
    "format": 2,
    "name": "n70k2_34",
    "n": 70,
    "k": 2,
    "optimal_solution": 25.490549087524414,
    "x_values": [
        0.9434280395507812,
        0.7186052799224854,
        0.8156483769416809,
        0.3939417004585266,
        0.4990936517715454,
        0.03684115409851074,
        0.08358150720596313,
        0.32948607206344604,
        0.8479906320571899,
        0.21794277429580688,
        0.8243401646614075,
        0.913981020450592,
        0.2997148633003235,
        0.6904786825180054,
        0.5708679556846619,
        0.8134733438491821,
        0.1428736448287964,
        0.34369730949401855,
        0.788054347038269,
        0.15042579174041748,
        0.004711270332336426,
        0.5383695363998413,
        0.0085374116897583,
        0.9470149874687195,
        0.6415528059005737,
        0.6681258082389832,
        0.806666910648346,
        0.44441401958465576,
        0.1015092134475708,
        0.8804770112037659,
        0.6228093504905701,
        0.10123211145401001,
        0.10266965627670288,
        0.6396188735961914,
        0.4792476296424866,
        0.35272300243377686,
        0.3534547686576843,
        0.4896646738052368,
        0.7863913774490356,
        0.937973141670227,
        0.20306801795959473,
        0.9909937381744385,
        0.7343936562538147,
        0.5245311260223389,
        0.3040643334388733,
        0.5097570419311523,
        0.7128467559814453,
        0.8652324080467224,
        0.7501766681671143,
        0.7532092928886414,
        0.4984366297721863,
        0.10012662410736084,
        0.2743024230003357,
        0.3216257691383362,
        0.08756977319717407,
        0.7277937531471252,
        0.882594108581543,
        0.08114796876907349,
        0.33285975456237793,
        0.6660462021827698,
        0.7280160188674927,
        0.9209641814231873,
        0.6163881421089172,
        0.5695009827613831,
        0.7810993790626526,
        0.30636870861053467,
        0.15667957067489624,
        0.3474956750869751,
        0.9604607224464417,
        0.02017056941986084
    ],
    "y_values": [
        0.2714974880218506,
        0.3845767378807068,
        0.23877573013305664,
        0.22537803649902344,
        0.17137223482131958,
        0.5678146481513977,
        0.4654112458229065,
        0.4369603991508484,
        0.24587386846542358,
        0.7602971196174622,
        0.8882915377616882,
        0.6581547260284424,
        0.8695529699325562,
        0.530977189540863,
        0.7520058155059814,
        0.7192642092704773,
        0.107707679271698,
        0.027300357818603516,
        0.2585853338241577,
        0.7301933765411377,
        0.2359263300895691,
        0.12698286771774292,
        0.3062211871147156,
        0.27518922090530396,
        0.44211167097091675,
        0.18254417181015015,
        0.8898467421531677,
        0.3715149760246277,
        0.9762563705444336,
        0.1792306900024414,
        0.5499321818351746,
        0.6143686771392822,
        0.541511058807373,
        0.36846470832824707,
        0.9326922297477722,
        0.10738992691040039,
        0.4280913472175598,
        0.20984601974487305,
        0.8909738063812256,
        0.2099434733390808,
        0.5080312490463257,
        0.1816004514694214,
        0.7973433136940002,
        0.41825437545776367,
        0.33284783363342285,
        0.9924384355545044,
        0.9976997971534729,
        0.7211627960205078,
        0.7512218952178955,
        0.9823794364929199,
        0.6148539185523987,
        0.24113237857818604,
        0.7745811343193054,
        0.5243551135063171,
        0.6174927949905396,
        0.2576172351837158,
        0.26397424936294556,
        0.41829222440719604,
        0.9255845546722412,
        0.9431507587432861,
        0.713534951210022,
        0.8506941795349121,
        0.1828460693359375,
        0.2745395302772522,
        0.4266107678413391,
        0.513962984085083,
        0.966884970664978,
        0.24181228876113892,
        0.9690688848495483,
        0.47662848234176636
    ]
}