{
    "format": 2,
    "name": "n60k9_13",
    "n": 60,
    "k": 9,
    "optimal_solution": 7.131830215454102,
    "x_values": [
        0.9117830395698547,
        0.3291351795196533,
        0.49181878566741943,
        0.7221904397010803,
        0.24826973676681519,
        0.5441204309463501,
        0.4960711598396301,
        0.7955000400543213,
        0.18401676416397095,
        0.9437692761421204,
        0.8668055534362793,
        0.9939336180686951,
        0.13736951351165771,
        0.1597633957862854,
        0.42564117908477783,
        0.4736804962158203,
        0.5401670932769775,
        0.8586239218711853,
        0.3809283375740051,
        0.9654000997543335,
        0.24801266193389893,
        0.4091953635215759,
        0.32969510555267334,
        0.8969631195068359,
        0.619762122631073,
        0.9706462025642395,
        0.0940590500831604,
        0.2531776428222656,
        0.45163828134536743,
        0.795181393623352,
        0.8784394264221191,
        0.682167649269104,
        0.5667800903320312,
        0.7374765872955322,
        0.11934757232666016,
        0.5225821733474731,
        0.46722352504730225,
        0.6803075075149536,
        0.6215061545372009,
        0.009354352951049805,
        0.26277732849121094,
        0.9676485657691956,
        0.7795191407203674,
        0.36871492862701416,
        0.5477840304374695,
        0.8505474328994751,
        0.4600202441215515,
        0.06439447402954102,
        0.7360971570014954,
        0.39595961570739746,
        0.9137961268424988,
        0.3975478410720825,
        0.30133622884750366,
        0.6987966299057007,
        0.24230563640594482,
        0.9879839420318604,
        0.10641282796859741,
        0.49256283044815063,
        0.41475754976272583,
        0.15485525131225586
    ],
    "y_values": [
        0.22731083631515503,
        0.650150716304779,
        0.4141700267791748,
        0.6556456089019775,
        0.8788876533508301,
        0.3208751082420349,
        0.8519497513771057,
        0.9952215552330017,
        0.44572168588638306,
        0.64984130859375,
        0.3872483968734741,
        0.46441346406936646,
        0.9129531383514404,
        0.7646085023880005,
        0.28325116634368896,
        0.7276846766471863,
        0.6704720854759216,
        0.5923504829406738,
        0.6880419254302979,
        0.36837267875671387,
        0.19250595569610596,
        0.6489102244377136,
        0.7287465929985046,
        0.9528501629829407,
        0.9972308278083801,
        0.56760573387146,
        0.9279076457023621,
        0.05560159683227539,
        0.22150349617004395,
        0.9678012728691101,
        0.9765125513076782,
        0.3261343836784363,
        0.4977913498878479,
        0.14338034391403198,
        0.609740674495697,
        0.7090256810188293,
        0.8926828503608704,
        0.3355310559272766,
        0.341281533241272,
        0.8324562311172485,
        0.7575474977493286,
        0.5960954427719116,
        0.13174188137054443,
        0.7272160649299622,
        0.8094502687454224,
        0.05634665489196777,
        0.32293301820755005,
        0.8638748526573181,
        0.4213733673095703,
        0.39518028497695923,
        0.7412897944450378,
        0.9638028144836426,
        0.18599307537078857,
        0.7529579401016235,
        0.29214054346084595,
        0.7679429650306702,
        0.6122933030128479,
        0.3296070098876953,
        0.777205228805542,
        0.6906172633171082
    ]
}