{
    "format": 2,
    "name": "n80k9_84",
    "n": 80,
    "k": 9,
    "optimal_solution": 10.657763481140137,
    "x_values": [
        0.7681184411048889,
        0.10623824596405029,
        0.13248533010482788,
        0.9786646962165833,
        0.6396312117576599,
        0.6800463795661926,
        0.47171515226364136,
        0.3217904567718506,
        0.1716359257698059,
        0.6015141606330872,
        0.21198654174804688,
        0.3152691125869751,
        0.30289226770401,
        0.11126255989074707,
        0.9211472868919373,
        0.162139892578125,
        0.16014963388442993,
        0.18051362037658691,
        0.8113943934440613,
        0.46902626752853394,
        0.4041953682899475,
        0.0775555968284607,
        0.15882807970046997,
        0.5167299509048462,
        0.7339292764663696,
        0.18651151657104492,
        0.3766351342201233,
        0.7855677604675293,
        0.047309041023254395,
        0.06159615516662598,
        0.825577974319458,
        0.23663103580474854,
        0.16061580181121826,
        0.5368540287017822,
        0.08645850419998169,
        0.591522216796875,
        0.5773664712905884,
        0.7182802557945251,
        0.047719597816467285,
        0.3188123106956482,
        0.40783536434173584,
        0.06953036785125732,
        0.24529600143432617,
        0.17159008979797363,
        0.4561324715614319,
        0.48941570520401,
        0.051380693912506104,
        0.5466230511665344,
        0.029245197772979736,
        0.723034679889679,
        0.6637872457504272,
        0.24359077215194702,
        0.3646901845932007,
        0.30710065364837646,
        0.7294824719429016,
        0.2728922963142395,
        0.18500620126724243,
        0.9367856383323669,
        0.19148588180541992,
        0.29117637872695923,
        0.25916677713394165,
        0.1914842128753662,
        0.20381414890289307,
        0.300331175327301,
        0.6242679953575134,
        0.027859091758728027,
        0.8713530898094177,
        0.31343716382980347,
        0.9276706576347351,
        0.9101664423942566,
        0.3011934757232666,
        0.566645085811615,
        0.29504573345184326,
        0.48269957304000854,
        0.7030643224716187,
        0.9629781246185303,
        0.12003815174102783,
        0.29927772283554077,
        0.846385657787323,
        0.7797391414642334
    ],
    "y_values": [
        0.04232215881347656,
        0.2995644807815552,
        0.9096564650535583,
        0.6394685506820679,
        0.5851697325706482,
        0.029330730438232422,
        0.2088690996170044,
        0.2197955846786499,
        0.016001760959625244,
        0.3053146004676819,
        0.6832128167152405,
        0.9526990652084351,
        0.25943613052368164,
        0.06701982021331787,
        0.49047863483428955,
        0.7919422388076782,
        0.6293705105781555,
        0.28875499963760376,
        0.5731255412101746,
        0.17599880695343018,
        0.7557851076126099,
        0.6049535274505615,
        0.46034950017929077,
        0.7361680865287781,
        0.7937001585960388,
        0.22678953409194946,
        0.7649720311164856,
        0.5835869908332825,
        0.43935638666152954,
        0.9630452394485474,
        0.8957072496414185,
        0.9979459643363953,
        0.6656550765037537,
        0.3970271348953247,
        0.4016791582107544,
        0.8834569454193115,
        0.8070341944694519,
        0.16467076539993286,
        0.32921862602233887,
        0.18543601036071777,
        0.6937436461448669,
        0.5187689661979675,
        0.7273308634757996,
        0.6929234862327576,
        0.30575495958328247,
        0.8461320996284485,
        0.8249602317810059,
        0.7071242332458496,
        0.8945871591567993,
        0.1628451943397522,
        0.7225422859191895,
        0.6418110728263855,
        0.24697035551071167,
        0.1784658432006836,
        0.71354740858078,
        0.8390908241271973,
        0.6694017052650452,
        0.16198992729187012,
        0.8191883563995361,
        0.46491503715515137,
        0.5579644441604614,
        0.7529356479644775,
        0.38876283168792725,
        0.5553843975067139,
        0.5110713839530945,
        0.7848336696624756,
        0.91937655210495,
        0.7274956107139587,
        0.8455120325088501,
        0.7415620684623718,
        0.7009058594703674,
        0.31382447481155396,
        0.10890763998031616,
        0.7061617374420166,
        0.4318390488624573,
        0.409585177898407,
        0.02942866086959839,
        0.05847388505935669,
        0.5349660515785217,
        0.22506564855575562
    ]
}