{
    "format": 2,
    "name": "n80k9_94",
    "n": 80,
    "k": 9,
    "optimal_solution": 10.648712158203125,
    "x_values": [
        0.09310990571975708,
        0.6399933099746704,
        0.2734101414680481,
        0.665949285030365,
        0.1335669755935669,
        0.5220798850059509,
        0.2623428702354431,
        0.9065564274787903,
        0.9383817315101624,
        0.34070008993148804,
        0.09186726808547974,
        0.9807419776916504,
        0.7531542181968689,
        0.25722581148147583,
        0.4446249008178711,
        0.49702250957489014,
        0.12098902463912964,
        0.27562302350997925,
        0.3048540949821472,
        0.9040756821632385,
        0.28634005784988403,
        0.9731670618057251,
        0.3814413547515869,
        0.08487445116043091,
        0.006857156753540039,
        0.5407317876815796,
        0.921424150466919,
        0.950242280960083,
        0.9698957800865173,
        0.5760619640350342,
        0.4180371165275574,
        0.4260404706001282,
        0.9351519346237183,
        0.6157961487770081,
        0.5986988544464111,
        0.16055601835250854,
        0.44469016790390015,
        0.9366694688796997,
        0.20281273126602173,
        0.0679922103881836,
        0.18101882934570312,
        0.712200403213501,
        0.5505864024162292,
        0.3128792643547058,
        0.9947415590286255,
        0.4036598205566406,
        0.7408820390701294,
        0.5115718841552734,
        0.6867403388023376,
        0.5036840438842773,
        0.3579147458076477,
        0.4771004319190979,
        0.5978987812995911,
        0.037573814392089844,
        0.4404795169830322,
        0.18547338247299194,
        0.1792321801185608,
        0.49249833822250366,
        0.6161742210388184,
        0.7450099587440491,
        0.5142021179199219,
        0.38561582565307617,
        0.08008390665054321,
        0.6089513897895813,
        0.9249469637870789,
        0.8364965319633484,
        0.4768977165222168,
        0.7335889935493469,
        0.7667260766029358,
        0.5042206645011902,
        0.008958280086517334,
        0.08263242244720459,
        0.5588008761405945,
        0.7824316620826721,
        0.7364566922187805,
        0.8295628428459167,
        0.5683218240737915,
        0.5174848437309265,
        0.644069492816925,
        0.9060388207435608
    ],
    "y_values": [
        0.40854454040527344,
        0.5640348196029663,
        0.6538116335868835,
        0.2237204909324646,
        0.6413946747779846,
        0.023456335067749023,
        0.04390662908554077,
        0.7374808192253113,
        0.6096838116645813,
        0.4892362356185913,
        0.3722870349884033,
        0.11913681030273438,
        0.5508213639259338,
        0.7472695708274841,
        0.2797180414199829,
        0.2324402928352356,
        0.29075080156326294,
        0.6857366561889648,
        0.45374011993408203,
        0.8488382697105408,
        0.44883453845977783,
        0.6581053137779236,
        0.5220516920089722,
        0.9015266299247742,
        0.14964115619659424,
        0.621622622013092,
        0.2011846899986267,
        0.8293954133987427,
        0.49443304538726807,
        0.2954239845275879,
        0.1272628903388977,
        0.9320446252822876,
        0.09637713432312012,
        0.41741448640823364,
        0.9356855154037476,
        0.8179312348365784,
        0.47335606813430786,
        0.5411489605903625,
        0.535942554473877,
        0.4004170894622803,
        0.358985960483551,
        0.34453368186950684,
        0.9589120745658875,
        0.7306098341941833,
        0.29216450452804565,
        0.5709273815155029,
        0.5428059101104736,
        0.1395995020866394,
        0.43838661909103394,
        0.1391160488128662,
        0.581186830997467,
        0.4983522295951843,
        0.26731783151626587,
        0.5293553471565247,
        0.8967797160148621,
        0.6185479164123535,
        0.49003511667251587,
        0.07352256774902344,
        0.0516279935836792,
        0.8446453809738159,
        0.5721312761306763,
        0.29007238149642944,
        0.9736725687980652,
        0.9118147492408752,
        0.16844743490219116,
        0.4955504536628723,
        0.11313408613204956,
        0.34798091650009155,
        0.29964083433151245,
        0.6901916265487671,
        0.5603596568107605,
        0.12693274021148682,
        0.3641623258590698,
        0.9407490491867065,
        0.35477572679519653,
        0.9894435405731201,
        0.9727159738540649,
        0.6932724118232727,
        0.4519914984703064,
        0.27720779180526733
    ]
}