{
    "format": 2,
    "name": "n80k9_52",
    "n": 80,
    "k": 9,
    "optimal_solution": 10.494149208068848,
    "x_values": [
        0.1623457670211792,
        0.23933923244476318,
        0.4490109086036682,
        0.9850783944129944,
        0.22568106651306152,
        0.06813651323318481,
        0.9114620685577393,
        0.3461167812347412,
        0.2481042742729187,
        0.8190674185752869,
        0.13521486520767212,
        0.0833430290222168,
        0.1441812515258789,
        0.3691391348838806,
        0.5789310336112976,
        0.5087555050849915,
        0.9295235872268677,
        0.8012084364891052,
        0.44611209630966187,
        0.12657368183135986,
        0.7736204266548157,
        0.5306112170219421,
        0.4101179242134094,
        0.729338526725769,
        0.38033580780029297,
        0.10499066114425659,
        0.4765006899833679,
        0.7818250060081482,
        0.7824053168296814,
        0.4613131284713745,
        0.579147458076477,
        0.43348437547683716,
        0.7258772253990173,
        0.8855206370353699,
        0.5328312516212463,
        0.12498646974563599,
        0.7592545747756958,
        0.5435289740562439,
        0.5212986469268799,
        0.49213117361068726,
        0.4462990164756775,
        0.7542531490325928,
        0.766968309879303,
        0.18442624807357788,
        0.7159715890884399,
        0.9989822506904602,
        0.0325084924697876,
        0.672344982624054,
        0.24215567111968994,
        0.07926070690155029,
        0.10491502285003662,
        0.11425310373306274,
        0.7937484383583069,
        0.5123918056488037,
        0.05383366346359253,
        0.1314297914505005,
        0.5802873373031616,
        0.5389690399169922,
        0.6707470417022705,
        0.5298283100128174,
        0.4624824523925781,
        0.2673951983451843,
        0.8727490901947021,
        0.2025497555732727,
        0.4965267777442932,
        0.3092252016067505,
        0.6605337858200073,
        0.14511620998382568,
        0.7162466049194336,
        0.028359532356262207,
        0.2718355655670166,
        0.6759787201881409,
        0.9263786673545837,
        0.818757951259613,
        0.08656841516494751,
        0.5804767608642578,
        0.7221208810806274,
        0.33384889364242554,
        0.451119601726532,
        0.6430643200874329
    ],
    "y_values": [
        0.37381303310394287,
        0.2532442808151245,
        0.7749110460281372,
        0.024736106395721436,
        0.48385125398635864,
        0.13478761911392212,
        0.9953484535217285,
        0.14062011241912842,
        0.01010054349899292,
        0.3232370615005493,
        0.7683022618293762,
        0.7989885807037354,
        0.16040420532226562,
        0.17576879262924194,
        0.7847179174423218,
        0.598017156124115,
        0.32725274562835693,
        0.5915874242782593,
        0.44397276639938354,
        0.262672483921051,
        0.2271851897239685,
        0.4626091718673706,
        0.7001305818557739,
        0.9320989847183228,
        0.6932929754257202,
        0.9281796216964722,
        0.5198522806167603,
        0.2778213620185852,
        0.20699608325958252,
        0.3564756512641907,
        0.17587417364120483,
        0.820127010345459,
        0.5107029676437378,
        0.11413943767547607,
        0.3816791772842407,
        0.27423250675201416,
        0.31936514377593994,
        0.9213948249816895,
        0.5506561994552612,
        0.6317560076713562,
        0.7745479345321655,
        0.27378422021865845,
        0.8431320786476135,
        0.48180681467056274,
        0.8141356706619263,
        0.018729865550994873,
        0.2862246036529541,
        0.011217594146728516,
        0.7383795380592346,
        0.6068404912948608,
        0.8144034147262573,
        0.10423928499221802,
        0.4573490023612976,
        0.8921746611595154,
        0.9522910118103027,
        0.35947346687316895,
        0.9317670464515686,
        0.936966061592102,
        0.44609594345092773,
        0.0843692421913147,
        0.8824387788772583,
        0.18755167722702026,
        0.33024340867996216,
        0.5354260206222534,
        0.30549299716949463,
        0.0004952549934387207,
        0.6362176537513733,
        0.42290884256362915,
        0.5342902541160583,
        0.10544347763061523,
        0.20589756965637207,
        0.14750456809997559,
        0.43773049116134644,
        0.9225365519523621,
        0.23773562908172607,
        0.4408354163169861,
        0.7868325114250183,
        0.22828388214111328,
        0.9618180394172668,
        0.8574720025062561
    ]
}