{
    "format": 2,
    "name": "n80k9_0",
    "n": 80,
    "k": 9,
    "optimal_solution": 10.86304759979248,
    "x_values": [
        0.053257763385772705,
        0.09780043363571167,
        0.18856358528137207,
        0.37994563579559326,
        0.0581018328666687,
        0.8930436968803406,
        0.20563256740570068,
        0.2747494578361511,
        0.5978668332099915,
        0.7557419538497925,
        0.42642742395401,
        0.02655494213104248,
        0.04094761610031128,
        0.6090290546417236,
        0.002858757972717285,
        0.44964349269866943,
        0.24731028079986572,
        0.16074466705322266,
        0.08952248096466064,
        0.5712410807609558,
        0.6458308100700378,
        0.9352861046791077,
        0.35725706815719604,
        0.7089096307754517,
        0.8662752509117126,
        0.12586069107055664,
        0.09155440330505371,
        0.575629472732544,
        0.07379084825515747,
        0.8238927125930786,
        0.0304415225982666,
        0.19627052545547485,
        0.2697952389717102,
        0.7665706872940063,
        0.9480031728744507,
        0.5108339786529541,
        0.5510632991790771,
        0.6982039213180542,
        0.7911075353622437,
        0.6926021575927734,
        0.9195352792739868,
        0.4065588116645813,
        0.26548832654953003,
        0.9916945695877075,
        0.8627844452857971,
        0.9628394246101379,
        0.14019334316253662,
        0.6346200704574585,
        0.774652361869812,
        0.11924922466278076,
        0.9673316478729248,
        0.11430013179779053,
        0.18088215589523315,
        0.9300274848937988,
        0.8115736246109009,
        0.9788472652435303,
        0.21806752681732178,
        0.2780618667602539,
        0.3660462498664856,
        0.557300329208374,
        0.879638671875,
        0.19974875450134277,
        0.17651325464248657,
        0.8238305449485779,
        0.5306837558746338,
        0.6198591589927673,
        0.6259461641311646,
        0.4195932149887085,
        0.3255791664123535,
        0.5158448815345764,
        0.14463406801223755,
        0.16634291410446167,
        0.33401167392730713,
        0.6519179344177246,
        0.5698528289794922,
        0.18248045444488525,
        0.028118014335632324,
        0.8722508549690247,
        0.8408058285713196,
        0.5743393898010254
    ],
    "y_values": [
        0.6289186477661133,
        0.3680194616317749,
        0.4045259356498718,
        0.8069211840629578,
        0.24386906623840332,
        0.7004709243774414,
        0.8528236150741577,
        0.6512898802757263,
        0.4309121370315552,
        0.4966910481452942,
        0.8494918346405029,
        0.09449678659439087,
        0.7809266448020935,
        0.5788829922676086,
        0.8390520811080933,
        0.986346960067749,
        0.4591140151023865,
        0.7289621233940125,
        0.0610237717628479,
        0.9074825644493103,
        0.664270281791687,
        0.6387364864349365,
        0.7534160614013672,
        0.7064284682273865,
        0.2821630835533142,
        0.4796059727668762,
        0.3995969891548157,
        0.503092885017395,
        0.17863571643829346,
        0.7271006107330322,
        0.3646930456161499,
        0.4854567050933838,
        0.9649341702461243,
        0.28240567445755005,
        0.08156311511993408,
        0.09833800792694092,
        0.36739587783813477,
        0.07817769050598145,
        0.22838270664215088,
        0.46547698974609375,
        0.9540352821350098,
        0.09312844276428223,
        0.11573010683059692,
        0.9543100595474243,
        0.2980337142944336,
        0.9959038496017456,
        0.5534970164299011,
        0.11212831735610962,
        0.5794786810874939,
        0.2925153374671936,
        0.16457802057266235,
        0.9005876779556274,
        0.33536410331726074,
        0.7197074294090271,
        0.2737020254135132,
        0.7056505084037781,
        0.2491142749786377,
        0.12239593267440796,
        0.93068927526474,
        0.3972620964050293,
        0.5017958879470825,
        0.13620120286941528,
        0.1820198893547058,
        0.13028573989868164,
        0.7333520650863647,
        0.18842172622680664,
        0.8320558667182922,
        0.11401236057281494,
        0.382060706615448,
        0.7625739574432373,
        0.07379156351089478,
        0.3946548104286194,
        0.47436004877090454,
        0.6063286662101746,
        0.020392954349517822,
        0.0726436972618103,
        0.6710925698280334,
        0.019889652729034424,
        0.9019278287887573,
        0.7770699262619019
    ]
}