{
    "format": 2,
    "name": "n80k9_5",
    "n": 80,
    "k": 9,
    "optimal_solution": 10.273295402526855,
    "x_values": [
        0.040702641010284424,
        0.01383507251739502,
        0.015215814113616943,
        0.9803386330604553,
        0.2815728783607483,
        0.19086265563964844,
        0.19315648078918457,
        0.8780062794685364,
        0.6898971199989319,
        0.9812719821929932,
        0.7642517685890198,
        0.2838252782821655,
        0.3797570466995239,
        0.32297784090042114,
        0.5877524614334106,
        0.4521148204803467,
        0.8172600269317627,
        0.32102829217910767,
        0.18455618619918823,
        0.7378795742988586,
        0.6053877472877502,
        0.4542674422264099,
        0.1028977632522583,
        0.1252642273902893,
        0.07671380043029785,
        0.11271387338638306,
        0.8298971056938171,
        0.09061294794082642,
        0.06524014472961426,
        0.3527684807777405,
        0.702816367149353,
        0.8469050526618958,
        0.766842246055603,
        0.06915539503097534,
        0.8333947062492371,
        0.7665281295776367,
        0.6561137437820435,
        0.08363956212997437,
        0.049598097801208496,
        0.2773837447166443,
        0.5213884711265564,
        0.874898374080658,
        0.1025494933128357,
        0.014180302619934082,
        0.3128829598426819,
        0.9397551417350769,
        0.0006186962127685547,
        0.9950948357582092,
        0.8099777698516846,
        0.6806496381759644,
        0.5781563520431519,
        0.13948553800582886,
        0.2957078218460083,
        0.33440983295440674,
        0.11368578672409058,
        0.820259153842926,
        0.3612070679664612,
        0.2052527666091919,
        0.45084095001220703,
        0.3741089105606079,
        0.6115424633026123,
        0.9637666344642639,
        0.8637670278549194,
        0.016387522220611572,
        0.9604694247245789,
        0.6737469434738159,
        0.0015044808387756348,
        0.4575573205947876,
        0.08324915170669556,
        0.894630491733551,
        0.4465271234512329,
        0.3183559775352478,
        0.5135855674743652,
        0.6837159395217896,
        0.32645732164382935,
        0.915826141834259,
        0.6774887442588806,
        0.27586740255355835,
        0.7347601652145386,
        0.14984756708145142
    ],
    "y_values": [
        0.1936609148979187,
        0.22754353284835815,
        0.327617347240448,
        0.4700292944908142,
        0.17294687032699585,
        0.8640996217727661,
        0.5483077168464661,
        0.2553401589393616,
        0.26200157403945923,
        0.9644234776496887,
        0.7381272315979004,
        0.23787301778793335,
        0.23259609937667847,
        0.705804705619812,
        0.7351977825164795,
        0.44049525260925293,
        0.6284441947937012,
        0.8103969097137451,
        0.28118765354156494,
        0.3121854066848755,
        0.29876208305358887,
        0.997471809387207,
        0.7451261281967163,
        0.49169087409973145,
        0.7480913996696472,
        0.6758581399917603,
        0.25861573219299316,
        0.39902180433273315,
        0.46815240383148193,
        0.2145899534225464,
        0.6470159888267517,
        0.19706887006759644,
        0.43601107597351074,
        0.5865767002105713,
        0.8097192049026489,
        0.9582310914993286,
        0.7604222297668457,
        0.3519313335418701,
        0.0687870979309082,
        0.28468209505081177,
        0.247175395488739,
        0.3529411554336548,
        0.614730715751648,
        0.543035626411438,
        0.06253165006637573,
        0.8320596814155579,
        0.12048554420471191,
        0.42885637283325195,
        0.7280764579772949,
        0.24782061576843262,
        0.7761871218681335,
        0.062054574489593506,
        0.044289588928222656,
        0.46811234951019287,
        0.024500012397766113,
        0.3305819630622864,
        0.4566834568977356,
        0.5306141376495361,
        0.6080189347267151,
        0.5253774523735046,
        0.7231736183166504,
        0.38900601863861084,
        0.08634382486343384,
        0.78487628698349,
        0.6506889462471008,
        0.14238452911376953,
        0.7074545621871948,
        0.8342533707618713,
        0.7925639748573303,
        0.727953314781189,
        0.9365110993385315,
        0.9424008727073669,
        0.6790770888328552,
        0.33459973335266113,
        0.5299357771873474,
        0.5933131575584412,
        0.31548237800598145,
        0.14342021942138672,
        0.7518372535705566,
        0.4869529604911804
    ]
}