{
    "format": 5,
    "name": "n30k7_86",
    "n": 30,
    "k": 7,
    "optimal_solution": 0.2824831008911133,
    "x_values": [
        0.5404765605926514,
        0.805268406867981,
        0.34210383892059326,
        0.7604287266731262,
        0.8861648440361023,
        0.12487894296646118,
        0.7013842463493347,
        0.2071990966796875,
        0.691699206829071,
        0.46802818775177,
        0.056130170822143555,
        0.7749050259590149,
        0.6792023181915283,
        0.04029560089111328,
        0.49765080213546753,
        0.31720656156539917,
        0.09194546937942505,
        0.3203088641166687,
        0.6125734448432922,
        0.4384859800338745,
        0.3150075078010559,
        0.8636554479598999,
        0.9558366537094116,
        0.4072800278663635,
        0.3793708086013794,
        0.06997078657150269,
        0.7836848497390747,
        0.2075619101524353,
        0.9925749897956848,
        0.5982969999313354
    ],
    "y_values": [
        0.06106126308441162,
        0.6348280310630798,
        0.6879913806915283,
        0.4615647792816162,
        0.5494107007980347,
        0.17876911163330078,
        0.1676679253578186,
        0.6084057688713074,
        0.6281206011772156,
        0.02724999189376831,
        0.6874285340309143,
        0.35322678089141846,
        0.6942057609558105,
        0.9026464223861694,
        0.6808185577392578,
        0.3872196078300476,
        0.5232253074645996,
        0.2990126609802246,
        0.3280659317970276,
        0.24155378341674805,
        0.29958605766296387,
        0.16928774118423462,
        0.9031820893287659,
        0.26224470138549805,
        0.034874677658081055,
        0.8492980003356934,
        0.16187697649002075,
        0.7674715518951416,
        0.08553653955459595,
        0.7034997344017029
    ]
}