{
    "format": 10,
    "name": "n100k10_36",
    "n": 100,
    "k": 10,
    "optimal_solution": 83.1707621446569,
    "x_values": [
        0.6885413861729763,
        0.7035033692989474,
        0.6348561080910164,
        0.7763790521249305,
        0.17831744622253065,
        0.041116549959470006,
        0.41226160490909947,
        0.16687361827605007,
        0.07802483875129429,
        0.5594304907773495,
        0.6801355381018871,
        0.09347361616336802,
        0.7658129693179637,
        0.06500852885967301,
        0.12720289115292505,
        0.06497161289995113,
        0.7159150117626573,
        0.6270189203861674,
        0.8330276748698476,
        0.6762180329306371,
        0.36387965005369005,
        0.08629285360654126,
        0.709678167667975,
        0.8463613957569568,
        0.6046772221535942,
        0.17117903478210217,
        0.6898477341019084,
        0.5661049334566111,
        0.6766581321582811,
        0.07816908709812531,
        0.0841672373305552,
        0.35285190870933325,
        0.3015072340923458,
        0.6610165097956552,
        0.7857163872905474,
        0.1980295636350502,
        0.6755601797810505,
        0.2730395044000311,
        0.48343639732064125,
        0.010545519501363398,
        0.35700184748370356,
        0.9907892686852507,
        0.6562842868926565,
        0.8834725396581832,
        0.5136151366046954,
        0.34709863264463325,
        0.41321508537592166,
        0.30892963763735415,
        0.44035116839872424,
        0.9260331245021299,
        0.28672187621953593,
        0.43122102593478084,
        0.8631642873430516,
        0.2735072781168163,
        0.3207837871563084,
        0.30543685667121645,
        0.13084259726699743,
        0.01037129119008684,
        0.1004420438385657,
        0.7982358628140961,
        0.1760611955630026,
        0.5728598875734899,
        0.6782701168749171,
        0.7988390734779215,
        0.7043657103097317,
        0.7677975924357848,
        0.10053106700517667,
        0.17160985181048638,
        0.36028887853507596,
        0.45734575749695094,
        0.07132069136827668,
        0.9395767960232784,
        0.16615318953910596,
        0.9496014419594089,
        0.8535163770540505,
        0.734190884748233,
        0.9152072343883149,
        0.028610624808247498,
        0.18529183279723993,
        0.8177187705092639,
        0.8832562740695984,
        0.7898605267472405,
        0.6373987235306836,
        0.13368400799870794,
        0.2487098959705385,
        0.22780330113481784,
        0.3390909130252324,
        0.12403239997082727,
        0.40021810721876316,
        0.8822366752679305,
        0.577482059070026,
        0.004572601961699063,
        0.8806421103921473,
        0.13580582069349867,
        0.47518081285765423,
        0.8868007118966675,
        0.4451709162164562,
        0.8450238360840516,
        0.7838483070999906,
        0.42943408623860957
    ],
    "y_values": [
        0.2791784468004531,
        0.08658085728431097,
        0.42858656652163596,
        0.30045402898476026,
        0.8715576693793124,
        0.031669941750463004,
        0.6010585237271935,
        0.5221939841044568,
        0.9553246581209485,
        0.9368364108994899,
        0.7436602991464955,
        0.8218943198029212,
        0.35760180100834704,
        0.7107525637107662,
        0.511724118446,
        0.04140658334427105,
        0.8405329504649802,
        0.6815196386019332,
        0.23003500512410702,
        0.38710544307719275,
        0.18132344593025984,
        0.6309445084662377,
        0.8483742259560932,
        0.17845558168224662,
        0.4041131198228287,
        0.1929231775894551,
        0.5285693719396961,
        0.19748345295931646,
        0.05860700652397133,
        0.8274200537336902,
        0.6025335805178963,
        0.38690384084657625,
        0.44543851512452626,
        0.42805703141783913,
        0.9926724713105646,
        0.8833543778035039,
        0.5376441280027031,
        0.4723330500116699,
        0.9693476791084146,
        0.43653150014958564,
        0.4087239209360315,
        0.37456515001968926,
        0.06894065642874825,
        0.11755241123195626,
        0.6156238626668284,
        0.22148704753803172,
        0.06529459827053596,
        0.7432779600187677,
        0.08793075815470786,
        0.7666974412960887,
        0.40840316349522365,
        0.8790113789167417,
        0.5664597875609793,
        0.7110981835666922,
        0.16677930601248026,
        0.6701751127681576,
        0.3109105517488482,
        0.15312831352123735,
        0.04915003866652645,
        0.7920242509558995,
        0.41797535295091526,
        0.6035025972739685,
        0.8059133505414451,
        0.6440546445142769,
        0.6127520702896514,
        0.9859519963950835,
        0.11430140609121309,
        0.2396179051324161,
        0.22082721070177913,
        0.572973401564528,
        0.5389022588041269,
        0.012303385874182449,
        0.6060696984053239,
        0.5097005090020406,
        0.9738775948043041,
        0.6245746051283294,
        0.9943378201096815,
        0.02369370846622232,
        0.9442561503871149,
        0.8544655565032925,
        0.29032960428638865,
        0.77334044122361,
        0.6906716624888695,
        0.8618538757440428,
        0.5788310911782849,
        0.5798230477387785,
        0.4778749512931546,
        0.9372298165846222,
        0.24163181385970767,
        0.4164966760355113,
        0.4588045394469602,
        0.7007524796890806,
        0.2623477031046142,
        0.4162059042371722,
        0.7118092117508296,
        0.4616675580799554,
        0.5705955889170968,
        0.9234537597261329,
        0.44774393336686913,
        0.9792269965257262
    ],