{
    "format": 10,
    "name": "n100k10_11",
    "n": 100,
    "k": 10,
    "optimal_solution": 83.07228210098648,
    "x_values": [
        0.3060634018945394,
        0.29137171667484996,
        0.19013768058181513,
        0.7438376787700682,
        0.5287489123700818,
        0.6888910075564855,
        0.6946747221359739,
        0.08885501626769554,
        0.4895266293795566,
        0.2831179536427185,
        0.6255486074680255,
        0.3063093659491618,
        0.4966111211630806,
        0.5410757613886501,
        0.7132461393550535,
        0.9760690114141898,
        0.2969181894566123,
        0.38053285115278934,
        0.09687548990504402,
        0.6653915698476972,
        0.9034469192027627,
        0.29113260558379384,
        0.294425188065884,
        0.3952401157846669,
        0.50375148659351,
        0.5065305143497919,
        0.43077008833820873,
        0.1547646828732977,
        0.3913360135682956,
        0.7126548969006098,
        0.18958380716467016,
        0.8276452745021088,
        0.9337931424216518,
        0.15908481028080956,
        0.6744436650366821,
        0.8301174887127207,
        0.14862217672761657,
        0.3517719478404078,
        0.10306696096860712,
        0.9143190063944671,
        0.661785236799202,
        0.2896282538807341,
        0.19572993055335253,
        0.4751130138345855,
        0.8520425449156646,
        0.7421719260689155,
        0.02910022838233106,
        0.7037947752118365,
        0.7314262948918845,
        0.44050650189079554,
        0.006117274559003794,
        0.035690310628246236,
        0.6129483138988159,
        0.6705271638994864,
        0.27296603299962996,
        0.888802515156093,
        0.2947026403079521,
        0.3391285226157801,
        0.9834534003930646,
        0.0877964980270276,
        0.5733761986089758,
        0.7567852227189186,
        0.5690906897994122,
        0.5345948672665201,
        0.4441251286747949,
        0.13307023469851265,
        0.06340561470721517,
        0.8369470160650762,
        0.7333308301240224,
        0.9523443544180717,
        0.9540418482933467,
        0.25894373799544657,
        0.8417658019207052,
        0.9074435113690804,
        0.3792956527788197,
        0.15005987481506755,
        0.46679462600570354,
        0.8155781217575478,
        0.390566388445861,
        0.9557313762996047,
        0.7231046261001938,
        0.6332562027574946,
        0.5782284826978634,
        0.8264707859378594,
        0.16190394189696677,
        0.30844500376560957,
        0.7502866174385656,
        0.8775460900527363,
        0.8097867034802881,
        0.9878871299767874,
        0.7878917248417006,
        0.14434460668412197,
        0.25605764089056615,
        0.0897710405948291,
        0.9575394731749707,
        0.6831548784655427,
        0.5091763040770362,
        0.8484861569083515,
        0.14215924807735147,
        0.3402615485063555
    ],
    "y_values": [
        0.14111637053137283,
        0.38879236830278274,
        0.38264676039760936,
        0.16380323117685147,
        0.3064222338164879,
        0.5295030292602174,
        0.45528354070027577,
        0.6715332588795703,
        0.4875599019110153,
        0.6062468461325634,
        0.42309368657267266,
        0.5963723059681455,
        0.7826824438227721,
        0.5710289235870031,
        0.210012510873671,
        0.04862838563071792,
        0.793925493108665,
        0.6038973519501684,
        0.8361753354462569,
        0.8234721149265393,
        0.5603366400359836,
        0.5604680905058973,
        0.7868980797974653,
        0.8105133408318252,
        0.8561936980937451,
        0.21333526463562313,
        0.11507421813431784,
        0.9760096900144367,
        0.5295270107108598,
        0.2786315747696545,
        0.6010257802285492,
        0.6293996138239385,
        0.19724346121161496,
        0.42864562068926104,
        0.9123743796229546,
        0.9177923257154997,
        0.035169456240707775,
        0.11019630707126649,
        0.9276831699185797,
        0.2495166901605188,
        0.9938011476222871,
        0.20938171469625266,
        0.7233568661218828,
        0.39398193689215744,
        0.1706366861663725,
        0.045598044356660705,
        0.4670440254519981,
        0.8224657120204758,
        0.6335616899406928,
        0.19668249840242258,
        0.7092849055177739,
        0.7936194553085185,
        0.4352729419061079,
        0.9052199057886903,
        0.7478230740891877,
        0.8470133419635281,
        0.7280981795674751,
        0.14614245450256513,
        0.8644709202913594,
        0.8393146509552262,
        0.49906243420983376,
        0.6884872204145178,
        0.6681812463818935,
        0.006649659680167175,
        0.20398597742768754,
        0.5682813462384556,
        0.9460150090058391,
        0.6757161078417023,
        0.2657640031610261,
        0.8832024751151668,
        0.7458296590344776,
        0.4485245547507998,
        0.1509635265179956,
        0.877429572877286,
        0.6673546834467563,
        0.36558995213506384,
        0.002727278419199286,
        0.6503765472600308,
        0.5436499442352448,
        0.042715727511820956,
        0.369846606611099,
        0.3706826066146609,
        0.365731715906222,
        0.17030662567905297,
        0.3639900252510839,
        0.4022162048241741,
        0.9094466398751515,
        0.7031458827816728,
        0.16701386542332752,
        0.02871500392563031,
        0.21190363507137377,
        0.3649468492333784,
        0.08290972008639208,
        0.09668093813037881,
        0.010065975170493346,
        0.7259546185295238,
        0.6345612975811329,
        0.65932456769832,
        0.16250261936768484,
        0.26731954643936173
    ],