{
    "format": 10,
    "name": "n100k10_34",
    "n": 100,
    "k": 10,
    "optimal_solution": 87.3299120082826,
    "x_values": [
        0.15797302787984302,
        0.1380116213647663,
        0.3488070284195409,
        0.7142524673214629,
        0.5518180187665805,
        0.490556407807331,
        0.7267756079225142,
        0.9893109850092933,
        0.8524553932075398,
        0.6569594133387254,
        0.6875198187298581,
        0.3189475259486012,
        0.9633006380899499,
        0.9798579357241731,
        0.2812706413819829,
        0.5011652006298104,
        0.3071904899741532,
        0.19261821049841077,
        0.17964838818428408,
        0.1883729313388549,
        0.864750866660208,
        0.13220940904695522,
        0.3289885508481174,
        0.8656065289289215,
        0.9293303059262041,
        0.5252745410344858,
        0.8777512229622175,
        0.8127861538195268,
        0.9920595586837684,
        0.21763492745091417,
        0.3149869442955535,
        0.8750747343000584,
        0.8606149140986485,
        0.481163350060836,
        0.1642651445348916,
        0.9165230958577807,
        0.5793646723951078,
        0.8368023303242025,
        0.5016553153144012,
        0.09740962098609363,
        0.5716781251590176,
        0.11548007877169209,
        0.4393807489462219,
        0.40482664204061647,
        0.6858239426087258,
        0.6421835812957776,
        0.7217271437949562,
        0.914708565982798,
        0.6210635467138603,
        0.639706432891135,
        0.040012442279964255,
        0.6756365076805388,
        0.8410148740118375,
        0.0918445732496802,
        0.5781396501388879,
        0.01811074898082632,
        0.7770930244875648,
        0.7663479214787642,
        0.7335046062137998,
        0.4131795374646011,
        0.838034894327014,
        0.3267198958246019,
        0.23993259132663536,
        0.6046987588396227,
        0.1628129072096821,
        0.2007606496843949,
        0.5941281030440752,
        0.6295232144943544,
        0.6759955086466942,
        0.26066388183457234,
        0.4147333487864643,
        0.6589151938596876,
        0.6855478525676223,
        0.7273514985439411,
        0.5943355804105295,
        0.282769559838697,
        0.6161366978175699,
        0.7176189244036906,
        0.8265047271791433,
        0.4737562381645324,
        0.5251668619652731,
        0.8143915331788348,
        0.5467453515882857,
        0.06991366185194325,
        0.010206100361754511,
        0.9001481685779865,
        0.9250770833133412,
        0.8340906755918225,
        0.34422076715250305,
        0.37801134014179405,
        0.4156984258997153,
        0.08508530160916317,
        0.6029130415519668,
        0.7440805614612203,
        0.40996704724673505,
        0.8910670973094027,
        0.8995337514001376,
        0.36405794056208673,
        0.2758264595212653,
        0.22374821021473135
    ],
    "y_values": [
        0.9534397023532997,
        0.850356376025644,
        0.4861092501150769,
        0.049653037577777503,
        0.4961617326722134,
        0.008359865272945521,
        0.47754519021230635,
        0.05902241974492939,
        0.5103896342120102,
        0.7278530983852763,
        0.22559979756694049,
        0.6859178640064144,
        0.6731916473559596,
        0.3820996830865787,
        0.5614998681660537,
        0.06652622058625379,
        0.20089469586283581,
        0.5464250331715749,
        0.980877407508364,
        0.5909280214791116,
        0.1871560696796789,
        0.3973065003008033,
        0.6092632075008032,
        0.3998777081955176,
        0.7623431274315753,
        0.7787494009797236,
        0.8715040691961446,
        0.6644230049337219,
        0.7968802098159775,
        0.11236225041201298,
        0.9498477454332354,
        0.3751474030750058,
        0.06789063374656956,
        0.9905367863151144,
        0.6880933063130859,
        0.21905052125271918,
        0.9661772812491516,
        0.3065910518089512,
        0.2217892093174928,
        0.4493007217082542,
        0.9213306953978616,
        0.04081477427310165,
        0.6905627419189614,
        0.7035504908392183,
        0.2713695746913768,
        0.8021905627598636,
        0.8352021479950332,
        0.09525834625132334,
        0.5782598371208744,
        0.8589725713997821,
        0.6616053506305958,
        0.6969655753285924,
        0.5289131775345666,
        0.07056661603859926,
        0.36175729302796966,
        0.9598577349119999,
        0.8587087117966593,
        0.23655464368868395,
        0.5930665188582454,
        0.16847968919263445,
        0.10473452945936357,
        0.1836562238750341,
        0.20695597843730074,
        0.060316440590128195,
        0.10973227721563816,
        0.7680721477391712,
        0.6930329579995038,
        0.3864818251789178,
        0.9438747349604814,
        0.25629888010724733,
        0.5009556167868549,
        0.9437886169824131,
        0.05118674936174661,
        0.7956596434623427,
        0.0006720682626372154,
        0.6404689990713507,
        0.35008451646890326,
        0.909154935275644,
        0.12461385199060215,
        0.21937154617144872,
        0.6592249565085527,
        0.6996450992488763,
        0.5760943892700012,
        0.6669453589923277,
        0.6656411387469624,
        0.7349915498142051,
        0.0588133514652468,
        0.1455900029604118,
        0.9487101695549728,
        0.9149966113446797,
        0.7634916200425239,
        0.07821880610590148,
        0.2787063471436213,
        0.8317240429132016,
        0.32183880573870616,
        0.41252556081591407,
        0.07998964773945605,
        0.3383359208601734,
        0.7983571017119231,
        0.9858709681087144
    ],