{
    "format": 2,
    "name": "n90k3_97",
    "n": 90,
    "k": 3,
    "optimal_solution": 26.726028442382812,
    "x_values": [
        0.05860227346420288,
        0.9265199899673462,
        0.7875027060508728,
        0.6455309391021729,
        0.8808397054672241,
        0.524508535861969,
        0.3642809987068176,
        0.25764620304107666,
        0.5841838717460632,
        0.03745359182357788,
        0.8814482688903809,
        0.7863152623176575,
        0.4106941223144531,
        0.6626121997833252,
        0.9713786244392395,
        0.09861725568771362,
        0.6719362139701843,
        0.778056800365448,
        0.25472885370254517,
        0.6885532736778259,
        0.44669538736343384,
        0.9012669324874878,
        0.5488392114639282,
        0.7752403616905212,
        0.7312203645706177,
        0.08738929033279419,
        0.37206530570983887,
        0.965948760509491,
        0.7305237650871277,
        0.8700662851333618,
        0.9896594285964966,
        0.9434232711791992,
        0.2622811198234558,
        0.46417880058288574,
        0.4985616207122803,
        0.6978279948234558,
        0.6139800548553467,
        0.6407260298728943,
        0.1219714879989624,
        0.5609389543533325,
        0.18938487768173218,
        0.16304177045822144,
        0.2847408652305603,
        0.30344438552856445,
        0.02173405885696411,
        0.02917701005935669,
        0.9650160670280457,
        0.1335141658782959,
        0.9362691640853882,
        0.20616358518600464,
        0.258516788482666,
        0.0451737642288208,
        0.9345555305480957,
        0.09145992994308472,
        0.30605387687683105,
        0.08903861045837402,
        0.21205073595046997,
        0.606604814529419,
        0.42664408683776855,
        0.31634682416915894,
        0.9021663069725037,
        0.49994033575057983,
        0.5949352383613586,
        0.5192577838897705,
        0.8095105290412903,
        0.8099872469902039,
        0.15826433897018433,
        0.025363385677337646,
        0.47572600841522217,
        0.9432662725448608,
        0.42765820026397705,
        0.9830071926116943,
        0.9949965476989746,
        0.352308988571167,
        0.611394464969635,
        0.643437385559082,
        0.24694395065307617,
        0.0234033465385437,
        0.5508533120155334,
        0.9120751619338989,
        0.8013612031936646,
        0.08748114109039307,
        0.04098480939865112,
        0.6083993911743164,
        0.3193308115005493,
        0.1510385274887085,
        0.1651155948638916,
        0.3192659616470337,
        0.5252049565315247,
        0.7427576184272766
    ],
    "y_values": [
        0.9087244272232056,
        0.20073705911636353,
        0.27729302644729614,
        0.9813546538352966,
        0.7999255657196045,
        0.46462488174438477,
        0.6276640892028809,
        0.26752007007598877,
        0.6597009301185608,
        0.052397072315216064,
        0.21055442094802856,
        0.977976381778717,
        0.2783222198486328,
        0.8475413918495178,
        0.5221998691558838,
        0.9468967914581299,
        0.36272144317626953,
        0.3193209767341614,
        0.7992684245109558,
        0.03594505786895752,
        0.01771146059036255,
        0.35811591148376465,
        0.2694602608680725,
        0.5859338641166687,
        0.3472687602043152,
        0.4610511064529419,
        0.32899922132492065,
        0.6337006092071533,
        0.38571977615356445,
        0.7439222931861877,
        0.986264705657959,
        0.5457720160484314,
        0.8683503866195679,
        0.9763384461402893,
        0.6268578767776489,
        0.48460501432418823,
        0.5813267827033997,
        0.25462406873703003,
        0.6522051095962524,
        0.3701283931732178,
        0.8131950497627258,
        0.3781440854072571,
        0.6877389550209045,
        0.8019176125526428,
        0.43476468324661255,
        0.22381848096847534,
        0.5027723908424377,
        0.08388632535934448,
        0.1390346884727478,
        0.16487020254135132,
        0.24666368961334229,
        0.9854226112365723,
        0.8549822568893433,
        0.47367626428604126,
        0.42067593336105347,
        0.4164234399795532,
        0.9023138284683228,
        0.728420078754425,
        0.29841142892837524,
        0.14899611473083496,
        0.8231251239776611,
        0.4665401577949524,
        0.7447566986083984,
        0.5382710695266724,
        0.5497409701347351,
        0.18107157945632935,
        0.4806351661682129,
        0.023347973823547363,
        0.3832356929779053,
        0.5715270638465881,
        0.056103527545928955,
        0.25076937675476074,
        0.319938600063324,
        0.5636756420135498,
        0.20470821857452393,
        0.40128904581069946,
        0.8577583432197571,
        0.16650378704071045,
        0.1415897011756897,
        0.389576256275177,
        0.2589419484138489,
        0.37803077697753906,
        0.6668742299079895,
        0.6310827732086182,
        0.00563281774520874,
        0.9418917298316956,
        0.6118712425231934,
        0.8732976317405701,
        0.024507224559783936,
        0.3040189743041992
    ]
}