{
    "format": 2,
    "name": "n90k3_5",
    "n": 90,
    "k": 3,
    "optimal_solution": 26.532764434814453,
    "x_values": [
        0.5930081605911255,
        0.14309334754943848,
        0.0946241021156311,
        0.259185254573822,
        0.29075896739959717,
        0.16268175840377808,
        0.7164943814277649,
        0.8410526514053345,
        0.8080056309700012,
        0.22354412078857422,
        0.024779140949249268,
        0.5605789422988892,
        0.7414130568504333,
        0.7780396938323975,
        0.6927489042282104,
        0.7758532166481018,
        0.4335898160934448,
        0.9528546929359436,
        0.12246805429458618,
        0.5795560479164124,
        0.613113284111023,
        0.8700491189956665,
        0.9901037812232971,
        0.814599871635437,
        0.4246838092803955,
        0.3757544755935669,
        0.4321408271789551,
        0.7276238799095154,
        0.5354931354522705,
        0.1195063591003418,
        0.8014254570007324,
        0.05426490306854248,
        0.297119140625,
        0.30829840898513794,
        0.09110724925994873,
        0.994022786617279,
        0.00587773323059082,
        0.02523505687713623,
        0.2147027850151062,
        0.6759458184242249,
        0.12544339895248413,
        0.034881591796875,
        0.7465259432792664,
        0.526661217212677,
        0.11556297540664673,
        0.9658798575401306,
        0.1324559450149536,
        0.25110018253326416,
        0.1350998878479004,
        0.42515915632247925,
        0.8456735610961914,
        0.0720410943031311,
        0.08683109283447266,
        0.34437042474746704,
        0.48832017183303833,
        0.46862441301345825,
        0.5635741949081421,
        0.27550995349884033,
        0.47515708208084106,
        0.279909610748291,
        0.6264601945877075,
        0.9576689600944519,
        0.5939339399337769,
        0.9707346558570862,
        0.9976480007171631,
        0.24156886339187622,
        0.760043203830719,
        0.5644306540489197,
        0.686481237411499,
        0.9940472841262817,
        0.2813217043876648,
        0.31840163469314575,
        0.8206449151039124,
        0.19936615228652954,
        0.5436873435974121,
        0.013213694095611572,
        0.7032677531242371,
        0.34284257888793945,
        0.04903864860534668,
        0.8338450193405151,
        0.3393705487251282,
        0.6431398391723633,
        0.2981308102607727,
        0.3421277403831482,
        0.4487113952636719,
        0.7904477715492249,
        0.9250493049621582,
        0.8184241652488708,
        0.21475064754486084,
        0.5755144953727722
    ],
    "y_values": [
        0.4514785408973694,
        0.12388849258422852,
        0.8314316272735596,
        0.8015953898429871,
        0.21618366241455078,
        0.9891807436943054,
        0.21577292680740356,
        0.7556308507919312,
        0.3348715305328369,
        0.8229227662086487,
        0.37289708852767944,
        0.14958280324935913,
        0.06816327571868896,
        0.394039511680603,
        0.22625690698623657,
        0.685448944568634,
        0.8879260420799255,
        0.028632938861846924,
        0.4198949933052063,
        0.39784789085388184,
        0.8822618722915649,
        0.3041846752166748,
        0.5829254984855652,
        0.1533147096633911,
        0.04934483766555786,
        0.8690381646156311,
        0.8078567981719971,
        0.2716943025588989,
        0.4040769934654236,
        0.31263870000839233,
        0.523309588432312,
        0.06913632154464722,
        0.3791664242744446,
        0.5881168842315674,
        0.5743288993835449,
        0.6376506090164185,
        0.42686957120895386,
        0.40646153688430786,
        0.5614175200462341,
        0.4862898588180542,
        0.8418350219726562,
        0.3594210147857666,
        0.7897841930389404,
        0.21391820907592773,
        0.8079768419265747,
        0.46391814947128296,
        0.04401695728302002,
        0.025025904178619385,
        0.8882433176040649,
        0.09182482957839966,
        0.9023796319961548,
        0.22531473636627197,
        0.6590870022773743,
        0.3808831572532654,
        0.08781510591506958,
        0.32987111806869507,
        0.895384669303894,
        0.19540387392044067,
        0.20900613069534302,
        0.5769139528274536,
        0.06172269582748413,
        0.5752333998680115,
        0.7017617225646973,
        0.8953330516815186,
        0.11037057638168335,
        0.4559275507926941,
        0.0605698823928833,
        0.9608393907546997,
        0.4521681070327759,
        0.9754573106765747,
        0.26267433166503906,
        0.6497663855552673,
        0.355008065700531,
        0.09436875581741333,
        0.9312697649002075,
        0.8153439164161682,
        0.9447725415229797,
        0.0942109227180481,
        0.02764981985092163,
        0.2078113555908203,
        0.9296244382858276,
        0.032467544078826904,
        0.7365535497665405,
        0.39586663246154785,
        0.2880558967590332,
        0.7161828279495239,
        0.9780985116958618,
        0.11766165494918823,
        0.6349937319755554,
        0.34750527143478394
    ]
}