{
    "format": 2,
    "name": "n90k3_34",
    "n": 90,
    "k": 3,
    "optimal_solution": 23.922401428222656,
    "x_values": [
        0.22024011611938477,
        0.4135037660598755,
        0.600692093372345,
        0.25845885276794434,
        0.34713810682296753,
        0.017859458923339844,
        0.8159886002540588,
        0.897415041923523,
        0.04617655277252197,
        0.5841102004051208,
        0.04936778545379639,
        0.8566726446151733,
        0.4356492757797241,
        0.8341062068939209,
        0.7434418201446533,
        0.1825777292251587,
        0.6527600288391113,
        0.41591358184814453,
        0.19894790649414062,
        0.6122578978538513,
        0.47057342529296875,
        0.4834502339363098,
        0.2772611379623413,
        0.8958903551101685,
        0.7130587697029114,
        0.1606283187866211,
        0.6501867771148682,
        0.8910052180290222,
        0.1505519151687622,
        0.5099697709083557,
        0.5632001161575317,
        0.6719279289245605,
        0.6351496577262878,
        0.9325696229934692,
        0.9204137921333313,
        0.2232481837272644,
        0.7661372423171997,
        0.8064855337142944,
        0.4207879900932312,
        0.11878669261932373,
        0.537146270275116,
        0.9557787179946899,
        0.2878372073173523,
        0.4610022306442261,
        0.6365907192230225,
        0.1481289267539978,
        0.8418220281600952,
        0.15496093034744263,
        0.9614065885543823,
        0.3524155616760254,
        0.8400648832321167,
        0.5196988582611084,
        0.6573337912559509,
        0.12521982192993164,
        0.9524797797203064,
        0.8733580112457275,
        0.8278109431266785,
        0.764311671257019,
        0.8840281963348389,
        0.9371433854103088,
        0.052407026290893555,
        0.46766746044158936,
        0.7290220260620117,
        0.06252115964889526,
        0.23605453968048096,
        0.14019066095352173,
        0.9137433171272278,
        0.8044061660766602,
        0.6665720343589783,
        0.34522271156311035,
        0.13507533073425293,
        0.6388835906982422,
        0.45845526456832886,
        0.4479759931564331,
        0.6880924701690674,
        0.3282783627510071,
        0.16430699825286865,
        0.05663043260574341,
        0.9215781092643738,
        0.2116858959197998,
        0.2669979929924011,
        0.5164887309074402,
        0.3218787908554077,
        0.5676419734954834,
        0.699819028377533,
        0.7093844413757324,
        0.2693309783935547,
        0.3309982419013977,
        0.2108328938484192,
        0.840268075466156
    ],
    "y_values": [
        0.6709736585617065,
        0.7020626068115234,
        0.8110057711601257,
        0.42314988374710083,
        0.6837988495826721,
        0.7635940313339233,
        0.6378203630447388,
        0.6699100136756897,
        0.8354427218437195,
        0.42042410373687744,
        0.614291787147522,
        0.5108869075775146,
        0.07534539699554443,
        0.27903807163238525,
        0.6885794401168823,
        0.6716537475585938,
        0.8503565192222595,
        0.7070519328117371,
        0.9444567561149597,
        0.26301103830337524,
        0.20112651586532593,
        0.816965639591217,
        0.46235281229019165,
        0.9368168115615845,
        0.9064681529998779,
        0.1986253261566162,
        0.2697368264198303,
        0.9870803952217102,
        0.1293826699256897,
        0.5441220998764038,
        0.9730796813964844,
        0.6450688242912292,
        0.4559130072593689,
        0.6758216619491577,
        0.9259056448936462,
        0.9403677582740784,
        0.3765583634376526,
        0.04903852939605713,
        0.34240174293518066,
        0.1059686541557312,
        0.31048423051834106,
        0.47278523445129395,
        0.10409027338027954,
        0.38285988569259644,
        0.47781288623809814,
        0.5022241473197937,
        0.9949597120285034,
        0.3228461742401123,
        0.6452752351760864,
        0.37891530990600586,
        0.9469026327133179,
        0.33068251609802246,
        0.9315372705459595,
        0.038356661796569824,
        0.8393093943595886,
        0.7657884359359741,
        0.7592079639434814,
        0.8469492793083191,
        0.47647935152053833,
        0.25105130672454834,
        0.19220805168151855,
        0.26605844497680664,
        0.49187248945236206,
        0.32462233304977417,
        0.4932669997215271,
        0.0401422381401062,
        0.6901233792304993,
        0.40519726276397705,
        0.07253426313400269,
        0.567501962184906,
        0.33110833168029785,
        0.7910652160644531,
        0.17723679542541504,
        0.20223140716552734,
        0.9837534427642822,
        0.0398787260055542,
        0.8501254320144653,
        0.44482696056365967,
        0.929700493812561,
        0.5472444891929626,
        0.6579479575157166,
        0.18243128061294556,
        0.18493640422821045,
        0.6684255599975586,
        0.793527364730835,
        0.6116693615913391,
        0.2871376872062683,
        0.7759076952934265,
        0.0890234112739563,
        0.505942702293396
    ]
}