{
    "format": 2,
    "name": "n90k3_25",
    "n": 90,
    "k": 3,
    "optimal_solution": 26.947744369506836,
    "x_values": [
        0.966785192489624,
        0.893568217754364,
        0.2804233431816101,
        0.33076149225234985,
        0.3500281572341919,
        0.16414296627044678,
        0.9007115364074707,
        0.4484274983406067,
        0.4606122374534607,
        0.9051852822303772,
        0.32958531379699707,
        0.6321921944618225,
        0.8726452589035034,
        0.10361313819885254,
        0.3856709599494934,
        0.6588019132614136,
        0.4583853483200073,
        0.11395865678787231,
        0.40941035747528076,
        0.06393831968307495,
        0.1159544587135315,
        0.9387900829315186,
        0.2756844758987427,
        0.4280894994735718,
        0.055043160915374756,
        0.6367958784103394,
        0.5175167322158813,
        0.5089771747589111,
        0.6323294043540955,
        0.7608163952827454,
        0.3760039210319519,
        0.13204199075698853,
        0.6459777355194092,
        0.3975978493690491,
        0.04046601057052612,
        0.6101091504096985,
        0.9787195324897766,
        0.9384583830833435,
        0.951148271560669,
        0.2551789879798889,
        0.5466538667678833,
        0.7605946660041809,
        0.035751938819885254,
        0.32352811098098755,
        0.5341242551803589,
        0.7327843904495239,
        0.8274560570716858,
        0.6612515449523926,
        0.3958790898323059,
        0.029564499855041504,
        0.008413374423980713,
        0.4930139183998108,
        0.885084867477417,
        0.033963143825531006,
        0.7612609267234802,
        0.08079427480697632,
        0.2336753010749817,
        0.6296836137771606,
        0.5093568563461304,
        0.11169230937957764,
        0.6224009394645691,
        0.13199567794799805,
        0.6627328991889954,
        0.6210752129554749,
        0.8741388320922852,
        0.80235356092453,
        0.8992133140563965,
        0.5052089095115662,
        0.774397611618042,
        0.6949449181556702,
        0.20805156230926514,
        0.3455747365951538,
        0.9148563742637634,
        0.9724035859107971,
        0.8988202810287476,
        0.04493898153305054,
        0.36710280179977417,
        0.5703356266021729,
        0.7467678785324097,
        0.498923659324646,
        0.42061740159988403,
        0.491210401058197,
        0.5698413848876953,
        0.5075014233589172,
        0.9628402590751648,
        0.7422512173652649,
        0.07480156421661377,
        0.8732861280441284,
        0.9902443289756775,
        0.44471919536590576
    ],
    "y_values": [
        0.2430790662765503,
        0.39252179861068726,
        0.9074625372886658,
        0.3943324685096741,
        0.7457512617111206,
        0.20321142673492432,
        0.897992730140686,
        0.07678264379501343,
        0.6943054795265198,
        0.09394234418869019,
        0.043198347091674805,
        0.4788101315498352,
        0.2007259726524353,
        0.5016058683395386,
        0.5596734285354614,
        0.7839413285255432,
        0.24172812700271606,
        0.5503655672073364,
        0.9607993960380554,
        0.8094070553779602,
        0.6799665689468384,
        0.06595617532730103,
        0.776337742805481,
        0.9858593344688416,
        0.04023313522338867,
        0.01478034257888794,
        0.1185721755027771,
        0.6501274108886719,
        0.8261315226554871,
        0.3667045831680298,
        0.8183743953704834,
        0.808594822883606,
        0.5006193518638611,
        0.6041753888130188,
        0.8272954821586609,
        0.7718026041984558,
        0.10162591934204102,
        0.03802049160003662,
        0.0041310787200927734,
        0.20289909839630127,
        0.02057260274887085,
        0.5367056727409363,
        0.4554062485694885,
        0.2934466004371643,
        0.7269238829612732,
        0.47796493768692017,
        0.4352668523788452,
        0.7015188336372375,
        0.5792317986488342,
        0.26965832710266113,
        0.038559138774871826,
        0.7906932830810547,
        0.866073727607727,
        0.8209961652755737,
        0.9934804439544678,
        0.6143489480018616,
        0.5154788494110107,
        0.2979215383529663,
        0.9552298188209534,
        0.9444169998168945,
        0.5248500108718872,
        0.9396398663520813,
        0.4617711901664734,
        0.8620601296424866,
        0.038615405559539795,
        0.8749606609344482,
        0.19857364892959595,
        0.7307234406471252,
        0.11695289611816406,
        0.08539998531341553,
        0.6839941740036011,
        0.8000129461288452,
        0.5571531653404236,
        0.47054439783096313,
        0.5311060547828674,
        0.4077627658843994,
        0.3906673192977905,
        0.4208049178123474,
        0.33294689655303955,
        0.6244369745254517,
        0.2897050380706787,
        0.5469031929969788,
        0.6956186890602112,
        0.2191813588142395,
        0.26328974962234497,
        0.5942729115486145,
        0.9608246088027954,
        0.5830349326133728,
        0.957581639289856,
        0.316692590713501
    ]
}