{
    "format": 2,
    "name": "n90k3_8",
    "n": 90,
    "k": 3,
    "optimal_solution": 25.1945743560791,
    "x_values": [
        0.6373311877250671,
        0.16064810752868652,
        0.42066437005996704,
        0.06409049034118652,
        0.555070698261261,
        0.7007391452789307,
        0.49762845039367676,
        0.939888060092926,
        0.7218003869056702,
        0.2818489670753479,
        0.97044438123703,
        0.8841127157211304,
        0.9184499979019165,
        0.9246047139167786,
        0.6002233624458313,
        0.9159929752349854,
        0.09970486164093018,
        0.08721989393234253,
        0.20320910215377808,
        0.14112550020217896,
        0.26776838302612305,
        0.8474878668785095,
        0.20716261863708496,
        0.5054692029953003,
        0.3457171320915222,
        0.5292389392852783,
        0.4510043263435364,
        0.8879767656326294,
        0.4308205246925354,
        0.4466927647590637,
        0.884178638458252,
        0.5791351795196533,
        0.9829974174499512,
        0.32789236307144165,
        0.5248575806617737,
        0.5610209703445435,
        0.4985901117324829,
        0.853373646736145,
        0.22290921211242676,
        0.7824451327323914,
        0.6734777688980103,
        0.155401349067688,
        0.04543036222457886,
        0.7439607381820679,
        0.44700896739959717,
        0.11606794595718384,
        0.2666362524032593,
        0.031836748123168945,
        0.10793107748031616,
        0.7242961525917053,
        0.8784604668617249,
        0.5912935733795166,
        0.1618378758430481,
        0.7032185196876526,
        0.6888579726219177,
        0.12923932075500488,
        0.27888864278793335,
        0.1670675277709961,
        0.059487342834472656,
        0.5870594382286072,
        0.3110007643699646,
        0.08694988489151001,
        0.6990835666656494,
        0.8056782484054565,
        0.7604264616966248,
        0.3116149306297302,
        0.8997980356216431,
        0.9185614585876465,
        0.9363090991973877,
        0.6851128339767456,
        0.008571803569793701,
        0.473751425743103,
        0.10491925477981567,
        0.0281103253364563,
        0.277809202671051,
        0.41852158308029175,
        0.3543895483016968,
        0.37710362672805786,
        0.3317762017250061,
        0.9515645503997803,
        0.7902887463569641,
        0.12134599685668945,
        0.5582829117774963,
        0.1990845799446106,
        0.7627126574516296,
        0.28333717584609985,
        0.0015705227851867676,
        0.14667928218841553,
        0.5565749406814575,
        0.611249566078186
    ],
    "y_values": [
        0.49582022428512573,
        0.12503176927566528,
        0.9489976763725281,
        0.08350193500518799,
        0.6146900057792664,
        0.24227827787399292,
        0.4090469479560852,
        0.23307675123214722,
        0.17913562059402466,
        0.8803793787956238,
        0.41344255208969116,
        0.6026951670646667,
        0.3986958861351013,
        0.5613023638725281,
        0.3847518563270569,
        0.08800429105758667,
        0.697514533996582,
        0.7194185853004456,
        0.6964840292930603,
        0.7697651386260986,
        0.19990193843841553,
        0.9769735336303711,
        0.46899712085723877,
        0.07995831966400146,
        0.3426460027694702,
        0.7055054306983948,
        0.21968209743499756,
        0.2713572382926941,
        0.6694967150688171,
        0.6975125074386597,
        0.96290522813797,
        0.7060147523880005,
        0.03743696212768555,
        0.01148521900177002,
        0.2569805979728699,
        0.09972018003463745,
        0.7930896878242493,
        0.2503029704093933,
        0.9578514099121094,
        0.1259428858757019,
        0.2798258662223816,
        0.8115109801292419,
        0.8495345115661621,
        0.8715749382972717,
        0.15179431438446045,
        0.5006247758865356,
        0.21598005294799805,
        0.8436355590820312,
        0.38079291582107544,
        0.3371348977088928,
        0.920163631439209,
        0.27885472774505615,
        0.13451552391052246,
        0.006486237049102783,
        0.6256076097488403,
        0.9028927087783813,
        0.7609752416610718,
        0.9565401077270508,
        0.08255165815353394,
        0.9187946319580078,
        0.9613769054412842,
        0.47042572498321533,
        0.21036434173583984,
        0.3815982937812805,
        0.09675639867782593,
        0.6851292848587036,
        0.6022746562957764,
        0.043444812297821045,
        0.6164909601211548,
        0.16825199127197266,
        0.33396583795547485,
        0.33879053592681885,
        0.19823670387268066,
        0.03254729509353638,
        0.027757465839385986,
        0.7439596652984619,
        0.35783159732818604,
        0.32502979040145874,
        0.786029040813446,
        0.04937547445297241,
        0.7612136006355286,
        0.7093732357025146,
        0.9625400900840759,
        0.33598655462265015,
        0.2694319486618042,
        0.25844937562942505,
        0.16318058967590332,
        0.7884671688079834,
        0.15924370288848877,
        0.4633987545967102
    ]
}