{
    "format": 5,
    "name": "n60k4_44",
    "n": 60,
    "k": 4,
    "optimal_solution": 0.4392278790473938,
    "x_values": [
        0.7668778896331787,
        0.9221042990684509,
        0.216697096824646,
        0.39057040214538574,
        0.5733586549758911,
        0.5525913834571838,
        0.5414376854896545,
        0.9553000926971436,
        0.30468231439590454,
        0.35660576820373535,
        0.45219022035598755,
        0.9638910293579102,
        0.09694230556488037,
        0.383911669254303,
        0.5707391500473022,
        0.4003673791885376,
        0.6262097954750061,
        0.06486314535140991,
        0.06184118986129761,
        0.7343622446060181,
        0.8646162748336792,
        0.506085216999054,
        0.4658389687538147,
        0.1902216672897339,
        0.3650149703025818,
        0.7914336919784546,
        0.7235174179077148,
        0.48020094633102417,
        0.6371920108795166,
        0.35094279050827026,
        0.9981206655502319,
        0.09092390537261963,
        0.6751992106437683,
        0.7343408465385437,
        0.03769582509994507,
        0.4185776114463806,
        0.45205622911453247,
        0.7516226172447205,
        0.8550058007240295,
        0.6166300773620605,
        0.14243078231811523,
        0.6147685050964355,
        0.00908815860748291,
        0.09993362426757812,
        0.4067431092262268,
        0.953436553478241,
        0.4124068021774292,
        0.3743041753768921,
        0.49367523193359375,
        0.39405274391174316,
        0.009332716464996338,
        0.43869197368621826,
        0.20492202043533325,
        0.10798037052154541,
        0.021039485931396484,
        0.20253914594650269,
        0.21852421760559082,
        0.2796146273612976,
        0.7662814259529114,
        0.17016488313674927
    ],
    "y_values": [
        0.16042494773864746,
        0.7330451011657715,
        0.9208192825317383,
        0.8073550462722778,
        0.04304993152618408,
        0.9116469621658325,
        0.5787490010261536,
        0.29946088790893555,
        0.8528791666030884,
        0.9124897718429565,
        0.9758325219154358,
        0.30357271432876587,
        0.8718395233154297,
        0.3202260732650757,
        0.896862804889679,
        0.9711588621139526,
        0.922500491142273,
        0.2351994514465332,
        0.2981650233268738,
        0.9207257032394409,
        0.42366498708724976,
        0.3188982605934143,
        0.9017713665962219,
        0.46835947036743164,
        0.6797714233398438,
        0.8368683457374573,
        0.10272282361984253,
        0.2495601773262024,
        0.2673131227493286,
        0.17241781949996948,
        0.5623690485954285,
        0.39338767528533936,
        0.7948721051216125,
        0.7594732642173767,
        0.6036168932914734,
        0.4917430877685547,
        0.9428436160087585,
        0.3944268822669983,
        0.13354730606079102,
        0.8990644812583923,
        0.6413315534591675,
        0.027779698371887207,
        0.6112787127494812,
        0.3371291756629944,
        0.00851738452911377,
        0.6318408250808716,
        0.6410197019577026,
        0.5554633736610413,
        0.4383459687232971,
        0.6851814389228821,
        0.7514737844467163,
        0.4374316930770874,
        0.7435470819473267,
        0.32257258892059326,
        0.6431789994239807,
        0.5492650270462036,
        0.8074612021446228,
        0.23985826969146729,
        0.9879286885261536,
        0.10029298067092896
    ]
}