{
    "format": 2,
    "name": "n90k7_38",
    "n": 90,
    "k": 7,
    "optimal_solution": 15.43779468536377,
    "x_values": [
        0.9434685111045837,
        0.8094851970672607,
        0.257739782333374,
        0.5772969722747803,
        0.3945934772491455,
        0.25553959608078003,
        0.5433530807495117,
        0.09892392158508301,
        0.06487560272216797,
        0.3565083146095276,
        0.49131691455841064,
        0.9509952664375305,
        0.408546507358551,
        0.13318920135498047,
        0.6031598448753357,
        0.3552425503730774,
        0.12311363220214844,
        0.11633795499801636,
        0.5590770244598389,
        0.3160225749015808,
        0.9194751977920532,
        0.2602694034576416,
        0.024576187133789062,
        0.7453960180282593,
        0.08638936281204224,
        0.7339377999305725,
        0.2588108777999878,
        0.12059199810028076,
        0.9928828477859497,
        0.4532821774482727,
        0.9736201763153076,
        0.2023373246192932,
        0.9270111918449402,
        0.7921671271324158,
        0.5877624750137329,
        0.051087915897369385,
        0.3384213447570801,
        0.1945422887802124,
        0.40130120515823364,
        0.3642129898071289,
        0.70633864402771,
        0.38276779651641846,
        0.3663557171821594,
        0.713226854801178,
        0.4868584871292114,
        0.5306763052940369,
        0.8813762664794922,
        0.6022772192955017,
        0.9194425344467163,
        0.8613799810409546,
        0.3536275625228882,
        0.6722404956817627,
        0.3087923526763916,
        0.764403760433197,
        0.4928348660469055,
        0.6104951500892639,
        0.23315250873565674,
        0.4704781770706177,
        0.7217421531677246,
        0.7754335403442383,
        0.2554522156715393,
        0.3746446371078491,
        0.44613075256347656,
        0.13905775547027588,
        0.7861505150794983,
        0.8235093951225281,
        0.24810171127319336,
        0.011505067348480225,
        0.8331437110900879,
        0.3331725001335144,
        0.01518028974533081,
        0.03368723392486572,
        0.9072054028511047,
        0.9606151580810547,
        0.5525069832801819,
        0.9220686554908752,
        0.49285435676574707,
        0.02730405330657959,
        0.8425636887550354,
        0.5509067177772522,
        0.5189988613128662,
        0.6962629556655884,
        0.49718886613845825,
        0.5672582983970642,
        0.2912135720252991,
        0.8714261054992676,
        0.9004830121994019,
        0.951323926448822,
        0.6290067434310913,
        0.046751558780670166
    ],
    "y_values": [
        0.6249502301216125,
        0.507449209690094,
        0.3591618537902832,
        0.4451872706413269,
        0.2072097659111023,
        0.8433569073677063,
        0.6745895147323608,
        0.6448045372962952,
        0.6665800213813782,
        0.3208826780319214,
        0.4150596857070923,
        0.08560001850128174,
        0.03974395990371704,
        0.10223931074142456,
        0.9257618188858032,
        0.5176112651824951,
        0.5154269933700562,
        0.5599669814109802,
        0.866046130657196,
        0.7886888980865479,
        0.8119328022003174,
        0.049192070960998535,
        0.2495713233947754,
        0.1442682147026062,
        0.8851406574249268,
        0.7440669536590576,
        0.8171550631523132,
        0.847249448299408,
        0.9006325006484985,
        0.003308415412902832,
        0.8708760142326355,
        0.9695761203765869,
        0.9045332670211792,
        0.8734205365180969,
        0.9102579951286316,
        0.7520170211791992,
        0.34937864542007446,
        0.7034189701080322,
        0.7628394365310669,
        0.9972938895225525,
        0.13704288005828857,
        0.45778167247772217,
        0.14334166049957275,
        0.8216389417648315,
        0.10246050357818604,
        0.43066006898880005,
        0.7259025573730469,
        0.18313467502593994,
        0.23571902513504028,
        0.11847847700119019,
        0.029041588306427002,
        0.34913724660873413,
        0.6980697512626648,
        0.24105489253997803,
        0.5057405233383179,
        0.6061705946922302,
        0.3464670777320862,
        0.04232841730117798,
        0.2856055498123169,
        0.08920466899871826,
        0.5616888403892517,
        0.5201761722564697,
        0.10831254720687866,
        0.3465511202812195,
        0.2962075471878052,
        0.561042308807373,
        0.07541859149932861,
        0.1590825319290161,
        0.9240635633468628,
        0.8752033710479736,
        0.9447094798088074,
        0.8571033477783203,
        0.31198179721832275,
        0.4296681880950928,
        0.12619507312774658,
        0.03079664707183838,
        0.1653834581375122,
        0.5249007344245911,
        0.7707143425941467,
        0.35128313302993774,
        0.5212320685386658,
        0.1404624581336975,
        0.8066760897636414,
        0.7773988842964172,
        0.6214892864227295,
        0.04590648412704468,
        0.3547701835632324,
        0.13839656114578247,
        0.8858246803283691,
        0.22089898586273193
    ]
}