{
    "format": 2,
    "name": "n90k7_28",
    "n": 90,
    "k": 7,
    "optimal_solution": 14.460060119628906,
    "x_values": [
        0.27409857511520386,
        0.6605927348136902,
        0.5629653930664062,
        0.32944345474243164,
        0.979546844959259,
        0.0979430079460144,
        0.41878998279571533,
        0.7940619587898254,
        0.7660834789276123,
        0.8062618970870972,
        0.40270328521728516,
        0.07644397020339966,
        0.4344320297241211,
        0.07556915283203125,
        0.36516356468200684,
        0.22763532400131226,
        0.5424342155456543,
        0.35549598932266235,
        0.889109194278717,
        0.0740700364112854,
        0.1774004101753235,
        0.8492506146430969,
        0.6894217133522034,
        0.34074318408966064,
        0.9227882027626038,
        0.10134053230285645,
        0.2075824737548828,
        0.2040870189666748,
        0.5131175518035889,
        0.7151607871055603,
        0.15125101804733276,
        0.6849198341369629,
        0.06291604042053223,
        0.6668411493301392,
        0.015118002891540527,
        0.15611839294433594,
        0.5221580266952515,
        0.195614755153656,
        0.7740708589553833,
        0.544367253780365,
        0.9940652847290039,
        0.5223349928855896,
        0.5986716151237488,
        0.5557915568351746,
        0.36087489128112793,
        0.5039659142494202,
        0.3342543840408325,
        0.3527621030807495,
        0.7250252962112427,
        0.47688430547714233,
        0.5759832262992859,
        0.25992685556411743,
        0.4205927848815918,
        0.19357001781463623,
        0.23873203992843628,
        0.57525235414505,
        0.7896405458450317,
        0.6668373346328735,
        0.517117440700531,
        0.6445564031600952,
        0.8404854536056519,
        0.7323222756385803,
        0.13405537605285645,
        0.07203054428100586,
        0.14428162574768066,
        0.8103036880493164,
        0.6290888786315918,
        0.2910618185997009,
        0.8605488538742065,
        0.8658550381660461,
        0.7886404991149902,
        0.15329724550247192,
        0.03935074806213379,
        0.8211358785629272,
        0.546035885810852,
        0.2558942437171936,
        0.7336021065711975,
        0.27270668745040894,
        0.0854143500328064,
        0.4684620499610901,
        0.7362688183784485,
        0.02913278341293335,
        0.9661026000976562,
        0.5200000405311584,
        0.17117446660995483,
        0.7341639995574951,
        0.490922212600708,
        0.20423942804336548,
        0.12658387422561646,
        0.12423551082611084
    ],
    "y_values": [
        0.8958583474159241,
        0.6827380061149597,
        0.9247258901596069,
        0.8279610872268677,
        0.35020947456359863,
        0.8729109764099121,
        0.1454041600227356,
        0.27065175771713257,
        0.7696090936660767,
        0.5360650420188904,
        0.5596842169761658,
        0.43379271030426025,
        0.12731748819351196,
        0.5862656831741333,
        0.4646243453025818,
        0.9031968712806702,
        0.7110505104064941,
        0.4097219705581665,
        0.11470544338226318,
        0.7660131454467773,
        0.444873571395874,
        0.01933443546295166,
        0.07735878229141235,
        0.8605042099952698,
        0.7945683598518372,
        0.284384548664093,
        0.686596691608429,
        0.0694732666015625,
        0.36145907640457153,
        0.2968595623970032,
        0.7541067004203796,
        0.3807072043418884,
        0.34552109241485596,
        0.8695161938667297,
        0.8878507614135742,
        0.269173264503479,
        0.38098210096359253,
        0.09986662864685059,
        0.22430187463760376,
        0.35442548990249634,
        0.5349242091178894,
        0.8391352891921997,
        0.9790364503860474,
        0.760160505771637,
        0.9337619543075562,
        0.2483862042427063,
        0.8818398714065552,
        0.6351683139801025,
        0.28406405448913574,
        0.5084158182144165,
        0.5799009799957275,
        0.5539752244949341,
        0.76697838306427,
        0.7696276307106018,
        0.6128296256065369,
        0.8226151466369629,
        0.16475236415863037,
        0.19183838367462158,
        0.47833406925201416,
        0.1769283413887024,
        0.22855901718139648,
        0.13079208135604858,
        0.637978732585907,
        0.6211778521537781,
        0.20133745670318604,
        0.6769741177558899,
        0.03038710355758667,
        0.909390926361084,
        0.26272475719451904,
        0.9275473952293396,
        0.6017577648162842,
        0.43613117933273315,
        0.8377256393432617,
        0.6043950915336609,
        0.9391801357269287,
        0.601024329662323,
        0.42558830976486206,
        0.3066962957382202,
        0.43332719802856445,
        0.16210508346557617,
        0.00019729137420654297,
        0.3102511763572693,
        0.994901180267334,
        0.6471384763717651,
        0.9862356185913086,
        0.36640000343322754,
        0.9420906901359558,
        0.4373098611831665,
        0.2763204574584961,
        0.814754068851471
    ]
}