{
    "format": 2,
    "name": "n300k10_5",
    "n": 300,
    "k": 10,
    "optimal_solution": 43.548261171804356,
    "x_values": [
        0.12181164161355906,
        0.16457405235122757,
        0.356340484027327,
        0.4010422222601532,
        0.03164407464190688,
        0.6924398682037204,
        0.20617563588761445,
        0.4822428632918533,
        0.6433885539000977,
        0.8767096235798838,
        0.4312052988993399,
        0.17097840886953486,
        0.07862897982053785,
        0.772825839434004,
        0.3893126162285231,
        0.17719520540619293,
        0.7311868787244329,
        0.6195175602030877,
        0.09245168160602879,
        0.04251138086040385,
        0.7914309020692127,
        0.322176374161652,
        0.48610662894297685,
        0.4498253527535171,
        0.4344294283586847,
        0.5093723684557824,
        0.41868105059805005,
        0.8281794443502561,
        0.846774817863797,
        0.132496369518615,
        0.549912772467271,
        0.25955669115380997,
        0.6091928560908346,
        0.9778201803221428,
        0.9059324163726147,
        0.8058362422023037,
        0.10577745568668862,
        0.6417968735938234,
        0.4511395250325665,
        0.16518185625945614,
        0.4122091661487811,
        0.15040269103681037,
        0.3815335115028564,
        0.4711897865475384,
        0.18718290213483768,
        0.03041401407710853,
        0.2399665827199451,
        0.1194692939531774,
        0.7767029126256589,
        0.6444689710579488,
        0.5478235904798222,
        0.7741013798968924,
        0.035452951323802995,
        0.5220562862752309,
        0.7358192109460638,
        0.18780555704045088,
        0.1516447475006164,
        0.11615080312112358,
        0.08539073925927743,
        0.6640096483912404,
        0.17390766641999467,
        0.7995689522767047,
        0.7215889776588412,
        0.47687537379587897,
        0.34331149294023633,
        0.16446803465169135,
        0.7879008687187007,
        0.779666491643022,
        0.03706347622150841,
        0.4243316952076167,
        0.7460739353810514,
        0.4380824409665379,
        0.9979409788027188,
        0.2032572870640028,
        0.8272810549390751,
        0.030143049992438775,
        0.05941930456438593,
        0.01696822509337892,
        0.14069142242397747,
        0.20484434726574452,
        0.9882980990253206,
        0.08823501022774272,
        0.5436101324923962,
        0.6509059187336271,
        0.7886007687923049,
        0.5322744078904876,
        0.6277366125789577,
        0.1040947080759107,
        0.8164063824265977,
        0.19730467083547076,
        0.008117425715581161,
        0.3620294125320809,
        0.9114199170856725,
        0.4127248922411513,
        0.9198688337170087,
        0.0451029557228505,
        0.08919266201598486,
        0.16710557137928994,
        0.8422689915068501,
        0.7970859451127358,
        0.0796477258936713,
        0.5430370879241697,
        0.3463420574146676,
        0.9970222556436443,
        0.15194779778045708,
        0.18725151849317667,
        0.12368573916698133,
        0.390208083271947,
        0.5468918824977774,
        0.6266722361190734,
        0.7812770093706577,
        0.9464355748564857,
        0.9292308768874241,
        0.8919389695472614,
        0.7136057286260478,
        0.936475590306529,
        0.29321795107331294,
        0.45290226670842937,
        0.11060422646943724,
        0.8540243187160201,
        0.5837608245678441,
        0.35866976178160426,
        0.13958580022824063,
        0.3549994038997383,
        0.2198179652405119,
        0.42281560957820596,
        0.6355017173321215,
        0.9331722909231358,
        0.12892316509123558,
        0.12740874364222265,
        0.1034568871662519,
        0.6984786227524034,
        0.3223629468323336,
        0.7028483230552398,
        0.7091859429687374,
        0.40939346419653044,
        0.7017371194154624,
        0.3746840842904253,
        0.07838559540575318,
        0.11425852123320646,
        0.03743121392899673,
        0.23974794039729774,
        0.5898078031851269,
        0.11084677649007824,
        0.5620493657487454,
        0.07680689346339264,
        0.40808585501280703,
        0.07169718109625345,
        0.842266097988817,
        0.3596435343657661,
        0.04735919955077861,
        0.6557428443262934,
        0.6427788180070497,
        0.21333855649440114,
        0.9019437520964375,
        0.11776789321333414,
        0.6133376161007921,
        0.653426836251093,
        0.6919127362507088,
        0.9480762339861096,
        0.3934367138023286,
        0.1046919551445652,
        0.6293392083857275,
        0.29900655042932545,
        0.217275416653105,
        0.7789317313712618,
        0.3512873600477042,
        0.22514856512612313,
        0.3914418411969163,
        0.463684958767137,
        0.49449555706191806,
        0.6611563416020145,
        0.03181750855271581,
        0.8012817984762125,
        0.14788766629756012,
        0.54620569684281,
        0.8049901186567762,
        0.4775031543425481,
        0.13587030950401457,
        0.30323726443080945,
        0.45637248287349197,
        0.827447297022704,
        0.20982996752614236,
        0.12502698067625184,
        0.48536845548685403,
        0.17183543310481653,
        0.20781478392167207,
        0.08496195774921123,
        0.42501132696485133,
        0.6510932537232039,
        0.7067329730896887,
        0.258413110287925,
        0.5856436893146388,
        0.3660723277143735,
        0.7151266718910029,
        0.7036165327476405,
        0.7697580411138789,
        0.5792882732476118,
        0.920904922670604,
        0.32529713828077667,
        0.37059410594754316,
        0.8621440803034799,
        0.48960240960030754,
        0.7439259176190015,
        0.3294211189401035,
        0.03923489794761881,
        0.01840823999683927,
        0.36000078821224935,
        0.9647557441873532,
        0.7246649386564715,
        0.5908919268276411,
        0.9817309528922404,
        0.9057567423465814,
        0.4916372652731438,
        0.9310156081891575,
        0.20108484315794184,
        0.5747832614767932,
        0.5677982304301403,
        0.7985855346103955,
        0.7081460297520359,
        0.9316699736622784,
        0.18396335576683687,
        0.7685156022473545,
        0.35299691337987227,
        0.76571437722056,
        0.6295777932390063,
        0.6613961495650547,
        0.2733589442609805,
        0.7345640084987636,
        0.49491471161386325,
        0.15003023334546417,
        0.3892416050503432,
        0.28483911106280324,
        0.010244521588395616,
        0.11973107928140025,
        0.1352518535725855,
        0.3398260684651778,
        0.2566173226336691,
        0.6045993938036249,
        0.840134264061395,
        0.2689380732939123,
        0.2772362571090162,
        0.26937873541530855,
        0.7079317723976678,
        0.8790797107535642,
        0.9727073274095608,
        0.9913726131584346,
        0.9506936891808309,
        0.8646257411796062,
        0.180038433740068,
        0.6244825682936399,
        0.9860364807561858,
        0.12356020210964291,
        0.5880986598058758,
        0.9455975907463076,
        0.48745714014076313,
        0.042242146324406704,
        0.04207318250316894,
        0.5926429657047704,
        0.04941451562776811,
        0.9368347149305606,
        0.9348505998186759,
        0.275392824433228,
        0.9634732874994411,
        0.15192249653469525,
        0.0028755613171616012,
        0.3076097777002841,
        0.6651557824035397,
        0.5812409437308824,
        0.9222674280750511,
        0.10380253157621866,
        0.7241639668524799,
        0.8262844186649658,
        0.9460832579569871,
        0.45049181919211934,
        0.6661694540396336,
        0.04340487838637519,
        0.8964072818840362,
