{
    "format": 2,
    "name": "n60k10_77",
    "n": 60,
    "k": 10,
    "optimal_solution": 6.483055591583252,
    "x_values": [
        0.2546420097351074,
        0.8822110891342163,
        0.08230412006378174,
        0.4616050720214844,
        0.30657756328582764,
        0.6898283958435059,
        0.9728769659996033,
        0.042534589767456055,
        0.6929723620414734,
        0.9011997580528259,
        0.17314666509628296,
        0.30595213174819946,
        0.3889939785003662,
        0.46587425470352173,
        0.7192777395248413,
        0.5740919709205627,
        0.5877563953399658,
        0.10499882698059082,
        0.1148424744606018,
        0.6726363301277161,
        0.48543381690979004,
        0.03502124547958374,
        0.5246533751487732,
        0.1347426176071167,
        0.16992884874343872,
        0.2951604127883911,
        0.09319710731506348,
        0.19227582216262817,
        0.6877385377883911,
        0.6301202178001404,
        0.040487468242645264,
        0.8582653999328613,
        0.6180676221847534,
        0.9912095665931702,
        0.9710426926612854,
        0.10657143592834473,
        0.9846761226654053,
        0.6985511779785156,
        0.7621423006057739,
        0.5905041694641113,
        0.6888653635978699,
        0.8385868668556213,
        0.4324871897697449,
        0.4877737760543823,
        0.6589651107788086,
        0.7839266657829285,
        0.30842339992523193,
        0.3265361189842224,
        0.5331728458404541,
        0.13954508304595947,
        0.6821690201759338,
        0.317684531211853,
        0.8939560055732727,
        0.6817784309387207,
        0.026674985885620117,
        0.25276875495910645,
        0.034248173236846924,
        0.6982564926147461,
        0.6931702494621277,
        0.010599076747894287
    ],
    "y_values": [
        0.6422937512397766,
        0.1827915906906128,
        0.4525253176689148,
        0.9455291032791138,
        0.8820609450340271,
        0.14699286222457886,
        0.2837035059928894,
        0.4549482464790344,
        0.2195277214050293,
        0.4341151714324951,
        0.3018925189971924,
        0.8546185493469238,
        0.36822134256362915,
        0.41259604692459106,
        0.5567325949668884,
        0.5213716626167297,
        0.44399183988571167,
        0.5580332279205322,
        0.35799193382263184,
        0.9708117246627808,
        0.38372480869293213,
        0.64397132396698,
        0.10915935039520264,
        0.2721715569496155,
        0.3774591088294983,
        0.9815747737884521,
        0.6627036333084106,
        0.6998155117034912,
        0.28337252140045166,
        0.514799177646637,
        0.0010321736335754395,
        0.974273145198822,
        0.6574887633323669,
        0.47511768341064453,
        0.8804319500923157,
        0.4423829913139343,
        0.4921776056289673,
        0.9194425940513611,
        0.5568265914916992,
        0.6392763257026672,
        0.314395546913147,
        0.2480495572090149,
        0.3429632782936096,
        0.16762274503707886,
        0.9523653984069824,
        0.6267787218093872,
        0.41841548681259155,
        0.8940433263778687,
        0.5890409350395203,
        0.008138418197631836,
        0.3166956901550293,
        0.7539587020874023,
        0.09974038600921631,
        0.6599353551864624,
        0.07971322536468506,
        0.6809135675430298,
        0.8055833578109741,
        0.21333688497543335,
        0.13836342096328735,
        0.7321062088012695
    ]
}