{
    "format": 5,
    "name": "n100k3_30",
    "n": 100,
    "k": 3,
    "optimal_solution": 0.5125144720077515,
    "x_values": [
        0.5860173106193542,
        0.8915224075317383,
        0.34691154956817627,
        0.3640008568763733,
        0.7599208354949951,
        0.10055220127105713,
        0.8027770519256592,
        0.856525719165802,
        0.3804847002029419,
        0.9165031909942627,
        0.3907918334007263,
        0.9536590576171875,
        0.15452587604522705,
        0.010032117366790771,
        0.5917847752571106,
        0.08974575996398926,
        0.05851709842681885,
        0.4358692765235901,
        0.11995786428451538,
        0.502078652381897,
        0.630638062953949,
        0.2718716859817505,
        0.3611464500427246,
        0.7599672079086304,
        0.17826032638549805,
        0.4399540424346924,
        0.8886061906814575,
        0.14771217107772827,
        0.4958336353302002,
        0.7088882327079773,
        0.3278680443763733,
        0.9309418201446533,
        0.9599694013595581,
        0.9434221386909485,
        0.9241434335708618,
        0.19490760564804077,
        0.9060209393501282,
        0.3331727981567383,
        0.142503559589386,
        0.8452463150024414,
        0.1930035948753357,
        0.13263845443725586,
        0.32168471813201904,
        0.14784598350524902,
        0.33887529373168945,
        0.8275881409645081,
        0.3356795310974121,
        0.6322659850120544,
        0.7689698338508606,
        0.976531982421875,
        0.5012600421905518,
        0.3366488218307495,
        0.20837759971618652,
        0.5828092098236084,
        0.8454008102416992,
        0.2557750344276428,
        0.08348125219345093,
        0.8376147747039795,
        0.7906612753868103,
        0.9146550893783569,
        0.21753054857254028,
        0.30787211656570435,
        0.3310536742210388,
        0.06227988004684448,
        0.03553885221481323,
        0.15023034811019897,
        0.8504756689071655,
        0.6257421374320984,
        0.5780327916145325,
        0.649682879447937,
        0.650687038898468,
        0.5798696279525757,
        0.07878684997558594,
        0.7088539600372314,
        0.15941709280014038,
        0.8062638640403748,
        0.3270900249481201,
        0.5723729729652405,
        0.9277399182319641,
        0.19425898790359497,
        0.8744286298751831,
        0.7379622459411621,
        0.24375182390213013,
        0.5641971826553345,
        0.8927261233329773,
        0.7346610426902771,
        0.7540255784988403,
        0.830645740032196,
        0.7271075248718262,
        0.29781848192214966,
        0.1778273582458496,
        0.9151140451431274,
        0.8746845126152039,
        0.43323564529418945,
        0.942909836769104,
        0.3463820815086365,
        0.045362770557403564,
        0.275108277797699,
        0.7928004860877991,
        0.06807512044906616
    ],
    "y_values": [
        0.7873213887214661,
        0.7912609577178955,
        0.15670841932296753,
        0.4656093716621399,
        0.6508064866065979,
        0.6417310237884521,
        0.5715677738189697,
        0.2541295886039734,
        0.3053574562072754,
        0.6136488318443298,
        0.8714914321899414,
        0.7687206864356995,
        0.32286298274993896,
        0.7632333040237427,
        0.08781671524047852,
        0.19449758529663086,
        0.614690899848938,
        0.19924503564834595,
        0.9904247522354126,
        0.6381295323371887,
        0.7163062691688538,
        0.293806254863739,
        0.5849066376686096,
        0.35352015495300293,
        0.7263681888580322,
        0.33136820793151855,
        0.5144402384757996,
        0.3643118739128113,
        0.9645403027534485,
        0.119029700756073,
        0.8119152784347534,
        0.5123868584632874,
        0.1668776273727417,
        0.9592021703720093,
        0.5465134978294373,
        0.5677667856216431,
        0.17413252592086792,
        0.43893659114837646,
        0.21596908569335938,
        0.21634113788604736,
        0.16024178266525269,
        0.8485814332962036,
        0.8702099919319153,
        0.05014467239379883,
        0.4902908205986023,
        0.45248568058013916,
        0.21990323066711426,
        0.3728855848312378,
        0.05086684226989746,
        0.9877039194107056,
        0.4269148111343384,
        0.10313886404037476,
        0.09283459186553955,
        0.7664670348167419,
        0.16229987144470215,
        0.6993217468261719,
        0.11748367547988892,
        0.228765606880188,
        0.7775870561599731,
        0.5752992630004883,
        0.09240466356277466,
        0.37911224365234375,
        0.32259631156921387,
        0.712108850479126,
        0.697299599647522,
        0.10374778509140015,
        0.5947231650352478,
        0.6033325791358948,
        0.2544323205947876,
        0.8649540543556213,
        0.18247383832931519,
        0.5233312845230103,
        0.06754732131958008,
        0.583270251750946,
        0.6361830234527588,
        0.7059733867645264,
        0.46700137853622437,
        0.16510897874832153,
        0.037595510482788086,
        0.38808727264404297,
        0.6536536812782288,
        0.5624732375144958,
        0.9609143137931824,
        0.6220887899398804,
        0.9452307820320129,
        0.0473671555519104,
        0.04820805788040161,
        0.1208869218826294,
        0.9027960896492004,
        0.7616068124771118,
        0.12478822469711304,
        0.3463274836540222,
        0.8262269496917725,
        0.17031031847000122,
        0.7098278403282166,
        0.9507248401641846,
        0.7204919457435608,
        0.8723101019859314,
        0.45501112937927246,
        0.899272084236145
    ]
}