{
    "format": 2,
    "name": "n100k3_93",
    "n": 100,
    "k": 3,
    "optimal_solution": 28.340972900390625,
    "x_values": [
        0.44182026386260986,
        0.6551725268363953,
        0.14242953062057495,
        0.6352613568305969,
        0.7494832873344421,
        0.0010315775871276855,
        0.22043853998184204,
        0.7338207364082336,
        0.20245760679244995,
        0.6993843913078308,
        0.015239715576171875,
        0.2204487919807434,
        0.9407968521118164,
        0.4217357039451599,
        0.6752605438232422,
        0.3672259449958801,
        0.9613301157951355,
        0.7972332239151001,
        0.8147202134132385,
        0.2952221632003784,
        0.10159534215927124,
        0.6463498473167419,
        0.03815793991088867,
        0.5143917798995972,
        0.24391013383865356,
        0.5131491422653198,
        0.846528947353363,
        0.9626187086105347,
        0.7163932919502258,
        0.05940133333206177,
        0.2579728364944458,
        0.46169835329055786,
        0.1647241711616516,
        0.507532000541687,
        0.2721300721168518,
        0.6116249561309814,
        0.3923181891441345,
        0.27511560916900635,
        0.002375304698944092,
        0.7502512335777283,
        0.7090876698493958,
        0.027388036251068115,
        0.3154418468475342,
        0.36759138107299805,
        0.6421639323234558,
        0.9606496691703796,
        0.09450620412826538,
        0.46355289220809937,
        0.6441507339477539,
        0.5752291083335876,
        0.5319068431854248,
        0.3129066824913025,
        0.6608672738075256,
        0.20870554447174072,
        0.4840695858001709,
        0.5907910466194153,
        0.4661954641342163,
        0.9034386277198792,
        0.7551371455192566,
        0.15361464023590088,
        0.9959873557090759,
        0.8284743428230286,
        0.41777467727661133,
        0.04443591833114624,
        0.06805026531219482,
        0.8138391971588135,
        0.031001269817352295,
        0.8122721910476685,
        0.022453784942626953,
        0.4686579704284668,
        0.8007650971412659,
        0.23719388246536255,
        0.43404871225357056,
        0.3805851340293884,
        0.25278550386428833,
        0.15276044607162476,
        0.27147918939590454,
        0.18069535493850708,
        0.561944842338562,
        0.5157513618469238,
        0.46837317943573,
        0.48191189765930176,
        0.45895588397979736,
        0.07829195261001587,
        0.30077242851257324,
        0.04342228174209595,
        0.9317260384559631,
        0.2828904390335083,
        0.4284382462501526,
        0.8767699003219604,
        0.9943779110908508,
        0.6991032361984253,
        0.800439178943634,
        0.5266290307044983,
        0.6015690565109253,
        0.46768718957901,
        0.09824573993682861,
        0.49465668201446533,
        0.46751970052719116,
        0.7053017616271973
    ],
    "y_values": [
        0.9700818657875061,
        0.9233724474906921,
        0.4293634295463562,
        0.7935197353363037,
        0.0834307074546814,
        0.9873006939888,
        0.005594849586486816,
        0.7248784899711609,
        0.9956404566764832,
        0.5901416540145874,
        0.4541853070259094,
        0.018107950687408447,
        0.19351500272750854,
        0.0001430511474609375,
        0.37305837869644165,
        0.2616732716560364,
        0.8052630424499512,
        0.9272246956825256,
        0.19848501682281494,
        0.38599634170532227,
        0.3703100085258484,
        0.6209820508956909,
        0.1754443645477295,
        0.6633449792861938,
        0.5429854989051819,
        0.9364878535270691,
        0.00571441650390625,
        0.2067224383354187,
        0.7494382858276367,
        0.33956605195999146,
        0.47207778692245483,
        0.49844616651535034,
        0.8830837607383728,
        0.7769173979759216,
        0.10014504194259644,
        0.07777053117752075,
        0.17035049200057983,
        0.08879095315933228,
        0.4861451983451843,
        0.13852477073669434,
        0.021228313446044922,
        0.817287027835846,
        0.7968730330467224,
        0.7855575680732727,
        0.6850199699401855,
        0.09243583679199219,
        0.9109912514686584,
        0.8471665382385254,
        0.9416152834892273,
        0.7536454200744629,
        0.25979167222976685,
        0.14254063367843628,
        0.3206004500389099,
        0.6138556599617004,
        0.388954222202301,
        0.6426426768302917,
        0.44687795639038086,
        0.8006232380867004,
        0.8448283076286316,
        0.8411478996276855,
        0.40141522884368896,
        0.025886178016662598,
        0.27857935428619385,
        0.05185544490814209,
        0.7006204128265381,
        0.1863754391670227,
        0.647596001625061,
        0.14598387479782104,
        0.818198561668396,
        0.5059725642204285,
        0.958447277545929,
        0.654059886932373,
        0.3009326457977295,
        0.2662361264228821,
        0.911872923374176,
        0.907343864440918,
        0.9460878372192383,
        0.11569017171859741,
        0.24971729516983032,
        0.8320927619934082,
        0.16267091035842896,
        0.6359976530075073,
        0.47909754514694214,
        0.29530107975006104,
        0.21018218994140625,
        0.03687208890914917,
        0.8343549370765686,
        0.698084831237793,
        0.2781485915184021,
        0.7090938687324524,
        0.7275547981262207,
        0.8031768798828125,
        0.804893434047699,
        0.801686704158783,
        0.977923572063446,
        0.5106648206710815,
        0.33587217330932617,
        0.930426836013794,
        0.10171306133270264,
        0.6117603778839111
    ]
}