{
    "format": 2,
    "name": "n100k3_84",
    "n": 100,
    "k": 3,
    "optimal_solution": 28.3303279876709,
    "x_values": [
        0.10641366243362427,
        0.9757838845252991,
        0.324052095413208,
        0.17301279306411743,
        0.4229355454444885,
        0.18944638967514038,
        0.50547856092453,
        0.9710087776184082,
        0.09701269865036011,
        0.899093508720398,
        0.3131052851676941,
        0.4023112654685974,
        0.7347396612167358,
        0.4333958029747009,
        0.47521692514419556,
        0.2777097821235657,
        0.33649176359176636,
        0.23727864027023315,
        0.7255449891090393,
        0.2707325220108032,
        0.2206944227218628,
        0.6246707439422607,
        0.6062875986099243,
        0.002659022808074951,
        0.09269744157791138,
        0.37895673513412476,
        0.6122795343399048,
        0.054396748542785645,
        0.23045092821121216,
        0.8269569873809814,
        0.6152940988540649,
        0.27808457612991333,
        0.2085455060005188,
        0.5415053367614746,
        0.2870057225227356,
        0.9768121838569641,
        0.562355101108551,
        0.4168800115585327,
        0.1486380696296692,
        0.30286771059036255,
        0.3989626169204712,
        0.6256929039955139,
        0.8548570275306702,
        0.8057680726051331,
        0.08077198266983032,
        0.9977049827575684,
        0.3170495629310608,
        0.27788007259368896,
        0.5696343183517456,
        0.34926795959472656,
        0.1437872052192688,
        0.3351361155509949,
        0.9584753513336182,
        0.7240673899650574,
        0.4908626675605774,
        0.0215376615524292,
        0.8865889310836792,
        0.29005956649780273,
        0.784246563911438,
        0.7614299654960632,
        0.31445610523223877,
        0.9455041885375977,
        0.2945692539215088,
        0.17818516492843628,
        0.8904131650924683,
        0.6214802265167236,
        0.24601823091506958,
        0.7929844856262207,
        0.7625932097434998,
        0.7631739974021912,
        0.29024291038513184,
        0.02014225721359253,
        0.4524043798446655,
        0.8146563172340393,
        0.12857288122177124,
        0.19375741481781006,
        0.18500149250030518,
        0.23053407669067383,
        0.0163077712059021,
        0.38548892736434937,
        0.3121153712272644,
        0.7717881798744202,
        0.8811578750610352,
        0.628413736820221,
        0.059780657291412354,
        0.160506010055542,
        0.2409939169883728,
        0.0886697769165039,
        0.40336811542510986,
        0.8322358727455139,
        0.4763590097427368,
        0.5457249879837036,
        0.6701284646987915,
        0.07777345180511475,
        0.28604549169540405,
        0.6355467438697815,
        0.6014000177383423,
        0.7805372476577759,
        0.4691793918609619,
        0.6684103608131409
    ],
    "y_values": [
        0.1065981388092041,
        0.6962724328041077,
        0.5399573445320129,
        0.30830758810043335,
        0.5948886275291443,
        0.35267627239227295,
        0.9085250496864319,
        0.997170090675354,
        0.06563585996627808,
        0.5251042246818542,
        0.8553902506828308,
        0.5169581174850464,
        0.5568099617958069,
        0.1029515266418457,
        0.4237865209579468,
        0.24287384748458862,
        0.4581899642944336,
        0.38830864429473877,
        0.649858295917511,
        0.7293572425842285,
        0.03170210123062134,
        0.5234683752059937,
        0.6821840405464172,
        0.20575964450836182,
        0.6779207587242126,
        0.2266194224357605,
        0.7585407495498657,
        0.9892517924308777,
        0.0783693790435791,
        0.8078439831733704,
        0.5058379173278809,
        0.4553961753845215,
        0.2793206572532654,
        0.24233615398406982,
        0.08204019069671631,
        0.4881827235221863,
        0.3567456603050232,
        0.2548515200614929,
        0.8066787719726562,
        0.8412764668464661,
        0.7825005054473877,
        0.35485488176345825,
        0.33510637283325195,
        0.18430668115615845,
        0.9538316130638123,
        0.9448719024658203,
        0.2370883822441101,
        0.5386189222335815,
        0.039066851139068604,
        0.27409470081329346,
        0.5570171475410461,
        0.9317208528518677,
        0.2466546893119812,
        0.9215592741966248,
        0.43617963790893555,
        0.7794097065925598,
        0.006873369216918945,
        0.5913006067276001,
        0.6378588676452637,
        0.92961585521698,
        0.659177303314209,
        0.6394124031066895,
        0.6411658525466919,
        0.10500705242156982,
        0.14389002323150635,
        0.8938215970993042,
        0.6541739106178284,
        0.9361248016357422,
        0.06925207376480103,
        0.07211387157440186,
        0.17099875211715698,
        0.9427701830863953,
        0.57906174659729,
        0.020517587661743164,
        0.20590806007385254,
        0.8514298796653748,
        0.5368024706840515,
        0.7086367011070251,
        0.28433406352996826,
        0.34591400623321533,
        0.11711609363555908,
        0.22964739799499512,
        0.8096050024032593,
        0.9887598156929016,
        0.5189542770385742,
        0.09973585605621338,
        0.12661832571029663,
        0.2509981393814087,
        0.8765896558761597,
        0.5882940292358398,
        0.419577956199646,
        0.39964157342910767,
        0.5229518413543701,
        0.4406784176826477,
        0.15112167596817017,
        0.5232890844345093,
        0.7920366525650024,
        0.42085593938827515,
        0.8558493256568909,
        0.013036072254180908
    ]
}