{
    "format": 5,
    "name": "n100k3_74",
    "n": 100,
    "k": 3,
    "optimal_solution": 0.5398344397544861,
    "x_values": [
        0.4189842939376831,
        0.49990975856781006,
        0.5438537001609802,
        0.4359990358352661,
        0.005366206169128418,
        0.9188575148582458,
        0.8740915060043335,
        0.767688512802124,
        0.5779232978820801,
        0.638638436794281,
        0.3591771125793457,
        0.9845418930053711,
        0.359772264957428,
        0.4344521164894104,
        0.9039457440376282,
        0.8796971440315247,
        0.9704272747039795,
        0.2919958233833313,
        0.46777600049972534,
        0.5757930874824524,
        0.7878645062446594,
        0.5320358276367188,
        0.5277131199836731,
        0.9965725541114807,
        0.4376034736633301,
        0.1860937476158142,
        0.7388313412666321,
        0.7522980570793152,
        0.04964321851730347,
        0.33146220445632935,
        0.41816532611846924,
        0.8188236355781555,
        0.8061667680740356,
        0.6856270432472229,
        0.3769509792327881,
        0.6807553172111511,
        0.8848720788955688,
        0.9239885807037354,
        0.531011700630188,
        0.938235342502594,
        0.049247145652770996,
        0.6147454380989075,
        0.3174753189086914,
        0.4048461318016052,
        0.18098247051239014,
        0.9707149267196655,
        0.9355648159980774,
        0.5951099395751953,
        0.22597086429595947,
        0.11916065216064453,
        0.769947350025177,
        0.4787796139717102,
        0.8805480003356934,
        0.49862682819366455,
        0.54915851354599,
        0.26891034841537476,
        0.1939106583595276,
        0.5545518398284912,
        0.6791927218437195,
        0.10950052738189697,
        0.8317952156066895,
        0.9381669759750366,
        0.8301835656166077,
        0.6882998943328857,
        0.5068435668945312,
        0.5752986073493958,
        0.5895613431930542,
        0.5853075385093689,
        0.3001657724380493,
        0.25605297088623047,
        0.18759959936141968,
        0.6532531976699829,
        0.39028358459472656,
        0.36252641677856445,
        0.7924070358276367,
        0.029051363468170166,
        0.5788350105285645,
        0.08952891826629639,
        0.9094933867454529,
        0.624116837978363,
        0.9749789834022522,
        0.21415942907333374,
        0.3563518524169922,
        0.3016756772994995,
        0.9087676405906677,
        0.6016440987586975,
        0.042451560497283936,
        0.2457824945449829,
        0.5664973855018616,
        0.9226975440979004,
        0.9164376258850098,
        0.3632408380508423,
        0.07105046510696411,
        0.6683230996131897,
        0.9976235032081604,
        0.282213032245636,
        0.2725185751914978,
        0.1529828906059265,
        0.7044690847396851,
        0.9055660367012024
    ],
    "y_values": [
        0.15619522333145142,
        0.022477328777313232,
        0.15622711181640625,
        0.26387351751327515,
        0.9721323847770691,
        0.9755185842514038,
        0.9288334250450134,
        0.8522960543632507,
        0.8922519087791443,
        0.28145039081573486,
        0.167197585105896,
        0.7460658550262451,
        0.8659822940826416,
        0.2027379274368286,
        0.8868644833564758,
        0.8547403812408447,
        0.19890451431274414,
        0.6831395030021667,
        0.473128080368042,
        0.9232863783836365,
        0.4407973885536194,
        0.11806005239486694,
        0.32676857709884644,
        0.49774086475372314,
        0.05205237865447998,
        0.44966232776641846,
        0.765601634979248,
        0.7182623744010925,
        0.5743122696876526,
        0.9485539197921753,
        0.9631190299987793,
        0.06249743700027466,
        0.8338927626609802,
        0.6721430420875549,
        0.11087191104888916,
        0.5190131664276123,
        0.07067137956619263,
        0.4971669316291809,
        0.3221730589866638,
        0.7491874098777771,
        0.05134940147399902,
        0.6691712737083435,
        0.7484461665153503,
        0.3479200601577759,
        0.5852699279785156,
        0.4132612943649292,
        0.914063036441803,
        0.43267107009887695,
        0.9946665167808533,
        0.2401546835899353,
        0.303200900554657,
        0.7972713112831116,
        0.62046217918396,
        0.26800453662872314,
        0.9102013111114502,
        0.3098384737968445,
        0.14622098207473755,
        0.288078248500824,
        0.7722712159156799,
        0.8013571500778198,
        0.7015595436096191,
        0.025688350200653076,
        0.34333956241607666,
        0.9795449376106262,
        0.6864615678787231,
        0.723558247089386,
        0.6830004453659058,
        0.2560632824897766,
        0.15747737884521484,
        0.23786664009094238,
        0.6927004456520081,
        0.8215504884719849,
        0.6240544319152832,
        0.519011378288269,
        0.2955273985862732,
        0.9677572846412659,
        0.6108202338218689,
        0.1757252812385559,
        0.535451352596283,
        0.9981855750083923,
        0.8002429604530334,
        0.5154637694358826,
        0.5569834113121033,
        0.34666240215301514,
        0.828000009059906,
        0.144026517868042,
        0.192127525806427,
        0.2654176354408264,
        0.9963241815567017,
        0.7503155469894409,
        0.9859535694122314,
        0.9290152788162231,
        0.7852568030357361,
        0.3929595351219177,
        0.9347997903823853,
        0.546650230884552,
        0.35122227668762207,
        0.43301278352737427,
        0.7176097631454468,
        0.9279943704605103
    ]
}