{
    "format": 2,
    "name": "n80k9_27",
    "n": 80,
    "k": 9,
    "optimal_solution": 10.920854568481445,
    "x_values": [
        0.05751389265060425,
        0.7304661273956299,
        0.20419323444366455,
        0.30209654569625854,
        0.8132457137107849,
        0.5648990273475647,
        0.37415260076522827,
        0.04847157001495361,
        0.2955477833747864,
        0.906523585319519,
        0.03151655197143555,
        0.9728874564170837,
        0.729690432548523,
        0.3781700134277344,
        0.21983855962753296,
        0.4802285432815552,
        0.8200189471244812,
        0.6997412443161011,
        0.6672568917274475,
        0.5372713208198547,
        0.330822229385376,
        0.19427162408828735,
        0.203277587890625,
        0.9025439023971558,
        0.4151133894920349,
        0.5845274329185486,
        0.6390494704246521,
        0.17380434274673462,
        0.2949678301811218,
        0.49845778942108154,
        0.1326991319656372,
        0.8118178844451904,
        0.9610701203346252,
        0.15113353729248047,
        0.8966798186302185,
        0.2573910355567932,
        0.8889127969741821,
        0.8907933235168457,
        0.6939244866371155,
        0.23754966259002686,
        0.7926919460296631,
        0.146023690700531,
        0.11504602432250977,
        0.9645903706550598,
        0.19883763790130615,
        0.29988402128219604,
        0.04137057065963745,
        0.9948198199272156,
        0.00809866189956665,
        0.7513439059257507,
        0.8489487171173096,
        0.17706745862960815,
        0.7052404880523682,
        0.5712830424308777,
        0.4995647072792053,
        0.5541795492172241,
        0.9861477613449097,
        0.09078586101531982,
        0.8742374181747437,
        0.9871148467063904,
        0.4875412583351135,
        0.8469009399414062,
        0.8231154084205627,
        0.15631389617919922,
        0.5054627060890198,
        0.4865283966064453,
        0.06124138832092285,
        0.15355217456817627,
        0.3334417939186096,
        0.7267693877220154,
        0.06973427534103394,
        0.0038664937019348145,
        0.7907015085220337,
        0.03395426273345947,
        0.28257930278778076,
        0.14439672231674194,
        0.5465971231460571,
        0.6684954762458801,
        0.8472648859024048,
        0.422946572303772
    ],
    "y_values": [
        0.1679384708404541,
        0.32859039306640625,
        0.8479316830635071,
        0.6898133158683777,
        0.9020715355873108,
        0.992495596408844,
        0.8597971200942993,
        0.6551154255867004,
        0.5465400815010071,
        0.5029546618461609,
        0.9710556864738464,
        0.39514684677124023,
        0.3986865282058716,
        0.7015630006790161,
        0.03468436002731323,
        0.5602207183837891,
        0.8976438641548157,
        0.30944472551345825,
        0.8224598169326782,
        0.14333593845367432,
        0.13001859188079834,
        0.8417416214942932,
        0.032698631286621094,
        0.1336347460746765,
        0.6622973084449768,
        0.7990923523902893,
        0.7798254489898682,
        0.10989987850189209,
        0.6096628904342651,
        0.2211722731590271,
        0.7585130333900452,
        0.1287495493888855,
        0.20590347051620483,
        0.6404188275337219,
        0.8368321657180786,
        0.5632798671722412,
        0.00972527265548706,
        0.9918990135192871,
        0.11993849277496338,
        0.28067106008529663,
        0.19517165422439575,
        0.22564846277236938,
        0.09858542680740356,
        0.6028485298156738,
        0.231134295463562,
        0.42067641019821167,
        0.0401456356048584,
        0.24553775787353516,
        0.27307695150375366,
        0.6322209239006042,
        0.11222642660140991,
        0.6613593697547913,
        0.7976261377334595,
        0.7954586744308472,
        0.5983510613441467,
        0.09128731489181519,
        0.629043698310852,
        0.910405158996582,
        0.4005347490310669,
        0.3651694655418396,
        0.8496509790420532,
        0.6906601786613464,
        0.6368740797042847,
        0.6302211880683899,
        0.9811457395553589,
        0.37402427196502686,
        0.8138753175735474,
        0.16804242134094238,
        0.7328765988349915,
        0.30160290002822876,
        0.15498316287994385,
        0.8188831806182861,
        0.409321129322052,
        0.3420156240463257,
        0.44447141885757446,
        0.4942501187324524,
        0.4590083360671997,
        0.5647153854370117,
        0.7306176424026489,
        0.14305353164672852
    ]
}