{
    "format": 5,
    "name": "n80k9_90",
    "n": 80,
    "k": 9,
    "optimal_solution": 0.27057701349258423,
    "x_values": [
        0.682270884513855,
        0.9934219121932983,
        0.06737911701202393,
        0.12150949239730835,
        0.20700669288635254,
        0.9968066811561584,
        0.44444578886032104,
        0.13620495796203613,
        0.645700991153717,
        0.9711864590644836,
        0.6254578232765198,
        0.31592684984207153,
        0.20289212465286255,
        0.220181405544281,
        0.24419039487838745,
        0.5125717520713806,
        0.6287152171134949,
        0.6558675765991211,
        0.04331099987030029,
        0.19574952125549316,
        0.8111502528190613,
        0.2565673589706421,
        0.02646934986114502,
        0.5475056767463684,
        0.4466663599014282,
        0.10740154981613159,
        0.22981798648834229,
        0.5605353713035583,
        0.8016344308853149,
        0.6976701617240906,
        0.39988356828689575,
        0.6615505814552307,
        0.955774188041687,
        0.3978043794631958,
        0.29505276679992676,
        0.942081093788147,
        0.813116729259491,
        0.8975173234939575,
        0.1002759337425232,
        0.9758124351501465,
        0.3096691370010376,
        0.3343559503555298,
        0.5433973670005798,
        0.6238948702812195,
        0.7979723811149597,
        0.022866904735565186,
        0.0509265661239624,
        0.791046679019928,
        0.3732004165649414,
        0.7165680527687073,
        0.4419618844985962,
        0.13341039419174194,
        0.8153523802757263,
        0.46252310276031494,
        0.8086404800415039,
        0.6740160584449768,
        0.6767488121986389,
        0.7570149898529053,
        0.10533666610717773,
        0.11059892177581787,
        0.2648504376411438,
        0.30528074502944946,
        0.4223974943161011,
        0.23242926597595215,
        0.4197707176208496,
        0.20234274864196777,
        0.09764379262924194,
        0.07501786947250366,
        0.3347451090812683,
        0.405414342880249,
        0.9047187566757202,
        0.3637930750846863,
        0.48635709285736084,
        0.3443153500556946,
        0.4793396592140198,
        0.6445682644844055,
        0.27867406606674194,
        0.7302200794219971,
        0.9448278546333313,
        0.3211188316345215
    ],
    "y_values": [
        0.6225649118423462,
        0.008087337017059326,
        0.49082452058792114,
        0.6450835466384888,
        0.884545624256134,
        0.4317326545715332,
        0.8079774379730225,
        0.12931442260742188,
        0.6755195260047913,
        0.2434285283088684,
        0.8905631303787231,
        0.5336177945137024,
        0.7607643604278564,
        0.8811779022216797,
        0.25769108533859253,
        0.8490729928016663,
        0.6049027442932129,
        0.970867395401001,
        0.7039381861686707,
        0.6535910367965698,
        0.4577828645706177,
        0.5248540639877319,
        0.5522789359092712,
        0.9277997016906738,
        0.39449435472488403,
        0.2899359464645386,
        0.9933895468711853,
        0.3603919744491577,
        0.46156632900238037,
        0.18059557676315308,
        0.18571269512176514,
        0.8240171670913696,
        0.49299025535583496,
        0.2852652668952942,
        0.5838634967803955,
        0.48066234588623047,
        0.15680992603302002,
        0.45895451307296753,
        0.5600362420082092,
        0.3012300133705139,
        0.6448996663093567,
        0.05551177263259888,
        0.5764166712760925,
        0.15317445993423462,
        0.33303308486938477,
        0.8603559136390686,
        0.34116876125335693,
        0.9590863585472107,
        0.2943403124809265,
        0.6007043123245239,
        0.01547384262084961,
        0.7459232807159424,
        0.7421748042106628,
        0.8682264685630798,
        0.7912158966064453,
        0.6459481120109558,
        0.1633639931678772,
        0.2687549591064453,
        0.5598494410514832,
        0.22167420387268066,
        0.3259636163711548,
        0.07833218574523926,
        0.06655097007751465,
        0.22717291116714478,
        0.21134644746780396,
        0.09420555830001831,
        0.7313166856765747,
        0.965513288974762,
        0.9091289043426514,
        0.771761953830719,
        0.11938303709030151,
        0.3488948941230774,
        0.9321974515914917,
        0.7309421300888062,
        0.8817494511604309,
        0.7652255892753601,
        0.8130767345428467,
        0.12433874607086182,
        0.34700363874435425,
        0.484333872795105
    ]
}