{
    "format": 2,
    "name": "n20k4_12",
    "n": 20,
    "k": 4,
    "optimal_solution": 4.1016435623168945,
    "x_values": [
        0.7442522048950195,
        0.49005889892578125,
        0.3229416608810425,
        0.3166964054107666,
        0.7096699476242065,
        0.6509384512901306,
        0.39033353328704834,
        0.6550544500350952,
        0.5407987833023071,
        0.032315194606781006,
        0.938326895236969,
        0.06471621990203857,
        0.15103000402450562,
        0.762177586555481,
        0.1759110689163208,
        0.2470802664756775,
        0.6592702865600586,
        0.39909452199935913,
        0.4073605537414551,
        0.531627893447876
    ],
    "y_values": [
        0.7252687215805054,
        0.01696091890335083,
        0.13905560970306396,
        0.6613720059394836,
        0.8764247298240662,
        0.2712727189064026,
        0.4144513010978699,
        0.1804317831993103,
        0.3382949233055115,
        0.4878551959991455,
        0.5648203492164612,
        0.8257225751876831,
        0.9420486688613892,
        0.43529826402664185,
        0.3091115355491638,
        0.08953732252120972,
        0.8660436868667603,
        0.3859543800354004,
        0.4811251163482666,
        0.6255781650543213
    ]
}