{
    "format": 2,
    "name": "n20k4_33",
    "n": 20,
    "k": 4,
    "optimal_solution": 3.318368911743164,
    "x_values": [
        0.46429044008255005,
        0.9068433046340942,
        0.2842574715614319,
        0.4276312589645386,
        0.8392860293388367,
        0.2026776671409607,
        0.8214512467384338,
        0.8636510968208313,
        0.37143081426620483,
        0.702122688293457,
        0.1509079933166504,
        0.0725245475769043,
        0.2486710548400879,
        0.6518832445144653,
        0.43328166007995605,
        0.9955925345420837,
        0.2975597381591797,
        0.15825092792510986,
        0.52176433801651,
        0.9164026975631714
    ],
    "y_values": [
        0.9336889982223511,
        0.1522393822669983,
        0.34861069917678833,
        0.6298792362213135,
        0.37804120779037476,
        0.5894741415977478,
        0.9114673733711243,
        0.7316578030586243,
        0.4598826766014099,
        0.2457822561264038,
        0.2942149043083191,
        0.38081926107406616,
        0.18535339832305908,
        0.9226105809211731,
        0.5124397873878479,
        0.26252442598342896,
        0.5155998468399048,
        0.5509042143821716,
        0.4183198809623718,
        0.1062004566192627
    ]
}