{
    "format": 2,
    "name": "n20k4_14",
    "n": 20,
    "k": 4,
    "optimal_solution": 3.156903028488159,
    "x_values": [
        0.0943758487701416,
        0.9865972399711609,
        0.5137946605682373,
        0.7304762601852417,
        0.887295663356781,
        0.7612342238426208,
        0.41709303855895996,
        0.5127156376838684,
        0.7679678797721863,
        0.07795226573944092,
        0.6116268634796143,
        0.8358854055404663,
        0.24380189180374146,
        0.324912965297699,
        0.14375513792037964,
        0.8677628040313721,
        0.838961660861969,
        0.7271842360496521,
        0.11124652624130249,
        0.5343794822692871
    ],
    "y_values": [
        0.1843985915184021,
        0.7483565211296082,
        0.7769131660461426,
        0.15699928998947144,
        0.7466391921043396,
        0.7479255199432373,
        0.6933199763298035,
        0.17491602897644043,
        0.3858107924461365,
        0.786639928817749,
        0.2448199987411499,
        0.3251652717590332,
        0.7593254446983337,
        0.35733145475387573,
        0.2650492787361145,
        0.7339975833892822,
        0.6324895024299622,
        0.934695839881897,
        0.40871715545654297,
        0.2899566888809204
    ]
}