{
    "format": 8,
    "name": "n100k8_79",
    "n": 100,
    "k": 8,
    "capacity": 13,
    "optimal_solution": 15.640134811401367,
    "x_values": [
        0.3984806537628174,
        0.1444990038871765,
        0.6346780061721802,
        0.971662700176239,
        0.01120758056640625,
        0.7126961946487427,
        0.14464986324310303,
        0.9523594975471497,
        0.39319872856140137,
        0.9733622074127197,
        0.8717013001441956,
        0.6558211445808411,
        0.518032968044281,
        0.7182051539421082,
        0.12485963106155396,
        0.5062020421028137,
        0.5569905042648315,
        0.5064313411712646,
        0.30153870582580566,
        0.1781969666481018,
        0.7173502445220947,
        0.4462624788284302,
        0.22952550649642944,
        0.740245521068573,
        0.5021517872810364,
        0.9652081727981567,
        0.8348339796066284,
        0.9049217104911804,
        0.8753706812858582,
        0.9725990891456604,
        0.9161291718482971,
        0.6760681867599487,
        0.7768542766571045,
        0.6703897714614868,
        0.7864793539047241,
        0.043679773807525635,
        0.6315149664878845,
        0.3905743360519409,
        0.02993333339691162,
        0.6548128128051758,
        0.7285590171813965,
        0.8609927892684937,
        0.4208647608757019,
        0.7967629432678223,
        0.33994758129119873,
        0.4132278561592102,
        0.13012200593948364,
        0.41025805473327637,
        0.45903825759887695,
        0.8102564811706543,
        0.4252018332481384,
        0.054434001445770264,
        0.23089104890823364,
        0.9022764563560486,
        0.39288419485092163,
        0.2575092911720276,
        0.12622350454330444,
        0.43564313650131226,
        0.15280073881149292,
        0.730437159538269,
        0.37159574031829834,
        0.0707358717918396,
        0.5033749938011169,
        0.051817238330841064,
        0.35850000381469727,
        0.5436765551567078,
        0.8588325381278992,
        0.39988982677459717,
        0.24032598733901978,
        0.10463452339172363,
        0.5495766997337341,
        0.21037542819976807,
        0.011895895004272461,
        0.666364848613739,
        0.3364207148551941,
        0.5513267517089844,
        0.33522099256515503,
        0.3215610980987549,
        0.7617006301879883,
        0.5764996409416199,
        0.22472524642944336,
        0.2687552571296692,
        0.6673041582107544,
        0.19392383098602295,
        0.18509000539779663,
        0.6847373247146606,
        0.2691754698753357,
        0.2953731417655945,
        0.3737882971763611,
        0.10204523801803589,
        0.22618526220321655,
        0.25121182203292847,
        0.7143097519874573,
        0.8762256503105164,
        0.4458494186401367,
        0.19974786043167114,
        0.29186058044433594,
        0.35730355978012085,
        0.3270888328552246,
        0.3908231258392334
    ],
    "y_values": [
        0.5781931281089783,
        0.8525072932243347,
        0.4585338234901428,
        0.8679150342941284,
        0.6043713688850403,
        0.11858874559402466,
        0.5227516889572144,
        0.536217987537384,
        0.41055214405059814,
        0.5842939019203186,
        0.6014121174812317,
        0.8411687612533569,
        0.7967553734779358,
        0.4214840531349182,
        0.27377843856811523,
        0.3885403871536255,
        0.5128180980682373,
        0.027744948863983154,
        0.7875913977622986,
        0.25929999351501465,
        0.24994158744812012,
        0.39835530519485474,
        0.7096067070960999,
        0.4854012727737427,
        0.0023286938667297363,
        0.6532251238822937,
        0.07491862773895264,
        0.22850358486175537,
        0.11560392379760742,
        0.29205381870269775,
        0.2158271074295044,
        0.4004044532775879,
        0.5581531524658203,
        0.529087483882904,
        0.21894454956054688,
        0.8197027444839478,
        0.2814411520957947,
        0.5795513391494751,
        0.10582077503204346,
        0.29813122749328613,
        0.6217585802078247,
        0.351934015750885,
        0.29505449533462524,
        0.6198018789291382,
        0.5710957050323486,
        0.6421390771865845,
        0.5458384156227112,
        0.0660860538482666,
        0.5289648175239563,
        0.9334388375282288,
        0.501485288143158,
        0.3866439461708069,
        0.5730658173561096,
        0.6991902589797974,
        0.024907827377319336,
        0.08314573764801025,
        0.021891295909881592,
        0.7573757767677307,
        0.9720025658607483,
        0.07859194278717041,
        0.7465717792510986,
        0.5383548736572266,
        0.5715340971946716,
        0.8186168670654297,
        0.9794844388961792,
        0.13897454738616943,
        0.9591885209083557,
        0.6128264665603638,
        0.06565135717391968,
        0.24214249849319458,
        0.39269983768463135,
        0.29458731412887573,
        0.169358491897583,
        0.2674618363380432,
        0.7093713879585266,
        0.9611548781394958,
        0.03720104694366455,
        0.07122260332107544,
        0.5252694487571716,
        0.29716622829437256,
        0.03019082546234131,
        0.18992114067077637,
        0.04682224988937378,
        0.802017867565155,
        0.14372295141220093,
        0.22975730895996094,
        0.3295401930809021,
        0.6217581033706665,
        0.9368435740470886,
        0.7052651047706604,
        0.5225216746330261,
        0.7138083577156067,
        0.09441465139389038,
        0.2943146228790283,
        0.8779053092002869,
        0.7617863416671753,
        0.7242640256881714,
        0.4591943025588989,
        0.25610727071762085,
        0.49245530366897583
    ]
}