{
    "format": 2,
    "name": "n30k3_59",
    "n": 30,
    "k": 3,
    "optimal_solution": 7.585719108581543,
    "x_values": [
        0.23538291454315186,
        0.14512896537780762,
        0.2818748354911804,
        0.14014697074890137,
        0.38012856245040894,
        0.6453510522842407,
        0.6454380750656128,
        0.2635607123374939,
        0.8943915367126465,
        0.6299750208854675,
        0.7926032543182373,
        0.9162004590034485,
        0.7237804532051086,
        0.12117582559585571,
        0.6528077721595764,
        0.5604493618011475,
        0.35945844650268555,
        0.3379868268966675,
        0.6315822005271912,
        0.406281054019928,
        0.487201988697052,
        0.7675488591194153,
        0.04746425151824951,
        0.22135323286056519,
        0.9841294884681702,
        0.8325015902519226,
        0.7010326981544495,
        0.13225120306015015,
        0.9481974840164185,
        0.0625423789024353
    ],
    "y_values": [
        0.5989671945571899,
        0.17697972059249878,
        0.7843537330627441,
        0.9517444372177124,
        0.47396236658096313,
        0.34520119428634644,
        0.6075599193572998,
        0.8700504302978516,
        0.39115625619888306,
        0.533486008644104,
        0.2532240152359009,
        0.7831448316574097,
        0.7634021639823914,
        0.5090720057487488,
        0.6036995649337769,
        0.972870945930481,
        0.5138140320777893,
        0.6720942258834839,
        0.6618476510047913,
        0.28866153955459595,
        0.45311033725738525,
        0.7062535881996155,
        0.676065981388092,
        0.7759402394294739,
        0.8765903115272522,
        0.8102537393569946,
        0.40947824716567993,
        0.16300630569458008,
        0.7556743025779724,
        0.04223310947418213
    ]
}