{
    "format": 8,
    "name": "n70k8_3",
    "n": 70,
    "k": 8,
    "capacity": 9,
    "optimal_solution": 9.731710433959961,
    "x_values": [
        0.8970179557800293,
        0.40790319442749023,
        0.35766738653182983,
        0.8515915870666504,
        0.1789700984954834,
        0.9497993588447571,
        0.5810748934745789,
        0.47213059663772583,
        0.8776928186416626,
        0.42836064100265503,
        0.47646498680114746,
        0.42208558320999146,
        0.6822424530982971,
        0.41032737493515015,
        0.13273084163665771,
        0.43618130683898926,
        0.818724513053894,
        0.5391290783882141,
        0.31301963329315186,
        0.8600465059280396,
        0.6781624555587769,
        0.14873719215393066,
        0.7493670582771301,
        0.09843754768371582,
        0.10714364051818848,
        0.5794413089752197,
        0.726749062538147,
        0.8815814852714539,
        0.20023322105407715,
        0.6964817047119141,
        0.2681353688240051,
        0.2246587872505188,
        0.6434242129325867,
        0.48000574111938477,
        0.4189169406890869,
        0.6035557389259338,
        0.5523362755775452,
        0.8647865056991577,
        0.2230251431465149,
        0.9113933444023132,
        0.06942129135131836,
        0.8270091414451599,
        0.206146240234375,
        0.4068499207496643,
        0.8946819305419922,
        0.3320784568786621,
        0.19034510850906372,
        0.9270594120025635,
        0.13267028331756592,
        0.2920193672180176,
        0.8540130853652954,
        0.3707812428474426,
        0.05076885223388672,
        0.5180338025093079,
        0.9967557787895203,
        0.5254709124565125,
        0.2715650200843811,
        0.8027690649032593,
        0.45126378536224365,
        0.8239553570747375,
        0.7012146711349487,
        0.2933034300804138,
        0.7912760376930237,
        0.07645100355148315,
        0.3962111473083496,
        0.1363174319267273,
        0.153150737285614,
        0.7406283020973206,
        0.0946701169013977,
        0.22195559740066528
    ],
    "y_values": [
        0.5898271799087524,
        0.0014486312866210938,
        0.5626816749572754,
        0.5629504323005676,
        0.6028288006782532,
        0.9883552193641663,
        0.13625693321228027,
        0.7719076871871948,
        0.5214563608169556,
        0.28851449489593506,
        0.6941275000572205,
        0.6164145469665527,
        0.2261936068534851,
        0.3974989056587219,
        0.7291530966758728,
        0.7604356408119202,
        0.7270467877388,
        0.7921782732009888,
        0.9365721940994263,
        0.2787759304046631,
        0.9475696682929993,
        0.7462559342384338,
        0.9330863952636719,
        0.6469875574111938,
        0.2630753517150879,
        0.5465670228004456,
        0.8140993714332581,
        0.6026062369346619,
        0.39194416999816895,
        0.5355778932571411,
        0.6936904788017273,
        0.867002010345459,
        0.923048734664917,
        0.04792994260787964,
        0.19896847009658813,
        0.4848886728286743,
        0.0777323842048645,
        0.10492390394210815,
        0.7737075686454773,
        0.5547860264778137,
        0.6967171430587769,
        0.23448699712753296,
        0.8956745862960815,
        0.8647764921188354,
        0.41992199420928955,
        0.41469806432724,
        0.5793607234954834,
        0.6722956299781799,
        0.5791954398155212,
        0.8712231516838074,
        0.7246109247207642,
        0.13170045614242554,
        0.3033224940299988,
        0.3707076907157898,
        0.8331652879714966,
        0.9283161163330078,
        0.21246683597564697,
        0.08274543285369873,
        0.37508994340896606,
        0.6028907895088196,
        0.4229029417037964,
        0.4030100107192993,
        0.5421724915504456,
        0.1523931622505188,
        0.08984708786010742,
        0.9208879470825195,
        0.7782780528068542,
        0.25349748134613037,
        0.8895820379257202,
        0.1145486831665039
    ]
}