{
    "format": 8,
    "name": "n70k8_65",
    "n": 70,
    "k": 8,
    "capacity": 9,
    "optimal_solution": 10.175372123718262,
    "x_values": [
        0.7490649223327637,
        0.6564801335334778,
        0.8728134036064148,
        0.5809293389320374,
        0.31595009565353394,
        0.20977163314819336,
        0.7065470814704895,
        0.15087789297103882,
        0.7251195311546326,
        0.768703281879425,
        0.37231165170669556,
        0.4083176255226135,
        0.08175408840179443,
        0.41365355253219604,
        0.21989327669143677,
        0.8293615579605103,
        0.7370234727859497,
        0.619539201259613,
        0.4084746837615967,
        0.0015099644660949707,
        0.8869752883911133,
        0.4381946921348572,
        0.611087441444397,
        0.4058659076690674,
        0.06500273942947388,
        0.5615653991699219,
        0.7689324021339417,
        0.40878838300704956,
        0.2717239260673523,
        0.32637107372283936,
        0.8554865717887878,
        0.8823695778846741,
        0.49214601516723633,
        0.44315701723098755,
        0.7792686223983765,
        0.6138305068016052,
        0.5437370538711548,
        0.763121485710144,
        0.0910981297492981,
        0.5000421404838562,
        0.6573082804679871,
        0.165502667427063,
        0.2897770404815674,
        0.9549586176872253,
        0.24157512187957764,
        0.33619827032089233,
        0.04494214057922363,
        0.331745982170105,
        0.8672115206718445,
        0.6166296601295471,
        0.72660893201828,
        0.16261911392211914,
        0.9938182234764099,
        0.9184024333953857,
        0.8364831209182739,
        0.27034473419189453,
        0.7688607573509216,
        0.8130961656570435,
        0.22414445877075195,
        0.039069175720214844,
        0.4275718331336975,
        0.8192189931869507,
        0.33716917037963867,
        0.8899548649787903,
        0.4708588123321533,
        0.38351595401763916,
        0.4625154733657837,
        0.17554432153701782,
        0.006572425365447998,
        0.9396939873695374
    ],
    "y_values": [
        0.010343074798583984,
        0.9643014073371887,
        0.19390350580215454,
        0.0021262168884277344,
        0.6547576189041138,
        0.1122894287109375,
        0.5666448473930359,
        0.2277439832687378,
        0.2920330762863159,
        0.05610370635986328,
        0.574306845664978,
        0.08766049146652222,
        0.9507476687431335,
        0.6201677322387695,
        0.9479115009307861,
        0.8489869236946106,
        0.9097837209701538,
        0.5394201278686523,
        0.42784082889556885,
        0.699983537197113,
        0.8770630955696106,
        0.04902273416519165,
        0.11708170175552368,
        0.28584998846054077,
        0.8676698803901672,
        0.6732947826385498,
        0.829085648059845,
        0.5171474814414978,
        0.6792065501213074,
        0.3900564908981323,
        0.3151528835296631,
        0.29412996768951416,
        0.9649726748466492,
        0.26187360286712646,
        0.3548942804336548,
        0.81147700548172,
        0.30476653575897217,
        0.8718155026435852,
        0.717112123966217,
        0.1158643364906311,
        0.45567941665649414,
        0.8628497123718262,
        0.05996209383010864,
        0.6022776365280151,
        0.9167417287826538,
        0.8938375115394592,
        0.09045720100402832,
        0.6108329892158508,
        0.24102026224136353,
        0.29130393266677856,
        0.9151959419250488,
        0.6883976459503174,
        0.8809242248535156,
        0.6623336672782898,
        0.7568492889404297,
        0.0009948015213012695,
        0.643344521522522,
        0.5846279859542847,
        0.99066162109375,
        0.6043986678123474,
        0.9996427297592163,
        0.5246301889419556,
        0.017350077629089355,
        0.16055941581726074,
        0.13687562942504883,
        0.4264306426048279,
        0.1560361385345459,
        0.2701113820075989,
        0.678168773651123,
        0.007986485958099365
    ]
}