{
    "format": 2,
    "name": "n20k7_30",
    "n": 20,
    "k": 7,
    "optimal_solution": 2.1104564666748047,
    "x_values": [
        0.18251651525497437,
        0.5083845257759094,
        0.8307369947433472,
        0.17651104927062988,
        0.2769578695297241,
        0.5417577028274536,
        0.8204233050346375,
        0.8401546478271484,
        0.04774463176727295,
        0.906592071056366,
        0.3464807868003845,
        0.8543309569358826,
        0.2154066562652588,
        0.18167400360107422,
        0.3992931842803955,
        0.2693440318107605,
        0.7208970189094543,
        0.89493727684021,
        0.5720813274383545,
        0.8125972151756287
    ],
    "y_values": [
        0.3806869387626648,
        0.7151690721511841,
        0.9061015844345093,
        0.8177499175071716,
        0.7812811136245728,
        0.7864977121353149,
        0.9852229952812195,
        0.9563770890235901,
        0.8760688304901123,
        0.6207985281944275,
        0.9764312505722046,
        0.12497597932815552,
        0.5006324648857117,
        0.9702169299125671,
        0.6880351901054382,
        0.029634475708007812,
        0.8595510125160217,
        0.2029334306716919,
        0.004239976406097412,
        0.5605958700180054
    ]
}