{
    "format": 5,
    "name": "n20k7_56",
    "n": 20,
    "k": 7,
    "optimal_solution": 0.2810359597206116,
    "x_values": [
        0.044371843338012695,
        0.8488536477088928,
        0.60120689868927,
        0.8224807381629944,
        0.6942973136901855,
        0.8031216263771057,
        0.5002244710922241,
        0.48881399631500244,
        0.7096561789512634,
        0.6825752854347229,
        0.42965543270111084,
        0.9369975328445435,
        0.561507523059845,
        0.8538380861282349,
        0.43990838527679443,
        0.4111512303352356,
        0.6559305191040039,
        0.38622331619262695,
        0.0008671283721923828,
        0.8170257806777954
    ],
    "y_values": [
        0.197185218334198,
        0.47324103116989136,
        0.9030200242996216,
        0.2633296251296997,
        0.898165225982666,
        0.915228545665741,
        0.4897456765174866,
        0.8709014058113098,
        0.2904953360557556,
        0.031568944454193115,
        0.41383612155914307,
        0.839443564414978,
        0.9129129648208618,
        0.04388946294784546,
        0.1430531144142151,
        0.28441500663757324,
        0.6551727056503296,
        0.7459182739257812,
        0.09989500045776367,
        0.4910736083984375
    ]
}