{
    "format": 2,
    "name": "n30k6_89",
    "n": 30,
    "k": 6,
    "optimal_solution": 4.518240451812744,
    "x_values": [
        0.6604241728782654,
        0.6025970578193665,
        0.6458795666694641,
        0.23249095678329468,
        0.828943133354187,
        0.019349992275238037,
        0.2534330487251282,
        0.055870771408081055,
        0.9731578230857849,
        0.36755162477493286,
        0.4224405884742737,
        0.09009045362472534,
        0.10838395357131958,
        0.5831654071807861,
        0.6329272985458374,
        0.8846915364265442,
        0.9938727021217346,
        0.43151503801345825,
        0.6886211037635803,
        0.6266064047813416,
        0.29965120553970337,
        0.32143092155456543,
        0.9396355748176575,
        0.7130321860313416,
        0.19726192951202393,
        0.6512184143066406,
        0.7574763894081116,
        0.6243513822555542,
        0.34138917922973633,
        0.5553739070892334
    ],
    "y_values": [
        0.03337287902832031,
        0.9519158601760864,
        0.7362698316574097,
        0.8310195803642273,
        0.8856819868087769,
        0.18064045906066895,
        0.19876164197921753,
        0.8914019465446472,
        0.274749219417572,
        0.39272570610046387,
        0.7522397637367249,
        0.5473363399505615,
        0.39195114374160767,
        0.7818237543106079,
        0.507973849773407,
        0.10080057382583618,
        0.7412336468696594,
        0.4326562285423279,
        0.3746873736381531,
        0.30214881896972656,
        0.04682767391204834,
        0.5496246218681335,
        0.8234066963195801,
        0.3134990930557251,
        0.11792898178100586,
        0.30680984258651733,
        0.3779394030570984,
        0.4177764058113098,
        0.3507089614868164,
        0.3164289593696594
    ]
}