{
    "format": 5,
    "name": "n100k9_1",
    "n": 100,
    "k": 9,
    "optimal_solution": 0.27246612310409546,
    "x_values": [
        0.006785988807678223,
        0.4475224018096924,
        0.8693334460258484,
        0.12905579805374146,
        0.5957399606704712,
        0.976857602596283,
        0.45181357860565186,
        0.08078724145889282,
        0.4459989070892334,
        0.3814762234687805,
        0.1775679588317871,
        0.43747371435165405,
        0.6019385457038879,
        0.5246576070785522,
        0.07932507991790771,
        0.4580884575843811,
        0.7234735488891602,
        0.48000699281692505,
        0.9411808252334595,
        0.7969527840614319,
        0.7428649067878723,
        0.751666784286499,
        0.2663767337799072,
        0.2594534754753113,
        0.8401086926460266,
        0.16024643182754517,
        0.9113418459892273,
        0.17552167177200317,
        0.643382728099823,
        0.22880089282989502,
        0.018806755542755127,
        0.5802714824676514,
        0.19575345516204834,
        0.18297678232192993,
        0.95001620054245,
        0.2749113440513611,
        0.632193386554718,
        0.5364564061164856,
        0.7229404449462891,
        0.4989998936653137,
        0.3885236382484436,
        0.46087706089019775,
        0.3464600443840027,
        0.3735197186470032,
        0.8735437989234924,
        0.7435970306396484,
        0.5327105522155762,
        0.9882609844207764,
        0.7270748615264893,
        0.6454876065254211,
        0.7759907841682434,
        0.5975964069366455,
        0.6110173463821411,
        0.2030695676803589,
        0.5997835397720337,
        0.6032379865646362,
        0.4468907117843628,
        0.3717941641807556,
        0.11324185132980347,
        0.10296428203582764,
        0.5535761117935181,
        0.7257067561149597,
        0.012824296951293945,
        0.4632687568664551,
        0.7346404790878296,
        0.31652510166168213,
        0.262837290763855,
        0.6089678406715393,
        0.17895501852035522,
        0.07210826873779297,
        0.7104474306106567,
        0.9199840426445007,
        0.6890139579772949,
        0.4561340808868408,
        0.058612942695617676,
        0.32950395345687866,
        0.3969470262527466,
        0.4524673819541931,
        0.15392005443572998,
        0.8689680099487305,
        0.19007229804992676,
        0.7825980186462402,
        0.027726829051971436,
        0.669836699962616,
        0.32349610328674316,
        0.3314592242240906,
        0.47492432594299316,
        0.7877398729324341,
        0.4439423680305481,
        0.5057063102722168,
        0.2877497673034668,
        0.2587103843688965,
        0.9669030904769897,
        0.32767361402511597,
        0.9859851598739624,
        0.012445986270904541,
        0.49391990900039673,
        0.6185283064842224,
        0.7961320877075195,
        0.004427194595336914
    ],
    "y_values": [
        0.47595715522766113,
        0.2757524251937866,
        0.6527871489524841,
        0.6930395364761353,
        0.6859962940216064,
        0.7289709448814392,
        0.4604213237762451,
        0.5936946868896484,
        0.4419814348220825,
        0.6473928093910217,
        0.13330918550491333,
        0.6572239398956299,
        0.830547571182251,
        0.5039781928062439,
        0.05717909336090088,
        0.8856697082519531,
        0.5345367193222046,
        0.3934726119041443,
        0.99762362241745,
        0.8145285844802856,
        0.29309505224227905,
        0.15311694145202637,
        0.27432703971862793,
        0.1717289686203003,
        0.8221989870071411,
        0.18006712198257446,
        0.07767152786254883,
        0.1313478946685791,
        0.7201622724533081,
        0.28475457429885864,
        0.8155235052108765,
        0.3048689365386963,
        0.6693678498268127,
        0.6376855969429016,
        0.46299928426742554,
        0.7781504392623901,
        0.09633320569992065,
        0.23071420192718506,
        0.7615969181060791,
        0.5426725149154663,
        0.4250321388244629,
        0.8922117948532104,
        0.9471452832221985,
        0.3749164938926697,
        0.3029307723045349,
        0.40200310945510864,
        0.589833676815033,
        0.49950677156448364,
        0.8937191963195801,
        0.5279386043548584,
        0.8974988460540771,
        0.9527721405029297,
        0.7940261960029602,
        0.06090039014816284,
        0.19464683532714844,
        0.6832095980644226,
        0.19494777917861938,
        0.04684549570083618,
        0.4764542579650879,
        0.9544945359230042,
        0.88035649061203,
        0.653579831123352,
        0.7051435112953186,
        0.9045704007148743,
        0.2598365545272827,
        0.5538495182991028,
        0.7590369582176208,
        0.7274523973464966,
        0.2139596939086914,
        0.1908298134803772,
        0.6106540560722351,
        0.5700390934944153,
        0.8347562551498413,
        0.4117918014526367,
        0.8156324625015259,
        0.331917405128479,
        0.5870475769042969,
        0.6075642704963684,
        0.20704436302185059,
        0.7440386414527893,
        0.8058315515518188,
        0.2980839014053345,
        0.3427891135215759,
        0.8485888242721558,
        0.727014422416687,
        0.4970133900642395,
        0.1572909951210022,
        0.6980266571044922,
        0.7037743330001831,
        0.045643389225006104,
        0.6779190897941589,
        0.03936856985092163,
        0.6727304458618164,
        0.08884066343307495,
        0.1585586667060852,
        0.8640004396438599,
        0.5508511662483215,
        0.38065338134765625,
        0.09869295358657837,
        0.9892209768295288
    ]
}