{
    "format": 2,
    "name": "n20k2_89",
    "n": 20,
    "k": 2,
    "optimal_solution": 5.988824367523193,
    "x_values": [
        0.03801536560058594,
        0.3942691683769226,
        0.18154925107955933,
        0.28449052572250366,
        0.707648754119873,
        0.3368799686431885,
        0.7565746307373047,
        0.1770074963569641,
        0.5772028565406799,
        0.7289502024650574,
        0.8593733310699463,
        0.8691571950912476,
        0.4106682538986206,
        0.3800120949745178,
        0.5258507132530212,
        0.665755569934845,
        0.6517580151557922,
        0.2530965209007263,
        0.2736143469810486,
        0.31287115812301636
    ],
    "y_values": [
        0.08821141719818115,
        0.13907450437545776,
        0.42326629161834717,
        0.8900088667869568,
        0.8500099182128906,
        0.07141178846359253,
        0.3538426160812378,
        0.9415144324302673,
        0.4533180594444275,
        0.26308465003967285,
        0.5597866177558899,
        0.4046415686607361,
        0.6990981698036194,
        0.16242152452468872,
        0.8758770823478699,
        0.4904807209968567,
        0.11649596691131592,
        0.3331645727157593,
        0.3400455713272095,
        0.42869460582733154
    ]
}