{
    "format": 5,
    "name": "n20k2_91",
    "n": 20,
    "k": 2,
    "optimal_solution": 0.6113054752349854,
    "x_values": [
        0.0034294724464416504,
        0.11812996864318848,
        0.2781892418861389,
        0.8782350420951843,
        0.7526960968971252,
        0.17848527431488037,
        0.7433075904846191,
        0.11859250068664551,
        0.4056541919708252,
        0.6534669399261475,
        0.9317517280578613,
        0.988620400428772,
        0.9997005462646484,
        0.32604074478149414,
        0.1543492078781128,
        0.2199716567993164,
        0.4251088500022888,
        0.87904292345047,
        0.17047744989395142,
        0.7201372385025024
    ],
    "y_values": [
        0.9738185405731201,
        0.7224411964416504,
        0.8809566497802734,
        0.6929241418838501,
        0.17502707242965698,
        0.0012789368629455566,
        0.6297525763511658,
        0.42179256677627563,
        0.3002856373786926,
        0.3655652403831482,
        0.562761664390564,
        0.9818525910377502,
        0.8536498546600342,
        0.5731409192085266,
        0.7239814400672913,
        0.13086265325546265,
        0.7423344254493713,
        0.5078520178794861,
        0.604576587677002,
        0.3521905541419983
    ]
}