{
    "format": 5,
    "name": "n20k2_77",
    "n": 20,
    "k": 2,
    "optimal_solution": 0.40637582540512085,
    "x_values": [
        0.4091547727584839,
        0.01710718870162964,
        0.4995996356010437,
        0.7364498972892761,
        0.8535035252571106,
        0.540458083152771,
        0.3232789635658264,
        0.8457388281822205,
        0.37308669090270996,
        0.15012073516845703,
        0.5798218846321106,
        0.14659565687179565,
        0.37354743480682373,
        0.5787919759750366,
        0.07168471813201904,
        0.6809192895889282,
        0.28274744749069214,
        0.7769824266433716,
        0.44019633531570435,
        0.48089849948883057
    ],
    "y_values": [
        0.800200343132019,
        0.33680039644241333,
        0.8126751780509949,
        0.7108915448188782,
        0.6492095589637756,
        0.15539538860321045,
        0.537194013595581,
        0.7238205671310425,
        0.09918838739395142,
        0.23587703704833984,
        0.8534648418426514,
        0.16790878772735596,
        0.14816582202911377,
        0.5981194376945496,
        0.4863414168357849,
        0.7780588865280151,
        0.39929336309432983,
        0.4601351022720337,
        0.5988888144493103,
        0.7977187633514404
    ]
}