{
    "format": 5,
    "name": "n30k5_85",
    "n": 30,
    "k": 5,
    "optimal_solution": 0.32597070932388306,
    "x_values": [
        0.10406172275543213,
        0.6934785842895508,
        0.24895602464675903,
        0.42812615633010864,
        0.8453948497772217,
        0.8749305605888367,
        0.38286399841308594,
        0.35829079151153564,
        0.670380175113678,
        0.21644282341003418,
        0.7878581285476685,
        0.6853685975074768,
        0.31147879362106323,
        0.9417173862457275,
        0.7560758590698242,
        0.7674311399459839,
        0.9052455425262451,
        0.008462846279144287,
        0.767579197883606,
        0.23042190074920654,
        0.8986359238624573,
        0.9410063028335571,
        0.5858781933784485,
        0.5646812319755554,
        0.4385095238685608,
        0.39749211072921753,
        0.3645581007003784,
        0.2900838255882263,
        0.7765370607376099,
        0.909792423248291
    ],
    "y_values": [
        0.5010101199150085,
        0.5918248891830444,
        0.5407091379165649,
        0.29484862089157104,
        0.7217864394187927,
        0.9478902220726013,
        0.25018179416656494,
        0.6268321871757507,
        0.0667043924331665,
        0.6761758923530579,
        0.5197709798812866,
        0.8024781942367554,
        0.7361315488815308,
        0.012618780136108398,
        0.5467416048049927,
        0.49757885932922363,
        0.834610641002655,
        0.7109209895133972,
        0.43276530504226685,
        0.9881675243377686,
        0.8284501433372498,
        0.0055599212646484375,
        0.25662893056869507,
        0.41256940364837646,
        0.3474922180175781,
        0.3841676712036133,
        0.12159442901611328,
        0.1479077935218811,
        0.6481339335441589,
        0.31530290842056274
    ]
}