{
    "format": 5,
    "name": "n30k5_99",
    "n": 30,
    "k": 5,
    "optimal_solution": 0.36029052734375,
    "x_values": [
        0.10805416107177734,
        0.5947004556655884,
        0.09463697671890259,
        0.9224970936775208,
        0.1942141056060791,
        0.1905767321586609,
        0.6429961323738098,
        0.10770422220230103,
        0.5340335965156555,
        0.6415174603462219,
        0.6082620620727539,
        0.5771750807762146,
        0.18873977661132812,
        0.5143279433250427,
        0.13155436515808105,
        0.6608957648277283,
        0.4541270136833191,
        0.6697535514831543,
        0.5595753788948059,
        0.7056055665016174,
        0.8987579345703125,
        0.536579966545105,
        0.011293292045593262,
        0.6497868895530701,
        0.3654646873474121,
        0.9367986917495728,
        0.6601019501686096,
        0.8507850766181946,
        0.4484514594078064,
        0.8865416646003723
    ],
    "y_values": [
        0.7460585236549377,
        0.578955888748169,
        0.32929664850234985,
        0.7495541572570801,
        0.07130855321884155,
        0.8142758011817932,
        0.835813581943512,
        0.7031387090682983,
        0.9858191609382629,
        0.9801275134086609,
        0.5765594244003296,
        0.8999797701835632,
        0.9959737062454224,
        0.4486556053161621,
        0.6317099928855896,
        0.9693816900253296,
        0.5698059797286987,
        0.7960418462753296,
        0.027232646942138672,
        0.6656472682952881,
        0.7030298113822937,
        0.899007260799408,
        0.8246474862098694,
        0.3691180944442749,
        0.2497948408126831,
        0.8924933671951294,
        0.8856902718544006,
        0.0963134765625,
        0.22940325736999512,
        0.5510916709899902
    ]
}