{
    "format": 5,
    "name": "n30k5_78",
    "n": 30,
    "k": 5,
    "optimal_solution": 0.35020697116851807,
    "x_values": [
        0.9928561449050903,
        0.6824536919593811,
        0.17379701137542725,
        0.9721848368644714,
        0.8033452033996582,
        0.8175919651985168,
        0.2828289270401001,
        0.9045903086662292,
        0.5685769319534302,
        0.8654116988182068,
        0.726684033870697,
        0.18579703569412231,
        0.4308767318725586,
        0.942394495010376,
        0.35356760025024414,
        0.8724246025085449,
        0.16818708181381226,
        0.2831411361694336,
        0.22931015491485596,
        0.3257255554199219,
        0.8382483124732971,
        0.7404088973999023,
        0.2647243142127991,
        0.19329172372817993,
        0.5100093483924866,
        0.07706665992736816,
        0.4713476300239563,
        0.9300887584686279,
        0.598371148109436,
        0.7404224276542664
    ],
    "y_values": [
        0.20877450704574585,
        0.5143884420394897,
        0.699211061000824,
        0.6758592128753662,
        0.1037796139717102,
        0.15494990348815918,
        0.31060320138931274,
        0.48542237281799316,
        0.0012111663818359375,
        0.845687985420227,
        0.63166743516922,
        0.46666520833969116,
        0.15781229734420776,
        0.798026442527771,
        0.6152732372283936,
        0.7527804970741272,
        0.5315137505531311,
        0.973362922668457,
        0.47565191984176636,
        0.8481042981147766,
        0.5579384565353394,
        0.44613170623779297,
        0.8730161190032959,
        0.4191662669181824,
        0.04690849781036377,
        0.0783224105834961,
        0.7122494578361511,
        0.7671112418174744,
        0.5249372720718384,
        0.06820553541183472
    ]
}