{
    "format": 5,
    "name": "n30k5_53",
    "n": 30,
    "k": 5,
    "optimal_solution": 0.35514795780181885,
    "x_values": [
        0.048998117446899414,
        0.3954373598098755,
        0.9586657285690308,
        0.17534983158111572,
        0.6743779182434082,
        0.7851321697235107,
        0.5692281126976013,
        0.10666704177856445,
        0.5294645428657532,
        0.15632081031799316,
        0.766140878200531,
        0.4656251072883606,
        0.17680948972702026,
        0.021699130535125732,
        0.9050520658493042,
        0.4357926845550537,
        0.19213491678237915,
        0.33250534534454346,
        0.08981722593307495,
        0.5034026503562927,
        0.565904974937439,
        0.9214305281639099,
        0.37499064207077026,
        0.5600093603134155,
        0.3169582486152649,
        0.37618476152420044,
        0.1302981972694397,
        0.3413034677505493,
        0.8819606304168701,
        0.26206648349761963
    ],
    "y_values": [
        0.8696380257606506,
        0.48318612575531006,
        0.27622365951538086,
        0.36039119958877563,
        0.39398282766342163,
        0.596522331237793,
        0.7801154851913452,
        0.7022376656532288,
        0.22545164823532104,
        0.3146933913230896,
        0.9830552339553833,
        0.6830708384513855,
        0.4253174066543579,
        0.5666788816452026,
        0.9103022217750549,
        0.5450648069381714,
        0.30755048990249634,
        0.8758864402770996,
        0.34154754877090454,
        0.4745507836341858,
        0.43509477376937866,
        0.5220300555229187,
        0.5039830207824707,
        0.36985892057418823,
        0.21354061365127563,
        0.041798412799835205,
        0.38151562213897705,
        0.18267935514450073,
        0.3243390917778015,
        0.058574378490448
    ]
}