{
    "format": 2,
    "name": "n60k5_9",
    "n": 60,
    "k": 5,
    "optimal_solution": 11.069690704345703,
    "x_values": [
        0.4479292631149292,
        0.5156488418579102,
        0.681492030620575,
        0.10128509998321533,
        0.5597268342971802,
        0.8574395775794983,
        0.4473617672920227,
        0.5492321848869324,
        0.49474984407424927,
        0.8009142279624939,
        0.6752792596817017,
        0.6305122375488281,
        0.09798568487167358,
        0.18154215812683105,
        0.398489773273468,
        0.6712767481803894,
        0.7319141030311584,
        0.5554318428039551,
        0.31495630741119385,
        0.8628802299499512,
        0.4579036831855774,
        0.28978872299194336,
        0.0960012674331665,
        0.8709080815315247,
        0.9965136051177979,
        0.4192417860031128,
        0.6885297894477844,
        0.5114688277244568,
        0.5640487670898438,
        0.7692033052444458,
        0.65305495262146,
        0.9223458170890808,
        0.5661056637763977,
        0.4940372109413147,
        0.49256306886672974,
        0.6196991205215454,
        0.5357417464256287,
        0.4592559337615967,
        0.3666190505027771,
        0.24098145961761475,
        0.8016608953475952,
        0.2619284987449646,
        0.42783254384994507,
        0.37624186277389526,
        0.21764659881591797,
        0.09287410974502563,
        0.274796724319458,
        0.7820549011230469,
        0.9301912784576416,
        0.5261425375938416,
        0.40375596284866333,
        0.33672481775283813,
        0.13504493236541748,
        0.43948787450790405,
        0.4637569785118103,
        0.2775126099586487,
        0.9917466640472412,
        0.019551575183868408,
        0.9644365906715393,
        0.026742100715637207
    ],
    "y_values": [
        0.6574781537055969,
        0.9055812358856201,
        0.219959557056427,
        0.3661392331123352,
        0.13657718896865845,
        0.09188646078109741,
        0.9467477202415466,
        0.03026759624481201,
        0.9400482177734375,
        0.3657395839691162,
        0.6677027940750122,
        0.4750101566314697,
        0.33201825618743896,
        0.23714923858642578,
        0.9785483479499817,
        0.8572335839271545,
        0.24280554056167603,
        0.8176126480102539,
        0.660146951675415,
        0.24874049425125122,
        0.685673177242279,
        0.6362974047660828,
        0.6978880763053894,
        0.11667436361312866,
        0.22635376453399658,
        0.2406238317489624,
        0.8635451197624207,
        0.18531858921051025,
        0.17331600189208984,
        0.7648478150367737,
        0.44308316707611084,
        0.9954047799110413,
        0.8366113305091858,
        0.655611515045166,
        0.7432534098625183,
        0.18254530429840088,
        0.6654255986213684,
        0.6562923789024353,
        0.4590175747871399,
        0.06235790252685547,
        0.6544890999794006,
        0.4223706126213074,
        0.47345852851867676,
        0.18041092157363892,
        0.7891456484794617,
        0.4619532823562622,
        0.3614567518234253,
        0.026888251304626465,
        0.8959476351737976,
        0.6901791095733643,
        0.4239377975463867,
        0.7681306600570679,
        0.7546454071998596,
        0.6485530138015747,
        0.599551260471344,
        0.7302113771438599,
        0.17923563718795776,
        0.8776575922966003,
        0.8163071870803833,
        0.7228420376777649
    ]
}