{
    "format": 2,
    "name": "n40k5_80",
    "n": 40,
    "k": 5,
    "optimal_solution": 6.412242889404297,
    "x_values": [
        0.8932823538780212,
        0.4194837212562561,
        0.0706641674041748,
        0.11717480421066284,
        0.25718528032302856,
        0.49993401765823364,
        0.7661094665527344,
        0.5354777574539185,
        0.5652509927749634,
        0.7139991521835327,
        0.4718955159187317,
        0.41896748542785645,
        0.20604956150054932,
        0.016854286193847656,
        0.14140671491622925,
        0.6187605857849121,
        0.05444413423538208,
        0.345100462436676,
        0.6421247124671936,
        0.7807437777519226,
        0.3536384105682373,
        0.6772351264953613,
        0.41517382860183716,
        0.1565861701965332,
        0.29021114110946655,
        0.39658164978027344,
        0.11608219146728516,
        0.7478182315826416,
        0.17803269624710083,
        0.9622953534126282,
        0.11018544435501099,
        0.027287781238555908,
        0.7443132996559143,
        0.2666497826576233,
        0.5081259608268738,
        0.4835643172264099,
        0.07146322727203369,
        0.510769248008728,
        0.5403648614883423,
        0.4372352957725525
    ],
    "y_values": [
        0.3864801526069641,
        0.18323689699172974,
        0.5800426602363586,
        0.17720848321914673,
        0.8733482360839844,
        0.06665503978729248,
        0.847588062286377,
        0.4813978672027588,
        0.569327175617218,
        0.8841824531555176,
        0.2151380181312561,
        0.19100075960159302,
        0.07509076595306396,
        0.48763006925582886,
        0.5006265044212341,
        0.34064555168151855,
        0.5219554901123047,
        0.7239457368850708,
        0.6496251821517944,
        0.5512540936470032,
        0.782250165939331,
        0.5162640810012817,
        0.9325124621391296,
        0.14222967624664307,
        0.7516135573387146,
        0.36822593212127686,
        0.2809535264968872,
        0.836317777633667,
        0.57597416639328,
        0.890217661857605,
        0.6230453252792358,
        0.6733740568161011,
        0.07343518733978271,
        0.7178320288658142,
        0.2620030641555786,
        0.005563914775848389,
        0.7628558874130249,
        0.26197969913482666,
        0.4837343096733093,
        0.5834431052207947
    ]
}