{
    "format": 2,
    "name": "n40k5_18",
    "n": 40,
    "k": 5,
    "optimal_solution": 7.553825378417969,
    "x_values": [
        0.5911988019943237,
        0.3509330749511719,
        0.7508237957954407,
        0.431928813457489,
        0.3890300989151001,
        0.1665893793106079,
        0.44473493099212646,
        0.7375879883766174,
        0.06070452928543091,
        0.23953968286514282,
        0.2841126322746277,
        0.5028495788574219,
        0.18002480268478394,
        0.4236701726913452,
        0.8675411939620972,
        0.4263496398925781,
        0.3616071343421936,
        0.60944664478302,
        0.3361670970916748,
        0.6421635150909424,
        0.1644127368927002,
        0.9970450401306152,
        0.07124972343444824,
        0.002709805965423584,
        0.21044844388961792,
        0.0001761913299560547,
        0.4354237914085388,
        0.9308513402938843,
        0.5031736493110657,
        0.8265990614891052,
        0.023025155067443848,
        0.6144866943359375,
        0.7977578639984131,
        0.24951070547103882,
        0.9743329286575317,
        0.009247243404388428,
        0.8737738728523254,
        0.3999055027961731,
        0.07190585136413574,
        0.9604039788246155
    ],
    "y_values": [
        0.9143868684768677,
        0.22497928142547607,
        0.2326756715774536,
        0.33620989322662354,
        0.03471642732620239,
        0.8851779699325562,
        0.34597688913345337,
        0.21233981847763062,
        0.11283266544342041,
        0.5369276404380798,
        0.034670233726501465,
        0.26623737812042236,
        0.5475340485572815,
        0.3192288875579834,
        0.4060564637184143,
        0.6951992511749268,
        0.6480608582496643,
        0.14348280429840088,
        0.31367772817611694,
        0.27393144369125366,
        0.4559558629989624,
        0.35830551385879517,
        0.9938228726387024,
        0.22213619947433472,
        0.6877484321594238,
        0.5311427116394043,
        0.3799903392791748,
        0.5826741456985474,
        0.23937904834747314,
        0.5122351050376892,
        0.6925195455551147,
        0.8566892147064209,
        0.9022510647773743,
        0.6267513036727905,
        0.6314564943313599,
        0.9883298277854919,
        0.5623728632926941,
        0.6561506390571594,
        0.6932809948921204,
        0.25805389881134033
    ]
}