{
    "format": 2,
    "name": "n40k5_70",
    "n": 40,
    "k": 5,
    "optimal_solution": 7.906315326690674,
    "x_values": [
        0.022104501724243164,
        0.21694982051849365,
        0.32377922534942627,
        0.5485898852348328,
        0.06949794292449951,
        0.134243905544281,
        0.8915988206863403,
        0.19887274503707886,
        0.0274430513381958,
        0.05036365985870361,
        0.9464373588562012,
        0.8279234170913696,
        0.5708159804344177,
        0.342754065990448,
        0.4041649103164673,
        0.3160027265548706,
        0.5500879883766174,
        0.9534012675285339,
        0.5036250948905945,
        0.2873021364212036,
        0.5123233199119568,
        0.8112098574638367,
        0.4182800054550171,
        0.43702274560928345,
        0.20078718662261963,
        0.07258564233779907,
        0.19487661123275757,
        0.773810625076294,
        0.28957778215408325,
        0.5411166548728943,
        0.6103900671005249,
        0.4910476803779602,
        0.8009388446807861,
        0.9126261472702026,
        0.7347978949546814,
        0.5113499164581299,
        0.15385758876800537,
        0.8981081247329712,
        0.7727190852165222,
        0.06305760145187378
    ],
    "y_values": [
        0.7610211372375488,
        0.47728705406188965,
        0.7516844868659973,
        0.941323459148407,
        0.31278932094573975,
        0.482263445854187,
        0.5909011363983154,
        0.04461783170700073,
        0.7032307386398315,
        0.588970959186554,
        0.3872385025024414,
        0.9229589104652405,
        0.11734575033187866,
        0.3357808589935303,
        0.6257154941558838,
        0.2665976881980896,
        0.5606116652488708,
        0.8338236212730408,
        0.5160502195358276,
        0.10212099552154541,
        0.1087796688079834,
        0.872479259967804,
        0.41071248054504395,
        0.7083295583724976,
        0.47165173292160034,
        0.2544468641281128,
        0.18707311153411865,
        0.4305497407913208,
        0.7531651854515076,
        0.2851908802986145,
        0.8780011534690857,
        0.8172883987426758,
        0.7017131447792053,
        0.2678641080856323,
        0.42684227228164673,
        0.8808688521385193,
        0.9025241732597351,
        0.5844036936759949,
        0.22437316179275513,
        0.7827035188674927
    ]
}