{
    "format": 2,
    "name": "n40k5_23",
    "n": 40,
    "k": 5,
    "optimal_solution": 7.2331461906433105,
    "x_values": [
        0.31500375270843506,
        0.85800701379776,
        0.2766324281692505,
        0.428888738155365,
        0.8739292621612549,
        0.5044286251068115,
        0.569229781627655,
        0.9999558329582214,
        0.941918671131134,
        0.1135898232460022,
        0.5196868777275085,
        0.4313770532608032,
        0.9255968332290649,
        0.5062590837478638,
        0.6501876711845398,
        0.10201525688171387,
        0.055724143981933594,
        0.9545031189918518,
        0.24674159288406372,
        0.2698100805282593,
        0.5809909701347351,
        0.399151086807251,
        0.526199460029602,
        0.9792189598083496,
        0.5829671621322632,
        0.11639338731765747,
        0.8493494391441345,
        0.9860266447067261,
        0.7678636908531189,
        0.2667069435119629,
        0.4213499426841736,
        0.6376465559005737,
        0.39976394176483154,
        0.3699995279312134,
        0.785512387752533,
        0.3142703175544739,
        0.9126668572425842,
        0.22701716423034668,
        0.9146891236305237,
        0.30788737535476685
    ],
    "y_values": [
        0.5925535559654236,
        0.21428519487380981,
        0.11229592561721802,
        0.7568969130516052,
        0.6228768825531006,
        0.953594982624054,
        0.864411473274231,
        0.6871271133422852,
        0.02420675754547119,
        0.11508238315582275,
        0.10555398464202881,
        0.20170098543167114,
        0.5275479555130005,
        0.9916855096817017,
        0.08883696794509888,
        0.8997157216072083,
        0.08791840076446533,
        0.6647147536277771,
        0.794230580329895,
        0.38705092668533325,
        0.637123703956604,
        0.39374375343322754,
        0.4130038022994995,
        0.701493501663208,
        0.5252675414085388,
        0.37816256284713745,
        0.2909238338470459,
        0.09032756090164185,
        0.26054126024246216,
        0.5530194044113159,
        0.8153088092803955,
        0.7649474740028381,
        0.4514186978340149,
        0.4330405592918396,
        0.7935049533843994,
        0.2632736563682556,
        0.9500293135643005,
        0.736947238445282,
        0.3356882929801941,
        0.49594998359680176
    ]
}