{
    "format": 5,
    "name": "n80k4_21",
    "n": 80,
    "k": 4,
    "optimal_solution": 0.4071006178855896,
    "x_values": [
        0.856989324092865,
        0.5554891228675842,
        0.651407778263092,
        0.11239296197891235,
        0.02431023120880127,
        0.6814389228820801,
        0.6966236233711243,
        0.7500635385513306,
        0.7717476487159729,
        0.8236063718795776,
        0.8043355345726013,
        0.04339355230331421,
        0.20185905694961548,
        0.7569078803062439,
        0.9837234616279602,
        0.7376861572265625,
        0.893915593624115,
        0.7777947187423706,
        0.5135952830314636,
        0.8901172876358032,
        0.9206811189651489,
        0.7789074182510376,
        0.7128124237060547,
        0.47096240520477295,
        0.43700528144836426,
        0.6253840327262878,
        0.2877892255783081,
        0.812637984752655,
        0.7563695907592773,
        0.4749951958656311,
        0.014482319355010986,
        0.9149448275566101,
        0.5462390780448914,
        0.6886531710624695,
        0.7677496075630188,
        0.5953282117843628,
        0.6686038374900818,
        0.11222290992736816,
        0.2920070290565491,
        0.19723021984100342,
        0.20103555917739868,
        0.7893890738487244,
        0.7060980796813965,
        0.6507903933525085,
        0.3694216012954712,
        0.055945634841918945,
        0.6148055791854858,
        0.42184650897979736,
        0.7956866025924683,
        0.9269149303436279,
        0.7196916937828064,
        0.8218225836753845,
        0.4263432025909424,
        0.4630751609802246,
        0.24365758895874023,
        0.5553187727928162,
        0.909511387348175,
        0.46482717990875244,
        0.9289261102676392,
        0.591910719871521,
        0.9603391885757446,
        0.9780820608139038,
        0.7557546496391296,
        0.35927706956863403,
        0.06378549337387085,
        0.46664804220199585,
        0.2820345163345337,
        0.5769656300544739,
        0.6449902653694153,
        0.9139889478683472,
        0.03298377990722656,
        0.16098803281784058,
        0.6008121371269226,
        0.06558835506439209,
        0.6193205118179321,
        0.3203805088996887,
        0.37018686532974243,
        0.4849873185157776,
        0.6004767417907715,
        0.8392621874809265
    ],
    "y_values": [
        0.12789124250411987,
        0.9563618898391724,
        0.7204558253288269,
        0.5379757285118103,
        0.9061974883079529,
        0.6825169920921326,
        0.30634140968322754,
        0.09459036588668823,
        0.8014732599258423,
        0.3362501263618469,
        0.6539889574050903,
        0.9446725249290466,
        0.20565563440322876,
        0.2869962453842163,
        0.396742045879364,
        0.4473103880882263,
        0.4673430919647217,
        0.4036406874656677,
        0.010412096977233887,
        0.9177126884460449,
        0.6313478350639343,
        0.23241323232650757,
        0.7825294137001038,
        0.3035851716995239,
        0.7770774364471436,
        0.9431824684143066,
        0.371925950050354,
        0.20044654607772827,
        0.8572139143943787,
        0.08477783203125,
        0.8787744045257568,
        0.9741390943527222,
        0.287661075592041,
        0.49771833419799805,
        0.49092477560043335,
        0.9524585604667664,
        0.039340317249298096,
        0.6876360774040222,
        0.4877743124961853,
        0.24990200996398926,
        0.83278489112854,
        0.7644888758659363,
        0.658329427242279,
        0.2540211081504822,
        0.4019872546195984,
        0.927526593208313,
        0.857959508895874,
        0.19968360662460327,
        0.45096439123153687,
        0.21885687112808228,
        0.509299635887146,
        0.6074450612068176,
        0.639907717704773,
        0.8573939204216003,
        0.884739339351654,
        0.698530375957489,
        0.24724644422531128,
        0.7240354418754578,
        0.4246111512184143,
        0.703124463558197,
        0.11218255758285522,
        0.5577974319458008,
        0.05108010768890381,
        0.9352308511734009,
        0.23112815618515015,
        0.8065629005432129,
        0.8860198259353638,
        0.9941803812980652,
        0.1499636173248291,
        0.9583693742752075,
        0.811403751373291,
        0.2345171570777893,
        0.8579592108726501,
        0.981813371181488,
        0.29912352561950684,
        0.772477388381958,
        0.3571479320526123,
        0.32179486751556396,
        0.6505475044250488,
        0.01102149486541748
    ]
}