{
    "format": 2,
    "name": "n80k4_82",
    "n": 80,
    "k": 4,
    "optimal_solution": 17.87381362915039,
    "x_values": [
        0.6492805480957031,
        0.41192394495010376,
        0.37009966373443604,
        0.4234292507171631,
        0.5138478875160217,
        0.34688228368759155,
        0.5593502521514893,
        0.9923887848854065,
        0.9587643146514893,
        0.44349968433380127,
        0.6759308576583862,
        0.0071836113929748535,
        0.18224012851715088,
        0.40426331758499146,
        0.5140600204467773,
        0.9948323369026184,
        0.35520368814468384,
        0.33699649572372437,
        0.4615137577056885,
        0.23073899745941162,
        0.14130419492721558,
        0.30320119857788086,
        0.45350319147109985,
        0.8790127038955688,
        0.24053829908370972,
        0.38986432552337646,
        0.4035162925720215,
        0.22478699684143066,
        0.27097970247268677,
        0.4685688614845276,
        0.8686700463294983,
        0.33798903226852417,
        0.9491192102432251,
        0.7855039834976196,
        0.9608477354049683,
        0.21841996908187866,
        0.7047893404960632,
        0.5472543835639954,
        0.4101669192314148,
        0.09976041316986084,
        0.8918944001197815,
        0.1327633261680603,
        0.8793798685073853,
        0.15191519260406494,
        0.4603915810585022,
        0.7789682149887085,
        0.3649834394454956,
        0.6673447489738464,
        0.47356176376342773,
        0.22729170322418213,
        0.18156951665878296,
        0.7454560399055481,
        0.21886193752288818,
        0.22067207098007202,
        0.5083512663841248,
        0.41279494762420654,
        0.7904605269432068,
        0.48246973752975464,
        0.7978946566581726,
        0.38173907995224,
        0.7465430498123169,
        0.6193196773529053,
        0.28159528970718384,
        0.6997671723365784,
        0.24397718906402588,
        0.14733785390853882,
        0.2737553119659424,
        0.41528570652008057,
        0.16766953468322754,
        0.31553882360458374,
        0.5301094651222229,
        0.8035954833030701,
        0.3469439148902893,
        0.8196896910667419,
        0.40627211332321167,
        0.26790428161621094,
        0.3121422529220581,
        0.9535730481147766,
        0.8795223236083984,
        0.47492319345474243
    ],
    "y_values": [
        0.6309724450111389,
        0.7490339279174805,
        0.013357937335968018,
        0.7569584846496582,
        0.31526535749435425,
        0.09558624029159546,
        0.472011923789978,
        0.173758864402771,
        0.45338040590286255,
        0.14353424310684204,
        0.2503894567489624,
        0.07135194540023804,
        0.39083707332611084,
        0.39105141162872314,
        0.13233423233032227,
        0.9147180914878845,
        0.22971200942993164,
        0.6145488619804382,
        0.9756633043289185,
        0.39200377464294434,
        0.48827314376831055,
        0.20731574296951294,
        0.39217573404312134,
        0.7738984227180481,
        0.0903545618057251,
        0.2613082528114319,
        0.7820732593536377,
        0.18456709384918213,
        0.27320605516433716,
        0.25269991159439087,
        0.11404836177825928,
        0.9715014100074768,
        0.706087589263916,
        0.5969148874282837,
        0.8648110628128052,
        0.3298757076263428,
        0.12639153003692627,
        0.1923721432685852,
        0.6362224221229553,
        0.39245331287384033,
        0.8379657864570618,
        0.09153866767883301,
        0.4403715133666992,
        0.9641121625900269,
        0.7179297804832458,
        0.4262237548828125,
        0.7428873181343079,
        0.16988521814346313,
        0.8799135684967041,
        0.06530481576919556,
        0.8295946717262268,
        0.6669182777404785,
        0.7253540754318237,
        0.715054988861084,
        0.9519454836845398,
        0.8985185027122498,
        0.2822381854057312,
        0.06618374586105347,
        0.4706622362136841,
        0.7184882760047913,
        0.7860005497932434,
        0.36108940839767456,
        0.5727102160453796,
        0.5153964161872864,
        0.9944673180580139,
        0.9101141691207886,
        0.2510412335395813,
        0.057507097721099854,
        0.5524119734764099,
        0.8872214555740356,
        0.3971099257469177,
        0.0402567982673645,
        0.09965759515762329,
        0.7282633185386658,
        0.43955981731414795,
        0.7042575478553772,
        0.4340537190437317,
        0.07030576467514038,
        0.9197897911071777,
        0.5797140002250671
    ]
}