{
    "format": 2,
    "name": "n80k4_12",
    "n": 80,
    "k": 4,
    "optimal_solution": 19.371566772460938,
    "x_values": [
        0.035881876945495605,
        0.7308047413825989,
        0.5967709422111511,
        0.6350182890892029,
        0.7926002740859985,
        0.995764434337616,
        0.8493729829788208,
        0.041831254959106445,
        0.3771684169769287,
        0.12252306938171387,
        0.14926236867904663,
        0.8155975937843323,
        0.7617229223251343,
        0.8284838199615479,
        0.8749493956565857,
        0.8593970537185669,
        0.9062316417694092,
        0.5656244158744812,
        0.4213200807571411,
        0.985697865486145,
        0.048431456089019775,
        0.6470766663551331,
        0.22251856327056885,
        0.19728463888168335,
        0.5191551446914673,
        0.08632194995880127,
        0.0774533748626709,
        0.5644746422767639,
        0.8160512447357178,
        0.007078886032104492,
        0.11208635568618774,
        0.07501006126403809,
        0.23945015668869019,
        0.8834816813468933,
        0.8830879330635071,
        0.6574050188064575,
        0.7208744883537292,
        0.7953007221221924,
        0.30314207077026367,
        0.8739659190177917,
        0.01633685827255249,
        0.8972148299217224,
        0.42159247398376465,
        0.8883742690086365,
        0.355777382850647,
        0.6523708701133728,
        0.108528733253479,
        0.9127503633499146,
        0.3653668761253357,
        0.15077078342437744,
        0.5362105965614319,
        0.6047147512435913,
        0.39042794704437256,
        0.3653947114944458,
        0.7847587466239929,
        0.6935743689537048,
        0.2815104126930237,
        0.17299622297286987,
        0.6428112387657166,
        0.971042275428772,
        0.40460848808288574,
        0.9788558483123779,
        0.9139414429664612,
        0.6212565302848816,
        0.1475699543952942,
        0.12975215911865234,
        0.5118528604507446,
        0.27099013328552246,
        0.2495335340499878,
        0.2860860228538513,
        0.6884855628013611,
        0.9118245840072632,
        0.8837295174598694,
        0.07029902935028076,
        0.07673496007919312,
        0.9144831299781799,
        0.9274019598960876,
        0.2866908311843872,
        0.7350848913192749,
        0.9095335006713867
    ],
    "y_values": [
        0.004490971565246582,
        0.010036349296569824,
        0.4785708785057068,
        0.3508386015892029,
        0.9935244917869568,
        0.017902851104736328,
        0.31553155183792114,
        0.5304297208786011,
        0.27180904150009155,
        0.4098684787750244,
        0.16136938333511353,
        0.6739911437034607,
        0.9624107480049133,
        0.34788161516189575,
        0.5797508955001831,
        0.5364373326301575,
        0.6658546328544617,
        0.4742715358734131,
        0.14763152599334717,
        0.9867605566978455,
        0.5513380765914917,
        0.9863424301147461,
        0.8399574756622314,
        0.917730450630188,
        0.09215706586837769,
        0.2841155529022217,
        0.7598838806152344,
        0.12354958057403564,
        0.899350106716156,
        0.7636110186576843,
        0.09148144721984863,
        0.16464084386825562,
        0.5410593152046204,
        0.8471707701683044,
        0.021413862705230713,
        0.02816629409790039,
        0.920738160610199,
        0.5588828921318054,
        0.5582087635993958,
        0.4267827272415161,
        0.6941708922386169,
        0.4254056215286255,
        0.4502006769180298,
        0.36738651990890503,
        0.8378745913505554,
        0.2601625323295593,
        0.16924232244491577,
        0.9477161765098572,
        0.3433787226676941,
        0.8950678110122681,
        0.7462666034698486,
        0.3455679416656494,
        0.06579089164733887,
        0.4099888205528259,
        0.845832884311676,
        0.29473525285720825,
        0.9317415952682495,
        0.610948920249939,
        0.34530967473983765,
        0.7691706418991089,
        0.21821308135986328,
        0.28703588247299194,
        0.6481382846832275,
        0.9634907245635986,
        0.8516137003898621,
        0.791972279548645,
        0.6539416313171387,
        0.1282898187637329,
        0.5934184789657593,
        0.42656952142715454,
        0.5405091643333435,
        0.12789785861968994,
        0.5709328055381775,
        0.010699212551116943,
        0.8735668659210205,
        0.743425726890564,
        0.5828291773796082,
        0.6547552347183228,
        0.4078006148338318,
        0.8864225149154663
    ]
}