{
    "format": 5,
    "name": "n80k4_39",
    "n": 80,
    "k": 4,
    "optimal_solution": 0.4494190216064453,
    "x_values": [
        0.44173645973205566,
        0.4991593360900879,
        0.216009259223938,
        0.32926416397094727,
        0.42857879400253296,
        0.2049744725227356,
        0.2197895050048828,
        0.3608432412147522,
        0.7659659385681152,
        0.7960035800933838,
        0.42944759130477905,
        0.9914378523826599,
        0.1811177134513855,
        0.193043053150177,
        0.5103591680526733,
        0.6946625113487244,
        0.27421069145202637,
        0.4366995096206665,
        0.7883456945419312,
        0.27966493368148804,
        0.31323057413101196,
        0.07318520545959473,
        0.7833391427993774,
        0.5751218795776367,
        0.008966207504272461,
        0.008166670799255371,
        0.03843200206756592,
        0.9093794226646423,
        0.8946086764335632,
        0.9096811413764954,
        0.639292299747467,
        0.9918702244758606,
        0.001889348030090332,
        0.7297849059104919,
        0.646259605884552,
        0.14757245779037476,
        0.26447951793670654,
        0.3966558575630188,
        0.4342721700668335,
        0.7497239708900452,
        0.9036844968795776,
        0.05281001329421997,
        0.8155158758163452,
        0.3737174868583679,
        0.582006573677063,
        0.12068569660186768,
        0.938140332698822,
        0.09337002038955688,
        0.8391414284706116,
        0.049802541732788086,
        0.46955275535583496,
        0.08981585502624512,
        0.33468180894851685,
        0.007840216159820557,
        0.36066359281539917,
        0.1759609580039978,
        0.37663716077804565,
        0.4155470132827759,
        0.3969639539718628,
        0.47625380754470825,
        0.25431984663009644,
        0.23130732774734497,
        0.13659971952438354,
        0.06039553880691528,
        0.16527646780014038,
        0.9162430763244629,
        0.5341254472732544,
        0.41541415452957153,
        0.6071873903274536,
        0.48555314540863037,
        0.8677887916564941,
        0.050146281719207764,
        0.3144742250442505,
        0.5845210552215576,
        0.8521431684494019,
        0.8408635854721069,
        0.9737268686294556,
        0.2168523073196411,
        0.5612287521362305,
        0.06987804174423218
    ],
    "y_values": [
        0.764462411403656,
        0.8968002796173096,
        0.07869154214859009,
        0.5416854023933411,
        0.14921128749847412,
        0.5541645884513855,
        0.43056029081344604,
        0.10644495487213135,
        0.03609591722488403,
        0.21022886037826538,
        0.5891290307044983,
        0.8597370982170105,
        0.2796950936317444,
        0.8442306518554688,
        0.9984908699989319,
        0.7464439272880554,
        0.594761073589325,
        0.5317044854164124,
        0.3024160861968994,
        0.3088415265083313,
        0.032208263874053955,
        0.32911109924316406,
        0.209056556224823,
        0.7356505990028381,
        0.43702101707458496,
        0.7792736291885376,
        0.2144731879234314,
        0.00037109851837158203,
        0.6114198565483093,
        0.15554964542388916,
        0.6229567527770996,
        0.21225684881210327,
        0.7219683527946472,
        0.5864759683609009,
        0.2085740566253662,
        0.60840904712677,
        0.44818270206451416,
        0.08735555410385132,
        0.0023630261421203613,
        0.13817113637924194,
        0.9868409633636475,
        0.043715059757232666,
        0.3378334641456604,
        0.7536503076553345,
        0.3401891589164734,
        0.7644097208976746,
        0.5202196836471558,
        0.09995990991592407,
        0.13796478509902954,
        0.19036465883255005,
        0.18551939725875854,
        0.5587778091430664,
        0.696326494216919,
        0.28033900260925293,
        0.6945788860321045,
        0.8671973347663879,
        0.39781296253204346,
        0.3403756022453308,
        0.051921844482421875,
        0.842939019203186,
        0.586448609828949,
        0.362448513507843,
        0.4926074743270874,
        0.629838228225708,
        0.5908820629119873,
        0.3353589177131653,
        0.3143746852874756,
        0.1437699794769287,
        0.6109982132911682,
        0.3676793575286865,
        0.44916439056396484,
        0.7851307988166809,
        0.5311254858970642,
        0.9928494691848755,
        0.42806172370910645,
        0.7598771452903748,
        0.11182910203933716,
        0.779673159122467,
        0.006476342678070068,
        0.7892892956733704
    ]
}