{
    "format": 8,
    "name": "n40k5_75",
    "n": 40,
    "k": 5,
    "capacity": 8,
    "optimal_solution": 7.257296562194824,
    "x_values": [
        0.9344074130058289,
        0.9111168384552002,
        0.21734750270843506,
        0.16252636909484863,
        0.4947066307067871,
        0.2506147623062134,
        0.12488633394241333,
        0.10942333936691284,
        0.9117212295532227,
        0.09159058332443237,
        0.3114162087440491,
        0.27003031969070435,
        0.11131417751312256,
        0.6404725313186646,
        0.054149329662323,
        0.5837898850440979,
        0.20436394214630127,
        0.9144716262817383,
        0.9160332083702087,
        0.25755518674850464,
        0.5203843116760254,
        0.35585498809814453,
        0.2559930682182312,
        0.18102282285690308,
        0.9531733393669128,
        0.18183475732803345,
        0.26190704107284546,
        0.29222428798675537,
        0.5183478593826294,
        0.7079624533653259,
        0.6334266066551208,
        0.5529056191444397,
        0.31086087226867676,
        0.4187326431274414,
        0.2991752624511719,
        0.6111131310462952,
        0.4241725206375122,
        0.3242805004119873,
        0.8354980945587158,
        0.7868144512176514
    ],
    "y_values": [
        0.7535617351531982,
        0.9648645520210266,
        0.7320272326469421,
        0.3157663345336914,
        0.29692208766937256,
        0.8573225736618042,
        0.5958243608474731,
        0.2831503748893738,
        0.1597830057144165,
        0.5687618851661682,
        0.6460769772529602,
        0.7027438879013062,
        0.3196636438369751,
        0.8599426746368408,
        0.8470423817634583,
        0.059661924839019775,
        0.09743177890777588,
        0.046989262104034424,
        0.706078827381134,
        0.6682046055793762,
        0.750945508480072,
        0.13635683059692383,
        0.8040046691894531,
        0.5276184678077698,
        0.4385634660720825,
        0.26601094007492065,
        0.24498051404953003,
        0.17407840490341187,
        0.19713938236236572,
        0.6041901707649231,
        0.17707014083862305,
        0.3079039454460144,
        0.9597996473312378,
        0.7945678234100342,
        0.7390193939208984,
        0.3679651618003845,
        0.47956031560897827,
        0.003842651844024658,
        0.8630598783493042,
        0.23580068349838257
    ]
}