{
    "format": 2,
    "name": "n50k3_82",
    "n": 50,
    "k": 3,
    "optimal_solution": 12.304956436157227,
    "x_values": [
        0.6179715991020203,
        0.8124841451644897,
        0.016507089138031006,
        0.5848237872123718,
        0.9004536867141724,
        0.35374021530151367,
        0.40783995389938354,
        0.6801157593727112,
        0.8532606959342957,
        0.31905949115753174,
        0.8301486968994141,
        0.5304868817329407,
        0.7498381733894348,
        0.2246951460838318,
        0.5301586389541626,
        0.17491871118545532,
        0.32032036781311035,
        0.5814152359962463,
        0.49787741899490356,
        0.4193516969680786,
        0.10337179899215698,
        0.29040056467056274,
        0.5827739238739014,
        0.5282087326049805,
        0.8721408247947693,
        0.6679232716560364,
        0.11374729871749878,
        0.8624475002288818,
        0.9745816588401794,
        0.5082610845565796,
        0.5448004603385925,
        0.8170223832130432,
        0.09906774759292603,
        0.42441439628601074,
        0.06007570028305054,
        0.26687848567962646,
        0.7247922420501709,
        0.6998176574707031,
        0.922122061252594,
        0.6184042096138,
        0.2199903130531311,
        0.8611029982566833,
        0.6561801433563232,
        0.3947228789329529,
        0.5266736149787903,
        0.6520918607711792,
        0.5433177351951599,
        0.6067078709602356,
        0.9754484295845032,
        0.3956599831581116
    ],
    "y_values": [
        0.9206976294517517,
        0.6238464713096619,
        0.14072120189666748,
        0.6447381973266602,
        0.5103836059570312,
        0.4815394878387451,
        0.37648624181747437,
        0.00255507230758667,
        0.7927101850509644,
        0.6564562320709229,
        0.17507034540176392,
        0.7991693019866943,
        0.9323952198028564,
        0.6798029541969299,
        0.4235162138938904,
        0.33514469861984253,
        0.7520233988761902,
        0.785542368888855,
        0.8324598073959351,
        0.29785245656967163,
        0.831916868686676,
        0.1244547963142395,
        0.669179379940033,
        0.21275347471237183,
        0.900249183177948,
        0.604483962059021,
        0.34425485134124756,
        0.6272416710853577,
        0.6568627953529358,
        0.3057951331138611,
        0.15120482444763184,
        0.45418012142181396,
        0.8331984877586365,
        0.8850640058517456,
        0.20055145025253296,
        0.804176390171051,
        0.5553815960884094,
        0.7162463068962097,
        0.915533721446991,
        0.9824900031089783,
        0.7037079930305481,
        0.7288133502006531,
        0.7758538126945496,
        0.3530349135398865,
        0.9213828444480896,
        0.8519647717475891,
        0.23044639825820923,
        0.044080495834350586,
        0.3132699131965637,
        0.07521891593933105
    ]
}