{
    "format": 2,
    "name": "n50k3_23",
    "n": 50,
    "k": 3,
    "optimal_solution": 13.437784194946289,
    "x_values": [
        0.04696977138519287,
        0.45711320638656616,
        0.9412521123886108,
        0.8321751952171326,
        0.46459197998046875,
        0.4635881185531616,
        0.14286643266677856,
        0.36545825004577637,
        0.5150104761123657,
        0.7247723340988159,
        0.25353503227233887,
        0.5063746571540833,
        0.7451440095901489,
        0.807377278804779,
        0.8609358072280884,
        0.4993863105773926,
        0.8515531420707703,
        0.37061822414398193,
        0.9180755615234375,
        0.05506491661071777,
        0.8571763634681702,
        0.29902344942092896,
        0.4454668164253235,
        0.19260960817337036,
        0.7545599937438965,
        0.7083432674407959,
        0.8222094774246216,
        0.690338134765625,
        0.4056406021118164,
        0.5160449147224426,
        0.36896663904190063,
        0.023224592208862305,
        0.049790024757385254,
        0.9396019577980042,
        0.12509310245513916,
        0.1554080843925476,
        0.566662609577179,
        0.8272637128829956,
        0.8980734348297119,
        0.3170379400253296,
        0.6520881056785583,
        0.7412024736404419,
        0.789371132850647,
        0.18008220195770264,
        0.2547360062599182,
        0.5691500306129456,
        0.443179190158844,
        0.25927895307540894,
        0.850011944770813,
        0.43242037296295166
    ],
    "y_values": [
        0.6088932156562805,
        0.6990840435028076,
        0.5697246789932251,
        0.9717681407928467,
        0.25022345781326294,
        0.2548098564147949,
        0.44191473722457886,
        0.7138472199440002,
        0.3464076519012451,
        0.5272104740142822,
        0.9855755567550659,
        0.06525808572769165,
        0.7502308487892151,
        0.38148754835128784,
        0.14769774675369263,
        0.5775706171989441,
        0.5101068019866943,
        0.10416579246520996,
        0.8233107924461365,
        0.41267186403274536,
        0.3365081548690796,
        0.4903070330619812,
        0.11882907152175903,
        0.8831015825271606,
        0.06551998853683472,
        0.7353671193122864,
        0.9844124913215637,
        0.4506727457046509,
        0.542076826095581,
        0.5526494979858398,
        0.26753848791122437,
        0.9532241821289062,
        0.7927250266075134,
        0.6150823831558228,
        0.9212724566459656,
        0.8332276344299316,
        0.491801917552948,
        0.013631343841552734,
        0.13571035861968994,
        0.5927722454071045,
        0.3887668251991272,
        0.404471218585968,
        0.15583723783493042,
        0.48566722869873047,
        0.8064871430397034,
        0.6876513957977295,
        0.19592630863189697,
        0.20122385025024414,
        0.834222137928009,
        0.3135530948638916
    ]
}