{
    "format": 2,
    "name": "n50k3_88",
    "n": 50,
    "k": 3,
    "optimal_solution": 13.862972259521484,
    "x_values": [
        0.1749894618988037,
        0.9969342350959778,
        0.011587083339691162,
        0.9113748073577881,
        0.5747634768486023,
        0.3823535442352295,
        0.6728112101554871,
        0.25733935832977295,
        0.5018361210823059,
        0.0596538782119751,
        0.995363175868988,
        0.1613600254058838,
        0.7775660157203674,
        0.8431697487831116,
        0.8761115670204163,
        0.283812940120697,
        0.18441253900527954,
        0.3800927400588989,
        0.5785337686538696,
        0.8472460508346558,
        0.6137284636497498,
        0.4215053915977478,
        0.08060061931610107,
        0.5795491337776184,
        0.11791175603866577,
        0.927472710609436,
        0.3950297236442566,
        0.22392427921295166,
        0.3058650493621826,
        0.13543015718460083,
        0.8659750819206238,
        0.7160366773605347,
        0.027437210083007812,
        0.322778582572937,
        0.8499478101730347,
        0.8837857246398926,
        0.8444880247116089,
        0.690671443939209,
        0.07446527481079102,
        0.07584631443023682,
        0.8895924687385559,
        0.7505978941917419,
        0.05771052837371826,
        0.845458984375,
        0.3186194896697998,
        0.37234044075012207,
        0.08056747913360596,
        0.7293846011161804,
        0.9954105615615845,
        0.4521843194961548
    ],
    "y_values": [
        0.968930184841156,
        0.014767229557037354,
        0.6510307192802429,
        0.33185654878616333,
        0.02319467067718506,
        0.5869491100311279,
        0.20585399866104126,
        0.001983940601348877,
        0.8976656198501587,
        0.46946007013320923,
        0.7409296631813049,
        0.5548526048660278,
        0.0857744812965393,
        0.001758277416229248,
        0.020996391773223877,
        0.18877851963043213,
        0.8795073628425598,
        0.23981714248657227,
        0.1347801685333252,
        0.8390225172042847,
        0.22032451629638672,
        0.36709773540496826,
        0.46718156337738037,
        0.06554549932479858,
        0.9298346042633057,
        0.042813777923583984,
        0.9863402843475342,
        0.7785215377807617,
        0.22442877292633057,
        0.7264735102653503,
        0.685673177242279,
        0.1500346064567566,
        0.9666793346405029,
        0.8398036360740662,
        0.6509906053543091,
        0.8797476291656494,
        0.5422975420951843,
        0.6637512445449829,
        0.718022882938385,
        0.8010434508323669,
        0.17093408107757568,
        0.8499069809913635,
        0.20702677965164185,
        0.8495388031005859,
        0.3308335542678833,
        0.915915846824646,
        0.5533550381660461,
        0.6063233613967896,
        0.3087310194969177,
        0.9626918435096741
    ]
}