{
    "format": 5,
    "name": "n40k7_59",
    "n": 40,
    "k": 7,
    "optimal_solution": 0.28810054063796997,
    "x_values": [
        0.3192760944366455,
        0.4890247583389282,
        0.4111178517341614,
        0.37677663564682007,
        0.8573406338691711,
        0.1455754041671753,
        0.5340719819068909,
        0.8247516751289368,
        0.3117876648902893,
        0.15380626916885376,
        0.06858950853347778,
        0.3540627956390381,
        0.3373132348060608,
        0.6536374688148499,
        0.024678468704223633,
        0.91656893491745,
        0.21503078937530518,
        0.2926388382911682,
        0.7741754055023193,
        0.9920648336410522,
        0.9312743544578552,
        0.4166983962059021,
        0.8245772123336792,
        0.3429620862007141,
        0.6618146896362305,
        0.20324546098709106,
        0.5133833885192871,
        0.9932501912117004,
        0.4648473858833313,
        0.6708902716636658,
        0.6778503656387329,
        0.38161802291870117,
        0.5087471008300781,
        0.5308650732040405,
        0.753818154335022,
        0.915599524974823,
        0.23954522609710693,
        0.2802915573120117,
        0.45118850469589233,
        0.7474987506866455
    ],
    "y_values": [
        0.7695838212966919,
        0.7880797386169434,
        0.41612929105758667,
        0.3106633424758911,
        0.7821846008300781,
        0.5520620942115784,
        0.03299516439437866,
        0.5711044669151306,
        0.5499011278152466,
        0.09211122989654541,
        0.031117141246795654,
        0.7473263144493103,
        0.8472686409950256,
        0.07089835405349731,
        0.8728578090667725,
        0.872461199760437,
        0.18674713373184204,
        0.5400199294090271,
        0.5779802203178406,
        0.6848976016044617,
        0.5339440107345581,
        0.6345964670181274,
        0.6368640661239624,
        0.45558232069015503,
        0.3159778118133545,
        0.5074207782745361,
        0.06794613599777222,
        0.739679217338562,
        0.5406631231307983,
        0.2053491473197937,
        0.48648959398269653,
        0.11763334274291992,
        0.32551640272140503,
        0.6152448654174805,
        0.8012716174125671,
        0.5404065251350403,
        0.38480144739151,
        0.5777425169944763,
        0.27971845865249634,
        0.07727444171905518
    ]
}