{
    "format": 2,
    "name": "n80k3_69",
    "n": 80,
    "k": 3,
    "optimal_solution": 21.69942283630371,
    "x_values": [
        0.5456079840660095,
        0.2954518795013428,
        0.43537062406539917,
        0.7716550230979919,
        0.6971898674964905,
        0.5224782228469849,
        0.8753043413162231,
        0.12740188837051392,
        0.7211918234825134,
        0.10083860158920288,
        0.6278994083404541,
        0.8275229334831238,
        0.4738916754722595,
        0.21013879776000977,
        0.4243670701980591,
        0.04639554023742676,
        0.9248197674751282,
        0.8344911932945251,
        0.23976588249206543,
        0.09011131525039673,
        0.4488128423690796,
        0.33422768115997314,
        0.3716846704483032,
        0.5150805115699768,
        0.9492904543876648,
        0.8805133700370789,
        0.17000675201416016,
        0.5404188632965088,
        0.5932056903839111,
        0.4044542908668518,
        0.1257217526435852,
        0.7220969796180725,
        0.8158128261566162,
        0.9863047003746033,
        0.721296489238739,
        0.2656230330467224,
        0.2396189570426941,
        0.2896013855934143,
        0.39656001329421997,
        0.07658934593200684,
        0.9807004928588867,
        0.846448540687561,
        0.28144919872283936,
        0.7456336617469788,
        0.9803069233894348,
        0.8683220744132996,
        0.9671896696090698,
        0.9331080317497253,
        0.5884261131286621,
        0.9964268207550049,
        0.7697916030883789,
        0.8821321725845337,
        0.5278906226158142,
        0.10094577074050903,
        0.46857506036758423,
        0.38416123390197754,
        0.14182811975479126,
        0.8754860758781433,
        0.30103230476379395,
        0.5228923559188843,
        0.4433116316795349,
        0.8476253151893616,
        0.44127339124679565,
        0.43323618173599243,
        0.3360820412635803,
        0.7983258962631226,
        0.9790948629379272,
        0.30286675691604614,
        0.9323564171791077,
        0.4445498585700989,
        0.714408814907074,
        0.9741255640983582,
        0.28925400972366333,
        0.817121148109436,
        0.057392418384552,
        0.4332820773124695,
        0.25532639026641846,
        0.14644986391067505,
        0.04219865798950195,
        0.11665022373199463
    ],
    "y_values": [
        0.21925705671310425,
        0.8963426351547241,
        0.5325619578361511,
        0.13278329372406006,
        0.8501789569854736,
        0.9607065916061401,
        0.08000123500823975,
        0.6605216264724731,
        0.09564214944839478,
        0.2967696189880371,
        0.6389344334602356,
        0.8419163227081299,
        0.40115153789520264,
        0.592573881149292,
        0.3658142685890198,
        0.33378511667251587,
        0.7776559591293335,
        0.7277386784553528,
        0.5282367467880249,
        0.042074620723724365,
        0.1858764886856079,
        0.6448548436164856,
        0.014761626720428467,
        0.6514248251914978,
        0.16961634159088135,
        0.9135840535163879,
        0.3362935185432434,
        0.6525881886482239,
        0.11579638719558716,
        0.7026676535606384,
        0.8151564598083496,
        0.32341378927230835,
        0.26957881450653076,
        0.7679181694984436,
        0.35391002893447876,
        0.7236599326133728,
        0.8082980513572693,
        0.03395015001296997,
        0.1291835904121399,
        0.45563989877700806,
        0.21716207265853882,
        0.37281733751296997,
        0.9041008949279785,
        0.7879711985588074,
        0.8155661821365356,
        0.024660885334014893,
        0.3792712688446045,
        0.39709770679473877,
        0.8006600141525269,
        0.2574921250343323,
        0.19170796871185303,
        0.34226828813552856,
        0.6086039543151855,
        0.7820950746536255,
        0.7527173757553101,
        0.3944225311279297,
        0.3772807717323303,
        0.13758426904678345,
        0.9493990540504456,
        0.07140922546386719,
        0.10009604692459106,
        0.3498956561088562,
        0.8040811419487,
        0.06510502099990845,
        0.9779521822929382,
        0.3493666648864746,
        0.9665688872337341,
        0.5251168608665466,
        0.2544103264808655,
        0.7351607084274292,
        0.08149605989456177,
        0.20411884784698486,
        0.7988132238388062,
        0.9377038478851318,
        0.4241052269935608,
        0.5720505714416504,
        0.8761606812477112,
        0.6893595457077026,
        0.47776347398757935,
        0.3549344539642334
    ]
}