{
    "format": 5,
    "name": "n80k3_9",
    "n": 80,
    "k": 3,
    "optimal_solution": 0.5842351317405701,
    "x_values": [
        0.12944918870925903,
        0.47580915689468384,
        0.23437577486038208,
        0.0007335543632507324,
        0.22860771417617798,
        0.01548469066619873,
        0.25720739364624023,
        0.359973669052124,
        0.9570642709732056,
        0.37376868724823,
        0.977370023727417,
        0.7726256251335144,
        0.6686229109764099,
        0.43195098638534546,
        0.6102468967437744,
        0.5655883550643921,
        0.09918147325515747,
        0.35437530279159546,
        0.5323511958122253,
        0.18405210971832275,
        0.28155702352523804,
        0.07962596416473389,
        0.9521980285644531,
        0.7675136923789978,
        0.9729396104812622,
        0.959088921546936,
        0.07210683822631836,
        0.5628865957260132,
        0.4416356682777405,
        0.7240134477615356,
        0.7181143760681152,
        0.5213249325752258,
        0.3659783601760864,
        0.34783560037612915,
        0.49345362186431885,
        0.6889479756355286,
        0.03838646411895752,
        0.7864515781402588,
        0.8195012807846069,
        0.2034982442855835,
        0.6691921353340149,
        0.9770394563674927,
        0.3166452646255493,
        0.9421098828315735,
        0.37418580055236816,
        0.5002108216285706,
        0.30684518814086914,
        0.4733338952064514,
        0.8040757775306702,
        0.47927790880203247,
        0.6297932267189026,
        0.6381027698516846,
        0.13512951135635376,
        0.7084446549415588,
        0.24639755487442017,
        0.13515430688858032,
        0.07341527938842773,
        0.7933247685432434,
        0.40452373027801514,
        0.5680490136146545,
        0.15325379371643066,
        0.35710638761520386,
        0.04301345348358154,
        0.4224308729171753,
        0.843157947063446,
        0.7149258255958557,
        0.6390889883041382,
        0.3479825258255005,
        0.7659050226211548,
        0.992190420627594,
        0.15092122554779053,
        0.14923632144927979,
        0.5918655395507812,
        0.05507558584213257,
        0.7685230374336243,
        0.7663339972496033,
        0.7249491214752197,
        0.9954953789710999,
        0.42419952154159546,
        0.8333255648612976
    ],
    "y_values": [
        0.2759772539138794,
        0.3286318778991699,
        0.7247456312179565,
        0.40549445152282715,
        0.0020369291305541992,
        0.8424870371818542,
        0.7679983973503113,
        0.9000701904296875,
        0.2138797640800476,
        0.04421120882034302,
        0.38112640380859375,
        0.2906373143196106,
        0.24773836135864258,
        0.5545657873153687,
        0.100472092628479,
        0.2703361511230469,
        0.16035163402557373,
        0.10485857725143433,
        0.4513518214225769,
        0.7795416712760925,
        0.9728206992149353,
        0.04685789346694946,
        0.7851841449737549,
        0.32100600004196167,
        0.6071723103523254,
        0.761437177658081,
        0.7649841904640198,
        0.8421066403388977,
        0.8356351256370544,
        0.8940441012382507,
        0.4615885615348816,
        0.7636476159095764,
        0.6034942269325256,
        0.9930450320243835,
        0.26293665170669556,
        0.5158233642578125,
        0.778279185295105,
        0.2373943328857422,
        0.015583217144012451,
        0.4241636395454407,
        0.6212331056594849,
        0.1717875599861145,
        0.7258820533752441,
        0.12773364782333374,
        0.06155037879943848,
        0.2945792078971863,
        0.6527636051177979,
        0.3153599500656128,
        0.4179021716117859,
        0.5370091795921326,
        0.8496996164321899,
        0.407031774520874,
        0.689069926738739,
        0.17218869924545288,
        0.48942625522613525,
        0.9928016662597656,
        0.9770891666412354,
        0.011775076389312744,
        0.858840823173523,
        0.42036211490631104,
        0.3676629066467285,
        0.6136201024055481,
        0.8807271718978882,
        0.20583051443099976,
        0.6236333250999451,
        0.5215054154396057,
        0.9581854343414307,
        0.710807740688324,
        0.08482623100280762,
        0.9016669392585754,
        0.7466440796852112,
        0.15731632709503174,
        0.5623082518577576,
        0.544899582862854,
        0.9628929495811462,
        0.2963497042655945,
        0.01674783229827881,
        0.17189663648605347,
        0.616844654083252,
        0.915130078792572
    ]
}