{
    "format": 2,
    "name": "n70k3_57",
    "n": 70,
    "k": 3,
    "optimal_solution": 19.869110107421875,
    "x_values": [
        0.8812597393989563,
        0.17664498090744019,
        0.15413808822631836,
        0.2986099123954773,
        0.36750292778015137,
        0.22085797786712646,
        0.9440551996231079,
        0.6925671696662903,
        0.2146504521369934,
        0.48946720361709595,
        0.4732857942581177,
        0.7944698333740234,
        0.7308467030525208,
        0.7992001175880432,
        0.995154082775116,
        0.07934355735778809,
        0.10436522960662842,
        0.5658592581748962,
        0.9667314291000366,
        0.190690815448761,
        0.32154983282089233,
        0.9158798456192017,
        0.2322031855583191,
        0.31522804498672485,
        0.6270430684089661,
        0.15222299098968506,
        0.7874003648757935,
        0.08321630954742432,
        0.582832396030426,
        0.32768625020980835,
        0.18767142295837402,
        0.3923788070678711,
        0.3390262722969055,
        0.5301299095153809,
        0.11840420961380005,
        0.6427443027496338,
        0.2601258158683777,
        0.6494985818862915,
        0.22374188899993896,
        0.9112966656684875,
        0.47725123167037964,
        0.5046431422233582,
        0.9498797059059143,
        0.17082172632217407,
        0.9906506538391113,
        0.7256317138671875,
        0.6848523020744324,
        0.7575018405914307,
        0.6279097199440002,
        0.7501342296600342,
        0.7692533731460571,
        0.4952127933502197,
        0.10701173543930054,
        0.9922021627426147,
        0.8802710175514221,
        0.8289790749549866,
        0.3187723755836487,
        0.4545683264732361,
        0.32360321283340454,
        0.30477285385131836,
        0.5461848378181458,
        0.25865650177001953,
        0.8094222545623779,
        0.7121455073356628,
        0.8778836131095886,
        0.5301499366760254,
        0.6746281385421753,
        0.4987354278564453,
        0.25622129440307617,
        0.8242976069450378
    ],
    "y_values": [
        0.8631240129470825,
        0.059589684009552,
        0.04687142372131348,
        0.06563645601272583,
        0.5016036033630371,
        0.8355324864387512,
        0.9232316613197327,
        0.4166293740272522,
        0.1208680272102356,
        0.16468119621276855,
        0.21061033010482788,
        0.10423946380615234,
        0.3151264190673828,
        0.1379418969154358,
        0.7205789685249329,
        0.4358367323875427,
        0.7841482758522034,
        0.9861712455749512,
        0.12524408102035522,
        0.7396775484085083,
        0.838970959186554,
        0.6203861236572266,
        0.17652320861816406,
        0.4465591311454773,
        0.7358406186103821,
        0.2390407919883728,
        0.026376783847808838,
        0.969978392124176,
        0.0060843825340271,
        0.5444955229759216,
        0.6195386052131653,
        0.9475536942481995,
        0.5407170653343201,
        0.31281644105911255,
        0.11843425035476685,
        0.24908053874969482,
        0.4970118999481201,
        0.4585868716239929,
        0.4878488779067993,
        0.12206435203552246,
        0.27316510677337646,
        0.3267531394958496,
        0.17839622497558594,
        0.9028050303459167,
        0.4756907820701599,
        0.9521626830101013,
        0.9637479782104492,
        0.43991154432296753,
        0.3850569725036621,
        0.9985063076019287,
        0.7034177184104919,
        0.2681310772895813,
        0.8426536917686462,
        0.13899773359298706,
        0.5593230128288269,
        0.1861913800239563,
        0.6267548203468323,
        0.12318146228790283,
        0.44728076457977295,
        0.06389015913009644,
        0.6369824409484863,
        0.7242131233215332,
        0.14178097248077393,
        0.7287402153015137,
        0.4442514181137085,
        0.3496549129486084,
        0.016786694526672363,
        0.2002420425415039,
        0.4969545006752014,
        0.342639684677124
    ]
}