{
    "format": 2,
    "name": "n70k3_39",
    "n": 70,
    "k": 3,
    "optimal_solution": 18.975858688354492,
    "x_values": [
        0.5382360816001892,
        0.33323633670806885,
        0.39811158180236816,
        0.5308071970939636,
        0.7866135835647583,
        0.1516270637512207,
        0.7643791437149048,
        0.15125536918640137,
        0.7510269284248352,
        0.3921203017234802,
        0.800243616104126,
        0.8583781123161316,
        0.8991041779518127,
        0.8222604393959045,
        0.9488227963447571,
        0.19322681427001953,
        0.05508220195770264,
        0.5452203154563904,
        0.9947548508644104,
        0.6826980113983154,
        0.306044340133667,
        0.2725457549095154,
        0.7772146463394165,
        0.17680197954177856,
        0.24345427751541138,
        0.8378242254257202,
        0.05249983072280884,
        0.9777349233627319,
        0.6016566753387451,
        0.840752899646759,
        0.7472273707389832,
        0.2768877148628235,
        0.665330708026886,
        0.9355177879333496,
        0.3646693825721741,
        0.24579668045043945,
        0.5597338080406189,
        0.3920295834541321,
        0.9429008960723877,
        0.7405455112457275,
        0.4980839490890503,
        0.8918156027793884,
        0.050979018211364746,
        0.6431273818016052,
        0.2354830503463745,
        0.54164057970047,
        0.17769551277160645,
        0.5826379656791687,
        0.33214646577835083,
        0.2759159803390503,
        0.37620192766189575,
        0.6531593203544617,
        0.3390807509422302,
        0.4552220106124878,
        0.770189106464386,
        0.2579779624938965,
        0.18130874633789062,
        0.3954298496246338,
        0.5203726887702942,
        0.30030936002731323,
        0.8168733716011047,
        0.7743692398071289,
        0.32732826471328735,
        0.9614356756210327,
        0.10077929496765137,
        0.8150509595870972,
        0.14634037017822266,
        0.007455706596374512,
        0.7071155905723572,
        0.5997236967086792
    ],
    "y_values": [
        0.6778241991996765,
        0.0704038143157959,
        0.14334607124328613,
        0.7887216806411743,
        0.0059015750885009766,
        0.3483995795249939,
        0.7598443031311035,
        0.9772382378578186,
        0.673501193523407,
        0.6092113852500916,
        0.008551537990570068,
        0.2182002067565918,
        0.8192234635353088,
        0.3669169545173645,
        0.1306331753730774,
        0.055465102195739746,
        0.5241851806640625,
        0.3552517890930176,
        0.7452778816223145,
        0.9275205731391907,
        0.8280200362205505,
        0.29468870162963867,
        0.2877061367034912,
        0.6929002404212952,
        0.13862627744674683,
        0.8026394248008728,
        0.7822129130363464,
        0.21063542366027832,
        0.7051650881767273,
        0.8249459266662598,
        0.5057823657989502,
        0.305187463760376,
        0.5917120575904846,
        0.6589694023132324,
        0.02748394012451172,
        0.14261114597320557,
        0.798710823059082,
        0.7306751012802124,
        0.22483623027801514,
        0.5670701861381531,
        0.12776511907577515,
        0.7437475919723511,
        0.5886269211769104,
        0.1644229292869568,
        0.3626171946525574,
        0.8536725640296936,
        0.9771110415458679,
        0.32768046855926514,
        0.1268315315246582,
        0.9877526164054871,
        0.8036013841629028,
        0.28480446338653564,
        0.08010876178741455,
        0.5278421640396118,
        0.5636076331138611,
        0.9579828977584839,
        0.9229497313499451,
        0.3708835244178772,
        0.05820167064666748,
        0.9711294770240784,
        0.502115786075592,
        0.4037332534790039,
        0.8643537759780884,
        0.7449949383735657,
        0.2065749168395996,
        0.7271743416786194,
        0.01011967658996582,
        0.5495292544364929,
        0.5927264094352722,
        0.21679431200027466
    ]
}