{
    "format": 8,
    "name": "n50k2_47",
    "n": 50,
    "k": 2,
    "capacity": 25,
    "optimal_solution": 18.028217315673828,
    "x_values": [
        0.6332001090049744,
        0.4043445587158203,
        0.36985552310943604,
        0.03895682096481323,
        0.05157583951950073,
        0.027781307697296143,
        0.9468815326690674,
        0.3917921781539917,
        0.694242537021637,
        0.3033292293548584,
        0.8548176884651184,
        0.2702209949493408,
        0.43713122606277466,
        0.07588320970535278,
        0.9194998145103455,
        0.15039682388305664,
        0.5187625885009766,
        0.00014102458953857422,
        0.6552241444587708,
        0.3698267936706543,
        0.05190920829772949,
        0.1554531455039978,
        0.9302744269371033,
        0.6825055480003357,
        0.13306879997253418,
        0.08182787895202637,
        0.07037854194641113,
        0.9391224980354309,
        0.3778749704360962,
        0.9071183800697327,
        0.17493277788162231,
        0.027728557586669922,
        0.8473762273788452,
        0.3569076657295227,
        0.018091022968292236,
        0.7863693833351135,
        0.07273596525192261,
        0.8256104588508606,
        0.33058810234069824,
        0.2825102210044861,
        0.010138630867004395,
        0.3157936930656433,
        0.6485228538513184,
        0.46291106939315796,
        0.8808667063713074,
        0.8712956309318542,
        0.03370159864425659,
        0.8534979820251465,
        0.505318820476532,
        0.6046126484870911
    ],
    "y_values": [
        0.8741251230239868,
        0.08603286743164062,
        0.3353942036628723,
        0.8382211923599243,
        0.5433592796325684,
        0.6294288635253906,
        0.46210867166519165,
        0.03999781608581543,
        0.08070874214172363,
        0.15997552871704102,
        0.7562071084976196,
        0.6894335150718689,
        0.7187867760658264,
        0.2522335648536682,
        0.3167981505393982,
        0.7991346120834351,
        0.5231209993362427,
        0.7440857887268066,
        0.6390582919120789,
        0.9520700573921204,
        0.6395969390869141,
        0.3523218035697937,
        0.26107972860336304,
        0.4488629698753357,
        0.4931068420410156,
        0.9995817542076111,
        0.4952613115310669,
        0.7442891597747803,
        0.256769061088562,
        0.8377255797386169,
        0.6190953254699707,
        0.5844410061836243,
        0.9527683258056641,
        0.100685715675354,
        0.4757792353630066,
        0.1878681182861328,
        0.792350172996521,
        0.22774839401245117,
        0.34016281366348267,
        0.14326786994934082,
        0.8510643839836121,
        0.4009098410606384,
        0.41863077878952026,
        0.3507204055786133,
        0.07734847068786621,
        0.18765050172805786,
        0.024490654468536377,
        0.417402982711792,
        0.4946978688240051,
        0.44712793827056885
    ]
}