{
    "format": 8,
    "name": "n30k8_55",
    "n": 30,
    "k": 8,
    "capacity": 4,
    "optimal_solution": 4.030363082885742,
    "x_values": [
        0.5363436937332153,
        0.25796592235565186,
        0.724321722984314,
        0.29674768447875977,
        0.5696597695350647,
        0.233350932598114,
        0.2687000632286072,
        0.09048831462860107,
        0.4203869104385376,
        0.7892255783081055,
        0.521390438079834,
        0.11296910047531128,
        0.8634336590766907,
        0.35338151454925537,
        0.18216127157211304,
        0.7859303951263428,
        0.26565009355545044,
        0.31657862663269043,
        0.013638198375701904,
        0.846143901348114,
        0.43321800231933594,
        0.6701422333717346,
        0.6554566025733948,
        0.4399029612541199,
        0.7843211889266968,
        0.5110712051391602,
        0.9277969598770142,
        0.06821727752685547,
        0.38620442152023315,
        0.7398552894592285
    ],
    "y_values": [
        0.9388440847396851,
        0.23242074251174927,
        0.01204228401184082,
        0.42221391201019287,
        0.24368584156036377,
        0.8884285092353821,
        0.42243480682373047,
        0.08362430334091187,
        0.6250925064086914,
        0.5705617070198059,
        0.46709829568862915,
        0.40692245960235596,
        0.03552544116973877,
        0.7000585198402405,
        0.978026807308197,
        0.15008044242858887,
        0.7756196856498718,
        0.7843531370162964,
        0.28759998083114624,
        0.3758845925331116,
        0.23215252161026,
        0.8234553337097168,
        0.1659889817237854,
        0.8656905293464661,
        0.8950601816177368,
        0.3848165273666382,
        0.47662460803985596,
        0.5470604300498962,
        0.3126264214515686,
        0.38859760761260986
    ]
}