{
    "format": 8,
    "name": "n30k8_50",
    "n": 30,
    "k": 8,
    "capacity": 4,
    "optimal_solution": 3.5169811248779297,
    "x_values": [
        0.8902392387390137,
        0.4188786745071411,
        0.15509384870529175,
        0.45509225130081177,
        0.353984534740448,
        0.8315255641937256,
        0.20311033725738525,
        0.6151975393295288,
        0.2802470922470093,
        0.5806702375411987,
        0.3516045808792114,
        0.4491838812828064,
        0.14904141426086426,
        0.3424997329711914,
        0.97589510679245,
        0.448986291885376,
        0.0651276707649231,
        0.7516533732414246,
        0.5563156604766846,
        0.7336348295211792,
        0.589391827583313,
        0.5665434002876282,
        0.520521879196167,
        0.03455168008804321,
        0.7597382664680481,
        0.02636796236038208,
        0.5484279990196228,
        0.08771812915802002,
        0.2228066325187683,
        0.15013277530670166
    ],
    "y_values": [
        0.5858147144317627,
        0.12414038181304932,
        0.036609113216400146,
        0.05332827568054199,
        0.3149747848510742,
        0.2768133282661438,
        0.5483611822128296,
        0.1401798129081726,
        0.21023327112197876,
        0.5587908625602722,
        0.3084680438041687,
        0.9978762865066528,
        0.7729583382606506,
        0.3998185992240906,
        0.11635088920593262,
        0.8898285031318665,
        0.07858991622924805,
        0.47605961561203003,
        0.7501611709594727,
        0.3080418109893799,
        0.1733919382095337,
        0.12762469053268433,
        0.9985586404800415,
        0.4914594888687134,
        0.19459909200668335,
        0.24828940629959106,
        0.7250092029571533,
        0.40121257305145264,
        0.34228992462158203,
        0.29667770862579346
    ]
}