{
    "format": 5,
    "name": "n300k30_0",
    "n": 300,
    "k": 30,
    "optimal_solution": 21.763973200629163,
    "x_values": [
        0.016161124448317965,
        0.3116241135157841,
        0.9970150993721884,
        0.08699812468905221,
        0.7429112438263326,
        0.9618100580867722,
        0.4504635278819096,
        0.9226010685873208,
        0.8596540266647202,
        0.12660604004194387,
        0.447039392097034,
        0.0803206055782093,
        0.5534744333374985,
        0.4700454360141417,
        0.1118411040219246,
        0.5420531632994988,
        0.5109919234311787,
        0.8442254986585284,
        0.09344604554697178,
        0.6843204947341847,
        0.17977215815470904,
        0.7469417674662361,
        0.5660605554510533,
        0.5646543590761028,
        0.29110248475572154,
        0.3986234767861445,
        0.4439272317413897,
        0.6167288819795623,
        0.8578972812556752,
        0.4189081978527841,
        0.9048360068044073,
        0.09153346082527358,
        0.7969636710418988,
        0.14594395967657225,
        0.9049924600228315,
        0.35398055255424477,
        0.6582104643003228,
        0.5135584867662304,
        0.25126545178740456,
        0.41922015117517764,
        0.06087373829824605,
        0.7504594827530432,
        0.2948607903217203,
        0.6155333680781345,
        0.3517314970135781,
        0.6174369174941148,
        0.6195392303761406,
        0.7642161604609814,
        0.6767201839089426,
        0.8533106495073418,
        0.7531293129875914,
        0.6138453704283855,
        0.21624764827295373,
        0.3584960319901702,
        0.9086454743226876,
        0.9637137260439999,
        0.014412956342417793,
        0.09630176006737878,
        0.22199433039221106,
        0.9519017053506057,
        0.7461408397639016,
        0.3193750690005225,
        0.7525575676926176,
        0.7775888752773084,
        0.22586584151573819,
        0.14434901192747074,
        0.8711710537438753,
        0.4537740313822982,
        0.7346951968229906,
        0.7771184674573034,
        0.6544917483340962,
        0.23557115233258108,
        0.6806303727691286,
        0.460411167280917,
        0.3928927625818197,
        0.42026273287654947,
        0.21149995701307978,
        0.14126449991237222,
        0.23867212915960223,
        0.7014006098661216,
        0.8049136941042406,
        0.5190628949544002,
        0.8439081918207765,
        0.7957750620908709,
        0.48580117898562625,
        0.21417786856398446,
        0.9349709349202525,
        0.8228491852127947,
        0.39298035866005276,
        0.3535121587421248,
        0.740422879853174,
        0.054005952642322996,
        0.04251865410781641,
        0.5984356497359339,
        0.3182042789835091,
        0.3308690988024099,
        0.545571669829684,
        0.5007380180416078,
        0.615102978702276,
        0.5538935339741841,
        0.6902291116144889,
        0.31929966649527675,
        0.5140976470097147,
        0.4218811192402667,
        0.04879399906579496,
        0.8668644432024323,
        0.36315528317726087,
        0.15590179859097464,
        0.7456228908806176,
        0.8516956731509959,
        0.42977461359961544,
        0.879991976820262,
        0.5852865701970871,
        0.670362681106375,
        0.9927857858516899,
        0.27602108018949023,
        0.8880035987367413,
        0.013405845391771587,
        0.28711026274299,
        0.7787822871953832,
        0.9915396398720777,
        0.45109941610234616,
        0.790955228423986,
        0.9923023538717561,
        0.8627443817690577,
        0.6254705154947637,
        0.17117187245590326,
        0.7508004258319403,
        0.6609475849876105,
        0.7063424852470801,
        0.3483263460925069,
        0.6447952780900568,
        0.1622944057919521,
        0.8434744950611679,
        0.30371499785622613,
        0.7608790634133024,
        0.028776670212216304,
        0.6928119681591537,
        0.4086304292858822,
        0.21633826249551846,
        0.5583900239713206,
        0.9211197490470282,
        0.7545552320013523,
        0.400975617372601,
        0.905332092682543,
        0.1671948508732457,
        0.773239955201739,
        0.37072178226322194,
        0.94300166573727,
        0.9617999295119294,
        0.5180899758926804,
        0.84575101713142,
        0.8595688617989515,
        0.9384898297001827,
        0.9788425654316387,
        0.9115501672436734,
        0.3685772789763452,
        0.7969058716367214,
        0.5875787031816181,
        0.08820554859662644,
        0.9758896064454644,
        0.5111579551975625,
        0.6709297238684186,
        0.09189189799403352,
        0.9138659981387951,
        0.9757744197386937,
        0.658378033251267,
        0.6754741487755841,
        0.983740049770992,
        0.40626459011315064,
        0.52034079532765,
        0.7583685024293341,
        0.6239304998799073,
        0.16084105886831868,
        0.6811554950552342,
        0.16947880467038667,
        0.5781625602857926,
        0.6409913625910401,
        0.8300401361739501,
        0.23457976673704417,
        0.6563741549201293,
        0.6109859426933921,
        0.6757803726917773,
        0.08801336044365582,
        0.11385394579138297,
        0.05446751420457807,
        0.6595259285682064,
        0.8981395610752431,
        0.2588415590730053,
        0.3358444314449165,
        0.8739966439486213,
        0.19489580441151255,
        0.6461901682149408,
        0.8570950889933571,
        0.5936398802228797,
        0.7804175204600408,
        0.5328379678362045,
        0.08124573805922819,
        0.3032345594442658,
        0.6228018095999747,
        0.7223240301680898,
        0.10638091229961932,
        0.10758343166527073,
        0.2471707216654736,
        0.13215974191241442,
        0.3646669626234035,
        0.3674815672384184,
        0.7501975592586562,
        0.8492724256978152,
        0.7913333776991313,
        0.46591694123351945,
        0.4019481312769536,
        0.6308550942621802,
        0.8539874212354037,
        0.7211651803451388,
        0.48449800567912393,
        0.4865599015698264,
        0.44232772657084674,
        0.41321186218357364,
        0.5754287087414781,
        0.7626073289194819,
        0.36805078504980415,
        0.5739509783908464,
        0.2749950558390568,
        0.14739062722054552,
        0.7253110961937695,
        0.2671440026296369,
        0.33473873606342797,
        0.7622705304392657,
        0.6810342218573274,
        0.10053804885862772,
        0.5093289801641944,
        0.34359042298446896,
        0.8290166052401344,
        0.7872001126991852,
        0.35817540581761753,
        0.5835960316553753,
        0.6105983241611392,
        0.6035200618513314,
        0.7439686254062243,
        0.8237815817721204,
        0.2148447243250563,
        0.022637308412310264,
        0.5064293381739909,
        0.41095882128194605,
        0.37832045833987304,
        0.9803312844502744,
        0.004449555390752091,
        0.31054821052711823,
        0.5582769383644877,
        0.4154107826143918,
        0.20147874020191658,
        0.6449492023712956,
        0.14073898074400293,
        0.8544890939330059,
        0.7916492761311889,
        0.29308136640633076,
        0.31630639071129407,
        0.19632857593270525,
        0.3713428840148044,
        0.37646634684779456,
        0.3531717588148362,
        0.5048934102754846,
        0.5827525499324651,
        0.4359183215250678,
        0.48682983471900887,
        0.22263807471478658,
        0.9791982566267299,
        0.7564282384335181,
        0.06796943902784136,
        0.4735248894299767,
        0.6306307451407632,
        0.23473186768588838,
        0.2256661084768773,
        0.04068949222199281,
        0.4302977936264121,
        0.40705714241898183,
        0.6468069400798407,
