{
    "format": 8,
    "name": "n70k2_95",
    "n": 70,
    "k": 2,
    "capacity": 35,
    "optimal_solution": 22.95634651184082,
    "x_values": [
        0.4876555800437927,
        0.31504619121551514,
        0.8055197596549988,
        0.6574073433876038,
        0.45153433084487915,
        0.43928825855255127,
        0.49667948484420776,
        0.17392182350158691,
        0.23577618598937988,
        0.29824376106262207,
        0.030645132064819336,
        0.07629996538162231,
        0.5049859285354614,
        0.8542808294296265,
        0.20852768421173096,
        0.6514166593551636,
        0.5353657603263855,
        0.9364228248596191,
        0.7068848013877869,
        0.8896458745002747,
        0.40759217739105225,
        0.7499160766601562,
        0.2603456377983093,
        0.859642505645752,
        0.9455598592758179,
        0.407143235206604,
        0.5105151534080505,
        0.8045974969863892,
        0.06310153007507324,
        0.8922024965286255,
        0.5497018098831177,
        0.8595104217529297,
        0.44934529066085815,
        0.023543715476989746,
        0.28283268213272095,
        0.8080689311027527,
        0.9224164485931396,
        0.8709721565246582,
        0.5490134358406067,
        0.5159761905670166,
        0.06960475444793701,
        0.04058551788330078,
        0.06017768383026123,
        0.5767897963523865,
        0.6716176271438599,
        0.42717164754867554,
        0.4113832712173462,
        0.1810755729675293,
        0.46685469150543213,
        0.39846301078796387,
        0.7315030097961426,
        0.7129715085029602,
        0.8184377551078796,
        0.05279630422592163,
        0.15562987327575684,
        0.20120644569396973,
        0.7207706570625305,
        0.15429282188415527,
        0.6567750573158264,
        0.6184099316596985,
        0.5307937264442444,
        0.5914056897163391,
        0.9531594514846802,
        0.3427058458328247,
        0.4519839286804199,
        0.9628041982650757,
        0.7759058475494385,
        0.2636408805847168,
        0.6203585863113403,
        0.14510273933410645
    ],
    "y_values": [
        0.6438032984733582,
        0.8595095276832581,
        0.1285955309867859,
        0.9068691730499268,
        0.6158261299133301,
        0.47602379322052,
        0.5152634382247925,
        0.0008949041366577148,
        0.49966174364089966,
        0.4997446537017822,
        0.3539683222770691,
        0.6974277496337891,
        0.5403488278388977,
        0.5237209796905518,
        0.4130311608314514,
        0.11099624633789062,
        0.9657753109931946,
        0.47950541973114014,
        0.7350651621818542,
        0.5240539908409119,
        0.30929815769195557,
        0.5510652661323547,
        0.19357216358184814,
        0.7405379414558411,
        0.3980695605278015,
        0.45799821615219116,
        0.09942150115966797,
        0.432151734828949,
        0.731269896030426,
        0.33129698038101196,
        0.18558770418167114,
        0.8615890145301819,
        0.4991053342819214,
        0.8488423228263855,
        0.46808433532714844,
        0.5397310853004456,
        0.6805863976478577,
        0.663101077079773,
        0.5958769917488098,
        0.5626911520957947,
        0.3834421634674072,
        0.8809903860092163,
        0.029707789421081543,
        0.22055351734161377,
        0.31327563524246216,
        0.5382645726203918,
        0.07436293363571167,
        0.2920456528663635,
        0.009897232055664062,
        0.04634356498718262,
        0.7272911071777344,
        0.2149587869644165,
        0.4236651062965393,
        0.21110141277313232,
        0.2502508759498596,
        0.032935380935668945,
        0.5907107591629028,
        0.5201475024223328,
        0.8940976858139038,
        0.6145778298377991,
        0.26388823986053467,
        0.7548618316650391,
        0.7254074811935425,
        0.11979860067367554,
        0.42477142810821533,
        0.3521178960800171,
        0.9871875047683716,
        0.24363374710083008,
        0.13421666622161865,
        0.36792826652526855
    ]
}