{
    "format": 8,
    "name": "n70k2_77",
    "n": 70,
    "k": 2,
    "capacity": 35,
    "optimal_solution": 26.63861656188965,
    "x_values": [
        0.620688259601593,
        0.9241641759872437,
        0.738119900226593,
        0.7869551181793213,
        0.7665147185325623,
        0.6887955069541931,
        0.4320036768913269,
        0.9409512281417847,
        0.4734345078468323,
        0.9036348462104797,
        0.4666936993598938,
        0.8683130145072937,
        0.9073445200920105,
        0.3808194398880005,
        0.8891828060150146,
        0.2780942916870117,
        0.7009600400924683,
        0.9181610345840454,
        0.2672468423843384,
        0.5345220565795898,
        0.2981748580932617,
        0.9885867834091187,
        0.5250092148780823,
        0.7143160104751587,
        0.20872759819030762,
        0.22957658767700195,
        0.0739702582359314,
        0.08410197496414185,
        0.8685471415519714,
        0.6857221722602844,
        0.44139564037323,
        0.262179434299469,
        0.09481483697891235,
        0.7059639096260071,
        0.9457341432571411,
        0.4994473457336426,
        0.019480407238006592,
        0.731853187084198,
        0.5242540836334229,
        0.5707584023475647,
        0.9619202613830566,
        0.9603456854820251,
        0.6570248603820801,
        0.26258420944213867,
        0.6843459606170654,
        0.4756625294685364,
        0.053889453411102295,
        0.8697014451026917,
        0.1465510129928589,
        0.7474054098129272,
        0.9527313113212585,
        0.2848329544067383,
        0.695518970489502,
        0.21619755029678345,
        0.5270321369171143,
        0.3863457441329956,
        0.08893477916717529,
        0.3842102885246277,
        0.989078164100647,
        0.29798030853271484,
        0.4428831934928894,
        0.022794723510742188,
        0.1177167296409607,
        0.9768465161323547,
        0.836975634098053,
        0.8643020987510681,
        0.7347577810287476,
        0.9454118609428406,
        0.6087366938591003,
        0.21442478895187378
    ],
    "y_values": [
        0.2416292428970337,
        0.36519408226013184,
        0.24260085821151733,
        0.4879192113876343,
        0.42746853828430176,
        0.753950834274292,
        0.12047964334487915,
        0.47104400396347046,
        0.8907725811004639,
        0.9300196170806885,
        0.07993084192276001,
        0.9234646558761597,
        0.86134272813797,
        0.7984140515327454,
        0.1081855297088623,
        0.03500044345855713,
        0.1725282073020935,
        0.5509881973266602,
        0.4678647518157959,
        0.43441838026046753,
        0.973548412322998,
        0.3509114384651184,
        0.6317552924156189,
        0.9598715305328369,
        0.4926178455352783,
        0.8969473838806152,
        0.12371665239334106,
        0.9310122728347778,
        0.5424475073814392,
        0.1728043556213379,
        0.23954987525939941,
        0.6998239159584045,
        0.4501963257789612,
        0.347811758518219,
        0.6745787858963013,
        0.8746944069862366,
        0.5204591751098633,
        0.9063959121704102,
        0.4895055294036865,
        0.5469379425048828,
        0.4596189856529236,
        0.2499788999557495,
        0.6128759980201721,
        0.8893786072731018,
        0.49367111921310425,
        0.919079065322876,
        0.13759583234786987,
        0.9429941177368164,
        0.30260157585144043,
        0.2423940896987915,
        0.005979061126708984,
        0.9043994545936584,
        0.8705399036407471,
        0.4828062057495117,
        0.6420977115631104,
        0.994680643081665,
        0.994560718536377,
        0.987579882144928,
        0.7798143625259399,
        0.19763612747192383,
        0.9712002277374268,
        0.9805163741111755,
        0.22692787647247314,
        0.9053510427474976,
        0.6792895197868347,
        0.9523874521255493,
        0.7309955358505249,
        0.6208576560020447,
        0.9101652503013611,
        0.1037832498550415
    ]
}