{
    "format": 8,
    "name": "n70k2_13",
    "n": 70,
    "k": 2,
    "capacity": 35,
    "optimal_solution": 23.2724609375,
    "x_values": [
        0.8497111797332764,
        0.4006933569908142,
        0.13915270566940308,
        0.4257434606552124,
        0.01893383264541626,
        0.9141876101493835,
        0.11094820499420166,
        0.6559628248214722,
        0.46791523694992065,
        0.9519302845001221,
        0.7139066457748413,
        0.217540442943573,
        0.9855258464813232,
        0.9834954142570496,
        0.09086072444915771,
        0.8182505369186401,
        0.8878072500228882,
        0.706943690776825,
        0.16740548610687256,
        0.40625888109207153,
        0.27943408489227295,
        0.8245764970779419,
        0.08203697204589844,
        0.39632290601730347,
        0.2044743299484253,
        0.9066581130027771,
        0.20336055755615234,
        0.35480958223342896,
        0.9062588810920715,
        0.5077861547470093,
        0.8230078816413879,
        0.997078001499176,
        0.3039470314979553,
        0.9025920033454895,
        0.14658188819885254,
        0.30805718898773193,
        0.43915385007858276,
        0.7332728505134583,
        0.9651493430137634,
        0.45325225591659546,
        0.3684806823730469,
        0.8240042924880981,
        0.8695588111877441,
        0.3652545213699341,
        0.944859504699707,
        0.11399465799331665,
        0.27471548318862915,
        0.06132632493972778,
        0.6254957318305969,
        0.8656258583068848,
        0.2604954242706299,
        0.6752073764801025,
        0.002269923686981201,
        0.024006009101867676,
        0.36779600381851196,
        0.20667612552642822,
        0.5465450882911682,
        0.9198150634765625,
        0.7972004413604736,
        0.14690303802490234,
        0.3533356189727783,
        0.3617017865180969,
        0.6053464412689209,
        0.2772432565689087,
        0.3699719309806824,
        0.3075824975967407,
        0.6089776158332825,
        0.6032143831253052,
        0.5005576610565186,
        0.9321848154067993
    ],
    "y_values": [
        0.42342692613601685,
        0.27229875326156616,
        0.647939145565033,
        0.2659928798675537,
        0.5018816590309143,
        0.2602485418319702,
        0.18566888570785522,
        0.47768741846084595,
        0.9805521965026855,
        0.8160481452941895,
        0.3951992392539978,
        0.9471579790115356,
        0.15576320886611938,
        0.19952458143234253,
        0.30635929107666016,
        0.24301016330718994,
        0.6318316459655762,
        0.6645723581314087,
        0.2556106448173523,
        0.40778636932373047,
        0.2456369400024414,
        0.3294188380241394,
        0.9385214447975159,
        0.38938719034194946,
        0.46498531103134155,
        0.2665793299674988,
        0.4144064784049988,
        0.21353095769882202,
        0.5645027160644531,
        0.35317903757095337,
        0.15247315168380737,
        0.5143032073974609,
        0.5688146948814392,
        0.528411328792572,
        0.45650750398635864,
        0.6030710935592651,
        0.9421159029006958,
        0.2380845546722412,
        0.7106364965438843,
        0.25885725021362305,
        0.216352641582489,
        0.2832319736480713,
        0.21349728107452393,
        0.07354801893234253,
        0.9650336503982544,
        0.8528960347175598,
        0.8115445971488953,
        0.34940779209136963,
        0.4421086311340332,
        0.6972414255142212,
        0.3724868893623352,
        0.5901451706886292,
        0.13024908304214478,
        0.14694857597351074,
        0.14849728345870972,
        0.8186851739883423,
        0.5449652075767517,
        0.23258328437805176,
        0.1098131537437439,
        0.010861575603485107,
        0.01829606294631958,
        0.7430987358093262,
        0.39992135763168335,
        0.9332221150398254,
        0.34356969594955444,
        0.542854368686676,
        0.18771570920944214,
        0.17700546979904175,
        0.9607475996017456,
        0.5744704008102417
    ]
}